--disable_query_log
--disable_result_log
set @tmp_ob_trx_timeout=@@ob_trx_timeout;
set @@ob_trx_timeout=1000000000;
start transaction;
DELETE FROM oceanbase.__all_tenant_time_zone;
DELETE FROM oceanbase.__all_tenant_time_zone_name;
DELETE FROM oceanbase.__all_tenant_time_zone_transition;
DELETE FROM oceanbase.__all_tenant_time_zone_transition_type;
INSERT INTO oceanbase.__all_tenant_time_zone (Time_zone_id, Use_leap_seconds) VALUES (1, 'N');
INSERT INTO  oceanbase.__all_tenant_time_zone_name (Name, Time_zone_id) VALUES ('Africa/Abidjan', 1);
INSERT INTO  oceanbase.__all_tenant_time_zone_transition (Time_zone_id, Transition_time, Transition_type_id) VALUES
 (1, -1830383032, 1)
;
INSERT INTO  oceanbase.__all_tenant_time_zone_transition_type (Time_zone_id, Transition_type_id, Offset, Is_DST, Abbreviation) VALUES
 (1, 0, -968, 0, 'LMT')
,(1, 1, 0, 0, 'GMT')
;
INSERT INTO oceanbase.__all_tenant_time_zone (Time_zone_id, Use_leap_seconds) VALUES (2, 'N');
INSERT INTO  oceanbase.__all_tenant_time_zone_name (Name, Time_zone_id) VALUES ('Africa/Accra', 2);
INSERT INTO  oceanbase.__all_tenant_time_zone_transition (Time_zone_id, Transition_time, Transition_type_id) VALUES
 (2, -1640995148, 2)
,(2, -1051920000, 1)
,(2, -1041466800, 2)
,(2, -1020384000, 1)
,(2, -1009930800, 2)
,(2, -988848000, 1)
,(2, -978394800, 2)
,(2, -957312000, 1)
,(2, -946858800, 2)
,(2, -925689600, 1)
,(2, -915236400, 2)
,(2, -894153600, 1)
,(2, -883700400, 2)
,(2, -862617600, 1)
,(2, -852164400, 2)
;
INSERT INTO  oceanbase.__all_tenant_time_zone_transition_type (Time_zone_id, Transition_type_id, Offset, Is_DST, Abbreviation) VALUES
 (2, 0, -52, 0, 'LMT')
,(2, 1, 1200, 1, 'GHST')
,(2, 2, 0, 0, 'GMT')
;
INSERT INTO oceanbase.__all_tenant_time_zone (Time_zone_id, Use_leap_seconds) VALUES (3, 'N');
INSERT INTO  oceanbase.__all_tenant_time_zone_name (Name, Time_zone_id) VALUES ('Africa/Addis_Ababa', 3);
INSERT INTO  oceanbase.__all_tenant_time_zone_transition (Time_zone_id, Transition_time, Transition_type_id) VALUES
 (3, -1062210920, 1)
;
INSERT INTO  oceanbase.__all_tenant_time_zone_transition_type (Time_zone_id, Transition_type_id, Offset, Is_DST, Abbreviation) VALUES
 (3, 0, 9320, 0, 'ADMT')
,(3, 1, 10800, 0, 'EAT')
;
INSERT INTO oceanbase.__all_tenant_time_zone (Time_zone_id, Use_leap_seconds) VALUES (4, 'N');
INSERT INTO  oceanbase.__all_tenant_time_zone_name (Name, Time_zone_id) VALUES ('Africa/Algiers', 4);
INSERT INTO  oceanbase.__all_tenant_time_zone_transition (Time_zone_id, Transition_time, Transition_type_id) VALUES
 (4, -1855958961, 3)
,(4, -1689814800, 1)
,(4, -1680397200, 2)
,(4, -1665363600, 1)
,(4, -1648342800, 2)
,(4, -1635123600, 1)
,(4, -1616893200, 2)
,(4, -1604278800, 1)
,(4, -1585443600, 2)
,(4, -1574038800, 1)
,(4, -1552266000, 2)
,(4, -1539997200, 1)
,(4, -1531443600, 2)
,(4, -956365200, 1)
,(4, -950486400, 3)
,(4, -942012000, 5)
,(4, -812502000, 4)
,(4, -796262400, 5)
,(4, -781052400, 4)
,(4, -766630800, 5)
,(4, -733280400, 3)
,(4, -439430400, 5)
,(4, -212029200, 3)
,(4, 41468400, 1)
,(4, 54774000, 2)
,(4, 231724800, 6)
,(4, 246236400, 5)
,(4, 259545600, 4)
,(4, 275274000, 5)
,(4, 309740400, 3)
,(4, 325468800, 6)
,(4, 341802000, 3)
,(4, 357523200, 5)
;
INSERT INTO  oceanbase.__all_tenant_time_zone_transition_type (Time_zone_id, Transition_type_id, Offset, Is_DST, Abbreviation) VALUES
 (4, 0, 561, 0, 'PMT')
,(4, 1, 3600, 1, 'WEST')
,(4, 2, 0, 0, 'WET')
,(4, 3, 0, 0, 'WET')
,(4, 4, 7200, 1, 'CEST')
,(4, 5, 3600, 0, 'CET')
,(4, 6, 3600, 1, 'WEST')
;
INSERT INTO oceanbase.__all_tenant_time_zone (Time_zone_id, Use_leap_seconds) VALUES (5, 'N');
INSERT INTO  oceanbase.__all_tenant_time_zone_name (Name, Time_zone_id) VALUES ('Africa/Asmara', 5);
INSERT INTO  oceanbase.__all_tenant_time_zone_transition (Time_zone_id, Transition_time, Transition_type_id) VALUES
 (5, -1062210920, 1)
;
INSERT INTO  oceanbase.__all_tenant_time_zone_transition_type (Time_zone_id, Transition_type_id, Offset, Is_DST, Abbreviation) VALUES
 (5, 0, 9320, 0, 'ADMT')
,(5, 1, 10800, 0, 'EAT')
;
INSERT INTO oceanbase.__all_tenant_time_zone (Time_zone_id, Use_leap_seconds) VALUES (6, 'N');
INSERT INTO  oceanbase.__all_tenant_time_zone_name (Name, Time_zone_id) VALUES ('Africa/Asmera', 6);
INSERT INTO  oceanbase.__all_tenant_time_zone_transition (Time_zone_id, Transition_time, Transition_type_id) VALUES
 (6, -1062210920, 1)
;
INSERT INTO  oceanbase.__all_tenant_time_zone_transition_type (Time_zone_id, Transition_type_id, Offset, Is_DST, Abbreviation) VALUES
 (6, 0, 9320, 0, 'ADMT')
,(6, 1, 10800, 0, 'EAT')
;
INSERT INTO oceanbase.__all_tenant_time_zone (Time_zone_id, Use_leap_seconds) VALUES (7, 'N');
INSERT INTO  oceanbase.__all_tenant_time_zone_name (Name, Time_zone_id) VALUES ('Africa/Bamako', 7);
INSERT INTO  oceanbase.__all_tenant_time_zone_transition (Time_zone_id, Transition_time, Transition_type_id) VALUES
 (7, -1830382080, 1)
,(7, -1131235200, 2)
,(7, -300841200, 1)
;
INSERT INTO  oceanbase.__all_tenant_time_zone_transition_type (Time_zone_id, Transition_type_id, Offset, Is_DST, Abbreviation) VALUES
 (7, 0, -1920, 0, 'LMT')
,(7, 1, 0, 0, 'GMT')
,(7, 2, -3600, 0, 'WAT')
;
INSERT INTO oceanbase.__all_tenant_time_zone (Time_zone_id, Use_leap_seconds) VALUES (8, 'N');
INSERT INTO  oceanbase.__all_tenant_time_zone_name (Name, Time_zone_id) VALUES ('Africa/Bangui', 8);
INSERT INTO  oceanbase.__all_tenant_time_zone_transition (Time_zone_id, Transition_time, Transition_type_id) VALUES
 (8, -1830388460, 1)
;
INSERT INTO  oceanbase.__all_tenant_time_zone_transition_type (Time_zone_id, Transition_type_id, Offset, Is_DST, Abbreviation) VALUES
 (8, 0, 4460, 0, 'LMT')
,(8, 1, 3600, 0, 'WAT')
;
INSERT INTO oceanbase.__all_tenant_time_zone (Time_zone_id, Use_leap_seconds) VALUES (9, 'N');
INSERT INTO  oceanbase.__all_tenant_time_zone_name (Name, Time_zone_id) VALUES ('Africa/Banjul', 9);
INSERT INTO  oceanbase.__all_tenant_time_zone_transition (Time_zone_id, Transition_time, Transition_type_id) VALUES
 (9, -1830380004, 1)
,(9, -1104533604, 2)
,(9, -189385200, 3)
;
INSERT INTO  oceanbase.__all_tenant_time_zone_transition_type (Time_zone_id, Transition_type_id, Offset, Is_DST, Abbreviation) VALUES
 (9, 0, -3996, 0, 'LMT')
,(9, 1, -3996, 0, 'BMT')
,(9, 2, -3600, 0, 'WAT')
,(9, 3, 0, 0, 'GMT')
;
INSERT INTO oceanbase.__all_tenant_time_zone (Time_zone_id, Use_leap_seconds) VALUES (10, 'N');
INSERT INTO  oceanbase.__all_tenant_time_zone_name (Name, Time_zone_id) VALUES ('Africa/Bissau', 10);
INSERT INTO  oceanbase.__all_tenant_time_zone_transition (Time_zone_id, Transition_time, Transition_type_id) VALUES
 (10, -1849388260, 1)
,(10, 157770000, 2)
;
INSERT INTO  oceanbase.__all_tenant_time_zone_transition_type (Time_zone_id, Transition_type_id, Offset, Is_DST, Abbreviation) VALUES
 (10, 0, -3740, 0, 'LMT')
,(10, 1, -3600, 0, 'WAT')
,(10, 2, 0, 0, 'GMT')
;
INSERT INTO oceanbase.__all_tenant_time_zone (Time_zone_id, Use_leap_seconds) VALUES (11, 'N');
INSERT INTO  oceanbase.__all_tenant_time_zone_name (Name, Time_zone_id) VALUES ('Africa/Blantyre', 11);
INSERT INTO  oceanbase.__all_tenant_time_zone_transition (Time_zone_id, Transition_time, Transition_type_id) VALUES
 (11, -2109291600, 1)
;
INSERT INTO  oceanbase.__all_tenant_time_zone_transition_type (Time_zone_id, Transition_type_id, Offset, Is_DST, Abbreviation) VALUES
 (11, 0, 8400, 0, 'LMT')
,(11, 1, 7200, 0, 'CAT')
;
INSERT INTO oceanbase.__all_tenant_time_zone (Time_zone_id, Use_leap_seconds) VALUES (12, 'N');
INSERT INTO  oceanbase.__all_tenant_time_zone_name (Name, Time_zone_id) VALUES ('Africa/Brazzaville', 12);
INSERT INTO  oceanbase.__all_tenant_time_zone_transition (Time_zone_id, Transition_time, Transition_type_id) VALUES
 (12, -1830387668, 1)
;
INSERT INTO  oceanbase.__all_tenant_time_zone_transition_type (Time_zone_id, Transition_type_id, Offset, Is_DST, Abbreviation) VALUES
 (12, 0, 3668, 0, 'LMT')
,(12, 1, 3600, 0, 'WAT')
;
INSERT INTO oceanbase.__all_tenant_time_zone (Time_zone_id, Use_leap_seconds) VALUES (13, 'N');
INSERT INTO  oceanbase.__all_tenant_time_zone_name (Name, Time_zone_id) VALUES ('Africa/Bujumbura', 13);
INSERT INTO  oceanbase.__all_tenant_time_zone_transition_type (Time_zone_id, Transition_type_id, Offset, Is_DST, Abbreviation) VALUES
 (13, 0, 7200, 0, 'CAT')
;
INSERT INTO oceanbase.__all_tenant_time_zone (Time_zone_id, Use_leap_seconds) VALUES (14, 'N');
INSERT INTO  oceanbase.__all_tenant_time_zone_name (Name, Time_zone_id) VALUES ('Africa/Cairo', 14);
INSERT INTO  oceanbase.__all_tenant_time_zone_transition (Time_zone_id, Transition_time, Transition_type_id) VALUES
 (14, -929844000, 0)
,(14, -923108400, 1)
,(14, -906170400, 0)
,(14, -892868400, 1)
,(14, -875844000, 0)
,(14, -857790000, 1)
,(14, -844308000, 0)
,(14, -825822000, 1)
,(14, -812685600, 0)
,(14, -794199600, 1)
,(14, -779853600, 0)
,(14, -762663600, 1)
,(14, -399088800, 0)
,(14, -386650800, 1)
,(14, -368330400, 0)
,(14, -355114800, 1)
,(14, -336790800, 0)
,(14, -323654400, 1)
,(14, -305168400, 0)
,(14, -292032000, 1)
,(14, -273632400, 0)
,(14, -260496000, 1)
,(14, -242096400, 0)
,(14, -228960000, 1)
,(14, -210560400, 0)
,(14, -197424000, 1)
,(14, -178938000, 0)
,(14, -165801600, 1)
,(14, -147402000, 0)
,(14, -134265600, 1)
,(14, -115866000, 0)
,(14, -102643200, 1)
,(14, -84330000, 0)
,(14, -71107200, 1)
,(14, -52707600, 0)
,(14, -39484800, 1)
,(14, -21171600, 0)
,(14, -7948800, 1)
,(14, 10364400, 0)
,(14, 23587200, 1)
,(14, 41900400, 0)
,(14, 55123200, 1)
,(14, 73522800, 0)
,(14, 86745600, 1)
,(14, 105058800, 0)
,(14, 118281600, 1)
,(14, 136594800, 0)
,(14, 149817600, 1)
,(14, 168130800, 0)
,(14, 181353600, 1)
,(14, 199753200, 0)
,(14, 212976000, 1)
,(14, 231289200, 0)
,(14, 244512000, 1)
,(14, 262825200, 0)
,(14, 276048000, 1)
,(14, 294361200, 0)
,(14, 307584000, 1)
,(14, 325983600, 0)
,(14, 339206400, 1)
,(14, 357519600, 0)
,(14, 370742400, 1)
,(14, 396399600, 0)
,(14, 402278400, 1)
,(14, 426812400, 0)
,(14, 433814400, 1)
,(14, 452214000, 0)
,(14, 465436800, 1)
,(14, 483750000, 0)
,(14, 496972800, 1)
,(14, 515286000, 0)
,(14, 528508800, 1)
,(14, 546822000, 0)
,(14, 560044800, 1)
,(14, 578444400, 0)
,(14, 591667200, 1)
,(14, 610412400, 0)
,(14, 623203200, 1)
,(14, 641516400, 0)
,(14, 654739200, 1)
,(14, 673052400, 0)
,(14, 686275200, 1)
,(14, 704674800, 0)
,(14, 717897600, 1)
,(14, 736210800, 0)
,(14, 749433600, 1)
,(14, 767746800, 0)
,(14, 780969600, 1)
,(14, 799020000, 2)
,(14, 812322000, 3)
,(14, 830469600, 2)
,(14, 843771600, 3)
,(14, 861919200, 2)
,(14, 875221200, 3)
,(14, 893368800, 2)
,(14, 906670800, 3)
,(14, 925423200, 2)
,(14, 938725200, 3)
,(14, 956872800, 2)
,(14, 970174800, 3)
,(14, 988322400, 2)
,(14, 1001624400, 3)
,(14, 1019772000, 2)
,(14, 1033074000, 3)
,(14, 1051221600, 2)
,(14, 1064523600, 3)
,(14, 1083276000, 2)
,(14, 1096578000, 3)
,(14, 1114725600, 2)
,(14, 1128027600, 3)
,(14, 1146175200, 2)
,(14, 1158872400, 3)
,(14, 1177624800, 2)
,(14, 1189112400, 3)
,(14, 1209074400, 2)
,(14, 1219957200, 3)
,(14, 1240524000, 2)
,(14, 1250802000, 3)
,(14, 1272578400, 2)
,(14, 1281474000, 1)
,(14, 1284069600, 0)
,(14, 1285880400, 3)
;
INSERT INTO  oceanbase.__all_tenant_time_zone_transition_type (Time_zone_id, Transition_type_id, Offset, Is_DST, Abbreviation) VALUES
 (14, 0, 10800, 1, 'EEST')
,(14, 1, 7200, 0, 'EET')
,(14, 2, 10800, 1, 'EEST')
,(14, 3, 7200, 0, 'EET')
;
INSERT INTO oceanbase.__all_tenant_time_zone (Time_zone_id, Use_leap_seconds) VALUES (15, 'N');
INSERT INTO  oceanbase.__all_tenant_time_zone_name (Name, Time_zone_id) VALUES ('Africa/Casablanca', 15);
INSERT INTO  oceanbase.__all_tenant_time_zone_transition (Time_zone_id, Transition_time, Transition_type_id) VALUES
 (15, -1773012580, 2)
,(15, -956361600, 1)
,(15, -950490000, 2)
,(15, -942019200, 1)
,(15, -761187600, 2)
,(15, -617241600, 1)
,(15, -605149200, 2)
,(15, -81432000, 1)
,(15, -71110800, 2)
,(15, 141264000, 1)
,(15, 147222000, 2)
,(15, 199756800, 1)
,(15, 207702000, 2)
,(15, 231292800, 1)
,(15, 244249200, 2)
,(15, 265507200, 1)
,(15, 271033200, 2)
,(15, 448243200, 3)
,(15, 504918000, 2)
,(15, 1212278400, 1)
,(15, 1220223600, 2)
,(15, 1243814400, 1)
,(15, 1250809200, 2)
,(15, 1272758400, 1)
,(15, 1281222000, 2)
,(15, 1301788800, 1)
,(15, 1312066800, 2)
;
INSERT INTO  oceanbase.__all_tenant_time_zone_transition_type (Time_zone_id, Transition_type_id, Offset, Is_DST, Abbreviation) VALUES
 (15, 0, -1820, 0, 'LMT')
,(15, 1, 3600, 1, 'WEST')
,(15, 2, 0, 0, 'WET')
,(15, 3, 3600, 0, 'CET')
;
INSERT INTO oceanbase.__all_tenant_time_zone (Time_zone_id, Use_leap_seconds) VALUES (16, 'N');
INSERT INTO  oceanbase.__all_tenant_time_zone_name (Name, Time_zone_id) VALUES ('Africa/Ceuta', 16);
INSERT INTO  oceanbase.__all_tenant_time_zone_transition (Time_zone_id, Transition_time, Transition_type_id) VALUES
 (16, -1630112400, 1)
,(16, -1616810400, 0)
,(16, -1442451600, 2)
,(16, -1427677200, 3)
,(16, -1379293200, 2)
,(16, -1364778000, 3)
,(16, -1348448400, 2)
,(16, -1333328400, 3)
,(16, -1316394000, 2)
,(16, -1301274000, 3)
,(16, -1293840000, 0)
,(16, -81432000, 1)
,(16, -71110800, 0)
,(16, 141264000, 1)
,(16, 147222000, 0)
,(16, 199756800, 1)
,(16, 207702000, 0)
,(16, 231292800, 1)
,(16, 244249200, 0)
,(16, 265507200, 1)
,(16, 271033200, 0)
,(16, 448243200, 4)
,(16, 512528400, 5)
,(16, 528253200, 6)
,(16, 543978000, 5)
,(16, 559702800, 6)
,(16, 575427600, 5)
,(16, 591152400, 6)
,(16, 606877200, 5)
,(16, 622602000, 6)
,(16, 638326800, 5)
,(16, 654656400, 6)
,(16, 670381200, 5)
,(16, 686106000, 6)
,(16, 701830800, 5)
,(16, 717555600, 6)
,(16, 733280400, 5)
,(16, 749005200, 6)
,(16, 764730000, 5)
,(16, 780454800, 6)
,(16, 796179600, 5)
,(16, 811904400, 6)
,(16, 828234000, 5)
,(16, 846378000, 6)
,(16, 859683600, 5)
,(16, 877827600, 6)
,(16, 891133200, 5)
,(16, 909277200, 6)
,(16, 922582800, 5)
,(16, 941331600, 6)
,(16, 954032400, 5)
,(16, 972781200, 6)
,(16, 985482000, 5)
,(16, 1004230800, 6)
,(16, 1017536400, 5)
,(16, 1035680400, 6)
,(16, 1048986000, 5)
,(16, 1067130000, 6)
,(16, 1080435600, 5)
,(16, 1099184400, 6)
,(16, 1111885200, 5)
,(16, 1130634000, 6)
,(16, 1143334800, 5)
,(16, 1162083600, 6)
,(16, 1174784400, 5)
,(16, 1193533200, 6)
,(16, 1206838800, 5)
,(16, 1224982800, 6)
,(16, 1238288400, 5)
,(16, 1256432400, 6)
,(16, 1269738000, 5)
,(16, 1288486800, 6)
,(16, 1301187600, 5)
,(16, 1319936400, 6)
,(16, 1332637200, 5)
,(16, 1351386000, 6)
,(16, 1364691600, 5)
,(16, 1382835600, 6)
,(16, 1396141200, 5)
,(16, 1414285200, 6)
,(16, 1427590800, 5)
,(16, 1445734800, 6)
,(16, 1459040400, 5)
,(16, 1477789200, 6)
,(16, 1490490000, 5)
,(16, 1509238800, 6)
,(16, 1521939600, 5)
,(16, 1540688400, 6)
,(16, 1553994000, 5)
,(16, 1572138000, 6)
,(16, 1585443600, 5)
,(16, 1603587600, 6)
,(16, 1616893200, 5)
,(16, 1635642000, 6)
,(16, 1648342800, 5)
,(16, 1667091600, 6)
,(16, 1679792400, 5)
,(16, 1698541200, 6)
,(16, 1711846800, 5)
,(16, 1729990800, 6)
,(16, 1743296400, 5)
,(16, 1761440400, 6)
,(16, 1774746000, 5)
,(16, 1792890000, 6)
,(16, 1806195600, 5)
,(16, 1824944400, 6)
,(16, 1837645200, 5)
,(16, 1856394000, 6)
,(16, 1869094800, 5)
,(16, 1887843600, 6)
,(16, 1901149200, 5)
,(16, 1919293200, 6)
,(16, 1932598800, 5)
,(16, 1950742800, 6)
,(16, 1964048400, 5)
,(16, 1982797200, 6)
,(16, 1995498000, 5)
,(16, 2014246800, 6)
,(16, 2026947600, 5)
,(16, 2045696400, 6)
,(16, 2058397200, 5)
,(16, 2077146000, 6)
,(16, 2090451600, 5)
,(16, 2108595600, 6)
,(16, 2121901200, 5)
,(16, 2140045200, 6)
;
INSERT INTO  oceanbase.__all_tenant_time_zone_transition_type (Time_zone_id, Transition_type_id, Offset, Is_DST, Abbreviation) VALUES
 (16, 0, 0, 0, 'WET')
,(16, 1, 3600, 1, 'WEST')
,(16, 2, 3600, 1, 'WEST')
,(16, 3, 0, 0, 'WET')
,(16, 4, 3600, 0, 'CET')
,(16, 5, 7200, 1, 'CEST')
,(16, 6, 3600, 0, 'CET')
;
INSERT INTO oceanbase.__all_tenant_time_zone (Time_zone_id, Use_leap_seconds) VALUES (17, 'N');
INSERT INTO  oceanbase.__all_tenant_time_zone_name (Name, Time_zone_id) VALUES ('Africa/Conakry', 17);
INSERT INTO  oceanbase.__all_tenant_time_zone_transition (Time_zone_id, Transition_time, Transition_type_id) VALUES
 (17, -1830380708, 1)
,(17, -1131235200, 2)
,(17, -315615600, 1)
;
INSERT INTO  oceanbase.__all_tenant_time_zone_transition_type (Time_zone_id, Transition_type_id, Offset, Is_DST, Abbreviation) VALUES
 (17, 0, -3292, 0, 'LMT')
,(17, 1, 0, 0, 'GMT')
,(17, 2, -3600, 0, 'WAT')
;
INSERT INTO oceanbase.__all_tenant_time_zone (Time_zone_id, Use_leap_seconds) VALUES (18, 'N');
INSERT INTO  oceanbase.__all_tenant_time_zone_name (Name, Time_zone_id) VALUES ('Africa/Dakar', 18);
INSERT INTO  oceanbase.__all_tenant_time_zone_transition (Time_zone_id, Transition_time, Transition_type_id) VALUES
 (18, -1830379816, 1)
,(18, -902098800, 2)
;
INSERT INTO  oceanbase.__all_tenant_time_zone_transition_type (Time_zone_id, Transition_type_id, Offset, Is_DST, Abbreviation) VALUES
 (18, 0, -4184, 0, 'LMT')
,(18, 1, -3600, 0, 'WAT')
,(18, 2, 0, 0, 'GMT')
;
INSERT INTO oceanbase.__all_tenant_time_zone (Time_zone_id, Use_leap_seconds) VALUES (19, 'N');
INSERT INTO  oceanbase.__all_tenant_time_zone_name (Name, Time_zone_id) VALUES ('Africa/Dar_es_Salaam', 19);
INSERT INTO  oceanbase.__all_tenant_time_zone_transition (Time_zone_id, Transition_time, Transition_type_id) VALUES
 (19, -1230777428, 1)
,(19, -694321200, 2)
,(19, -284006700, 1)
;
INSERT INTO  oceanbase.__all_tenant_time_zone_transition_type (Time_zone_id, Transition_type_id, Offset, Is_DST, Abbreviation) VALUES
 (19, 0, 9428, 0, 'LMT')
,(19, 1, 10800, 0, 'EAT')
,(19, 2, 9900, 0, 'BEAUT')
;
INSERT INTO oceanbase.__all_tenant_time_zone (Time_zone_id, Use_leap_seconds) VALUES (20, 'N');
INSERT INTO  oceanbase.__all_tenant_time_zone_name (Name, Time_zone_id) VALUES ('Africa/Djibouti', 20);
INSERT INTO  oceanbase.__all_tenant_time_zone_transition (Time_zone_id, Transition_time, Transition_type_id) VALUES
 (20, -1846291956, 1)
;
INSERT INTO  oceanbase.__all_tenant_time_zone_transition_type (Time_zone_id, Transition_type_id, Offset, Is_DST, Abbreviation) VALUES
 (20, 0, 10356, 0, 'LMT')
,(20, 1, 10800, 0, 'EAT')
;
INSERT INTO oceanbase.__all_tenant_time_zone (Time_zone_id, Use_leap_seconds) VALUES (21, 'N');
INSERT INTO  oceanbase.__all_tenant_time_zone_name (Name, Time_zone_id) VALUES ('Africa/Douala', 21);
INSERT INTO  oceanbase.__all_tenant_time_zone_transition (Time_zone_id, Transition_time, Transition_type_id) VALUES
 (21, -1830386328, 1)
;
INSERT INTO  oceanbase.__all_tenant_time_zone_transition_type (Time_zone_id, Transition_type_id, Offset, Is_DST, Abbreviation) VALUES
 (21, 0, 2328, 0, 'LMT')
,(21, 1, 3600, 0, 'WAT')
;
INSERT INTO oceanbase.__all_tenant_time_zone (Time_zone_id, Use_leap_seconds) VALUES (22, 'N');
INSERT INTO  oceanbase.__all_tenant_time_zone_name (Name, Time_zone_id) VALUES ('Africa/El_Aaiun', 22);
INSERT INTO  oceanbase.__all_tenant_time_zone_transition (Time_zone_id, Transition_time, Transition_type_id) VALUES
 (22, -1136070432, 1)
,(22, 198291600, 2)
;
INSERT INTO  oceanbase.__all_tenant_time_zone_transition_type (Time_zone_id, Transition_type_id, Offset, Is_DST, Abbreviation) VALUES
 (22, 0, -3168, 0, 'LMT')
,(22, 1, -3600, 0, 'WAT')
,(22, 2, 0, 0, 'WET')
;
INSERT INTO oceanbase.__all_tenant_time_zone (Time_zone_id, Use_leap_seconds) VALUES (23, 'N');
INSERT INTO  oceanbase.__all_tenant_time_zone_name (Name, Time_zone_id) VALUES ('Africa/Freetown', 23);
INSERT INTO  oceanbase.__all_tenant_time_zone_transition (Time_zone_id, Transition_time, Transition_type_id) VALUES
 (23, -1785712020, 2)
,(23, -1091487600, 1)
,(23, -1080949200, 2)
,(23, -1059865200, 1)
,(23, -1049326800, 2)
,(23, -1028329200, 1)
,(23, -1017790800, 2)
,(23, -996793200, 1)
,(23, -986254800, 2)
,(23, -965257200, 1)
,(23, -954718800, 2)
,(23, -933634800, 1)
,(23, -923096400, 2)
,(23, -902098800, 1)
,(23, -891560400, 2)
,(23, -870562800, 1)
,(23, -860024400, 2)
,(23, -410223600, 5)
,(23, -397180800, 3)
,(23, -389235600, 4)
,(23, -365644800, 3)
,(23, -357699600, 4)
,(23, -334108800, 3)
,(23, -326163600, 4)
,(23, -302486400, 3)
,(23, -294541200, 4)
,(23, -270950400, 3)
,(23, -263005200, 4)
,(23, -239414400, 3)
,(23, -231469200, 4)
;
INSERT INTO  oceanbase.__all_tenant_time_zone_transition_type (Time_zone_id, Transition_type_id, Offset, Is_DST, Abbreviation) VALUES
 (23, 0, -3180, 0, 'FMT')
,(23, 1, -1200, 1, 'SLST')
,(23, 2, -3600, 0, 'WAT')
,(23, 3, 3600, 1, 'SLST')
,(23, 4, 0, 0, 'GMT')
,(23, 5, 0, 0, 'WAT')
;
INSERT INTO oceanbase.__all_tenant_time_zone (Time_zone_id, Use_leap_seconds) VALUES (24, 'N');
INSERT INTO  oceanbase.__all_tenant_time_zone_name (Name, Time_zone_id) VALUES ('Africa/Gaborone', 24);
INSERT INTO  oceanbase.__all_tenant_time_zone_transition (Time_zone_id, Transition_time, Transition_type_id) VALUES
 (24, -829526400, 1)
,(24, -813805200, 0)
;
INSERT INTO  oceanbase.__all_tenant_time_zone_transition_type (Time_zone_id, Transition_type_id, Offset, Is_DST, Abbreviation) VALUES
 (24, 0, 7200, 0, 'CAT')
,(24, 1, 10800, 1, 'CAST')
;
INSERT INTO oceanbase.__all_tenant_time_zone (Time_zone_id, Use_leap_seconds) VALUES (25, 'N');
INSERT INTO  oceanbase.__all_tenant_time_zone_name (Name, Time_zone_id) VALUES ('Africa/Harare', 25);
INSERT INTO  oceanbase.__all_tenant_time_zone_transition (Time_zone_id, Transition_time, Transition_type_id) VALUES
 (25, -2109290652, 1)
;
INSERT INTO  oceanbase.__all_tenant_time_zone_transition_type (Time_zone_id, Transition_type_id, Offset, Is_DST, Abbreviation) VALUES
 (25, 0, 7452, 0, 'LMT')
,(25, 1, 7200, 0, 'CAT')
;
INSERT INTO oceanbase.__all_tenant_time_zone (Time_zone_id, Use_leap_seconds) VALUES (26, 'N');
INSERT INTO  oceanbase.__all_tenant_time_zone_name (Name, Time_zone_id) VALUES ('Africa/Johannesburg', 26);
INSERT INTO  oceanbase.__all_tenant_time_zone_transition (Time_zone_id, Transition_time, Transition_type_id) VALUES
 (26, -2109288600, 2)
,(26, -860976000, 1)
,(26, -845254800, 2)
,(26, -829526400, 1)
,(26, -813805200, 2)
;
INSERT INTO  oceanbase.__all_tenant_time_zone_transition_type (Time_zone_id, Transition_type_id, Offset, Is_DST, Abbreviation) VALUES
 (26, 0, 5400, 0, 'SAST')
,(26, 1, 10800, 1, 'SAST')
,(26, 2, 7200, 0, 'SAST')
;
INSERT INTO oceanbase.__all_tenant_time_zone (Time_zone_id, Use_leap_seconds) VALUES (27, 'N');
INSERT INTO  oceanbase.__all_tenant_time_zone_name (Name, Time_zone_id) VALUES ('Africa/Juba', 27);
INSERT INTO  oceanbase.__all_tenant_time_zone_transition (Time_zone_id, Transition_time, Transition_type_id) VALUES
 (27, -1230775584, 2)
,(27, 10360800, 1)
,(27, 24786000, 2)
,(27, 41810400, 1)
,(27, 56322000, 2)
,(27, 73432800, 1)
,(27, 87944400, 2)
,(27, 104882400, 1)
,(27, 119480400, 2)
,(27, 136332000, 1)
,(27, 151016400, 2)
,(27, 167781600, 1)
,(27, 182552400, 2)
,(27, 199231200, 1)
,(27, 214174800, 2)
,(27, 230680800, 1)
,(27, 245710800, 2)
,(27, 262735200, 1)
,(27, 277246800, 2)
,(27, 294184800, 1)
,(27, 308782800, 2)
,(27, 325634400, 1)
,(27, 340405200, 2)
,(27, 357084000, 1)
,(27, 371941200, 2)
,(27, 388533600, 1)
,(27, 403477200, 2)
,(27, 419983200, 1)
,(27, 435013200, 2)
,(27, 452037600, 1)
,(27, 466635600, 2)
,(27, 483487200, 1)
,(27, 498171600, 2)
,(27, 947930400, 3)
;
INSERT INTO  oceanbase.__all_tenant_time_zone_transition_type (Time_zone_id, Transition_type_id, Offset, Is_DST, Abbreviation) VALUES
 (27, 0, 7584, 0, 'LMT')
,(27, 1, 10800, 1, 'CAST')
,(27, 2, 7200, 0, 'CAT')
,(27, 3, 10800, 0, 'EAT')
;
INSERT INTO oceanbase.__all_tenant_time_zone (Time_zone_id, Use_leap_seconds) VALUES (28, 'N');
INSERT INTO  oceanbase.__all_tenant_time_zone_name (Name, Time_zone_id) VALUES ('Africa/Kampala', 28);
INSERT INTO  oceanbase.__all_tenant_time_zone_transition (Time_zone_id, Transition_time, Transition_type_id) VALUES
 (28, -1309745380, 1)
,(28, -1262314800, 2)
,(28, -694319400, 3)
,(28, -410237100, 1)
;
INSERT INTO  oceanbase.__all_tenant_time_zone_transition_type (Time_zone_id, Transition_type_id, Offset, Is_DST, Abbreviation) VALUES
 (28, 0, 7780, 0, 'LMT')
,(28, 1, 10800, 0, 'EAT')
,(28, 2, 9000, 0, 'BEAT')
,(28, 3, 9900, 0, 'BEAUT')
;
INSERT INTO oceanbase.__all_tenant_time_zone (Time_zone_id, Use_leap_seconds) VALUES (29, 'N');
INSERT INTO  oceanbase.__all_tenant_time_zone_name (Name, Time_zone_id) VALUES ('Africa/Khartoum', 29);
INSERT INTO  oceanbase.__all_tenant_time_zone_transition (Time_zone_id, Transition_time, Transition_type_id) VALUES
 (29, -1230775808, 2)
,(29, 10360800, 1)
,(29, 24786000, 2)
,(29, 41810400, 1)
,(29, 56322000, 2)
,(29, 73432800, 1)
,(29, 87944400, 2)
,(29, 104882400, 1)
,(29, 119480400, 2)
,(29, 136332000, 1)
,(29, 151016400, 2)
,(29, 167781600, 1)
,(29, 182552400, 2)
,(29, 199231200, 1)
,(29, 214174800, 2)
,(29, 230680800, 1)
,(29, 245710800, 2)
,(29, 262735200, 1)
,(29, 277246800, 2)
,(29, 294184800, 1)
,(29, 308782800, 2)
,(29, 325634400, 1)
,(29, 340405200, 2)
,(29, 357084000, 1)
,(29, 371941200, 2)
,(29, 388533600, 1)
,(29, 403477200, 2)
,(29, 419983200, 1)
,(29, 435013200, 2)
,(29, 452037600, 1)
,(29, 466635600, 2)
,(29, 483487200, 1)
,(29, 498171600, 2)
,(29, 947930400, 3)
;
INSERT INTO  oceanbase.__all_tenant_time_zone_transition_type (Time_zone_id, Transition_type_id, Offset, Is_DST, Abbreviation) VALUES
 (29, 0, 7808, 0, 'LMT')
,(29, 1, 10800, 1, 'CAST')
,(29, 2, 7200, 0, 'CAT')
,(29, 3, 10800, 0, 'EAT')
;
INSERT INTO oceanbase.__all_tenant_time_zone (Time_zone_id, Use_leap_seconds) VALUES (30, 'N');
INSERT INTO  oceanbase.__all_tenant_time_zone_name (Name, Time_zone_id) VALUES ('Africa/Kigali', 30);
INSERT INTO  oceanbase.__all_tenant_time_zone_transition (Time_zone_id, Transition_time, Transition_type_id) VALUES
 (30, -1091498416, 1)
;
INSERT INTO  oceanbase.__all_tenant_time_zone_transition_type (Time_zone_id, Transition_type_id, Offset, Is_DST, Abbreviation) VALUES
 (30, 0, 7216, 0, 'LMT')
,(30, 1, 7200, 0, 'CAT')
;
INSERT INTO oceanbase.__all_tenant_time_zone (Time_zone_id, Use_leap_seconds) VALUES (31, 'N');
INSERT INTO  oceanbase.__all_tenant_time_zone_name (Name, Time_zone_id) VALUES ('Africa/Kinshasa', 31);
INSERT INTO  oceanbase.__all_tenant_time_zone_transition_type (Time_zone_id, Transition_type_id, Offset, Is_DST, Abbreviation) VALUES
 (31, 0, 3600, 0, 'WAT')
;
INSERT INTO oceanbase.__all_tenant_time_zone (Time_zone_id, Use_leap_seconds) VALUES (32, 'N');
INSERT INTO  oceanbase.__all_tenant_time_zone_name (Name, Time_zone_id) VALUES ('Africa/Lagos', 32);
INSERT INTO  oceanbase.__all_tenant_time_zone_transition (Time_zone_id, Transition_time, Transition_type_id) VALUES
 (32, -1588464816, 1)
;
INSERT INTO  oceanbase.__all_tenant_time_zone_transition_type (Time_zone_id, Transition_type_id, Offset, Is_DST, Abbreviation) VALUES
 (32, 0, 816, 0, 'LMT')
,(32, 1, 3600, 0, 'WAT')
;
INSERT INTO oceanbase.__all_tenant_time_zone (Time_zone_id, Use_leap_seconds) VALUES (33, 'N');
INSERT INTO  oceanbase.__all_tenant_time_zone_name (Name, Time_zone_id) VALUES ('Africa/Libreville', 33);
INSERT INTO  oceanbase.__all_tenant_time_zone_transition (Time_zone_id, Transition_time, Transition_type_id) VALUES
 (33, -1830386268, 1)
;
INSERT INTO  oceanbase.__all_tenant_time_zone_transition_type (Time_zone_id, Transition_type_id, Offset, Is_DST, Abbreviation) VALUES
 (33, 0, 2268, 0, 'LMT')
,(33, 1, 3600, 0, 'WAT')
;
INSERT INTO oceanbase.__all_tenant_time_zone (Time_zone_id, Use_leap_seconds) VALUES (34, 'N');
INSERT INTO  oceanbase.__all_tenant_time_zone_name (Name, Time_zone_id) VALUES ('Africa/Lome', 34);
INSERT INTO  oceanbase.__all_tenant_time_zone_transition_type (Time_zone_id, Transition_type_id, Offset, Is_DST, Abbreviation) VALUES
 (34, 0, 0, 0, 'GMT')
;
INSERT INTO oceanbase.__all_tenant_time_zone (Time_zone_id, Use_leap_seconds) VALUES (35, 'N');
INSERT INTO  oceanbase.__all_tenant_time_zone_name (Name, Time_zone_id) VALUES ('Africa/Luanda', 35);
INSERT INTO  oceanbase.__all_tenant_time_zone_transition (Time_zone_id, Transition_time, Transition_type_id) VALUES
 (35, -1849395124, 1)
;
INSERT INTO  oceanbase.__all_tenant_time_zone_transition_type (Time_zone_id, Transition_type_id, Offset, Is_DST, Abbreviation) VALUES
 (35, 0, 3124, 0, 'AOT')
,(35, 1, 3600, 0, 'WAT')
;
INSERT INTO oceanbase.__all_tenant_time_zone (Time_zone_id, Use_leap_seconds) VALUES (36, 'N');
INSERT INTO  oceanbase.__all_tenant_time_zone_name (Name, Time_zone_id) VALUES ('Africa/Lubumbashi', 36);
INSERT INTO  oceanbase.__all_tenant_time_zone_transition_type (Time_zone_id, Transition_type_id, Offset, Is_DST, Abbreviation) VALUES
 (36, 0, 7200, 0, 'CAT')
;
INSERT INTO oceanbase.__all_tenant_time_zone (Time_zone_id, Use_leap_seconds) VALUES (37, 'N');
INSERT INTO  oceanbase.__all_tenant_time_zone_name (Name, Time_zone_id) VALUES ('Africa/Lusaka', 37);
INSERT INTO  oceanbase.__all_tenant_time_zone_transition (Time_zone_id, Transition_time, Transition_type_id) VALUES
 (37, -2109289988, 1)
;
INSERT INTO  oceanbase.__all_tenant_time_zone_transition_type (Time_zone_id, Transition_type_id, Offset, Is_DST, Abbreviation) VALUES
 (37, 0, 6788, 0, 'LMT')
,(37, 1, 7200, 0, 'CAT')
;
INSERT INTO oceanbase.__all_tenant_time_zone (Time_zone_id, Use_leap_seconds) VALUES (38, 'N');
INSERT INTO  oceanbase.__all_tenant_time_zone_name (Name, Time_zone_id) VALUES ('Africa/Malabo', 38);
INSERT INTO  oceanbase.__all_tenant_time_zone_transition (Time_zone_id, Transition_time, Transition_type_id) VALUES
 (38, -1830386108, 1)
,(38, -190857600, 2)
;
INSERT INTO  oceanbase.__all_tenant_time_zone_transition_type (Time_zone_id, Transition_type_id, Offset, Is_DST, Abbreviation) VALUES
 (38, 0, 2108, 0, 'LMT')
,(38, 1, 0, 0, 'GMT')
,(38, 2, 3600, 0, 'WAT')
;
INSERT INTO oceanbase.__all_tenant_time_zone (Time_zone_id, Use_leap_seconds) VALUES (39, 'N');
INSERT INTO  oceanbase.__all_tenant_time_zone_name (Name, Time_zone_id) VALUES ('Africa/Maputo', 39);
INSERT INTO  oceanbase.__all_tenant_time_zone_transition (Time_zone_id, Transition_time, Transition_type_id) VALUES
 (39, -2109291020, 1)
;
INSERT INTO  oceanbase.__all_tenant_time_zone_transition_type (Time_zone_id, Transition_type_id, Offset, Is_DST, Abbreviation) VALUES
 (39, 0, 7820, 0, 'LMT')
,(39, 1, 7200, 0, 'CAT')
;
INSERT INTO oceanbase.__all_tenant_time_zone (Time_zone_id, Use_leap_seconds) VALUES (40, 'N');
INSERT INTO  oceanbase.__all_tenant_time_zone_name (Name, Time_zone_id) VALUES ('Africa/Maseru', 40);
INSERT INTO  oceanbase.__all_tenant_time_zone_transition (Time_zone_id, Transition_time, Transition_type_id) VALUES
 (40, -2109289800, 1)
,(40, -829526400, 2)
,(40, -813805200, 1)
;
INSERT INTO  oceanbase.__all_tenant_time_zone_transition_type (Time_zone_id, Transition_type_id, Offset, Is_DST, Abbreviation) VALUES
 (40, 0, 6600, 0, 'LMT')
,(40, 1, 7200, 0, 'SAST')
,(40, 2, 10800, 1, 'SAST')
;
INSERT INTO oceanbase.__all_tenant_time_zone (Time_zone_id, Use_leap_seconds) VALUES (41, 'N');
INSERT INTO  oceanbase.__all_tenant_time_zone_name (Name, Time_zone_id) VALUES ('Africa/Mbabane', 41);
INSERT INTO  oceanbase.__all_tenant_time_zone_transition (Time_zone_id, Transition_time, Transition_type_id) VALUES
 (41, -2109290664, 1)
;
INSERT INTO  oceanbase.__all_tenant_time_zone_transition_type (Time_zone_id, Transition_type_id, Offset, Is_DST, Abbreviation) VALUES
 (41, 0, 7464, 0, 'LMT')
,(41, 1, 7200, 0, 'SAST')
;
INSERT INTO oceanbase.__all_tenant_time_zone (Time_zone_id, Use_leap_seconds) VALUES (42, 'N');
INSERT INTO  oceanbase.__all_tenant_time_zone_name (Name, Time_zone_id) VALUES ('Africa/Mogadishu', 42);
INSERT INTO  oceanbase.__all_tenant_time_zone_transition (Time_zone_id, Transition_time, Transition_type_id) VALUES
 (42, -1230778800, 1)
,(42, -410236200, 0)
;
INSERT INTO  oceanbase.__all_tenant_time_zone_transition_type (Time_zone_id, Transition_type_id, Offset, Is_DST, Abbreviation) VALUES
 (42, 0, 10800, 0, 'EAT')
,(42, 1, 9000, 0, 'BEAT')
;
INSERT INTO oceanbase.__all_tenant_time_zone (Time_zone_id, Use_leap_seconds) VALUES (43, 'N');
INSERT INTO  oceanbase.__all_tenant_time_zone_name (Name, Time_zone_id) VALUES ('Africa/Monrovia', 43);
INSERT INTO  oceanbase.__all_tenant_time_zone_transition (Time_zone_id, Transition_time, Transition_type_id) VALUES
 (43, -1604359012, 1)
,(43, 73529070, 2)
;
INSERT INTO  oceanbase.__all_tenant_time_zone_transition_type (Time_zone_id, Transition_type_id, Offset, Is_DST, Abbreviation) VALUES
 (43, 0, -2588, 0, 'MMT')
,(43, 1, -2670, 0, 'LRT')
,(43, 2, 0, 0, 'GMT')
;
INSERT INTO oceanbase.__all_tenant_time_zone (Time_zone_id, Use_leap_seconds) VALUES (44, 'N');
INSERT INTO  oceanbase.__all_tenant_time_zone_name (Name, Time_zone_id) VALUES ('Africa/Nairobi', 44);
INSERT INTO  oceanbase.__all_tenant_time_zone_transition (Time_zone_id, Transition_time, Transition_type_id) VALUES
 (44, -1309746436, 1)
,(44, -1262314800, 2)
,(44, -946780200, 3)
,(44, -315629100, 1)
;
INSERT INTO  oceanbase.__all_tenant_time_zone_transition_type (Time_zone_id, Transition_type_id, Offset, Is_DST, Abbreviation) VALUES
 (44, 0, 8836, 0, 'LMT')
,(44, 1, 10800, 0, 'EAT')
,(44, 2, 9000, 0, 'BEAT')
,(44, 3, 9900, 0, 'BEAUT')
;
INSERT INTO oceanbase.__all_tenant_time_zone (Time_zone_id, Use_leap_seconds) VALUES (45, 'N');
INSERT INTO  oceanbase.__all_tenant_time_zone_name (Name, Time_zone_id) VALUES ('Africa/Ndjamena', 45);
INSERT INTO  oceanbase.__all_tenant_time_zone_transition (Time_zone_id, Transition_time, Transition_type_id) VALUES
 (45, -1830387612, 1)
,(45, 308703600, 2)
,(45, 321314400, 1)
;
INSERT INTO  oceanbase.__all_tenant_time_zone_transition_type (Time_zone_id, Transition_type_id, Offset, Is_DST, Abbreviation) VALUES
 (45, 0, 3612, 0, 'LMT')
,(45, 1, 3600, 0, 'WAT')
,(45, 2, 7200, 1, 'WAST')
;
INSERT INTO oceanbase.__all_tenant_time_zone (Time_zone_id, Use_leap_seconds) VALUES (46, 'N');
INSERT INTO  oceanbase.__all_tenant_time_zone_name (Name, Time_zone_id) VALUES ('Africa/Niamey', 46);
INSERT INTO  oceanbase.__all_tenant_time_zone_transition (Time_zone_id, Transition_time, Transition_type_id) VALUES
 (46, -1830384508, 1)
,(46, -1131231600, 2)
,(46, -315619200, 3)
;
INSERT INTO  oceanbase.__all_tenant_time_zone_transition_type (Time_zone_id, Transition_type_id, Offset, Is_DST, Abbreviation) VALUES
 (46, 0, 508, 0, 'LMT')
,(46, 1, -3600, 0, 'WAT')
,(46, 2, 0, 0, 'GMT')
,(46, 3, 3600, 0, 'WAT')
;
INSERT INTO oceanbase.__all_tenant_time_zone (Time_zone_id, Use_leap_seconds) VALUES (47, 'N');
INSERT INTO  oceanbase.__all_tenant_time_zone_name (Name, Time_zone_id) VALUES ('Africa/Nouakchott', 47);
INSERT INTO  oceanbase.__all_tenant_time_zone_transition (Time_zone_id, Transition_time, Transition_type_id) VALUES
 (47, -1830380172, 1)
,(47, -1131235200, 2)
,(47, -286930800, 1)
;
INSERT INTO  oceanbase.__all_tenant_time_zone_transition_type (Time_zone_id, Transition_type_id, Offset, Is_DST, Abbreviation) VALUES
 (47, 0, -3828, 0, 'LMT')
,(47, 1, 0, 0, 'GMT')
,(47, 2, -3600, 0, 'WAT')
;
INSERT INTO oceanbase.__all_tenant_time_zone (Time_zone_id, Use_leap_seconds) VALUES (48, 'N');
INSERT INTO  oceanbase.__all_tenant_time_zone_name (Name, Time_zone_id) VALUES ('Africa/Ouagadougou', 48);
INSERT INTO  oceanbase.__all_tenant_time_zone_transition (Time_zone_id, Transition_time, Transition_type_id) VALUES
 (48, -1830383636, 1)
;
INSERT INTO  oceanbase.__all_tenant_time_zone_transition_type (Time_zone_id, Transition_type_id, Offset, Is_DST, Abbreviation) VALUES
 (48, 0, -364, 0, 'LMT')
,(48, 1, 0, 0, 'GMT')
;
INSERT INTO oceanbase.__all_tenant_time_zone (Time_zone_id, Use_leap_seconds) VALUES (49, 'N');
INSERT INTO  oceanbase.__all_tenant_time_zone_name (Name, Time_zone_id) VALUES ('Africa/Porto-Novo', 49);
INSERT INTO  oceanbase.__all_tenant_time_zone_transition (Time_zone_id, Transition_time, Transition_type_id) VALUES
 (49, -1830384628, 1)
,(49, -1131235200, 2)
;
INSERT INTO  oceanbase.__all_tenant_time_zone_transition_type (Time_zone_id, Transition_type_id, Offset, Is_DST, Abbreviation) VALUES
 (49, 0, 628, 0, 'LMT')
,(49, 1, 0, 0, 'GMT')
,(49, 2, 3600, 0, 'WAT')
;
INSERT INTO oceanbase.__all_tenant_time_zone (Time_zone_id, Use_leap_seconds) VALUES (50, 'N');
INSERT INTO  oceanbase.__all_tenant_time_zone_name (Name, Time_zone_id) VALUES ('Africa/Sao_Tome', 50);
INSERT INTO  oceanbase.__all_tenant_time_zone_transition (Time_zone_id, Transition_time, Transition_type_id) VALUES
 (50, -1830381808, 1)
;
INSERT INTO  oceanbase.__all_tenant_time_zone_transition_type (Time_zone_id, Transition_type_id, Offset, Is_DST, Abbreviation) VALUES
 (50, 0, -2192, 0, 'LMT')
,(50, 1, 0, 0, 'GMT')
;
INSERT INTO oceanbase.__all_tenant_time_zone (Time_zone_id, Use_leap_seconds) VALUES (51, 'N');
INSERT INTO  oceanbase.__all_tenant_time_zone_name (Name, Time_zone_id) VALUES ('Africa/Timbuktu', 51);
INSERT INTO  oceanbase.__all_tenant_time_zone_transition (Time_zone_id, Transition_time, Transition_type_id) VALUES
 (51, -1830382080, 1)
,(51, -1131235200, 2)
,(51, -300841200, 1)
;
INSERT INTO  oceanbase.__all_tenant_time_zone_transition_type (Time_zone_id, Transition_type_id, Offset, Is_DST, Abbreviation) VALUES
 (51, 0, -1920, 0, 'LMT')
,(51, 1, 0, 0, 'GMT')
,(51, 2, -3600, 0, 'WAT')
;
INSERT INTO oceanbase.__all_tenant_time_zone (Time_zone_id, Use_leap_seconds) VALUES (52, 'N');
INSERT INTO  oceanbase.__all_tenant_time_zone_name (Name, Time_zone_id) VALUES ('Africa/Tripoli', 52);
INSERT INTO  oceanbase.__all_tenant_time_zone_transition (Time_zone_id, Transition_time, Transition_type_id) VALUES
 (52, -1577926364, 2)
,(52, -574902000, 1)
,(52, -568087200, 2)
,(52, -512175600, 1)
,(52, -504928800, 2)
,(52, -449888400, 1)
,(52, -441856800, 2)
,(52, -347158800, 3)
,(52, 378684000, 2)
,(52, 386463600, 1)
,(52, 402271200, 2)
,(52, 417999600, 1)
,(52, 433807200, 2)
,(52, 449622000, 1)
,(52, 465429600, 2)
,(52, 481590000, 1)
,(52, 496965600, 2)
,(52, 512953200, 1)
,(52, 528674400, 2)
,(52, 544230000, 1)
,(52, 560037600, 2)
,(52, 575852400, 1)
,(52, 591660000, 2)
,(52, 607388400, 1)
,(52, 623196000, 2)
,(52, 641775600, 3)
,(52, 844034400, 2)
,(52, 860108400, 1)
,(52, 875916000, 3)
;
INSERT INTO  oceanbase.__all_tenant_time_zone_transition_type (Time_zone_id, Transition_type_id, Offset, Is_DST, Abbreviation) VALUES
 (52, 0, 3164, 0, 'LMT')
,(52, 1, 7200, 1, 'CEST')
,(52, 2, 3600, 0, 'CET')
,(52, 3, 7200, 0, 'EET')
;
INSERT INTO oceanbase.__all_tenant_time_zone (Time_zone_id, Use_leap_seconds) VALUES (53, 'N');
INSERT INTO  oceanbase.__all_tenant_time_zone_name (Name, Time_zone_id) VALUES ('Africa/Tunis', 53);
INSERT INTO  oceanbase.__all_tenant_time_zone_transition (Time_zone_id, Transition_time, Transition_type_id) VALUES
 (53, -1855958961, 3)
,(53, -969242400, 1)
,(53, -950493600, 2)
,(53, -941940000, 1)
,(53, -891136800, 3)
,(53, -877827600, 4)
,(53, -857257200, 3)
,(53, -844556400, 4)
,(53, -842918400, 3)
,(53, -842223600, 4)
,(53, -828230400, 3)
,(53, -812502000, 4)
,(53, -796269600, 3)
,(53, -781052400, 4)
,(53, -766634400, 3)
,(53, 231202800, 1)
,(53, 243903600, 2)
,(53, 262825200, 1)
,(53, 276044400, 2)
,(53, 581122800, 1)
,(53, 591145200, 2)
,(53, 606870000, 1)
,(53, 622594800, 2)
,(53, 641516400, 1)
,(53, 654649200, 2)
,(53, 1114902000, 1)
,(53, 1128038400, 2)
,(53, 1143334800, 1)
,(53, 1162083600, 2)
,(53, 1174784400, 1)
,(53, 1193533200, 2)
,(53, 1206838800, 1)
,(53, 1224982800, 2)
;
INSERT INTO  oceanbase.__all_tenant_time_zone_transition_type (Time_zone_id, Transition_type_id, Offset, Is_DST, Abbreviation) VALUES
 (53, 0, 561, 0, 'PMT')
,(53, 1, 7200, 1, 'CEST')
,(53, 2, 3600, 0, 'CET')
,(53, 3, 3600, 0, 'CET')
,(53, 4, 7200, 1, 'CEST')
;
INSERT INTO oceanbase.__all_tenant_time_zone (Time_zone_id, Use_leap_seconds) VALUES (54, 'N');
INSERT INTO  oceanbase.__all_tenant_time_zone_name (Name, Time_zone_id) VALUES ('Africa/Windhoek', 54);
INSERT INTO  oceanbase.__all_tenant_time_zone_transition (Time_zone_id, Transition_time, Transition_type_id) VALUES
 (54, -2109288600, 1)
,(54, -860976000, 2)
,(54, -845254800, 1)
,(54, 637970400, 3)
,(54, 765324000, 5)
,(54, 778640400, 4)
,(54, 796780800, 5)
,(54, 810090000, 4)
,(54, 828835200, 5)
,(54, 841539600, 4)
,(54, 860284800, 5)
,(54, 873594000, 4)
,(54, 891734400, 5)
,(54, 905043600, 4)
,(54, 923184000, 5)
,(54, 936493200, 4)
,(54, 954633600, 5)
,(54, 967942800, 4)
,(54, 986083200, 5)
,(54, 999392400, 4)
,(54, 1018137600, 5)
,(54, 1030842000, 4)
,(54, 1049587200, 5)
,(54, 1062896400, 4)
,(54, 1081036800, 5)
,(54, 1094346000, 4)
,(54, 1112486400, 5)
,(54, 1125795600, 4)
,(54, 1143936000, 5)
,(54, 1157245200, 4)
,(54, 1175385600, 5)
,(54, 1188694800, 4)
,(54, 1207440000, 5)
,(54, 1220749200, 4)
,(54, 1238889600, 5)
,(54, 1252198800, 4)
,(54, 1270339200, 5)
,(54, 1283648400, 4)
,(54, 1301788800, 5)
,(54, 1315098000, 4)
,(54, 1333238400, 5)
,(54, 1346547600, 4)
,(54, 1365292800, 5)
,(54, 1377997200, 4)
,(54, 1396742400, 5)
,(54, 1410051600, 4)
,(54, 1428192000, 5)
,(54, 1441501200, 4)
,(54, 1459641600, 5)
,(54, 1472950800, 4)
,(54, 1491091200, 5)
,(54, 1504400400, 4)
,(54, 1522540800, 5)
,(54, 1535850000, 4)
,(54, 1554595200, 5)
,(54, 1567299600, 4)
,(54, 1586044800, 5)
,(54, 1599354000, 4)
,(54, 1617494400, 5)
,(54, 1630803600, 4)
,(54, 1648944000, 5)
,(54, 1662253200, 4)
,(54, 1680393600, 5)
,(54, 1693702800, 4)
,(54, 1712448000, 5)
,(54, 1725152400, 4)
,(54, 1743897600, 5)
,(54, 1757206800, 4)
,(54, 1775347200, 5)
,(54, 1788656400, 4)
,(54, 1806796800, 5)
,(54, 1820106000, 4)
,(54, 1838246400, 5)
,(54, 1851555600, 4)
,(54, 1869696000, 5)
,(54, 1883005200, 4)
,(54, 1901750400, 5)
,(54, 1914454800, 4)
,(54, 1933200000, 5)
,(54, 1946509200, 4)
,(54, 1964649600, 5)
,(54, 1977958800, 4)
,(54, 1996099200, 5)
,(54, 2009408400, 4)
,(54, 2027548800, 5)
,(54, 2040858000, 4)
,(54, 2058998400, 5)
,(54, 2072307600, 4)
,(54, 2091052800, 5)
,(54, 2104362000, 4)
,(54, 2122502400, 5)
,(54, 2135811600, 4)
;
INSERT INTO  oceanbase.__all_tenant_time_zone_transition_type (Time_zone_id, Transition_type_id, Offset, Is_DST, Abbreviation) VALUES
 (54, 0, 5400, 0, 'SWAT')
,(54, 1, 7200, 0, 'SAST')
,(54, 2, 10800, 1, 'SAST')
,(54, 3, 7200, 0, 'CAT')
,(54, 4, 7200, 1, 'WAST')
,(54, 5, 3600, 0, 'WAT')
;
INSERT INTO oceanbase.__all_tenant_time_zone (Time_zone_id, Use_leap_seconds) VALUES (55, 'N');
INSERT INTO  oceanbase.__all_tenant_time_zone_name (Name, Time_zone_id) VALUES ('America/Adak', 55);
INSERT INTO  oceanbase.__all_tenant_time_zone_transition (Time_zone_id, Transition_time, Transition_type_id) VALUES
 (55, -880196400, 1)
,(55, -769395600, 2)
,(55, -765374400, 0)
,(55, -86878800, 3)
,(55, -21466800, 4)
,(55, -5745600, 3)
,(55, 9982800, 4)
,(55, 25704000, 3)
,(55, 41432400, 4)
,(55, 57758400, 3)
,(55, 73486800, 4)
,(55, 89208000, 3)
,(55, 104936400, 4)
,(55, 120657600, 3)
,(55, 126709200, 4)
,(55, 152107200, 3)
,(55, 162392400, 4)
,(55, 183556800, 3)
,(55, 199285200, 4)
,(55, 215611200, 3)
,(55, 230734800, 4)
,(55, 247060800, 3)
,(55, 262789200, 4)
,(55, 278510400, 3)
,(55, 294238800, 4)
,(55, 309960000, 3)
,(55, 325688400, 4)
,(55, 341409600, 3)
,(55, 357138000, 4)
,(55, 372859200, 3)
,(55, 388587600, 4)
,(55, 404913600, 3)
,(55, 420037200, 4)
,(55, 436363200, 5)
,(55, 439034400, 7)
,(55, 452088000, 6)
,(55, 467809200, 7)
,(55, 483537600, 6)
,(55, 499258800, 7)
,(55, 514987200, 6)
,(55, 530708400, 7)
,(55, 544622400, 6)
,(55, 562158000, 7)
,(55, 576072000, 6)
,(55, 594212400, 7)
,(55, 607521600, 6)
,(55, 625662000, 7)
,(55, 638971200, 6)
,(55, 657111600, 7)
,(55, 671025600, 6)
,(55, 688561200, 7)
,(55, 702475200, 6)
,(55, 720010800, 7)
,(55, 733924800, 6)
,(55, 752065200, 7)
,(55, 765374400, 6)
,(55, 783514800, 7)
,(55, 796824000, 6)
,(55, 814964400, 7)
,(55, 828878400, 6)
,(55, 846414000, 7)
,(55, 860328000, 6)
,(55, 877863600, 7)
,(55, 891777600, 6)
,(55, 909313200, 7)
,(55, 923227200, 6)
,(55, 941367600, 7)
,(55, 954676800, 6)
,(55, 972817200, 7)
,(55, 986126400, 6)
,(55, 1004266800, 7)
,(55, 1018180800, 6)
,(55, 1035716400, 7)
,(55, 1049630400, 6)
,(55, 1067166000, 7)
,(55, 1081080000, 6)
,(55, 1099220400, 7)
,(55, 1112529600, 6)
,(55, 1130670000, 7)
,(55, 1143979200, 6)
,(55, 1162119600, 7)
,(55, 1173614400, 6)
,(55, 1194174000, 7)
,(55, 1205064000, 6)
,(55, 1225623600, 7)
,(55, 1236513600, 6)
,(55, 1257073200, 7)
,(55, 1268568000, 6)
,(55, 1289127600, 7)
,(55, 1300017600, 6)
,(55, 1320577200, 7)
,(55, 1331467200, 6)
,(55, 1352026800, 7)
,(55, 1362916800, 6)
,(55, 1383476400, 7)
,(55, 1394366400, 6)
,(55, 1414926000, 7)
,(55, 1425816000, 6)
,(55, 1446375600, 7)
,(55, 1457870400, 6)
,(55, 1478430000, 7)
,(55, 1489320000, 6)
,(55, 1509879600, 7)
,(55, 1520769600, 6)
,(55, 1541329200, 7)
,(55, 1552219200, 6)
,(55, 1572778800, 7)
,(55, 1583668800, 6)
,(55, 1604228400, 7)
,(55, 1615723200, 6)
,(55, 1636282800, 7)
,(55, 1647172800, 6)
,(55, 1667732400, 7)
,(55, 1678622400, 6)
,(55, 1699182000, 7)
,(55, 1710072000, 6)
,(55, 1730631600, 7)
,(55, 1741521600, 6)
,(55, 1762081200, 7)
,(55, 1772971200, 6)
,(55, 1793530800, 7)
,(55, 1805025600, 6)
,(55, 1825585200, 7)
,(55, 1836475200, 6)
,(55, 1857034800, 7)
,(55, 1867924800, 6)
,(55, 1888484400, 7)
,(55, 1899374400, 6)
,(55, 1919934000, 7)
,(55, 1930824000, 6)
,(55, 1951383600, 7)
,(55, 1962878400, 6)
,(55, 1983438000, 7)
,(55, 1994328000, 6)
,(55, 2014887600, 7)
,(55, 2025777600, 6)
,(55, 2046337200, 7)
,(55, 2057227200, 6)
,(55, 2077786800, 7)
,(55, 2088676800, 6)
,(55, 2109236400, 7)
,(55, 2120126400, 6)
,(55, 2140686000, 7)
;
INSERT INTO  oceanbase.__all_tenant_time_zone_transition_type (Time_zone_id, Transition_type_id, Offset, Is_DST, Abbreviation) VALUES
 (55, 0, -39600, 0, 'NST')
,(55, 1, -36000, 1, 'NWT')
,(55, 2, -36000, 1, 'NPT')
,(55, 3, -39600, 0, 'BST')
,(55, 4, -36000, 1, 'BDT')
,(55, 5, -36000, 0, 'AHST')
,(55, 6, -32400, 1, 'HADT')
,(55, 7, -36000, 0, 'HAST')
;
INSERT INTO oceanbase.__all_tenant_time_zone (Time_zone_id, Use_leap_seconds) VALUES (56, 'N');
INSERT INTO  oceanbase.__all_tenant_time_zone_name (Name, Time_zone_id) VALUES ('America/Anchorage', 56);
INSERT INTO  oceanbase.__all_tenant_time_zone_transition (Time_zone_id, Transition_time, Transition_type_id) VALUES
 (56, -880200000, 1)
,(56, -769395600, 2)
,(56, -765378000, 0)
,(56, -86882400, 3)
,(56, -21470400, 4)
,(56, -5749200, 3)
,(56, 9979200, 4)
,(56, 25700400, 3)
,(56, 41428800, 4)
,(56, 57754800, 3)
,(56, 73483200, 4)
,(56, 89204400, 3)
,(56, 104932800, 4)
,(56, 120654000, 3)
,(56, 126705600, 4)
,(56, 152103600, 3)
,(56, 162388800, 4)
,(56, 183553200, 3)
,(56, 199281600, 4)
,(56, 215607600, 3)
,(56, 230731200, 4)
,(56, 247057200, 3)
,(56, 262785600, 4)
,(56, 278506800, 3)
,(56, 294235200, 4)
,(56, 309956400, 3)
,(56, 325684800, 4)
,(56, 341406000, 3)
,(56, 357134400, 4)
,(56, 372855600, 3)
,(56, 388584000, 4)
,(56, 404910000, 3)
,(56, 420033600, 4)
,(56, 436359600, 5)
,(56, 439030800, 7)
,(56, 452084400, 6)
,(56, 467805600, 7)
,(56, 483534000, 6)
,(56, 499255200, 7)
,(56, 514983600, 6)
,(56, 530704800, 7)
,(56, 544618800, 6)
,(56, 562154400, 7)
,(56, 576068400, 6)
,(56, 594208800, 7)
,(56, 607518000, 6)
,(56, 625658400, 7)
,(56, 638967600, 6)
,(56, 657108000, 7)
,(56, 671022000, 6)
,(56, 688557600, 7)
,(56, 702471600, 6)
,(56, 720007200, 7)
,(56, 733921200, 6)
,(56, 752061600, 7)
,(56, 765370800, 6)
,(56, 783511200, 7)
,(56, 796820400, 6)
,(56, 814960800, 7)
,(56, 828874800, 6)
,(56, 846410400, 7)
,(56, 860324400, 6)
,(56, 877860000, 7)
,(56, 891774000, 6)
,(56, 909309600, 7)
,(56, 923223600, 6)
,(56, 941364000, 7)
,(56, 954673200, 6)
,(56, 972813600, 7)
,(56, 986122800, 6)
,(56, 1004263200, 7)
,(56, 1018177200, 6)
,(56, 1035712800, 7)
,(56, 1049626800, 6)
,(56, 1067162400, 7)
,(56, 1081076400, 6)
,(56, 1099216800, 7)
,(56, 1112526000, 6)
,(56, 1130666400, 7)
,(56, 1143975600, 6)
,(56, 1162116000, 7)
,(56, 1173610800, 6)
,(56, 1194170400, 7)
,(56, 1205060400, 6)
,(56, 1225620000, 7)
,(56, 1236510000, 6)
,(56, 1257069600, 7)
,(56, 1268564400, 6)
,(56, 1289124000, 7)
,(56, 1300014000, 6)
,(56, 1320573600, 7)
,(56, 1331463600, 6)
,(56, 1352023200, 7)
,(56, 1362913200, 6)
,(56, 1383472800, 7)
,(56, 1394362800, 6)
,(56, 1414922400, 7)
,(56, 1425812400, 6)
,(56, 1446372000, 7)
,(56, 1457866800, 6)
,(56, 1478426400, 7)
,(56, 1489316400, 6)
,(56, 1509876000, 7)
,(56, 1520766000, 6)
,(56, 1541325600, 7)
,(56, 1552215600, 6)
,(56, 1572775200, 7)
,(56, 1583665200, 6)
,(56, 1604224800, 7)
,(56, 1615719600, 6)
,(56, 1636279200, 7)
,(56, 1647169200, 6)
,(56, 1667728800, 7)
,(56, 1678618800, 6)
,(56, 1699178400, 7)
,(56, 1710068400, 6)
,(56, 1730628000, 7)
,(56, 1741518000, 6)
,(56, 1762077600, 7)
,(56, 1772967600, 6)
,(56, 1793527200, 7)
,(56, 1805022000, 6)
,(56, 1825581600, 7)
,(56, 1836471600, 6)
,(56, 1857031200, 7)
,(56, 1867921200, 6)
,(56, 1888480800, 7)
,(56, 1899370800, 6)
,(56, 1919930400, 7)
,(56, 1930820400, 6)
,(56, 1951380000, 7)
,(56, 1962874800, 6)
,(56, 1983434400, 7)
,(56, 1994324400, 6)
,(56, 2014884000, 7)
,(56, 2025774000, 6)
,(56, 2046333600, 7)
,(56, 2057223600, 6)
,(56, 2077783200, 7)
,(56, 2088673200, 6)
,(56, 2109232800, 7)
,(56, 2120122800, 6)
,(56, 2140682400, 7)
;
INSERT INTO  oceanbase.__all_tenant_time_zone_transition_type (Time_zone_id, Transition_type_id, Offset, Is_DST, Abbreviation) VALUES
 (56, 0, -36000, 0, 'CAT')
,(56, 1, -32400, 1, 'CAWT')
,(56, 2, -32400, 1, 'CAPT')
,(56, 3, -36000, 0, 'AHST')
,(56, 4, -32400, 1, 'AHDT')
,(56, 5, -32400, 0, 'YST')
,(56, 6, -28800, 1, 'AKDT')
,(56, 7, -32400, 0, 'AKST')
;
INSERT INTO oceanbase.__all_tenant_time_zone (Time_zone_id, Use_leap_seconds) VALUES (57, 'N');
INSERT INTO  oceanbase.__all_tenant_time_zone_name (Name, Time_zone_id) VALUES ('America/Anguilla', 57);
INSERT INTO  oceanbase.__all_tenant_time_zone_transition (Time_zone_id, Transition_time, Transition_type_id) VALUES
 (57, -1825098464, 1)
;
INSERT INTO  oceanbase.__all_tenant_time_zone_transition_type (Time_zone_id, Transition_type_id, Offset, Is_DST, Abbreviation) VALUES
 (57, 0, -15136, 0, 'LMT')
,(57, 1, -14400, 0, 'AST')
;
INSERT INTO oceanbase.__all_tenant_time_zone (Time_zone_id, Use_leap_seconds) VALUES (58, 'N');
INSERT INTO  oceanbase.__all_tenant_time_zone_name (Name, Time_zone_id) VALUES ('America/Antigua', 58);
INSERT INTO  oceanbase.__all_tenant_time_zone_transition (Time_zone_id, Transition_time, Transition_type_id) VALUES
 (58, -1825098768, 1)
,(58, -599598000, 2)
;
INSERT INTO  oceanbase.__all_tenant_time_zone_transition_type (Time_zone_id, Transition_type_id, Offset, Is_DST, Abbreviation) VALUES
 (58, 0, -14832, 0, 'LMT')
,(58, 1, -18000, 0, 'EST')
,(58, 2, -14400, 0, 'AST')
;
INSERT INTO oceanbase.__all_tenant_time_zone (Time_zone_id, Use_leap_seconds) VALUES (59, 'N');
INSERT INTO  oceanbase.__all_tenant_time_zone_name (Name, Time_zone_id) VALUES ('America/Araguaina', 59);
INSERT INTO  oceanbase.__all_tenant_time_zone_transition (Time_zone_id, Transition_time, Transition_type_id) VALUES
 (59, -1767214032, 2)
,(59, -1206957600, 1)
,(59, -1191362400, 2)
,(59, -1175374800, 1)
,(59, -1159826400, 2)
,(59, -633819600, 1)
,(59, -622069200, 2)
,(59, -602283600, 1)
,(59, -591832800, 2)
,(59, -570747600, 1)
,(59, -560210400, 2)
,(59, -539125200, 1)
,(59, -531352800, 2)
,(59, -191365200, 1)
,(59, -184197600, 2)
,(59, -155163600, 1)
,(59, -150069600, 2)
,(59, -128898000, 1)
,(59, -121125600, 2)
,(59, -99954000, 1)
,(59, -89589600, 2)
,(59, -68418000, 1)
,(59, -57967200, 2)
,(59, 499748400, 1)
,(59, 511236000, 2)
,(59, 530593200, 1)
,(59, 540266400, 2)
,(59, 562129200, 1)
,(59, 571197600, 2)
,(59, 592974000, 1)
,(59, 602042400, 2)
,(59, 624423600, 1)
,(59, 634701600, 2)
,(59, 813726000, 1)
,(59, 824004000, 2)
,(59, 844570800, 1)
,(59, 856058400, 2)
,(59, 876106800, 1)
,(59, 888717600, 2)
,(59, 908074800, 1)
,(59, 919562400, 2)
,(59, 938919600, 1)
,(59, 951616800, 2)
,(59, 970974000, 1)
,(59, 982461600, 2)
,(59, 1003028400, 1)
,(59, 1013911200, 2)
,(59, 1036292400, 1)
,(59, 1045360800, 2)
;
INSERT INTO  oceanbase.__all_tenant_time_zone_transition_type (Time_zone_id, Transition_type_id, Offset, Is_DST, Abbreviation) VALUES
 (59, 0, -11568, 0, 'LMT')
,(59, 1, -7200, 1, 'BRST')
,(59, 2, -10800, 0, 'BRT')
;
INSERT INTO oceanbase.__all_tenant_time_zone (Time_zone_id, Use_leap_seconds) VALUES (60, 'N');
INSERT INTO  oceanbase.__all_tenant_time_zone_name (Name, Time_zone_id) VALUES ('America/Argentina/Buenos_Aires', 60);
INSERT INTO  oceanbase.__all_tenant_time_zone_transition (Time_zone_id, Transition_time, Transition_type_id) VALUES
 (60, -1567453392, 1)
,(60, -1233432000, 2)
,(60, -1222981200, 1)
,(60, -1205956800, 2)
,(60, -1194037200, 1)
,(60, -1172865600, 2)
,(60, -1162501200, 1)
,(60, -1141329600, 2)
,(60, -1130965200, 1)
,(60, -1109793600, 2)
,(60, -1099429200, 1)
,(60, -1078257600, 2)
,(60, -1067806800, 1)
,(60, -1046635200, 2)
,(60, -1036270800, 1)
,(60, -1015099200, 2)
,(60, -1004734800, 1)
,(60, -983563200, 2)
,(60, -973198800, 1)
,(60, -952027200, 2)
,(60, -941576400, 1)
,(60, -931032000, 2)
,(60, -900882000, 1)
,(60, -890337600, 2)
,(60, -833749200, 1)
,(60, -827265600, 2)
,(60, -752274000, 1)
,(60, -733780800, 2)
,(60, -197326800, 1)
,(60, -190843200, 2)
,(60, -184194000, 1)
,(60, -164491200, 2)
,(60, -152658000, 1)
,(60, -132955200, 2)
,(60, -121122000, 1)
,(60, -101419200, 2)
,(60, -86821200, 1)
,(60, -71092800, 2)
,(60, -54766800, 1)
,(60, -39038400, 2)
,(60, -23317200, 1)
,(60, -7588800, 4)
,(60, 128142000, 3)
,(60, 136605600, 4)
,(60, 596948400, 3)
,(60, 605066400, 4)
,(60, 624423600, 3)
,(60, 636516000, 4)
,(60, 656478000, 3)
,(60, 667965600, 4)
,(60, 687927600, 3)
,(60, 699415200, 4)
,(60, 719377200, 3)
,(60, 731469600, 4)
,(60, 938919600, 2)
,(60, 952052400, 4)
,(60, 1198983600, 3)
,(60, 1205632800, 4)
,(60, 1224385200, 3)
,(60, 1237082400, 4)
;
INSERT INTO  oceanbase.__all_tenant_time_zone_transition_type (Time_zone_id, Transition_type_id, Offset, Is_DST, Abbreviation) VALUES
 (60, 0, -15408, 0, 'CMT')
,(60, 1, -14400, 0, 'ART')
,(60, 2, -10800, 1, 'ARST')
,(60, 3, -7200, 1, 'ARST')
,(60, 4, -10800, 0, 'ART')
;
INSERT INTO oceanbase.__all_tenant_time_zone (Time_zone_id, Use_leap_seconds) VALUES (61, 'N');
INSERT INTO  oceanbase.__all_tenant_time_zone_name (Name, Time_zone_id) VALUES ('America/Argentina/Catamarca', 61);
INSERT INTO  oceanbase.__all_tenant_time_zone_transition (Time_zone_id, Transition_time, Transition_type_id) VALUES
 (61, -1567453392, 1)
,(61, -1233432000, 2)
,(61, -1222981200, 1)
,(61, -1205956800, 2)
,(61, -1194037200, 1)
,(61, -1172865600, 2)
,(61, -1162501200, 1)
,(61, -1141329600, 2)
,(61, -1130965200, 1)
,(61, -1109793600, 2)
,(61, -1099429200, 1)
,(61, -1078257600, 2)
,(61, -1067806800, 1)
,(61, -1046635200, 2)
,(61, -1036270800, 1)
,(61, -1015099200, 2)
,(61, -1004734800, 1)
,(61, -983563200, 2)
,(61, -973198800, 1)
,(61, -952027200, 2)
,(61, -941576400, 1)
,(61, -931032000, 2)
,(61, -900882000, 1)
,(61, -890337600, 2)
,(61, -833749200, 1)
,(61, -827265600, 2)
,(61, -752274000, 1)
,(61, -733780800, 2)
,(61, -197326800, 1)
,(61, -190843200, 2)
,(61, -184194000, 1)
,(61, -164491200, 2)
,(61, -152658000, 1)
,(61, -132955200, 2)
,(61, -121122000, 1)
,(61, -101419200, 2)
,(61, -86821200, 1)
,(61, -71092800, 2)
,(61, -54766800, 1)
,(61, -39038400, 2)
,(61, -23317200, 1)
,(61, -7588800, 4)
,(61, 128142000, 3)
,(61, 136605600, 4)
,(61, 596948400, 3)
,(61, 605066400, 4)
,(61, 624423600, 3)
,(61, 636516000, 4)
,(61, 656478000, 3)
,(61, 667965600, 5)
,(61, 687931200, 3)
,(61, 699415200, 4)
,(61, 719377200, 3)
,(61, 731469600, 4)
,(61, 938919600, 2)
,(61, 952052400, 4)
,(61, 1086058800, 5)
,(61, 1087704000, 4)
,(61, 1198983600, 3)
,(61, 1205632800, 4)
;
INSERT INTO  oceanbase.__all_tenant_time_zone_transition_type (Time_zone_id, Transition_type_id, Offset, Is_DST, Abbreviation) VALUES
 (61, 0, -15408, 0, 'CMT')
,(61, 1, -14400, 0, 'ART')
,(61, 2, -10800, 1, 'ARST')
,(61, 3, -7200, 1, 'ARST')
,(61, 4, -10800, 0, 'ART')
,(61, 5, -14400, 0, 'WART')
;
INSERT INTO oceanbase.__all_tenant_time_zone (Time_zone_id, Use_leap_seconds) VALUES (62, 'N');
INSERT INTO  oceanbase.__all_tenant_time_zone_name (Name, Time_zone_id) VALUES ('America/Argentina/ComodRivadavia', 62);
INSERT INTO  oceanbase.__all_tenant_time_zone_transition (Time_zone_id, Transition_time, Transition_type_id) VALUES
 (62, -1567453392, 1)
,(62, -1233432000, 2)
,(62, -1222981200, 1)
,(62, -1205956800, 2)
,(62, -1194037200, 1)
,(62, -1172865600, 2)
,(62, -1162501200, 1)
,(62, -1141329600, 2)
,(62, -1130965200, 1)
,(62, -1109793600, 2)
,(62, -1099429200, 1)
,(62, -1078257600, 2)
,(62, -1067806800, 1)
,(62, -1046635200, 2)
,(62, -1036270800, 1)
,(62, -1015099200, 2)
,(62, -1004734800, 1)
,(62, -983563200, 2)
,(62, -973198800, 1)
,(62, -952027200, 2)
,(62, -941576400, 1)
,(62, -931032000, 2)
,(62, -900882000, 1)
,(62, -890337600, 2)
,(62, -833749200, 1)
,(62, -827265600, 2)
,(62, -752274000, 1)
,(62, -733780800, 2)
,(62, -197326800, 1)
,(62, -190843200, 2)
,(62, -184194000, 1)
,(62, -164491200, 2)
,(62, -152658000, 1)
,(62, -132955200, 2)
,(62, -121122000, 1)
,(62, -101419200, 2)
,(62, -86821200, 1)
,(62, -71092800, 2)
,(62, -54766800, 1)
,(62, -39038400, 2)
,(62, -23317200, 1)
,(62, -7588800, 4)
,(62, 128142000, 3)
,(62, 136605600, 4)
,(62, 596948400, 3)
,(62, 605066400, 4)
,(62, 624423600, 3)
,(62, 636516000, 4)
,(62, 656478000, 3)
,(62, 667965600, 5)
,(62, 687931200, 3)
,(62, 699415200, 4)
,(62, 719377200, 3)
,(62, 731469600, 4)
,(62, 938919600, 2)
,(62, 952052400, 4)
,(62, 1086058800, 5)
,(62, 1087704000, 4)
,(62, 1198983600, 3)
,(62, 1205632800, 4)
;
INSERT INTO  oceanbase.__all_tenant_time_zone_transition_type (Time_zone_id, Transition_type_id, Offset, Is_DST, Abbreviation) VALUES
 (62, 0, -15408, 0, 'CMT')
,(62, 1, -14400, 0, 'ART')
,(62, 2, -10800, 1, 'ARST')
,(62, 3, -7200, 1, 'ARST')
,(62, 4, -10800, 0, 'ART')
,(62, 5, -14400, 0, 'WART')
;
INSERT INTO oceanbase.__all_tenant_time_zone (Time_zone_id, Use_leap_seconds) VALUES (63, 'N');
INSERT INTO  oceanbase.__all_tenant_time_zone_name (Name, Time_zone_id) VALUES ('America/Argentina/Cordoba', 63);
INSERT INTO  oceanbase.__all_tenant_time_zone_transition (Time_zone_id, Transition_time, Transition_type_id) VALUES
 (63, -1567453392, 1)
,(63, -1233432000, 2)
,(63, -1222981200, 1)
,(63, -1205956800, 2)
,(63, -1194037200, 1)
,(63, -1172865600, 2)
,(63, -1162501200, 1)
,(63, -1141329600, 2)
,(63, -1130965200, 1)
,(63, -1109793600, 2)
,(63, -1099429200, 1)
,(63, -1078257600, 2)
,(63, -1067806800, 1)
,(63, -1046635200, 2)
,(63, -1036270800, 1)
,(63, -1015099200, 2)
,(63, -1004734800, 1)
,(63, -983563200, 2)
,(63, -973198800, 1)
,(63, -952027200, 2)
,(63, -941576400, 1)
,(63, -931032000, 2)
,(63, -900882000, 1)
,(63, -890337600, 2)
,(63, -833749200, 1)
,(63, -827265600, 2)
,(63, -752274000, 1)
,(63, -733780800, 2)
,(63, -197326800, 1)
,(63, -190843200, 2)
,(63, -184194000, 1)
,(63, -164491200, 2)
,(63, -152658000, 1)
,(63, -132955200, 2)
,(63, -121122000, 1)
,(63, -101419200, 2)
,(63, -86821200, 1)
,(63, -71092800, 2)
,(63, -54766800, 1)
,(63, -39038400, 2)
,(63, -23317200, 1)
,(63, -7588800, 4)
,(63, 128142000, 3)
,(63, 136605600, 4)
,(63, 596948400, 3)
,(63, 605066400, 4)
,(63, 624423600, 3)
,(63, 636516000, 4)
,(63, 656478000, 3)
,(63, 667965600, 5)
,(63, 687931200, 3)
,(63, 699415200, 4)
,(63, 719377200, 3)
,(63, 731469600, 4)
,(63, 938919600, 2)
,(63, 952052400, 4)
,(63, 1198983600, 3)
,(63, 1205632800, 4)
,(63, 1224385200, 3)
,(63, 1237082400, 4)
;
INSERT INTO  oceanbase.__all_tenant_time_zone_transition_type (Time_zone_id, Transition_type_id, Offset, Is_DST, Abbreviation) VALUES
 (63, 0, -15408, 0, 'CMT')
,(63, 1, -14400, 0, 'ART')
,(63, 2, -10800, 1, 'ARST')
,(63, 3, -7200, 1, 'ARST')
,(63, 4, -10800, 0, 'ART')
,(63, 5, -14400, 0, 'WART')
;
INSERT INTO oceanbase.__all_tenant_time_zone (Time_zone_id, Use_leap_seconds) VALUES (64, 'N');
INSERT INTO  oceanbase.__all_tenant_time_zone_name (Name, Time_zone_id) VALUES ('America/Argentina/Jujuy', 64);
INSERT INTO  oceanbase.__all_tenant_time_zone_transition (Time_zone_id, Transition_time, Transition_type_id) VALUES
 (64, -1567453392, 1)
,(64, -1233432000, 2)
,(64, -1222981200, 1)
,(64, -1205956800, 2)
,(64, -1194037200, 1)
,(64, -1172865600, 2)
,(64, -1162501200, 1)
,(64, -1141329600, 2)
,(64, -1130965200, 1)
,(64, -1109793600, 2)
,(64, -1099429200, 1)
,(64, -1078257600, 2)
,(64, -1067806800, 1)
,(64, -1046635200, 2)
,(64, -1036270800, 1)
,(64, -1015099200, 2)
,(64, -1004734800, 1)
,(64, -983563200, 2)
,(64, -973198800, 1)
,(64, -952027200, 2)
,(64, -941576400, 1)
,(64, -931032000, 2)
,(64, -900882000, 1)
,(64, -890337600, 2)
,(64, -833749200, 1)
,(64, -827265600, 2)
,(64, -752274000, 1)
,(64, -733780800, 2)
,(64, -197326800, 1)
,(64, -190843200, 2)
,(64, -184194000, 1)
,(64, -164491200, 2)
,(64, -152658000, 1)
,(64, -132955200, 2)
,(64, -121122000, 1)
,(64, -101419200, 2)
,(64, -86821200, 1)
,(64, -71092800, 2)
,(64, -54766800, 1)
,(64, -39038400, 2)
,(64, -23317200, 1)
,(64, -7588800, 4)
,(64, 128142000, 3)
,(64, 136605600, 4)
,(64, 596948400, 3)
,(64, 605066400, 4)
,(64, 624423600, 3)
,(64, 636516000, 5)
,(64, 657086400, 6)
,(64, 669178800, 5)
,(64, 686721600, 3)
,(64, 699415200, 4)
,(64, 719377200, 3)
,(64, 731469600, 4)
,(64, 938919600, 2)
,(64, 952052400, 4)
,(64, 1198983600, 3)
,(64, 1205632800, 4)
;
INSERT INTO  oceanbase.__all_tenant_time_zone_transition_type (Time_zone_id, Transition_type_id, Offset, Is_DST, Abbreviation) VALUES
 (64, 0, -15408, 0, 'CMT')
,(64, 1, -14400, 0, 'ART')
,(64, 2, -10800, 1, 'ARST')
,(64, 3, -7200, 1, 'ARST')
,(64, 4, -10800, 0, 'ART')
,(64, 5, -14400, 0, 'WART')
,(64, 6, -10800, 1, 'WARST')
;
INSERT INTO oceanbase.__all_tenant_time_zone (Time_zone_id, Use_leap_seconds) VALUES (65, 'N');
INSERT INTO  oceanbase.__all_tenant_time_zone_name (Name, Time_zone_id) VALUES ('America/Argentina/La_Rioja', 65);
INSERT INTO  oceanbase.__all_tenant_time_zone_transition (Time_zone_id, Transition_time, Transition_type_id) VALUES
 (65, -1567453392, 1)
,(65, -1233432000, 2)
,(65, -1222981200, 1)
,(65, -1205956800, 2)
,(65, -1194037200, 1)
,(65, -1172865600, 2)
,(65, -1162501200, 1)
,(65, -1141329600, 2)
,(65, -1130965200, 1)
,(65, -1109793600, 2)
,(65, -1099429200, 1)
,(65, -1078257600, 2)
,(65, -1067806800, 1)
,(65, -1046635200, 2)
,(65, -1036270800, 1)
,(65, -1015099200, 2)
,(65, -1004734800, 1)
,(65, -983563200, 2)
,(65, -973198800, 1)
,(65, -952027200, 2)
,(65, -941576400, 1)
,(65, -931032000, 2)
,(65, -900882000, 1)
,(65, -890337600, 2)
,(65, -833749200, 1)
,(65, -827265600, 2)
,(65, -752274000, 1)
,(65, -733780800, 2)
,(65, -197326800, 1)
,(65, -190843200, 2)
,(65, -184194000, 1)
,(65, -164491200, 2)
,(65, -152658000, 1)
,(65, -132955200, 2)
,(65, -121122000, 1)
,(65, -101419200, 2)
,(65, -86821200, 1)
,(65, -71092800, 2)
,(65, -54766800, 1)
,(65, -39038400, 2)
,(65, -23317200, 1)
,(65, -7588800, 4)
,(65, 128142000, 3)
,(65, 136605600, 4)
,(65, 596948400, 3)
,(65, 605066400, 4)
,(65, 624423600, 3)
,(65, 636516000, 4)
,(65, 656478000, 3)
,(65, 667792800, 5)
,(65, 673588800, 4)
,(65, 687927600, 3)
,(65, 699415200, 4)
,(65, 719377200, 3)
,(65, 731469600, 4)
,(65, 938919600, 2)
,(65, 952052400, 4)
,(65, 1086058800, 5)
,(65, 1087704000, 4)
,(65, 1198983600, 3)
,(65, 1205632800, 4)
;
INSERT INTO  oceanbase.__all_tenant_time_zone_transition_type (Time_zone_id, Transition_type_id, Offset, Is_DST, Abbreviation) VALUES
 (65, 0, -15408, 0, 'CMT')
,(65, 1, -14400, 0, 'ART')
,(65, 2, -10800, 1, 'ARST')
,(65, 3, -7200, 1, 'ARST')
,(65, 4, -10800, 0, 'ART')
,(65, 5, -14400, 0, 'WART')
;
INSERT INTO oceanbase.__all_tenant_time_zone (Time_zone_id, Use_leap_seconds) VALUES (66, 'N');
INSERT INTO  oceanbase.__all_tenant_time_zone_name (Name, Time_zone_id) VALUES ('America/Argentina/Mendoza', 66);
INSERT INTO  oceanbase.__all_tenant_time_zone_transition (Time_zone_id, Transition_time, Transition_type_id) VALUES
 (66, -1567453392, 1)
,(66, -1233432000, 2)
,(66, -1222981200, 1)
,(66, -1205956800, 2)
,(66, -1194037200, 1)
,(66, -1172865600, 2)
,(66, -1162501200, 1)
,(66, -1141329600, 2)
,(66, -1130965200, 1)
,(66, -1109793600, 2)
,(66, -1099429200, 1)
,(66, -1078257600, 2)
,(66, -1067806800, 1)
,(66, -1046635200, 2)
,(66, -1036270800, 1)
,(66, -1015099200, 2)
,(66, -1004734800, 1)
,(66, -983563200, 2)
,(66, -973198800, 1)
,(66, -952027200, 2)
,(66, -941576400, 1)
,(66, -931032000, 2)
,(66, -900882000, 1)
,(66, -890337600, 2)
,(66, -833749200, 1)
,(66, -827265600, 2)
,(66, -752274000, 1)
,(66, -733780800, 2)
,(66, -197326800, 1)
,(66, -190843200, 2)
,(66, -184194000, 1)
,(66, -164491200, 2)
,(66, -152658000, 1)
,(66, -132955200, 2)
,(66, -121122000, 1)
,(66, -101419200, 2)
,(66, -86821200, 1)
,(66, -71092800, 2)
,(66, -54766800, 1)
,(66, -39038400, 2)
,(66, -23317200, 1)
,(66, -7588800, 4)
,(66, 128142000, 3)
,(66, 136605600, 4)
,(66, 596948400, 3)
,(66, 605066400, 4)
,(66, 624423600, 3)
,(66, 636516000, 5)
,(66, 655963200, 6)
,(66, 667796400, 5)
,(66, 687499200, 6)
,(66, 699418800, 5)
,(66, 719380800, 3)
,(66, 731469600, 4)
,(66, 938919600, 2)
,(66, 952052400, 4)
,(66, 1085281200, 5)
,(66, 1096171200, 4)
,(66, 1198983600, 3)
,(66, 1205632800, 4)
;
INSERT INTO  oceanbase.__all_tenant_time_zone_transition_type (Time_zone_id, Transition_type_id, Offset, Is_DST, Abbreviation) VALUES
 (66, 0, -15408, 0, 'CMT')
,(66, 1, -14400, 0, 'ART')
,(66, 2, -10800, 1, 'ARST')
,(66, 3, -7200, 1, 'ARST')
,(66, 4, -10800, 0, 'ART')
,(66, 5, -14400, 0, 'WART')
,(66, 6, -10800, 1, 'WARST')
;
INSERT INTO oceanbase.__all_tenant_time_zone (Time_zone_id, Use_leap_seconds) VALUES (67, 'N');
INSERT INTO  oceanbase.__all_tenant_time_zone_name (Name, Time_zone_id) VALUES ('America/Argentina/Rio_Gallegos', 67);
INSERT INTO  oceanbase.__all_tenant_time_zone_transition (Time_zone_id, Transition_time, Transition_type_id) VALUES
 (67, -1567453392, 1)
,(67, -1233432000, 2)
,(67, -1222981200, 1)
,(67, -1205956800, 2)
,(67, -1194037200, 1)
,(67, -1172865600, 2)
,(67, -1162501200, 1)
,(67, -1141329600, 2)
,(67, -1130965200, 1)
,(67, -1109793600, 2)
,(67, -1099429200, 1)
,(67, -1078257600, 2)
,(67, -1067806800, 1)
,(67, -1046635200, 2)
,(67, -1036270800, 1)
,(67, -1015099200, 2)
,(67, -1004734800, 1)
,(67, -983563200, 2)
,(67, -973198800, 1)
,(67, -952027200, 2)
,(67, -941576400, 1)
,(67, -931032000, 2)
,(67, -900882000, 1)
,(67, -890337600, 2)
,(67, -833749200, 1)
,(67, -827265600, 2)
,(67, -752274000, 1)
,(67, -733780800, 2)
,(67, -197326800, 1)
,(67, -190843200, 2)
,(67, -184194000, 1)
,(67, -164491200, 2)
,(67, -152658000, 1)
,(67, -132955200, 2)
,(67, -121122000, 1)
,(67, -101419200, 2)
,(67, -86821200, 1)
,(67, -71092800, 2)
,(67, -54766800, 1)
,(67, -39038400, 2)
,(67, -23317200, 1)
,(67, -7588800, 4)
,(67, 128142000, 3)
,(67, 136605600, 4)
,(67, 596948400, 3)
,(67, 605066400, 4)
,(67, 624423600, 3)
,(67, 636516000, 4)
,(67, 656478000, 3)
,(67, 667965600, 4)
,(67, 687927600, 3)
,(67, 699415200, 4)
,(67, 719377200, 3)
,(67, 731469600, 4)
,(67, 938919600, 2)
,(67, 952052400, 4)
,(67, 1086058800, 5)
,(67, 1087704000, 4)
,(67, 1198983600, 3)
,(67, 1205632800, 4)
;
INSERT INTO  oceanbase.__all_tenant_time_zone_transition_type (Time_zone_id, Transition_type_id, Offset, Is_DST, Abbreviation) VALUES
 (67, 0, -15408, 0, 'CMT')
,(67, 1, -14400, 0, 'ART')
,(67, 2, -10800, 1, 'ARST')
,(67, 3, -7200, 1, 'ARST')
,(67, 4, -10800, 0, 'ART')
,(67, 5, -14400, 0, 'WART')
;
INSERT INTO oceanbase.__all_tenant_time_zone (Time_zone_id, Use_leap_seconds) VALUES (68, 'N');
INSERT INTO  oceanbase.__all_tenant_time_zone_name (Name, Time_zone_id) VALUES ('America/Argentina/Salta', 68);
INSERT INTO  oceanbase.__all_tenant_time_zone_transition (Time_zone_id, Transition_time, Transition_type_id) VALUES
 (68, -1567453392, 1)
,(68, -1233432000, 2)
,(68, -1222981200, 1)
,(68, -1205956800, 2)
,(68, -1194037200, 1)
,(68, -1172865600, 2)
,(68, -1162501200, 1)
,(68, -1141329600, 2)
,(68, -1130965200, 1)
,(68, -1109793600, 2)
,(68, -1099429200, 1)
,(68, -1078257600, 2)
,(68, -1067806800, 1)
,(68, -1046635200, 2)
,(68, -1036270800, 1)
,(68, -1015099200, 2)
,(68, -1004734800, 1)
,(68, -983563200, 2)
,(68, -973198800, 1)
,(68, -952027200, 2)
,(68, -941576400, 1)
,(68, -931032000, 2)
,(68, -900882000, 1)
,(68, -890337600, 2)
,(68, -833749200, 1)
,(68, -827265600, 2)
,(68, -752274000, 1)
,(68, -733780800, 2)
,(68, -197326800, 1)
,(68, -190843200, 2)
,(68, -184194000, 1)
,(68, -164491200, 2)
,(68, -152658000, 1)
,(68, -132955200, 2)
,(68, -121122000, 1)
,(68, -101419200, 2)
,(68, -86821200, 1)
,(68, -71092800, 2)
,(68, -54766800, 1)
,(68, -39038400, 2)
,(68, -23317200, 1)
,(68, -7588800, 4)
,(68, 128142000, 3)
,(68, 136605600, 4)
,(68, 596948400, 3)
,(68, 605066400, 4)
,(68, 624423600, 3)
,(68, 636516000, 4)
,(68, 656478000, 3)
,(68, 667965600, 5)
,(68, 687931200, 3)
,(68, 699415200, 4)
,(68, 719377200, 3)
,(68, 731469600, 4)
,(68, 938919600, 2)
,(68, 952052400, 4)
,(68, 1198983600, 3)
,(68, 1205632800, 4)
;
INSERT INTO  oceanbase.__all_tenant_time_zone_transition_type (Time_zone_id, Transition_type_id, Offset, Is_DST, Abbreviation) VALUES
 (68, 0, -15408, 0, 'CMT')
,(68, 1, -14400, 0, 'ART')
,(68, 2, -10800, 1, 'ARST')
,(68, 3, -7200, 1, 'ARST')
,(68, 4, -10800, 0, 'ART')
,(68, 5, -14400, 0, 'WART')
;
INSERT INTO oceanbase.__all_tenant_time_zone (Time_zone_id, Use_leap_seconds) VALUES (69, 'N');
INSERT INTO  oceanbase.__all_tenant_time_zone_name (Name, Time_zone_id) VALUES ('America/Argentina/San_Juan', 69);
INSERT INTO  oceanbase.__all_tenant_time_zone_transition (Time_zone_id, Transition_time, Transition_type_id) VALUES
 (69, -1567453392, 1)
,(69, -1233432000, 2)
,(69, -1222981200, 1)
,(69, -1205956800, 2)
,(69, -1194037200, 1)
,(69, -1172865600, 2)
,(69, -1162501200, 1)
,(69, -1141329600, 2)
,(69, -1130965200, 1)
,(69, -1109793600, 2)
,(69, -1099429200, 1)
,(69, -1078257600, 2)
,(69, -1067806800, 1)
,(69, -1046635200, 2)
,(69, -1036270800, 1)
,(69, -1015099200, 2)
,(69, -1004734800, 1)
,(69, -983563200, 2)
,(69, -973198800, 1)
,(69, -952027200, 2)
,(69, -941576400, 1)
,(69, -931032000, 2)
,(69, -900882000, 1)
,(69, -890337600, 2)
,(69, -833749200, 1)
,(69, -827265600, 2)
,(69, -752274000, 1)
,(69, -733780800, 2)
,(69, -197326800, 1)
,(69, -190843200, 2)
,(69, -184194000, 1)
,(69, -164491200, 2)
,(69, -152658000, 1)
,(69, -132955200, 2)
,(69, -121122000, 1)
,(69, -101419200, 2)
,(69, -86821200, 1)
,(69, -71092800, 2)
,(69, -54766800, 1)
,(69, -39038400, 2)
,(69, -23317200, 1)
,(69, -7588800, 4)
,(69, 128142000, 3)
,(69, 136605600, 4)
,(69, 596948400, 3)
,(69, 605066400, 4)
,(69, 624423600, 3)
,(69, 636516000, 4)
,(69, 656478000, 3)
,(69, 667792800, 5)
,(69, 673588800, 4)
,(69, 687927600, 3)
,(69, 699415200, 4)
,(69, 719377200, 3)
,(69, 731469600, 4)
,(69, 938919600, 2)
,(69, 952052400, 4)
,(69, 1085972400, 5)
,(69, 1090728000, 4)
,(69, 1198983600, 3)
,(69, 1205632800, 4)
;
INSERT INTO  oceanbase.__all_tenant_time_zone_transition_type (Time_zone_id, Transition_type_id, Offset, Is_DST, Abbreviation) VALUES
 (69, 0, -15408, 0, 'CMT')
,(69, 1, -14400, 0, 'ART')
,(69, 2, -10800, 1, 'ARST')
,(69, 3, -7200, 1, 'ARST')
,(69, 4, -10800, 0, 'ART')
,(69, 5, -14400, 0, 'WART')
;
INSERT INTO oceanbase.__all_tenant_time_zone (Time_zone_id, Use_leap_seconds) VALUES (70, 'N');
INSERT INTO  oceanbase.__all_tenant_time_zone_name (Name, Time_zone_id) VALUES ('America/Argentina/San_Luis', 70);
INSERT INTO  oceanbase.__all_tenant_time_zone_transition (Time_zone_id, Transition_time, Transition_type_id) VALUES
 (70, -1567453392, 1)
,(70, -1233432000, 2)
,(70, -1222981200, 1)
,(70, -1205956800, 2)
,(70, -1194037200, 1)
,(70, -1172865600, 2)
,(70, -1162501200, 1)
,(70, -1141329600, 2)
,(70, -1130965200, 1)
,(70, -1109793600, 2)
,(70, -1099429200, 1)
,(70, -1078257600, 2)
,(70, -1067806800, 1)
,(70, -1046635200, 2)
,(70, -1036270800, 1)
,(70, -1015099200, 2)
,(70, -1004734800, 1)
,(70, -983563200, 2)
,(70, -973198800, 1)
,(70, -952027200, 2)
,(70, -941576400, 1)
,(70, -931032000, 2)
,(70, -900882000, 1)
,(70, -890337600, 2)
,(70, -833749200, 1)
,(70, -827265600, 2)
,(70, -752274000, 1)
,(70, -733780800, 2)
,(70, -197326800, 1)
,(70, -190843200, 2)
,(70, -184194000, 1)
,(70, -164491200, 2)
,(70, -152658000, 1)
,(70, -132955200, 2)
,(70, -121122000, 1)
,(70, -101419200, 2)
,(70, -86821200, 1)
,(70, -71092800, 2)
,(70, -54766800, 1)
,(70, -39038400, 2)
,(70, -23317200, 1)
,(70, -7588800, 4)
,(70, 128142000, 3)
,(70, 136605600, 4)
,(70, 596948400, 3)
,(70, 605066400, 4)
,(70, 624423600, 3)
,(70, 637380000, 5)
,(70, 655963200, 6)
,(70, 667796400, 5)
,(70, 675748800, 4)
,(70, 938919600, 6)
,(70, 952052400, 4)
,(70, 1085972400, 5)
,(70, 1090728000, 4)
,(70, 1198983600, 3)
,(70, 1200880800, 6)
,(70, 1205031600, 5)
,(70, 1223784000, 6)
,(70, 1236481200, 5)
,(70, 1255233600, 6)
;
INSERT INTO  oceanbase.__all_tenant_time_zone_transition_type (Time_zone_id, Transition_type_id, Offset, Is_DST, Abbreviation) VALUES
 (70, 0, -15408, 0, 'CMT')
,(70, 1, -14400, 0, 'ART')
,(70, 2, -10800, 1, 'ARST')
,(70, 3, -7200, 1, 'ARST')
,(70, 4, -10800, 0, 'ART')
,(70, 5, -14400, 0, 'WART')
,(70, 6, -10800, 1, 'WARST')
;
INSERT INTO oceanbase.__all_tenant_time_zone (Time_zone_id, Use_leap_seconds) VALUES (71, 'N');
INSERT INTO  oceanbase.__all_tenant_time_zone_name (Name, Time_zone_id) VALUES ('America/Argentina/Tucuman', 71);
INSERT INTO  oceanbase.__all_tenant_time_zone_transition (Time_zone_id, Transition_time, Transition_type_id) VALUES
 (71, -1567453392, 1)
,(71, -1233432000, 2)
,(71, -1222981200, 1)
,(71, -1205956800, 2)
,(71, -1194037200, 1)
,(71, -1172865600, 2)
,(71, -1162501200, 1)
,(71, -1141329600, 2)
,(71, -1130965200, 1)
,(71, -1109793600, 2)
,(71, -1099429200, 1)
,(71, -1078257600, 2)
,(71, -1067806800, 1)
,(71, -1046635200, 2)
,(71, -1036270800, 1)
,(71, -1015099200, 2)
,(71, -1004734800, 1)
,(71, -983563200, 2)
,(71, -973198800, 1)
,(71, -952027200, 2)
,(71, -941576400, 1)
,(71, -931032000, 2)
,(71, -900882000, 1)
,(71, -890337600, 2)
,(71, -833749200, 1)
,(71, -827265600, 2)
,(71, -752274000, 1)
,(71, -733780800, 2)
,(71, -197326800, 1)
,(71, -190843200, 2)
,(71, -184194000, 1)
,(71, -164491200, 2)
,(71, -152658000, 1)
,(71, -132955200, 2)
,(71, -121122000, 1)
,(71, -101419200, 2)
,(71, -86821200, 1)
,(71, -71092800, 2)
,(71, -54766800, 1)
,(71, -39038400, 2)
,(71, -23317200, 1)
,(71, -7588800, 4)
,(71, 128142000, 3)
,(71, 136605600, 4)
,(71, 596948400, 3)
,(71, 605066400, 4)
,(71, 624423600, 3)
,(71, 636516000, 4)
,(71, 656478000, 3)
,(71, 667965600, 5)
,(71, 687931200, 3)
,(71, 699415200, 4)
,(71, 719377200, 3)
,(71, 731469600, 4)
,(71, 938919600, 2)
,(71, 952052400, 4)
,(71, 1086058800, 5)
,(71, 1087099200, 4)
,(71, 1198983600, 3)
,(71, 1205632800, 4)
,(71, 1224385200, 3)
,(71, 1237082400, 4)
;
INSERT INTO  oceanbase.__all_tenant_time_zone_transition_type (Time_zone_id, Transition_type_id, Offset, Is_DST, Abbreviation) VALUES
 (71, 0, -15408, 0, 'CMT')
,(71, 1, -14400, 0, 'ART')
,(71, 2, -10800, 1, 'ARST')
,(71, 3, -7200, 1, 'ARST')
,(71, 4, -10800, 0, 'ART')
,(71, 5, -14400, 0, 'WART')
;
INSERT INTO oceanbase.__all_tenant_time_zone (Time_zone_id, Use_leap_seconds) VALUES (72, 'N');
INSERT INTO  oceanbase.__all_tenant_time_zone_name (Name, Time_zone_id) VALUES ('America/Argentina/Ushuaia', 72);
INSERT INTO  oceanbase.__all_tenant_time_zone_transition (Time_zone_id, Transition_time, Transition_type_id) VALUES
 (72, -1567453392, 1)
,(72, -1233432000, 2)
,(72, -1222981200, 1)
,(72, -1205956800, 2)
,(72, -1194037200, 1)
,(72, -1172865600, 2)
,(72, -1162501200, 1)
,(72, -1141329600, 2)
,(72, -1130965200, 1)
,(72, -1109793600, 2)
,(72, -1099429200, 1)
,(72, -1078257600, 2)
,(72, -1067806800, 1)
,(72, -1046635200, 2)
,(72, -1036270800, 1)
,(72, -1015099200, 2)
,(72, -1004734800, 1)
,(72, -983563200, 2)
,(72, -973198800, 1)
,(72, -952027200, 2)
,(72, -941576400, 1)
,(72, -931032000, 2)
,(72, -900882000, 1)
,(72, -890337600, 2)
,(72, -833749200, 1)
,(72, -827265600, 2)
,(72, -752274000, 1)
,(72, -733780800, 2)
,(72, -197326800, 1)
,(72, -190843200, 2)
,(72, -184194000, 1)
,(72, -164491200, 2)
,(72, -152658000, 1)
,(72, -132955200, 2)
,(72, -121122000, 1)
,(72, -101419200, 2)
,(72, -86821200, 1)
,(72, -71092800, 2)
,(72, -54766800, 1)
,(72, -39038400, 2)
,(72, -23317200, 1)
,(72, -7588800, 4)
,(72, 128142000, 3)
,(72, 136605600, 4)
,(72, 596948400, 3)
,(72, 605066400, 4)
,(72, 624423600, 3)
,(72, 636516000, 4)
,(72, 656478000, 3)
,(72, 667965600, 4)
,(72, 687927600, 3)
,(72, 699415200, 4)
,(72, 719377200, 3)
,(72, 731469600, 4)
,(72, 938919600, 2)
,(72, 952052400, 4)
,(72, 1085886000, 5)
,(72, 1087704000, 4)
,(72, 1198983600, 3)
,(72, 1205632800, 4)
;
INSERT INTO  oceanbase.__all_tenant_time_zone_transition_type (Time_zone_id, Transition_type_id, Offset, Is_DST, Abbreviation) VALUES
 (72, 0, -15408, 0, 'CMT')
,(72, 1, -14400, 0, 'ART')
,(72, 2, -10800, 1, 'ARST')
,(72, 3, -7200, 1, 'ARST')
,(72, 4, -10800, 0, 'ART')
,(72, 5, -14400, 0, 'WART')
;
INSERT INTO oceanbase.__all_tenant_time_zone (Time_zone_id, Use_leap_seconds) VALUES (73, 'N');
INSERT INTO  oceanbase.__all_tenant_time_zone_name (Name, Time_zone_id) VALUES ('America/Aruba', 73);
INSERT INTO  oceanbase.__all_tenant_time_zone_transition (Time_zone_id, Transition_time, Transition_type_id) VALUES
 (73, -1826738376, 1)
,(73, -157750200, 2)
;
INSERT INTO  oceanbase.__all_tenant_time_zone_transition_type (Time_zone_id, Transition_type_id, Offset, Is_DST, Abbreviation) VALUES
 (73, 0, -16824, 0, 'LMT')
,(73, 1, -16200, 0, 'ANT')
,(73, 2, -14400, 0, 'AST')
;
INSERT INTO oceanbase.__all_tenant_time_zone (Time_zone_id, Use_leap_seconds) VALUES (74, 'N');
INSERT INTO  oceanbase.__all_tenant_time_zone_name (Name, Time_zone_id) VALUES ('America/Asuncion', 74);
INSERT INTO  oceanbase.__all_tenant_time_zone_transition (Time_zone_id, Transition_time, Transition_type_id) VALUES
 (74, -1206389360, 1)
,(74, 86760000, 2)
,(74, 134017200, 1)
,(74, 181368000, 3)
,(74, 194497200, 1)
,(74, 212990400, 3)
,(74, 226033200, 1)
,(74, 244526400, 3)
,(74, 257569200, 1)
,(74, 276062400, 3)
,(74, 291783600, 1)
,(74, 307598400, 3)
,(74, 323406000, 1)
,(74, 339220800, 3)
,(74, 354942000, 1)
,(74, 370756800, 3)
,(74, 386478000, 1)
,(74, 402292800, 3)
,(74, 418014000, 1)
,(74, 433828800, 3)
,(74, 449636400, 1)
,(74, 465451200, 3)
,(74, 481172400, 1)
,(74, 496987200, 3)
,(74, 512708400, 1)
,(74, 528523200, 3)
,(74, 544244400, 1)
,(74, 560059200, 3)
,(74, 575866800, 1)
,(74, 591681600, 3)
,(74, 607402800, 1)
,(74, 625032000, 3)
,(74, 638938800, 1)
,(74, 654753600, 3)
,(74, 670474800, 1)
,(74, 686721600, 3)
,(74, 699418800, 1)
,(74, 718257600, 3)
,(74, 733546800, 1)
,(74, 749448000, 3)
,(74, 762318000, 1)
,(74, 780984000, 3)
,(74, 793767600, 1)
,(74, 812520000, 3)
,(74, 825649200, 1)
,(74, 844574400, 3)
,(74, 856666800, 1)
,(74, 876024000, 3)
,(74, 888721200, 1)
,(74, 907473600, 3)
,(74, 920775600, 1)
,(74, 938923200, 3)
,(74, 952225200, 1)
,(74, 970372800, 3)
,(74, 983674800, 1)
,(74, 1002427200, 3)
,(74, 1018148400, 1)
,(74, 1030852800, 3)
,(74, 1049598000, 1)
,(74, 1062907200, 3)
,(74, 1081047600, 1)
,(74, 1097985600, 3)
,(74, 1110682800, 1)
,(74, 1129435200, 3)
,(74, 1142132400, 1)
,(74, 1160884800, 3)
,(74, 1173582000, 1)
,(74, 1192939200, 3)
,(74, 1205031600, 1)
,(74, 1224388800, 3)
,(74, 1236481200, 1)
,(74, 1255838400, 3)
,(74, 1270954800, 1)
,(74, 1286078400, 3)
,(74, 1302404400, 1)
,(74, 1317528000, 3)
,(74, 1333854000, 1)
,(74, 1349582400, 3)
,(74, 1365908400, 1)
,(74, 1381032000, 3)
,(74, 1397358000, 1)
,(74, 1412481600, 3)
,(74, 1428807600, 1)
,(74, 1443931200, 3)
,(74, 1460257200, 1)
,(74, 1475380800, 3)
,(74, 1491706800, 1)
,(74, 1506830400, 3)
,(74, 1523156400, 1)
,(74, 1538884800, 3)
,(74, 1555210800, 1)
,(74, 1570334400, 3)
,(74, 1586660400, 1)
,(74, 1601784000, 3)
,(74, 1618110000, 1)
,(74, 1633233600, 3)
,(74, 1649559600, 1)
,(74, 1664683200, 3)
,(74, 1681009200, 1)
,(74, 1696132800, 3)
,(74, 1713063600, 1)
,(74, 1728187200, 3)
,(74, 1744513200, 1)
,(74, 1759636800, 3)
,(74, 1775962800, 1)
,(74, 1791086400, 3)
,(74, 1807412400, 1)
,(74, 1822536000, 3)
,(74, 1838862000, 1)
,(74, 1853985600, 3)
,(74, 1870311600, 1)
,(74, 1886040000, 3)
,(74, 1902366000, 1)
,(74, 1917489600, 3)
,(74, 1933815600, 1)
,(74, 1948939200, 3)
,(74, 1965265200, 1)
,(74, 1980388800, 3)
,(74, 1996714800, 1)
,(74, 2011838400, 3)
,(74, 2028164400, 1)
,(74, 2043288000, 3)
,(74, 2059614000, 1)
,(74, 2075342400, 3)
,(74, 2091668400, 1)
,(74, 2106792000, 3)
,(74, 2123118000, 1)
,(74, 2138241600, 3)
;
INSERT INTO  oceanbase.__all_tenant_time_zone_transition_type (Time_zone_id, Transition_type_id, Offset, Is_DST, Abbreviation) VALUES
 (74, 0, -13840, 0, 'AMT')
,(74, 1, -14400, 0, 'PYT')
,(74, 2, -10800, 0, 'PYT')
,(74, 3, -10800, 1, 'PYST')
;
INSERT INTO oceanbase.__all_tenant_time_zone (Time_zone_id, Use_leap_seconds) VALUES (75, 'N');
INSERT INTO  oceanbase.__all_tenant_time_zone_name (Name, Time_zone_id) VALUES ('America/Atikokan', 75);
INSERT INTO  oceanbase.__all_tenant_time_zone_transition (Time_zone_id, Transition_time, Transition_type_id) VALUES
 (75, -1632067200, 0)
,(75, -1614790800, 1)
,(75, -923248800, 0)
,(75, -880214400, 2)
,(75, -769395600, 3)
,(75, -765392400, 4)
;
INSERT INTO  oceanbase.__all_tenant_time_zone_transition_type (Time_zone_id, Transition_type_id, Offset, Is_DST, Abbreviation) VALUES
 (75, 0, -18000, 1, 'CDT')
,(75, 1, -21600, 0, 'CST')
,(75, 2, -18000, 1, 'CWT')
,(75, 3, -18000, 1, 'CPT')
,(75, 4, -18000, 0, 'EST')
;
INSERT INTO oceanbase.__all_tenant_time_zone (Time_zone_id, Use_leap_seconds) VALUES (76, 'N');
INSERT INTO  oceanbase.__all_tenant_time_zone_name (Name, Time_zone_id) VALUES ('America/Atka', 76);
INSERT INTO  oceanbase.__all_tenant_time_zone_transition (Time_zone_id, Transition_time, Transition_type_id) VALUES
 (76, -880196400, 1)
,(76, -769395600, 2)
,(76, -765374400, 0)
,(76, -86878800, 3)
,(76, -21466800, 4)
,(76, -5745600, 3)
,(76, 9982800, 4)
,(76, 25704000, 3)
,(76, 41432400, 4)
,(76, 57758400, 3)
,(76, 73486800, 4)
,(76, 89208000, 3)
,(76, 104936400, 4)
,(76, 120657600, 3)
,(76, 126709200, 4)
,(76, 152107200, 3)
,(76, 162392400, 4)
,(76, 183556800, 3)
,(76, 199285200, 4)
,(76, 215611200, 3)
,(76, 230734800, 4)
,(76, 247060800, 3)
,(76, 262789200, 4)
,(76, 278510400, 3)
,(76, 294238800, 4)
,(76, 309960000, 3)
,(76, 325688400, 4)
,(76, 341409600, 3)
,(76, 357138000, 4)
,(76, 372859200, 3)
,(76, 388587600, 4)
,(76, 404913600, 3)
,(76, 420037200, 4)
,(76, 436363200, 5)
,(76, 439034400, 7)
,(76, 452088000, 6)
,(76, 467809200, 7)
,(76, 483537600, 6)
,(76, 499258800, 7)
,(76, 514987200, 6)
,(76, 530708400, 7)
,(76, 544622400, 6)
,(76, 562158000, 7)
,(76, 576072000, 6)
,(76, 594212400, 7)
,(76, 607521600, 6)
,(76, 625662000, 7)
,(76, 638971200, 6)
,(76, 657111600, 7)
,(76, 671025600, 6)
,(76, 688561200, 7)
,(76, 702475200, 6)
,(76, 720010800, 7)
,(76, 733924800, 6)
,(76, 752065200, 7)
,(76, 765374400, 6)
,(76, 783514800, 7)
,(76, 796824000, 6)
,(76, 814964400, 7)
,(76, 828878400, 6)
,(76, 846414000, 7)
,(76, 860328000, 6)
,(76, 877863600, 7)
,(76, 891777600, 6)
,(76, 909313200, 7)
,(76, 923227200, 6)
,(76, 941367600, 7)
,(76, 954676800, 6)
,(76, 972817200, 7)
,(76, 986126400, 6)
,(76, 1004266800, 7)
,(76, 1018180800, 6)
,(76, 1035716400, 7)
,(76, 1049630400, 6)
,(76, 1067166000, 7)
,(76, 1081080000, 6)
,(76, 1099220400, 7)
,(76, 1112529600, 6)
,(76, 1130670000, 7)
,(76, 1143979200, 6)
,(76, 1162119600, 7)
,(76, 1173614400, 6)
,(76, 1194174000, 7)
,(76, 1205064000, 6)
,(76, 1225623600, 7)
,(76, 1236513600, 6)
,(76, 1257073200, 7)
,(76, 1268568000, 6)
,(76, 1289127600, 7)
,(76, 1300017600, 6)
,(76, 1320577200, 7)
,(76, 1331467200, 6)
,(76, 1352026800, 7)
,(76, 1362916800, 6)
,(76, 1383476400, 7)
,(76, 1394366400, 6)
,(76, 1414926000, 7)
,(76, 1425816000, 6)
,(76, 1446375600, 7)
,(76, 1457870400, 6)
,(76, 1478430000, 7)
,(76, 1489320000, 6)
,(76, 1509879600, 7)
,(76, 1520769600, 6)
,(76, 1541329200, 7)
,(76, 1552219200, 6)
,(76, 1572778800, 7)
,(76, 1583668800, 6)
,(76, 1604228400, 7)
,(76, 1615723200, 6)
,(76, 1636282800, 7)
,(76, 1647172800, 6)
,(76, 1667732400, 7)
,(76, 1678622400, 6)
,(76, 1699182000, 7)
,(76, 1710072000, 6)
,(76, 1730631600, 7)
,(76, 1741521600, 6)
,(76, 1762081200, 7)
,(76, 1772971200, 6)
,(76, 1793530800, 7)
,(76, 1805025600, 6)
,(76, 1825585200, 7)
,(76, 1836475200, 6)
,(76, 1857034800, 7)
,(76, 1867924800, 6)
,(76, 1888484400, 7)
,(76, 1899374400, 6)
,(76, 1919934000, 7)
,(76, 1930824000, 6)
,(76, 1951383600, 7)
,(76, 1962878400, 6)
,(76, 1983438000, 7)
,(76, 1994328000, 6)
,(76, 2014887600, 7)
,(76, 2025777600, 6)
,(76, 2046337200, 7)
,(76, 2057227200, 6)
,(76, 2077786800, 7)
,(76, 2088676800, 6)
,(76, 2109236400, 7)
,(76, 2120126400, 6)
,(76, 2140686000, 7)
;
INSERT INTO  oceanbase.__all_tenant_time_zone_transition_type (Time_zone_id, Transition_type_id, Offset, Is_DST, Abbreviation) VALUES
 (76, 0, -39600, 0, 'NST')
,(76, 1, -36000, 1, 'NWT')
,(76, 2, -36000, 1, 'NPT')
,(76, 3, -39600, 0, 'BST')
,(76, 4, -36000, 1, 'BDT')
,(76, 5, -36000, 0, 'AHST')
,(76, 6, -32400, 1, 'HADT')
,(76, 7, -36000, 0, 'HAST')
;
INSERT INTO oceanbase.__all_tenant_time_zone (Time_zone_id, Use_leap_seconds) VALUES (77, 'N');
INSERT INTO  oceanbase.__all_tenant_time_zone_name (Name, Time_zone_id) VALUES ('America/Bahia', 77);
INSERT INTO  oceanbase.__all_tenant_time_zone_transition (Time_zone_id, Transition_time, Transition_type_id) VALUES
 (77, -1767216356, 2)
,(77, -1206957600, 1)
,(77, -1191362400, 2)
,(77, -1175374800, 1)
,(77, -1159826400, 2)
,(77, -633819600, 1)
,(77, -622069200, 2)
,(77, -602283600, 1)
,(77, -591832800, 2)
,(77, -570747600, 1)
,(77, -560210400, 2)
,(77, -539125200, 1)
,(77, -531352800, 2)
,(77, -191365200, 1)
,(77, -184197600, 2)
,(77, -155163600, 1)
,(77, -150069600, 2)
,(77, -128898000, 1)
,(77, -121125600, 2)
,(77, -99954000, 1)
,(77, -89589600, 2)
,(77, -68418000, 1)
,(77, -57967200, 2)
,(77, 499748400, 1)
,(77, 511236000, 2)
,(77, 530593200, 1)
,(77, 540266400, 2)
,(77, 562129200, 1)
,(77, 571197600, 2)
,(77, 592974000, 1)
,(77, 602042400, 2)
,(77, 624423600, 1)
,(77, 634701600, 2)
,(77, 656478000, 1)
,(77, 666756000, 2)
,(77, 687927600, 1)
,(77, 697600800, 2)
,(77, 719982000, 1)
,(77, 728445600, 2)
,(77, 750826800, 1)
,(77, 761709600, 2)
,(77, 782276400, 1)
,(77, 793159200, 2)
,(77, 813726000, 1)
,(77, 824004000, 2)
,(77, 844570800, 1)
,(77, 856058400, 2)
,(77, 876106800, 1)
,(77, 888717600, 2)
,(77, 908074800, 1)
,(77, 919562400, 2)
,(77, 938919600, 1)
,(77, 951616800, 2)
,(77, 970974000, 1)
,(77, 982461600, 2)
,(77, 1003028400, 1)
,(77, 1013911200, 2)
,(77, 1036292400, 1)
,(77, 1045360800, 2)
,(77, 1318734000, 1)
,(77, 1330221600, 2)
,(77, 1350788400, 1)
,(77, 1361066400, 2)
,(77, 1382238000, 1)
,(77, 1392516000, 2)
,(77, 1413687600, 1)
,(77, 1424570400, 2)
,(77, 1445137200, 1)
,(77, 1456020000, 2)
,(77, 1476586800, 1)
,(77, 1487469600, 2)
,(77, 1508036400, 1)
,(77, 1518919200, 2)
,(77, 1540090800, 1)
,(77, 1550368800, 2)
,(77, 1571540400, 1)
,(77, 1581818400, 2)
,(77, 1602990000, 1)
,(77, 1613872800, 2)
,(77, 1634439600, 1)
,(77, 1645322400, 2)
,(77, 1665889200, 1)
,(77, 1677376800, 2)
,(77, 1697338800, 1)
,(77, 1708221600, 2)
,(77, 1729393200, 1)
,(77, 1739671200, 2)
,(77, 1760842800, 1)
,(77, 1771725600, 2)
,(77, 1792292400, 1)
,(77, 1803175200, 2)
,(77, 1823742000, 1)
,(77, 1834624800, 2)
,(77, 1855191600, 1)
,(77, 1866074400, 2)
,(77, 1887246000, 1)
,(77, 1897524000, 2)
,(77, 1918695600, 1)
,(77, 1928973600, 2)
,(77, 1950145200, 1)
,(77, 1960423200, 2)
,(77, 1981594800, 1)
,(77, 1992477600, 2)
,(77, 2013044400, 1)
,(77, 2024532000, 2)
,(77, 2044494000, 1)
,(77, 2055376800, 2)
,(77, 2076548400, 1)
,(77, 2086826400, 2)
,(77, 2107998000, 1)
,(77, 2118880800, 2)
,(77, 2139447600, 1)
;
INSERT INTO  oceanbase.__all_tenant_time_zone_transition_type (Time_zone_id, Transition_type_id, Offset, Is_DST, Abbreviation) VALUES
 (77, 0, -9244, 0, 'LMT')
,(77, 1, -7200, 1, 'BRST')
,(77, 2, -10800, 0, 'BRT')
;
INSERT INTO oceanbase.__all_tenant_time_zone (Time_zone_id, Use_leap_seconds) VALUES (78, 'N');
INSERT INTO  oceanbase.__all_tenant_time_zone_name (Name, Time_zone_id) VALUES ('America/Bahia_Banderas', 78);
INSERT INTO  oceanbase.__all_tenant_time_zone_transition (Time_zone_id, Transition_time, Transition_type_id) VALUES
 (78, -1514739600, 1)
,(78, -1343066400, 2)
,(78, -1234807200, 1)
,(78, -1220292000, 2)
,(78, -1207159200, 1)
,(78, -1191344400, 2)
,(78, -873828000, 1)
,(78, -661539600, 3)
,(78, 28800, 1)
,(78, 828867600, 4)
,(78, 846403200, 1)
,(78, 860317200, 4)
,(78, 877852800, 1)
,(78, 891766800, 4)
,(78, 909302400, 1)
,(78, 923216400, 4)
,(78, 941356800, 1)
,(78, 954666000, 4)
,(78, 972806400, 1)
,(78, 989139600, 4)
,(78, 1001836800, 1)
,(78, 1018170000, 4)
,(78, 1035705600, 1)
,(78, 1049619600, 4)
,(78, 1067155200, 1)
,(78, 1081069200, 4)
,(78, 1099209600, 1)
,(78, 1112518800, 4)
,(78, 1130659200, 1)
,(78, 1143968400, 4)
,(78, 1162108800, 1)
,(78, 1175418000, 4)
,(78, 1193558400, 1)
,(78, 1207472400, 4)
,(78, 1225008000, 1)
,(78, 1238922000, 4)
,(78, 1256457600, 1)
,(78, 1270371600, 5)
,(78, 1288508400, 2)
,(78, 1301817600, 5)
,(78, 1319958000, 2)
,(78, 1333267200, 5)
,(78, 1351407600, 2)
,(78, 1365321600, 5)
,(78, 1382857200, 2)
,(78, 1396771200, 5)
,(78, 1414306800, 2)
,(78, 1428220800, 5)
,(78, 1445756400, 2)
,(78, 1459670400, 5)
,(78, 1477810800, 2)
,(78, 1491120000, 5)
,(78, 1509260400, 2)
,(78, 1522569600, 5)
,(78, 1540710000, 2)
,(78, 1554624000, 5)
,(78, 1572159600, 2)
,(78, 1586073600, 5)
,(78, 1603609200, 2)
,(78, 1617523200, 5)
,(78, 1635663600, 2)
,(78, 1648972800, 5)
,(78, 1667113200, 2)
,(78, 1680422400, 5)
,(78, 1698562800, 2)
,(78, 1712476800, 5)
,(78, 1730012400, 2)
,(78, 1743926400, 5)
,(78, 1761462000, 2)
,(78, 1775376000, 5)
,(78, 1792911600, 2)
,(78, 1806825600, 5)
,(78, 1824966000, 2)
,(78, 1838275200, 5)
,(78, 1856415600, 2)
,(78, 1869724800, 5)
,(78, 1887865200, 2)
,(78, 1901779200, 5)
,(78, 1919314800, 2)
,(78, 1933228800, 5)
,(78, 1950764400, 2)
,(78, 1964678400, 5)
,(78, 1982818800, 2)
,(78, 1996128000, 5)
,(78, 2014268400, 2)
,(78, 2027577600, 5)
,(78, 2045718000, 2)
,(78, 2059027200, 5)
,(78, 2077167600, 2)
,(78, 2091081600, 5)
,(78, 2108617200, 2)
,(78, 2122531200, 5)
,(78, 2140066800, 2)
;
INSERT INTO  oceanbase.__all_tenant_time_zone_transition_type (Time_zone_id, Transition_type_id, Offset, Is_DST, Abbreviation) VALUES
 (78, 0, -25260, 0, 'LMT')
,(78, 1, -25200, 0, 'MST')
,(78, 2, -21600, 0, 'CST')
,(78, 3, -28800, 0, 'PST')
,(78, 4, -21600, 1, 'MDT')
,(78, 5, -18000, 1, 'CDT')
;
INSERT INTO oceanbase.__all_tenant_time_zone (Time_zone_id, Use_leap_seconds) VALUES (79, 'N');
INSERT INTO  oceanbase.__all_tenant_time_zone_name (Name, Time_zone_id) VALUES ('America/Barbados', 79);
INSERT INTO  oceanbase.__all_tenant_time_zone_transition (Time_zone_id, Transition_time, Transition_type_id) VALUES
 (79, -1451678492, 1)
,(79, -1199217692, 3)
,(79, 234943200, 2)
,(79, 244616400, 3)
,(79, 261554400, 2)
,(79, 276066000, 3)
,(79, 293004000, 2)
,(79, 307515600, 3)
,(79, 325058400, 2)
,(79, 338706000, 3)
;
INSERT INTO  oceanbase.__all_tenant_time_zone_transition_type (Time_zone_id, Transition_type_id, Offset, Is_DST, Abbreviation) VALUES
 (79, 0, -14308, 0, 'LMT')
,(79, 1, -14308, 0, 'BMT')
,(79, 2, -10800, 1, 'ADT')
,(79, 3, -14400, 0, 'AST')
;
INSERT INTO oceanbase.__all_tenant_time_zone (Time_zone_id, Use_leap_seconds) VALUES (80, 'N');
INSERT INTO  oceanbase.__all_tenant_time_zone_name (Name, Time_zone_id) VALUES ('America/Belem', 80);
INSERT INTO  oceanbase.__all_tenant_time_zone_transition (Time_zone_id, Transition_time, Transition_type_id) VALUES
 (80, -1767213964, 2)
,(80, -1206957600, 1)
,(80, -1191362400, 2)
,(80, -1175374800, 1)
,(80, -1159826400, 2)
,(80, -633819600, 1)
,(80, -622069200, 2)
,(80, -602283600, 1)
,(80, -591832800, 2)
,(80, -570747600, 1)
,(80, -560210400, 2)
,(80, -539125200, 1)
,(80, -531352800, 2)
,(80, -191365200, 1)
,(80, -184197600, 2)
,(80, -155163600, 1)
,(80, -150069600, 2)
,(80, -128898000, 1)
,(80, -121125600, 2)
,(80, -99954000, 1)
,(80, -89589600, 2)
,(80, -68418000, 1)
,(80, -57967200, 2)
,(80, 499748400, 1)
,(80, 511236000, 2)
,(80, 530593200, 1)
,(80, 540266400, 2)
,(80, 562129200, 1)
,(80, 571197600, 2)
;
INSERT INTO  oceanbase.__all_tenant_time_zone_transition_type (Time_zone_id, Transition_type_id, Offset, Is_DST, Abbreviation) VALUES
 (80, 0, -11636, 0, 'LMT')
,(80, 1, -7200, 1, 'BRST')
,(80, 2, -10800, 0, 'BRT')
;
INSERT INTO oceanbase.__all_tenant_time_zone (Time_zone_id, Use_leap_seconds) VALUES (81, 'N');
INSERT INTO  oceanbase.__all_tenant_time_zone_name (Name, Time_zone_id) VALUES ('America/Belize', 81);
INSERT INTO  oceanbase.__all_tenant_time_zone_transition (Time_zone_id, Transition_time, Transition_type_id) VALUES
 (81, -1822500432, 2)
,(81, -1616954400, 1)
,(81, -1606069800, 2)
,(81, -1585504800, 1)
,(81, -1574015400, 2)
,(81, -1554055200, 1)
,(81, -1542565800, 2)
,(81, -1522605600, 1)
,(81, -1511116200, 2)
,(81, -1490551200, 1)
,(81, -1479666600, 2)
,(81, -1459101600, 1)
,(81, -1448217000, 2)
,(81, -1427652000, 1)
,(81, -1416162600, 2)
,(81, -1396202400, 1)
,(81, -1384713000, 2)
,(81, -1364752800, 1)
,(81, -1353263400, 2)
,(81, -1333303200, 1)
,(81, -1321813800, 2)
,(81, -1301248800, 1)
,(81, -1290364200, 2)
,(81, -1269799200, 1)
,(81, -1258914600, 2)
,(81, -1238349600, 1)
,(81, -1226860200, 2)
,(81, -1206900000, 1)
,(81, -1195410600, 2)
,(81, -1175450400, 1)
,(81, -1163961000, 2)
,(81, -1143396000, 1)
,(81, -1132511400, 2)
,(81, -1111946400, 1)
,(81, -1101061800, 2)
,(81, -1080496800, 1)
,(81, -1069612200, 2)
,(81, -1049047200, 1)
,(81, -1037557800, 2)
,(81, -1017597600, 1)
,(81, -1006108200, 2)
,(81, -986148000, 1)
,(81, -974658600, 2)
,(81, -954093600, 1)
,(81, -943209000, 2)
,(81, -922644000, 1)
,(81, -911759400, 2)
,(81, -891194400, 1)
,(81, -879705000, 2)
,(81, -859744800, 1)
,(81, -848255400, 2)
,(81, 123919200, 3)
,(81, 129618000, 2)
,(81, 409039200, 3)
,(81, 413874000, 2)
;
INSERT INTO  oceanbase.__all_tenant_time_zone_transition_type (Time_zone_id, Transition_type_id, Offset, Is_DST, Abbreviation) VALUES
 (81, 0, -21168, 0, 'LMT')
,(81, 1, -19800, 1, 'CHDT')
,(81, 2, -21600, 0, 'CST')
,(81, 3, -18000, 1, 'CDT')
;
INSERT INTO oceanbase.__all_tenant_time_zone (Time_zone_id, Use_leap_seconds) VALUES (82, 'N');
INSERT INTO  oceanbase.__all_tenant_time_zone_name (Name, Time_zone_id) VALUES ('America/Blanc-Sablon', 82);
INSERT INTO  oceanbase.__all_tenant_time_zone_transition (Time_zone_id, Transition_time, Transition_type_id) VALUES
 (82, -1632074400, 0)
,(82, -1614798000, 1)
,(82, -880221600, 2)
,(82, -769395600, 3)
,(82, -765399600, 1)
;
INSERT INTO  oceanbase.__all_tenant_time_zone_transition_type (Time_zone_id, Transition_type_id, Offset, Is_DST, Abbreviation) VALUES
 (82, 0, -10800, 1, 'ADT')
,(82, 1, -14400, 0, 'AST')
,(82, 2, -10800, 1, 'AWT')
,(82, 3, -10800, 1, 'APT')
;
INSERT INTO oceanbase.__all_tenant_time_zone (Time_zone_id, Use_leap_seconds) VALUES (83, 'N');
INSERT INTO  oceanbase.__all_tenant_time_zone_name (Name, Time_zone_id) VALUES ('America/Boa_Vista', 83);
INSERT INTO  oceanbase.__all_tenant_time_zone_transition (Time_zone_id, Transition_time, Transition_type_id) VALUES
 (83, -1767211040, 2)
,(83, -1206954000, 1)
,(83, -1191358800, 2)
,(83, -1175371200, 1)
,(83, -1159822800, 2)
,(83, -633816000, 1)
,(83, -622065600, 2)
,(83, -602280000, 1)
,(83, -591829200, 2)
,(83, -570744000, 1)
,(83, -560206800, 2)
,(83, -539121600, 1)
,(83, -531349200, 2)
,(83, -191361600, 1)
,(83, -184194000, 2)
,(83, -155160000, 1)
,(83, -150066000, 2)
,(83, -128894400, 1)
,(83, -121122000, 2)
,(83, -99950400, 1)
,(83, -89586000, 2)
,(83, -68414400, 1)
,(83, -57963600, 2)
,(83, 499752000, 1)
,(83, 511239600, 2)
,(83, 530596800, 1)
,(83, 540270000, 2)
,(83, 562132800, 1)
,(83, 571201200, 2)
,(83, 938923200, 1)
,(83, 951620400, 2)
,(83, 970977600, 1)
,(83, 971578800, 2)
;
INSERT INTO  oceanbase.__all_tenant_time_zone_transition_type (Time_zone_id, Transition_type_id, Offset, Is_DST, Abbreviation) VALUES
 (83, 0, -14560, 0, 'LMT')
,(83, 1, -10800, 1, 'AMST')
,(83, 2, -14400, 0, 'AMT')
;
INSERT INTO oceanbase.__all_tenant_time_zone (Time_zone_id, Use_leap_seconds) VALUES (84, 'N');
INSERT INTO  oceanbase.__all_tenant_time_zone_name (Name, Time_zone_id) VALUES ('America/Bogota', 84);
INSERT INTO  oceanbase.__all_tenant_time_zone_transition (Time_zone_id, Transition_time, Transition_type_id) VALUES
 (84, -1739041420, 2)
,(84, 704869200, 1)
,(84, 733896000, 2)
;
INSERT INTO  oceanbase.__all_tenant_time_zone_transition_type (Time_zone_id, Transition_type_id, Offset, Is_DST, Abbreviation) VALUES
 (84, 0, -17780, 0, 'BMT')
,(84, 1, -14400, 1, 'COST')
,(84, 2, -18000, 0, 'COT')
;
INSERT INTO oceanbase.__all_tenant_time_zone (Time_zone_id, Use_leap_seconds) VALUES (85, 'N');
INSERT INTO  oceanbase.__all_tenant_time_zone_name (Name, Time_zone_id) VALUES ('America/Boise', 85);
INSERT INTO  oceanbase.__all_tenant_time_zone_transition (Time_zone_id, Transition_time, Transition_type_id) VALUES
 (85, -1633269600, 0)
,(85, -1615129200, 1)
,(85, -1601820000, 0)
,(85, -1583679600, 1)
,(85, -1471788000, 4)
,(85, -880210800, 2)
,(85, -769395600, 3)
,(85, -765388800, 4)
,(85, -84380400, 5)
,(85, -68659200, 4)
,(85, -52930800, 5)
,(85, -37209600, 4)
,(85, -21481200, 5)
,(85, -5760000, 4)
,(85, 9968400, 5)
,(85, 25689600, 4)
,(85, 41418000, 5)
,(85, 57744000, 4)
,(85, 73472400, 5)
,(85, 89193600, 4)
,(85, 104922000, 5)
,(85, 120643200, 4)
,(85, 129114000, 5)
,(85, 152092800, 4)
,(85, 162378000, 5)
,(85, 183542400, 4)
,(85, 199270800, 5)
,(85, 215596800, 4)
,(85, 230720400, 5)
,(85, 247046400, 4)
,(85, 262774800, 5)
,(85, 278496000, 4)
,(85, 294224400, 5)
,(85, 309945600, 4)
,(85, 325674000, 5)
,(85, 341395200, 4)
,(85, 357123600, 5)
,(85, 372844800, 4)
,(85, 388573200, 5)
,(85, 404899200, 4)
,(85, 420022800, 5)
,(85, 436348800, 4)
,(85, 452077200, 5)
,(85, 467798400, 4)
,(85, 483526800, 5)
,(85, 499248000, 4)
,(85, 514976400, 5)
,(85, 530697600, 4)
,(85, 544611600, 5)
,(85, 562147200, 4)
,(85, 576061200, 5)
,(85, 594201600, 4)
,(85, 607510800, 5)
,(85, 625651200, 4)
,(85, 638960400, 5)
,(85, 657100800, 4)
,(85, 671014800, 5)
,(85, 688550400, 4)
,(85, 702464400, 5)
,(85, 720000000, 4)
,(85, 733914000, 5)
,(85, 752054400, 4)
,(85, 765363600, 5)
,(85, 783504000, 4)
,(85, 796813200, 5)
,(85, 814953600, 4)
,(85, 828867600, 5)
,(85, 846403200, 4)
,(85, 860317200, 5)
,(85, 877852800, 4)
,(85, 891766800, 5)
,(85, 909302400, 4)
,(85, 923216400, 5)
,(85, 941356800, 4)
,(85, 954666000, 5)
,(85, 972806400, 4)
,(85, 986115600, 5)
,(85, 1004256000, 4)
,(85, 1018170000, 5)
,(85, 1035705600, 4)
,(85, 1049619600, 5)
,(85, 1067155200, 4)
,(85, 1081069200, 5)
,(85, 1099209600, 4)
,(85, 1112518800, 5)
,(85, 1130659200, 4)
,(85, 1143968400, 5)
,(85, 1162108800, 4)
,(85, 1173603600, 5)
,(85, 1194163200, 4)
,(85, 1205053200, 5)
,(85, 1225612800, 4)
,(85, 1236502800, 5)
,(85, 1257062400, 4)
,(85, 1268557200, 5)
,(85, 1289116800, 4)
,(85, 1300006800, 5)
,(85, 1320566400, 4)
,(85, 1331456400, 5)
,(85, 1352016000, 4)
,(85, 1362906000, 5)
,(85, 1383465600, 4)
,(85, 1394355600, 5)
,(85, 1414915200, 4)
,(85, 1425805200, 5)
,(85, 1446364800, 4)
,(85, 1457859600, 5)
,(85, 1478419200, 4)
,(85, 1489309200, 5)
,(85, 1509868800, 4)
,(85, 1520758800, 5)
,(85, 1541318400, 4)
,(85, 1552208400, 5)
,(85, 1572768000, 4)
,(85, 1583658000, 5)
,(85, 1604217600, 4)
,(85, 1615712400, 5)
,(85, 1636272000, 4)
,(85, 1647162000, 5)
,(85, 1667721600, 4)
,(85, 1678611600, 5)
,(85, 1699171200, 4)
,(85, 1710061200, 5)
,(85, 1730620800, 4)
,(85, 1741510800, 5)
,(85, 1762070400, 4)
,(85, 1772960400, 5)
,(85, 1793520000, 4)
,(85, 1805014800, 5)
,(85, 1825574400, 4)
,(85, 1836464400, 5)
,(85, 1857024000, 4)
,(85, 1867914000, 5)
,(85, 1888473600, 4)
,(85, 1899363600, 5)
,(85, 1919923200, 4)
,(85, 1930813200, 5)
,(85, 1951372800, 4)
,(85, 1962867600, 5)
,(85, 1983427200, 4)
,(85, 1994317200, 5)
,(85, 2014876800, 4)
,(85, 2025766800, 5)
,(85, 2046326400, 4)
,(85, 2057216400, 5)
,(85, 2077776000, 4)
,(85, 2088666000, 5)
,(85, 2109225600, 4)
,(85, 2120115600, 5)
,(85, 2140675200, 4)
;
INSERT INTO  oceanbase.__all_tenant_time_zone_transition_type (Time_zone_id, Transition_type_id, Offset, Is_DST, Abbreviation) VALUES
 (85, 0, -25200, 1, 'PDT')
,(85, 1, -28800, 0, 'PST')
,(85, 2, -21600, 1, 'MWT')
,(85, 3, -21600, 1, 'MPT')
,(85, 4, -25200, 0, 'MST')
,(85, 5, -21600, 1, 'MDT')
;
INSERT INTO oceanbase.__all_tenant_time_zone (Time_zone_id, Use_leap_seconds) VALUES (86, 'N');
INSERT INTO  oceanbase.__all_tenant_time_zone_name (Name, Time_zone_id) VALUES ('America/Buenos_Aires', 86);
INSERT INTO  oceanbase.__all_tenant_time_zone_transition (Time_zone_id, Transition_time, Transition_type_id) VALUES
 (86, -1567453392, 1)
,(86, -1233432000, 2)
,(86, -1222981200, 1)
,(86, -1205956800, 2)
,(86, -1194037200, 1)
,(86, -1172865600, 2)
,(86, -1162501200, 1)
,(86, -1141329600, 2)
,(86, -1130965200, 1)
,(86, -1109793600, 2)
,(86, -1099429200, 1)
,(86, -1078257600, 2)
,(86, -1067806800, 1)
,(86, -1046635200, 2)
,(86, -1036270800, 1)
,(86, -1015099200, 2)
,(86, -1004734800, 1)
,(86, -983563200, 2)
,(86, -973198800, 1)
,(86, -952027200, 2)
,(86, -941576400, 1)
,(86, -931032000, 2)
,(86, -900882000, 1)
,(86, -890337600, 2)
,(86, -833749200, 1)
,(86, -827265600, 2)
,(86, -752274000, 1)
,(86, -733780800, 2)
,(86, -197326800, 1)
,(86, -190843200, 2)
,(86, -184194000, 1)
,(86, -164491200, 2)
,(86, -152658000, 1)
,(86, -132955200, 2)
,(86, -121122000, 1)
,(86, -101419200, 2)
,(86, -86821200, 1)
,(86, -71092800, 2)
,(86, -54766800, 1)
,(86, -39038400, 2)
,(86, -23317200, 1)
,(86, -7588800, 4)
,(86, 128142000, 3)
,(86, 136605600, 4)
,(86, 596948400, 3)
,(86, 605066400, 4)
,(86, 624423600, 3)
,(86, 636516000, 4)
,(86, 656478000, 3)
,(86, 667965600, 4)
,(86, 687927600, 3)
,(86, 699415200, 4)
,(86, 719377200, 3)
,(86, 731469600, 4)
,(86, 938919600, 2)
,(86, 952052400, 4)
,(86, 1198983600, 3)
,(86, 1205632800, 4)
,(86, 1224385200, 3)
,(86, 1237082400, 4)
;
INSERT INTO  oceanbase.__all_tenant_time_zone_transition_type (Time_zone_id, Transition_type_id, Offset, Is_DST, Abbreviation) VALUES
 (86, 0, -15408, 0, 'CMT')
,(86, 1, -14400, 0, 'ART')
,(86, 2, -10800, 1, 'ARST')
,(86, 3, -7200, 1, 'ARST')
,(86, 4, -10800, 0, 'ART')
;
INSERT INTO oceanbase.__all_tenant_time_zone (Time_zone_id, Use_leap_seconds) VALUES (87, 'N');
INSERT INTO  oceanbase.__all_tenant_time_zone_name (Name, Time_zone_id) VALUES ('America/Cambridge_Bay', 87);
INSERT INTO  oceanbase.__all_tenant_time_zone_transition (Time_zone_id, Transition_time, Transition_type_id) VALUES
 (87, -1577923200, 3)
,(87, -880210800, 1)
,(87, -769395600, 2)
,(87, -765388800, 3)
,(87, -147891600, 4)
,(87, -131562000, 3)
,(87, 325674000, 5)
,(87, 341395200, 3)
,(87, 357123600, 5)
,(87, 372844800, 3)
,(87, 388573200, 5)
,(87, 404899200, 3)
,(87, 420022800, 5)
,(87, 436348800, 3)
,(87, 452077200, 5)
,(87, 467798400, 3)
,(87, 483526800, 5)
,(87, 499248000, 3)
,(87, 514976400, 5)
,(87, 530697600, 3)
,(87, 544611600, 5)
,(87, 562147200, 3)
,(87, 576061200, 5)
,(87, 594201600, 3)
,(87, 607510800, 5)
,(87, 625651200, 3)
,(87, 638960400, 5)
,(87, 657100800, 3)
,(87, 671014800, 5)
,(87, 688550400, 3)
,(87, 702464400, 5)
,(87, 720000000, 3)
,(87, 733914000, 5)
,(87, 752054400, 3)
,(87, 765363600, 5)
,(87, 783504000, 3)
,(87, 796813200, 5)
,(87, 814953600, 3)
,(87, 828867600, 5)
,(87, 846403200, 3)
,(87, 860317200, 5)
,(87, 877852800, 3)
,(87, 891766800, 5)
,(87, 909302400, 3)
,(87, 923216400, 5)
,(87, 941356800, 7)
,(87, 954662400, 6)
,(87, 972802800, 8)
,(87, 973400400, 7)
,(87, 986115600, 5)
,(87, 1004256000, 3)
,(87, 1018170000, 5)
,(87, 1035705600, 3)
,(87, 1049619600, 5)
,(87, 1067155200, 3)
,(87, 1081069200, 5)
,(87, 1099209600, 3)
,(87, 1112518800, 5)
,(87, 1130659200, 3)
,(87, 1143968400, 5)
,(87, 1162108800, 3)
,(87, 1173603600, 5)
,(87, 1194163200, 3)
,(87, 1205053200, 5)
,(87, 1225612800, 3)
,(87, 1236502800, 5)
,(87, 1257062400, 3)
,(87, 1268557200, 5)
,(87, 1289116800, 3)
,(87, 1300006800, 5)
,(87, 1320566400, 3)
,(87, 1331456400, 5)
,(87, 1352016000, 3)
,(87, 1362906000, 5)
,(87, 1383465600, 3)
,(87, 1394355600, 5)
,(87, 1414915200, 3)
,(87, 1425805200, 5)
,(87, 1446364800, 3)
,(87, 1457859600, 5)
,(87, 1478419200, 3)
,(87, 1489309200, 5)
,(87, 1509868800, 3)
,(87, 1520758800, 5)
,(87, 1541318400, 3)
,(87, 1552208400, 5)
,(87, 1572768000, 3)
,(87, 1583658000, 5)
,(87, 1604217600, 3)
,(87, 1615712400, 5)
,(87, 1636272000, 3)
,(87, 1647162000, 5)
,(87, 1667721600, 3)
,(87, 1678611600, 5)
,(87, 1699171200, 3)
,(87, 1710061200, 5)
,(87, 1730620800, 3)
,(87, 1741510800, 5)
,(87, 1762070400, 3)
,(87, 1772960400, 5)
,(87, 1793520000, 3)
,(87, 1805014800, 5)
,(87, 1825574400, 3)
,(87, 1836464400, 5)
,(87, 1857024000, 3)
,(87, 1867914000, 5)
,(87, 1888473600, 3)
,(87, 1899363600, 5)
,(87, 1919923200, 3)
,(87, 1930813200, 5)
,(87, 1951372800, 3)
,(87, 1962867600, 5)
,(87, 1983427200, 3)
,(87, 1994317200, 5)
,(87, 2014876800, 3)
,(87, 2025766800, 5)
,(87, 2046326400, 3)
,(87, 2057216400, 5)
,(87, 2077776000, 3)
,(87, 2088666000, 5)
,(87, 2109225600, 3)
,(87, 2120115600, 5)
,(87, 2140675200, 3)
;
INSERT INTO  oceanbase.__all_tenant_time_zone_transition_type (Time_zone_id, Transition_type_id, Offset, Is_DST, Abbreviation) VALUES
 (87, 0, 0, 0, 'zzz')
,(87, 1, -21600, 1, 'MWT')
,(87, 2, -21600, 1, 'MPT')
,(87, 3, -25200, 0, 'MST')
,(87, 4, -18000, 1, 'MDDT')
,(87, 5, -21600, 1, 'MDT')
,(87, 6, -18000, 1, 'CDT')
,(87, 7, -21600, 0, 'CST')
,(87, 8, -18000, 0, 'EST')
;
INSERT INTO oceanbase.__all_tenant_time_zone (Time_zone_id, Use_leap_seconds) VALUES (88, 'N');
INSERT INTO  oceanbase.__all_tenant_time_zone_name (Name, Time_zone_id) VALUES ('America/Campo_Grande', 88);
INSERT INTO  oceanbase.__all_tenant_time_zone_transition (Time_zone_id, Transition_time, Transition_type_id) VALUES
 (88, -1767212492, 2)
,(88, -1206954000, 1)
,(88, -1191358800, 2)
,(88, -1175371200, 1)
,(88, -1159822800, 2)
,(88, -633816000, 1)
,(88, -622065600, 2)
,(88, -602280000, 1)
,(88, -591829200, 2)
,(88, -570744000, 1)
,(88, -560206800, 2)
,(88, -539121600, 1)
,(88, -531349200, 2)
,(88, -191361600, 1)
,(88, -184194000, 2)
,(88, -155160000, 1)
,(88, -150066000, 2)
,(88, -128894400, 1)
,(88, -121122000, 2)
,(88, -99950400, 1)
,(88, -89586000, 2)
,(88, -68414400, 1)
,(88, -57963600, 2)
,(88, 499752000, 1)
,(88, 511239600, 2)
,(88, 530596800, 1)
,(88, 540270000, 2)
,(88, 562132800, 1)
,(88, 571201200, 2)
,(88, 592977600, 1)
,(88, 602046000, 2)
,(88, 624427200, 1)
,(88, 634705200, 2)
,(88, 656481600, 1)
,(88, 666759600, 2)
,(88, 687931200, 1)
,(88, 697604400, 2)
,(88, 719985600, 1)
,(88, 728449200, 2)
,(88, 750830400, 1)
,(88, 761713200, 2)
,(88, 782280000, 1)
,(88, 793162800, 2)
,(88, 813729600, 1)
,(88, 824007600, 2)
,(88, 844574400, 1)
,(88, 856062000, 2)
,(88, 876110400, 1)
,(88, 888721200, 2)
,(88, 908078400, 1)
,(88, 919566000, 2)
,(88, 938923200, 1)
,(88, 951620400, 2)
,(88, 970977600, 1)
,(88, 982465200, 2)
,(88, 1003032000, 1)
,(88, 1013914800, 2)
,(88, 1036296000, 1)
,(88, 1045364400, 2)
,(88, 1066536000, 1)
,(88, 1076814000, 2)
,(88, 1099368000, 1)
,(88, 1108868400, 2)
,(88, 1129435200, 1)
,(88, 1140318000, 2)
,(88, 1162699200, 1)
,(88, 1172372400, 2)
,(88, 1192334400, 1)
,(88, 1203217200, 2)
,(88, 1224388800, 1)
,(88, 1234666800, 2)
,(88, 1255838400, 1)
,(88, 1266721200, 2)
,(88, 1287288000, 1)
,(88, 1298170800, 2)
,(88, 1318737600, 1)
,(88, 1330225200, 2)
,(88, 1350792000, 1)
,(88, 1361070000, 2)
,(88, 1382241600, 1)
,(88, 1392519600, 2)
,(88, 1413691200, 1)
,(88, 1424574000, 2)
,(88, 1445140800, 1)
,(88, 1456023600, 2)
,(88, 1476590400, 1)
,(88, 1487473200, 2)
,(88, 1508040000, 1)
,(88, 1518922800, 2)
,(88, 1540094400, 1)
,(88, 1550372400, 2)
,(88, 1571544000, 1)
,(88, 1581822000, 2)
,(88, 1602993600, 1)
,(88, 1613876400, 2)
,(88, 1634443200, 1)
,(88, 1645326000, 2)
,(88, 1665892800, 1)
,(88, 1677380400, 2)
,(88, 1697342400, 1)
,(88, 1708225200, 2)
,(88, 1729396800, 1)
,(88, 1739674800, 2)
,(88, 1760846400, 1)
,(88, 1771729200, 2)
,(88, 1792296000, 1)
,(88, 1803178800, 2)
,(88, 1823745600, 1)
,(88, 1834628400, 2)
,(88, 1855195200, 1)
,(88, 1866078000, 2)
,(88, 1887249600, 1)
,(88, 1897527600, 2)
,(88, 1918699200, 1)
,(88, 1928977200, 2)
,(88, 1950148800, 1)
,(88, 1960426800, 2)
,(88, 1981598400, 1)
,(88, 1992481200, 2)
,(88, 2013048000, 1)
,(88, 2024535600, 2)
,(88, 2044497600, 1)
,(88, 2055380400, 2)
,(88, 2076552000, 1)
,(88, 2086830000, 2)
,(88, 2108001600, 1)
,(88, 2118884400, 2)
,(88, 2139451200, 1)
;
INSERT INTO  oceanbase.__all_tenant_time_zone_transition_type (Time_zone_id, Transition_type_id, Offset, Is_DST, Abbreviation) VALUES
 (88, 0, -13108, 0, 'LMT')
,(88, 1, -10800, 1, 'AMST')
,(88, 2, -14400, 0, 'AMT')
;
INSERT INTO oceanbase.__all_tenant_time_zone (Time_zone_id, Use_leap_seconds) VALUES (89, 'N');
INSERT INTO  oceanbase.__all_tenant_time_zone_name (Name, Time_zone_id) VALUES ('America/Cancun', 89);
INSERT INTO  oceanbase.__all_tenant_time_zone_transition (Time_zone_id, Transition_time, Transition_type_id) VALUES
 (89, -1514743200, 1)
,(89, 377935200, 3)
,(89, 828860400, 2)
,(89, 846396000, 3)
,(89, 860310000, 2)
,(89, 877845600, 3)
,(89, 891759600, 2)
,(89, 902037600, 4)
,(89, 909298800, 1)
,(89, 923212800, 4)
,(89, 941353200, 1)
,(89, 954662400, 4)
,(89, 972802800, 1)
,(89, 989136000, 4)
,(89, 1001833200, 1)
,(89, 1018166400, 4)
,(89, 1035702000, 1)
,(89, 1049616000, 4)
,(89, 1067151600, 1)
,(89, 1081065600, 4)
,(89, 1099206000, 1)
,(89, 1112515200, 4)
,(89, 1130655600, 1)
,(89, 1143964800, 4)
,(89, 1162105200, 1)
,(89, 1175414400, 4)
,(89, 1193554800, 1)
,(89, 1207468800, 4)
,(89, 1225004400, 1)
,(89, 1238918400, 4)
,(89, 1256454000, 1)
,(89, 1270368000, 4)
,(89, 1288508400, 1)
,(89, 1301817600, 4)
,(89, 1319958000, 1)
,(89, 1333267200, 4)
,(89, 1351407600, 1)
,(89, 1365321600, 4)
,(89, 1382857200, 1)
,(89, 1396771200, 4)
,(89, 1414306800, 1)
,(89, 1428220800, 4)
,(89, 1445756400, 1)
,(89, 1459670400, 4)
,(89, 1477810800, 1)
,(89, 1491120000, 4)
,(89, 1509260400, 1)
,(89, 1522569600, 4)
,(89, 1540710000, 1)
,(89, 1554624000, 4)
,(89, 1572159600, 1)
,(89, 1586073600, 4)
,(89, 1603609200, 1)
,(89, 1617523200, 4)
,(89, 1635663600, 1)
,(89, 1648972800, 4)
,(89, 1667113200, 1)
,(89, 1680422400, 4)
,(89, 1698562800, 1)
,(89, 1712476800, 4)
,(89, 1730012400, 1)
,(89, 1743926400, 4)
,(89, 1761462000, 1)
,(89, 1775376000, 4)
,(89, 1792911600, 1)
,(89, 1806825600, 4)
,(89, 1824966000, 1)
,(89, 1838275200, 4)
,(89, 1856415600, 1)
,(89, 1869724800, 4)
,(89, 1887865200, 1)
,(89, 1901779200, 4)
,(89, 1919314800, 1)
,(89, 1933228800, 4)
,(89, 1950764400, 1)
,(89, 1964678400, 4)
,(89, 1982818800, 1)
,(89, 1996128000, 4)
,(89, 2014268400, 1)
,(89, 2027577600, 4)
,(89, 2045718000, 1)
,(89, 2059027200, 4)
,(89, 2077167600, 1)
,(89, 2091081600, 4)
,(89, 2108617200, 1)
,(89, 2122531200, 4)
,(89, 2140066800, 1)
;
INSERT INTO  oceanbase.__all_tenant_time_zone_transition_type (Time_zone_id, Transition_type_id, Offset, Is_DST, Abbreviation) VALUES
 (89, 0, -20824, 0, 'LMT')
,(89, 1, -21600, 0, 'CST')
,(89, 2, -14400, 1, 'EDT')
,(89, 3, -18000, 0, 'EST')
,(89, 4, -18000, 1, 'CDT')
;
INSERT INTO oceanbase.__all_tenant_time_zone (Time_zone_id, Use_leap_seconds) VALUES (90, 'N');
INSERT INTO  oceanbase.__all_tenant_time_zone_name (Name, Time_zone_id) VALUES ('America/Caracas', 90);
INSERT INTO  oceanbase.__all_tenant_time_zone_transition (Time_zone_id, Transition_time, Transition_type_id) VALUES
 (90, -1826739140, 1)
,(90, -157750200, 2)
,(90, 1197183600, 1)
;
INSERT INTO  oceanbase.__all_tenant_time_zone_transition_type (Time_zone_id, Transition_type_id, Offset, Is_DST, Abbreviation) VALUES
 (90, 0, -16060, 0, 'CMT')
,(90, 1, -16200, 0, 'VET')
,(90, 2, -14400, 0, 'VET')
;
INSERT INTO oceanbase.__all_tenant_time_zone (Time_zone_id, Use_leap_seconds) VALUES (91, 'N');
INSERT INTO  oceanbase.__all_tenant_time_zone_name (Name, Time_zone_id) VALUES ('America/Catamarca', 91);
INSERT INTO  oceanbase.__all_tenant_time_zone_transition (Time_zone_id, Transition_time, Transition_type_id) VALUES
 (91, -1567453392, 1)
,(91, -1233432000, 2)
,(91, -1222981200, 1)
,(91, -1205956800, 2)
,(91, -1194037200, 1)
,(91, -1172865600, 2)
,(91, -1162501200, 1)
,(91, -1141329600, 2)
,(91, -1130965200, 1)
,(91, -1109793600, 2)
,(91, -1099429200, 1)
,(91, -1078257600, 2)
,(91, -1067806800, 1)
,(91, -1046635200, 2)
,(91, -1036270800, 1)
,(91, -1015099200, 2)
,(91, -1004734800, 1)
,(91, -983563200, 2)
,(91, -973198800, 1)
,(91, -952027200, 2)
,(91, -941576400, 1)
,(91, -931032000, 2)
,(91, -900882000, 1)
,(91, -890337600, 2)
,(91, -833749200, 1)
,(91, -827265600, 2)
,(91, -752274000, 1)
,(91, -733780800, 2)
,(91, -197326800, 1)
,(91, -190843200, 2)
,(91, -184194000, 1)
,(91, -164491200, 2)
,(91, -152658000, 1)
,(91, -132955200, 2)
,(91, -121122000, 1)
,(91, -101419200, 2)
,(91, -86821200, 1)
,(91, -71092800, 2)
,(91, -54766800, 1)
,(91, -39038400, 2)
,(91, -23317200, 1)
,(91, -7588800, 4)
,(91, 128142000, 3)
,(91, 136605600, 4)
,(91, 596948400, 3)
,(91, 605066400, 4)
,(91, 624423600, 3)
,(91, 636516000, 4)
,(91, 656478000, 3)
,(91, 667965600, 5)
,(91, 687931200, 3)
,(91, 699415200, 4)
,(91, 719377200, 3)
,(91, 731469600, 4)
,(91, 938919600, 2)
,(91, 952052400, 4)
,(91, 1086058800, 5)
,(91, 1087704000, 4)
,(91, 1198983600, 3)
,(91, 1205632800, 4)
;
INSERT INTO  oceanbase.__all_tenant_time_zone_transition_type (Time_zone_id, Transition_type_id, Offset, Is_DST, Abbreviation) VALUES
 (91, 0, -15408, 0, 'CMT')
,(91, 1, -14400, 0, 'ART')
,(91, 2, -10800, 1, 'ARST')
,(91, 3, -7200, 1, 'ARST')
,(91, 4, -10800, 0, 'ART')
,(91, 5, -14400, 0, 'WART')
;
INSERT INTO oceanbase.__all_tenant_time_zone (Time_zone_id, Use_leap_seconds) VALUES (92, 'N');
INSERT INTO  oceanbase.__all_tenant_time_zone_name (Name, Time_zone_id) VALUES ('America/Cayenne', 92);
INSERT INTO  oceanbase.__all_tenant_time_zone_transition (Time_zone_id, Transition_time, Transition_type_id) VALUES
 (92, -1846269040, 1)
,(92, -71092800, 2)
;
INSERT INTO  oceanbase.__all_tenant_time_zone_transition_type (Time_zone_id, Transition_type_id, Offset, Is_DST, Abbreviation) VALUES
 (92, 0, -12560, 0, 'LMT')
,(92, 1, -14400, 0, 'GFT')
,(92, 2, -10800, 0, 'GFT')
;
INSERT INTO oceanbase.__all_tenant_time_zone (Time_zone_id, Use_leap_seconds) VALUES (93, 'N');
INSERT INTO  oceanbase.__all_tenant_time_zone_name (Name, Time_zone_id) VALUES ('America/Cayman', 93);
INSERT INTO  oceanbase.__all_tenant_time_zone_transition (Time_zone_id, Transition_time, Transition_type_id) VALUES
 (93, -1827687168, 1)
;
INSERT INTO  oceanbase.__all_tenant_time_zone_transition_type (Time_zone_id, Transition_type_id, Offset, Is_DST, Abbreviation) VALUES
 (93, 0, -18432, 0, 'KMT')
,(93, 1, -18000, 0, 'EST')
;
INSERT INTO oceanbase.__all_tenant_time_zone (Time_zone_id, Use_leap_seconds) VALUES (94, 'N');
INSERT INTO  oceanbase.__all_tenant_time_zone_name (Name, Time_zone_id) VALUES ('America/Chicago', 94);
INSERT INTO  oceanbase.__all_tenant_time_zone_transition (Time_zone_id, Transition_time, Transition_type_id) VALUES
 (94, -1633276800, 0)
,(94, -1615136400, 1)
,(94, -1601827200, 0)
,(94, -1583686800, 1)
,(94, -1563724800, 0)
,(94, -1551632400, 1)
,(94, -1538928000, 0)
,(94, -1520182800, 1)
,(94, -1504454400, 0)
,(94, -1491757200, 1)
,(94, -1473004800, 0)
,(94, -1459702800, 1)
,(94, -1441555200, 0)
,(94, -1428253200, 1)
,(94, -1410105600, 0)
,(94, -1396803600, 1)
,(94, -1378656000, 0)
,(94, -1365354000, 1)
,(94, -1347206400, 0)
,(94, -1333904400, 1)
,(94, -1315152000, 0)
,(94, -1301850000, 1)
,(94, -1283702400, 0)
,(94, -1270400400, 1)
,(94, -1252252800, 0)
,(94, -1238950800, 1)
,(94, -1220803200, 0)
,(94, -1207501200, 1)
,(94, -1189353600, 0)
,(94, -1176051600, 1)
,(94, -1157299200, 0)
,(94, -1144602000, 1)
,(94, -1125849600, 0)
,(94, -1112547600, 1)
,(94, -1094400000, 0)
,(94, -1081098000, 1)
,(94, -1067788800, 2)
,(94, -1045414800, 1)
,(94, -1031500800, 0)
,(94, -1018198800, 1)
,(94, -1000051200, 0)
,(94, -986749200, 1)
,(94, -967996800, 0)
,(94, -955299600, 1)
,(94, -936547200, 0)
,(94, -923245200, 1)
,(94, -905097600, 0)
,(94, -891795600, 1)
,(94, -880214400, 3)
,(94, -769395600, 4)
,(94, -765392400, 1)
,(94, -747244800, 0)
,(94, -733942800, 1)
,(94, -715795200, 0)
,(94, -702493200, 1)
,(94, -684345600, 0)
,(94, -671043600, 1)
,(94, -652896000, 0)
,(94, -639594000, 1)
,(94, -620841600, 0)
,(94, -608144400, 1)
,(94, -589392000, 0)
,(94, -576090000, 1)
,(94, -557942400, 0)
,(94, -544640400, 1)
,(94, -526492800, 0)
,(94, -513190800, 1)
,(94, -495043200, 0)
,(94, -481741200, 1)
,(94, -463593600, 0)
,(94, -447267600, 1)
,(94, -431539200, 0)
,(94, -415818000, 1)
,(94, -400089600, 0)
,(94, -384368400, 1)
,(94, -368640000, 0)
,(94, -352918800, 1)
,(94, -337190400, 0)
,(94, -321469200, 1)
,(94, -305740800, 0)
,(94, -289414800, 1)
,(94, -273686400, 0)
,(94, -257965200, 1)
,(94, -242236800, 0)
,(94, -226515600, 1)
,(94, -210787200, 0)
,(94, -195066000, 1)
,(94, -179337600, 0)
,(94, -163616400, 1)
,(94, -147888000, 0)
,(94, -131562000, 1)
,(94, -116438400, 0)
,(94, -100112400, 1)
,(94, -84384000, 0)
,(94, -68662800, 1)
,(94, -52934400, 0)
,(94, -37213200, 1)
,(94, -21484800, 0)
,(94, -5763600, 1)
,(94, 9964800, 0)
,(94, 25686000, 1)
,(94, 41414400, 0)
,(94, 57740400, 1)
,(94, 73468800, 0)
,(94, 89190000, 1)
,(94, 104918400, 0)
,(94, 120639600, 1)
,(94, 126691200, 0)
,(94, 152089200, 1)
,(94, 162374400, 0)
,(94, 183538800, 1)
,(94, 199267200, 0)
,(94, 215593200, 1)
,(94, 230716800, 0)
,(94, 247042800, 1)
,(94, 262771200, 0)
,(94, 278492400, 1)
,(94, 294220800, 0)
,(94, 309942000, 1)
,(94, 325670400, 0)
,(94, 341391600, 1)
,(94, 357120000, 0)
,(94, 372841200, 1)
,(94, 388569600, 0)
,(94, 404895600, 1)
,(94, 420019200, 0)
,(94, 436345200, 1)
,(94, 452073600, 0)
,(94, 467794800, 1)
,(94, 483523200, 0)
,(94, 499244400, 1)
,(94, 514972800, 0)
,(94, 530694000, 1)
,(94, 544608000, 0)
,(94, 562143600, 1)
,(94, 576057600, 0)
,(94, 594198000, 1)
,(94, 607507200, 0)
,(94, 625647600, 1)
,(94, 638956800, 0)
,(94, 657097200, 1)
,(94, 671011200, 0)
,(94, 688546800, 1)
,(94, 702460800, 0)
,(94, 719996400, 1)
,(94, 733910400, 0)
,(94, 752050800, 1)
,(94, 765360000, 0)
,(94, 783500400, 1)
,(94, 796809600, 0)
,(94, 814950000, 1)
,(94, 828864000, 0)
,(94, 846399600, 1)
,(94, 860313600, 0)
,(94, 877849200, 1)
,(94, 891763200, 0)
,(94, 909298800, 1)
,(94, 923212800, 0)
,(94, 941353200, 1)
,(94, 954662400, 0)
,(94, 972802800, 1)
,(94, 986112000, 0)
,(94, 1004252400, 1)
,(94, 1018166400, 0)
,(94, 1035702000, 1)
,(94, 1049616000, 0)
,(94, 1067151600, 1)
,(94, 1081065600, 0)
,(94, 1099206000, 1)
,(94, 1112515200, 0)
,(94, 1130655600, 1)
,(94, 1143964800, 0)
,(94, 1162105200, 1)
,(94, 1173600000, 0)
,(94, 1194159600, 1)
,(94, 1205049600, 0)
,(94, 1225609200, 1)
,(94, 1236499200, 0)
,(94, 1257058800, 1)
,(94, 1268553600, 0)
,(94, 1289113200, 1)
,(94, 1300003200, 0)
,(94, 1320562800, 1)
,(94, 1331452800, 0)
,(94, 1352012400, 1)
,(94, 1362902400, 0)
,(94, 1383462000, 1)
,(94, 1394352000, 0)
,(94, 1414911600, 1)
,(94, 1425801600, 0)
,(94, 1446361200, 1)
,(94, 1457856000, 0)
,(94, 1478415600, 1)
,(94, 1489305600, 0)
,(94, 1509865200, 1)
,(94, 1520755200, 0)
,(94, 1541314800, 1)
,(94, 1552204800, 0)
,(94, 1572764400, 1)
,(94, 1583654400, 0)
,(94, 1604214000, 1)
,(94, 1615708800, 0)
,(94, 1636268400, 1)
,(94, 1647158400, 0)
,(94, 1667718000, 1)
,(94, 1678608000, 0)
,(94, 1699167600, 1)
,(94, 1710057600, 0)
,(94, 1730617200, 1)
,(94, 1741507200, 0)
,(94, 1762066800, 1)
,(94, 1772956800, 0)
,(94, 1793516400, 1)
,(94, 1805011200, 0)
,(94, 1825570800, 1)
,(94, 1836460800, 0)
,(94, 1857020400, 1)
,(94, 1867910400, 0)
,(94, 1888470000, 1)
,(94, 1899360000, 0)
,(94, 1919919600, 1)
,(94, 1930809600, 0)
,(94, 1951369200, 1)
,(94, 1962864000, 0)
,(94, 1983423600, 1)
,(94, 1994313600, 0)
,(94, 2014873200, 1)
,(94, 2025763200, 0)
,(94, 2046322800, 1)
,(94, 2057212800, 0)
,(94, 2077772400, 1)
,(94, 2088662400, 0)
,(94, 2109222000, 1)
,(94, 2120112000, 0)
,(94, 2140671600, 1)
;
INSERT INTO  oceanbase.__all_tenant_time_zone_transition_type (Time_zone_id, Transition_type_id, Offset, Is_DST, Abbreviation) VALUES
 (94, 0, -18000, 1, 'CDT')
,(94, 1, -21600, 0, 'CST')
,(94, 2, -18000, 0, 'EST')
,(94, 3, -18000, 1, 'CWT')
,(94, 4, -18000, 1, 'CPT')
;
INSERT INTO oceanbase.__all_tenant_time_zone (Time_zone_id, Use_leap_seconds) VALUES (95, 'N');
INSERT INTO  oceanbase.__all_tenant_time_zone_name (Name, Time_zone_id) VALUES ('America/Chihuahua', 95);
INSERT INTO  oceanbase.__all_tenant_time_zone_transition (Time_zone_id, Transition_time, Transition_type_id) VALUES
 (95, -1514739600, 1)
,(95, -1343066400, 2)
,(95, -1234807200, 1)
,(95, -1220292000, 2)
,(95, -1207159200, 1)
,(95, -1191344400, 2)
,(95, 828864000, 3)
,(95, 846399600, 2)
,(95, 860313600, 3)
,(95, 877849200, 2)
,(95, 891766800, 4)
,(95, 909302400, 1)
,(95, 923216400, 4)
,(95, 941356800, 1)
,(95, 954666000, 4)
,(95, 972806400, 1)
,(95, 989139600, 4)
,(95, 1001836800, 1)
,(95, 1018170000, 4)
,(95, 1035705600, 1)
,(95, 1049619600, 4)
,(95, 1067155200, 1)
,(95, 1081069200, 4)
,(95, 1099209600, 1)
,(95, 1112518800, 4)
,(95, 1130659200, 1)
,(95, 1143968400, 4)
,(95, 1162108800, 1)
,(95, 1175418000, 4)
,(95, 1193558400, 1)
,(95, 1207472400, 4)
,(95, 1225008000, 1)
,(95, 1238922000, 4)
,(95, 1256457600, 1)
,(95, 1270371600, 4)
,(95, 1288512000, 1)
,(95, 1301821200, 4)
,(95, 1319961600, 1)
,(95, 1333270800, 4)
,(95, 1351411200, 1)
,(95, 1365325200, 4)
,(95, 1382860800, 1)
,(95, 1396774800, 4)
,(95, 1414310400, 1)
,(95, 1428224400, 4)
,(95, 1445760000, 1)
,(95, 1459674000, 4)
,(95, 1477814400, 1)
,(95, 1491123600, 4)
,(95, 1509264000, 1)
,(95, 1522573200, 4)
,(95, 1540713600, 1)
,(95, 1554627600, 4)
,(95, 1572163200, 1)
,(95, 1586077200, 4)
,(95, 1603612800, 1)
,(95, 1617526800, 4)
,(95, 1635667200, 1)
,(95, 1648976400, 4)
,(95, 1667116800, 1)
,(95, 1680426000, 4)
,(95, 1698566400, 1)
,(95, 1712480400, 4)
,(95, 1730016000, 1)
,(95, 1743930000, 4)
,(95, 1761465600, 1)
,(95, 1775379600, 4)
,(95, 1792915200, 1)
,(95, 1806829200, 4)
,(95, 1824969600, 1)
,(95, 1838278800, 4)
,(95, 1856419200, 1)
,(95, 1869728400, 4)
,(95, 1887868800, 1)
,(95, 1901782800, 4)
,(95, 1919318400, 1)
,(95, 1933232400, 4)
,(95, 1950768000, 1)
,(95, 1964682000, 4)
,(95, 1982822400, 1)
,(95, 1996131600, 4)
,(95, 2014272000, 1)
,(95, 2027581200, 4)
,(95, 2045721600, 1)
,(95, 2059030800, 4)
,(95, 2077171200, 1)
,(95, 2091085200, 4)
,(95, 2108620800, 1)
,(95, 2122534800, 4)
,(95, 2140070400, 1)
;
INSERT INTO  oceanbase.__all_tenant_time_zone_transition_type (Time_zone_id, Transition_type_id, Offset, Is_DST, Abbreviation) VALUES
 (95, 0, -25460, 0, 'LMT')
,(95, 1, -25200, 0, 'MST')
,(95, 2, -21600, 0, 'CST')
,(95, 3, -18000, 1, 'CDT')
,(95, 4, -21600, 1, 'MDT')
;
INSERT INTO oceanbase.__all_tenant_time_zone (Time_zone_id, Use_leap_seconds) VALUES (96, 'N');
INSERT INTO  oceanbase.__all_tenant_time_zone_name (Name, Time_zone_id) VALUES ('America/Coral_Harbour', 96);
INSERT INTO  oceanbase.__all_tenant_time_zone_transition (Time_zone_id, Transition_time, Transition_type_id) VALUES
 (96, -1632067200, 0)
,(96, -1614790800, 1)
,(96, -923248800, 0)
,(96, -880214400, 2)
,(96, -769395600, 3)
,(96, -765392400, 4)
;
INSERT INTO  oceanbase.__all_tenant_time_zone_transition_type (Time_zone_id, Transition_type_id, Offset, Is_DST, Abbreviation) VALUES
 (96, 0, -18000, 1, 'CDT')
,(96, 1, -21600, 0, 'CST')
,(96, 2, -18000, 1, 'CWT')
,(96, 3, -18000, 1, 'CPT')
,(96, 4, -18000, 0, 'EST')
;
INSERT INTO oceanbase.__all_tenant_time_zone (Time_zone_id, Use_leap_seconds) VALUES (97, 'N');
INSERT INTO  oceanbase.__all_tenant_time_zone_name (Name, Time_zone_id) VALUES ('America/Cordoba', 97);
INSERT INTO  oceanbase.__all_tenant_time_zone_transition (Time_zone_id, Transition_time, Transition_type_id) VALUES
 (97, -1567453392, 1)
,(97, -1233432000, 2)
,(97, -1222981200, 1)
,(97, -1205956800, 2)
,(97, -1194037200, 1)
,(97, -1172865600, 2)
,(97, -1162501200, 1)
,(97, -1141329600, 2)
,(97, -1130965200, 1)
,(97, -1109793600, 2)
,(97, -1099429200, 1)
,(97, -1078257600, 2)
,(97, -1067806800, 1)
,(97, -1046635200, 2)
,(97, -1036270800, 1)
,(97, -1015099200, 2)
,(97, -1004734800, 1)
,(97, -983563200, 2)
,(97, -973198800, 1)
,(97, -952027200, 2)
,(97, -941576400, 1)
,(97, -931032000, 2)
,(97, -900882000, 1)
,(97, -890337600, 2)
,(97, -833749200, 1)
,(97, -827265600, 2)
,(97, -752274000, 1)
,(97, -733780800, 2)
,(97, -197326800, 1)
,(97, -190843200, 2)
,(97, -184194000, 1)
,(97, -164491200, 2)
,(97, -152658000, 1)
,(97, -132955200, 2)
,(97, -121122000, 1)
,(97, -101419200, 2)
,(97, -86821200, 1)
,(97, -71092800, 2)
,(97, -54766800, 1)
,(97, -39038400, 2)
,(97, -23317200, 1)
,(97, -7588800, 4)
,(97, 128142000, 3)
,(97, 136605600, 4)
,(97, 596948400, 3)
,(97, 605066400, 4)
,(97, 624423600, 3)
,(97, 636516000, 4)
,(97, 656478000, 3)
,(97, 667965600, 5)
,(97, 687931200, 3)
,(97, 699415200, 4)
,(97, 719377200, 3)
,(97, 731469600, 4)
,(97, 938919600, 2)
,(97, 952052400, 4)
,(97, 1198983600, 3)
,(97, 1205632800, 4)
,(97, 1224385200, 3)
,(97, 1237082400, 4)
;
INSERT INTO  oceanbase.__all_tenant_time_zone_transition_type (Time_zone_id, Transition_type_id, Offset, Is_DST, Abbreviation) VALUES
 (97, 0, -15408, 0, 'CMT')
,(97, 1, -14400, 0, 'ART')
,(97, 2, -10800, 1, 'ARST')
,(97, 3, -7200, 1, 'ARST')
,(97, 4, -10800, 0, 'ART')
,(97, 5, -14400, 0, 'WART')
;
INSERT INTO oceanbase.__all_tenant_time_zone (Time_zone_id, Use_leap_seconds) VALUES (98, 'N');
INSERT INTO  oceanbase.__all_tenant_time_zone_name (Name, Time_zone_id) VALUES ('America/Costa_Rica', 98);
INSERT INTO  oceanbase.__all_tenant_time_zone_transition (Time_zone_id, Transition_time, Transition_type_id) VALUES
 (98, -1545071020, 2)
,(98, 288770400, 1)
,(98, 297234000, 2)
,(98, 320220000, 1)
,(98, 328683600, 2)
,(98, 664264800, 1)
,(98, 678344400, 2)
,(98, 695714400, 1)
,(98, 700635600, 2)
;
INSERT INTO  oceanbase.__all_tenant_time_zone_transition_type (Time_zone_id, Transition_type_id, Offset, Is_DST, Abbreviation) VALUES
 (98, 0, -20180, 0, 'SJMT')
,(98, 1, -18000, 1, 'CDT')
,(98, 2, -21600, 0, 'CST')
;
INSERT INTO oceanbase.__all_tenant_time_zone (Time_zone_id, Use_leap_seconds) VALUES (99, 'N');
INSERT INTO  oceanbase.__all_tenant_time_zone_name (Name, Time_zone_id) VALUES ('America/Cuiaba', 99);
INSERT INTO  oceanbase.__all_tenant_time_zone_transition (Time_zone_id, Transition_time, Transition_type_id) VALUES
 (99, -1767212140, 2)
,(99, -1206954000, 1)
,(99, -1191358800, 2)
,(99, -1175371200, 1)
,(99, -1159822800, 2)
,(99, -633816000, 1)
,(99, -622065600, 2)
,(99, -602280000, 1)
,(99, -591829200, 2)
,(99, -570744000, 1)
,(99, -560206800, 2)
,(99, -539121600, 1)
,(99, -531349200, 2)
,(99, -191361600, 1)
,(99, -184194000, 2)
,(99, -155160000, 1)
,(99, -150066000, 2)
,(99, -128894400, 1)
,(99, -121122000, 2)
,(99, -99950400, 1)
,(99, -89586000, 2)
,(99, -68414400, 1)
,(99, -57963600, 2)
,(99, 499752000, 1)
,(99, 511239600, 2)
,(99, 530596800, 1)
,(99, 540270000, 2)
,(99, 562132800, 1)
,(99, 571201200, 2)
,(99, 592977600, 1)
,(99, 602046000, 2)
,(99, 624427200, 1)
,(99, 634705200, 2)
,(99, 656481600, 1)
,(99, 666759600, 2)
,(99, 687931200, 1)
,(99, 697604400, 2)
,(99, 719985600, 1)
,(99, 728449200, 2)
,(99, 750830400, 1)
,(99, 761713200, 2)
,(99, 782280000, 1)
,(99, 793162800, 2)
,(99, 813729600, 1)
,(99, 824007600, 2)
,(99, 844574400, 1)
,(99, 856062000, 2)
,(99, 876110400, 1)
,(99, 888721200, 2)
,(99, 908078400, 1)
,(99, 919566000, 2)
,(99, 938923200, 1)
,(99, 951620400, 2)
,(99, 970977600, 1)
,(99, 982465200, 2)
,(99, 1003032000, 1)
,(99, 1013914800, 2)
,(99, 1036296000, 1)
,(99, 1045364400, 2)
,(99, 1099368000, 1)
,(99, 1108868400, 2)
,(99, 1129435200, 1)
,(99, 1140318000, 2)
,(99, 1162699200, 1)
,(99, 1172372400, 2)
,(99, 1192334400, 1)
,(99, 1203217200, 2)
,(99, 1224388800, 1)
,(99, 1234666800, 2)
,(99, 1255838400, 1)
,(99, 1266721200, 2)
,(99, 1287288000, 1)
,(99, 1298170800, 2)
,(99, 1318737600, 1)
,(99, 1330225200, 2)
,(99, 1350792000, 1)
,(99, 1361070000, 2)
,(99, 1382241600, 1)
,(99, 1392519600, 2)
,(99, 1413691200, 1)
,(99, 1424574000, 2)
,(99, 1445140800, 1)
,(99, 1456023600, 2)
,(99, 1476590400, 1)
,(99, 1487473200, 2)
,(99, 1508040000, 1)
,(99, 1518922800, 2)
,(99, 1540094400, 1)
,(99, 1550372400, 2)
,(99, 1571544000, 1)
,(99, 1581822000, 2)
,(99, 1602993600, 1)
,(99, 1613876400, 2)
,(99, 1634443200, 1)
,(99, 1645326000, 2)
,(99, 1665892800, 1)
,(99, 1677380400, 2)
,(99, 1697342400, 1)
,(99, 1708225200, 2)
,(99, 1729396800, 1)
,(99, 1739674800, 2)
,(99, 1760846400, 1)
,(99, 1771729200, 2)
,(99, 1792296000, 1)
,(99, 1803178800, 2)
,(99, 1823745600, 1)
,(99, 1834628400, 2)
,(99, 1855195200, 1)
,(99, 1866078000, 2)
,(99, 1887249600, 1)
,(99, 1897527600, 2)
,(99, 1918699200, 1)
,(99, 1928977200, 2)
,(99, 1950148800, 1)
,(99, 1960426800, 2)
,(99, 1981598400, 1)
,(99, 1992481200, 2)
,(99, 2013048000, 1)
,(99, 2024535600, 2)
,(99, 2044497600, 1)
,(99, 2055380400, 2)
,(99, 2076552000, 1)
,(99, 2086830000, 2)
,(99, 2108001600, 1)
,(99, 2118884400, 2)
,(99, 2139451200, 1)
;
INSERT INTO  oceanbase.__all_tenant_time_zone_transition_type (Time_zone_id, Transition_type_id, Offset, Is_DST, Abbreviation) VALUES
 (99, 0, -13460, 0, 'LMT')
,(99, 1, -10800, 1, 'AMST')
,(99, 2, -14400, 0, 'AMT')
;
INSERT INTO oceanbase.__all_tenant_time_zone (Time_zone_id, Use_leap_seconds) VALUES (100, 'N');
INSERT INTO  oceanbase.__all_tenant_time_zone_name (Name, Time_zone_id) VALUES ('America/Curacao', 100);
INSERT INTO  oceanbase.__all_tenant_time_zone_transition (Time_zone_id, Transition_time, Transition_type_id) VALUES
 (100, -1826738656, 1)
,(100, -157750200, 2)
;
INSERT INTO  oceanbase.__all_tenant_time_zone_transition_type (Time_zone_id, Transition_type_id, Offset, Is_DST, Abbreviation) VALUES
 (100, 0, -16544, 0, 'LMT')
,(100, 1, -16200, 0, 'ANT')
,(100, 2, -14400, 0, 'AST')
;
INSERT INTO oceanbase.__all_tenant_time_zone (Time_zone_id, Use_leap_seconds) VALUES (101, 'N');
INSERT INTO  oceanbase.__all_tenant_time_zone_name (Name, Time_zone_id) VALUES ('America/Danmarkshavn', 101);
INSERT INTO  oceanbase.__all_tenant_time_zone_transition (Time_zone_id, Transition_time, Transition_type_id) VALUES
 (101, -1686091520, 1)
,(101, 323845200, 4)
,(101, 338950800, 2)
,(101, 354675600, 3)
,(101, 370400400, 2)
,(101, 386125200, 3)
,(101, 401850000, 2)
,(101, 417574800, 3)
,(101, 433299600, 2)
,(101, 449024400, 3)
,(101, 465354000, 2)
,(101, 481078800, 3)
,(101, 496803600, 2)
,(101, 512528400, 3)
,(101, 528253200, 2)
,(101, 543978000, 3)
,(101, 559702800, 2)
,(101, 575427600, 3)
,(101, 591152400, 2)
,(101, 606877200, 3)
,(101, 622602000, 2)
,(101, 638326800, 3)
,(101, 654656400, 2)
,(101, 670381200, 3)
,(101, 686106000, 2)
,(101, 701830800, 3)
,(101, 717555600, 2)
,(101, 733280400, 3)
,(101, 749005200, 2)
,(101, 764730000, 3)
,(101, 780454800, 2)
,(101, 796179600, 3)
,(101, 811904400, 2)
,(101, 820465200, 5)
;
INSERT INTO  oceanbase.__all_tenant_time_zone_transition_type (Time_zone_id, Transition_type_id, Offset, Is_DST, Abbreviation) VALUES
 (101, 0, -4480, 0, 'LMT')
,(101, 1, -10800, 0, 'WGT')
,(101, 2, -10800, 0, 'WGT')
,(101, 3, -7200, 1, 'WGST')
,(101, 4, -7200, 1, 'WGST')
,(101, 5, 0, 0, 'GMT')
;
INSERT INTO oceanbase.__all_tenant_time_zone (Time_zone_id, Use_leap_seconds) VALUES (102, 'N');
INSERT INTO  oceanbase.__all_tenant_time_zone_name (Name, Time_zone_id) VALUES ('America/Dawson', 102);
INSERT INTO  oceanbase.__all_tenant_time_zone_transition (Time_zone_id, Transition_time, Transition_type_id) VALUES
 (102, -1632056400, 0)
,(102, -1615125600, 1)
,(102, -1596978000, 0)
,(102, -1583164800, 1)
,(102, -880203600, 2)
,(102, -769395600, 3)
,(102, -765381600, 1)
,(102, -147884400, 4)
,(102, -131554800, 1)
,(102, 120646800, 5)
,(102, 325677600, 6)
,(102, 341398800, 5)
,(102, 357127200, 6)
,(102, 372848400, 5)
,(102, 388576800, 6)
,(102, 404902800, 5)
,(102, 420026400, 6)
,(102, 436352400, 5)
,(102, 452080800, 6)
,(102, 467802000, 5)
,(102, 483530400, 6)
,(102, 499251600, 5)
,(102, 514980000, 6)
,(102, 530701200, 5)
,(102, 544615200, 6)
,(102, 562150800, 5)
,(102, 576064800, 6)
,(102, 594205200, 5)
,(102, 607514400, 6)
,(102, 625654800, 5)
,(102, 638964000, 6)
,(102, 657104400, 5)
,(102, 671018400, 6)
,(102, 688554000, 5)
,(102, 702468000, 6)
,(102, 720003600, 5)
,(102, 733917600, 6)
,(102, 752058000, 5)
,(102, 765367200, 6)
,(102, 783507600, 5)
,(102, 796816800, 6)
,(102, 814957200, 5)
,(102, 828871200, 6)
,(102, 846406800, 5)
,(102, 860320800, 6)
,(102, 877856400, 5)
,(102, 891770400, 6)
,(102, 909306000, 5)
,(102, 923220000, 6)
,(102, 941360400, 5)
,(102, 954669600, 6)
,(102, 972810000, 5)
,(102, 986119200, 6)
,(102, 1004259600, 5)
,(102, 1018173600, 6)
,(102, 1035709200, 5)
,(102, 1049623200, 6)
,(102, 1067158800, 5)
,(102, 1081072800, 6)
,(102, 1099213200, 5)
,(102, 1112522400, 6)
,(102, 1130662800, 5)
,(102, 1143972000, 6)
,(102, 1162112400, 5)
,(102, 1173607200, 6)
,(102, 1194166800, 5)
,(102, 1205056800, 6)
,(102, 1225616400, 5)
,(102, 1236506400, 6)
,(102, 1257066000, 5)
,(102, 1268560800, 6)
,(102, 1289120400, 5)
,(102, 1300010400, 6)
,(102, 1320570000, 5)
,(102, 1331460000, 6)
,(102, 1352019600, 5)
,(102, 1362909600, 6)
,(102, 1383469200, 5)
,(102, 1394359200, 6)
,(102, 1414918800, 5)
,(102, 1425808800, 6)
,(102, 1446368400, 5)
,(102, 1457863200, 6)
,(102, 1478422800, 5)
,(102, 1489312800, 6)
,(102, 1509872400, 5)
,(102, 1520762400, 6)
,(102, 1541322000, 5)
,(102, 1552212000, 6)
,(102, 1572771600, 5)
,(102, 1583661600, 6)
,(102, 1604221200, 5)
,(102, 1615716000, 6)
,(102, 1636275600, 5)
,(102, 1647165600, 6)
,(102, 1667725200, 5)
,(102, 1678615200, 6)
,(102, 1699174800, 5)
,(102, 1710064800, 6)
,(102, 1730624400, 5)
,(102, 1741514400, 6)
,(102, 1762074000, 5)
,(102, 1772964000, 6)
,(102, 1793523600, 5)
,(102, 1805018400, 6)
,(102, 1825578000, 5)
,(102, 1836468000, 6)
,(102, 1857027600, 5)
,(102, 1867917600, 6)
,(102, 1888477200, 5)
,(102, 1899367200, 6)
,(102, 1919926800, 5)
,(102, 1930816800, 6)
,(102, 1951376400, 5)
,(102, 1962871200, 6)
,(102, 1983430800, 5)
,(102, 1994320800, 6)
,(102, 2014880400, 5)
,(102, 2025770400, 6)
,(102, 2046330000, 5)
,(102, 2057220000, 6)
,(102, 2077779600, 5)
,(102, 2088669600, 6)
,(102, 2109229200, 5)
,(102, 2120119200, 6)
,(102, 2140678800, 5)
;
INSERT INTO  oceanbase.__all_tenant_time_zone_transition_type (Time_zone_id, Transition_type_id, Offset, Is_DST, Abbreviation) VALUES
 (102, 0, -28800, 1, 'YDT')
,(102, 1, -32400, 0, 'YST')
,(102, 2, -28800, 1, 'YWT')
,(102, 3, -28800, 1, 'YPT')
,(102, 4, -25200, 1, 'YDDT')
,(102, 5, -28800, 0, 'PST')
,(102, 6, -25200, 1, 'PDT')
;
INSERT INTO oceanbase.__all_tenant_time_zone (Time_zone_id, Use_leap_seconds) VALUES (103, 'N');
INSERT INTO  oceanbase.__all_tenant_time_zone_name (Name, Time_zone_id) VALUES ('America/Dawson_Creek', 103);
INSERT INTO  oceanbase.__all_tenant_time_zone_transition (Time_zone_id, Transition_time, Transition_type_id) VALUES
 (103, -1632060000, 0)
,(103, -1614783600, 1)
,(103, -880207200, 2)
,(103, -769395600, 3)
,(103, -765385200, 1)
,(103, -715788000, 0)
,(103, -702486000, 1)
,(103, -684338400, 0)
,(103, -671036400, 1)
,(103, -652888800, 0)
,(103, -639586800, 1)
,(103, -620834400, 0)
,(103, -608137200, 1)
,(103, -589384800, 0)
,(103, -576082800, 1)
,(103, -557935200, 0)
,(103, -544633200, 1)
,(103, -526485600, 0)
,(103, -513183600, 1)
,(103, -495036000, 0)
,(103, -481734000, 1)
,(103, -463586400, 0)
,(103, -450284400, 1)
,(103, -431532000, 0)
,(103, -418230000, 1)
,(103, -400082400, 0)
,(103, -386780400, 1)
,(103, -368632800, 0)
,(103, -355330800, 1)
,(103, -337183200, 0)
,(103, -323881200, 1)
,(103, -305733600, 0)
,(103, -292431600, 1)
,(103, -273679200, 0)
,(103, -260982000, 1)
,(103, -242229600, 0)
,(103, -226508400, 1)
,(103, -210780000, 0)
,(103, -195058800, 1)
,(103, -179330400, 0)
,(103, -163609200, 1)
,(103, -147880800, 0)
,(103, -131554800, 1)
,(103, -116431200, 0)
,(103, -100105200, 1)
,(103, -84376800, 0)
,(103, -68655600, 1)
,(103, -52927200, 0)
,(103, -37206000, 1)
,(103, -21477600, 0)
,(103, -5756400, 1)
,(103, 9972000, 0)
,(103, 25693200, 1)
,(103, 41421600, 0)
,(103, 57747600, 1)
,(103, 73476000, 0)
,(103, 84013200, 4)
;
INSERT INTO  oceanbase.__all_tenant_time_zone_transition_type (Time_zone_id, Transition_type_id, Offset, Is_DST, Abbreviation) VALUES
 (103, 0, -25200, 1, 'PDT')
,(103, 1, -28800, 0, 'PST')
,(103, 2, -25200, 1, 'PWT')
,(103, 3, -25200, 1, 'PPT')
,(103, 4, -25200, 0, 'MST')
;
INSERT INTO oceanbase.__all_tenant_time_zone (Time_zone_id, Use_leap_seconds) VALUES (104, 'N');
INSERT INTO  oceanbase.__all_tenant_time_zone_name (Name, Time_zone_id) VALUES ('America/Denver', 104);
INSERT INTO  oceanbase.__all_tenant_time_zone_transition (Time_zone_id, Transition_time, Transition_type_id) VALUES
 (104, -1633273200, 0)
,(104, -1615132800, 1)
,(104, -1601823600, 0)
,(104, -1583683200, 1)
,(104, -1570374000, 0)
,(104, -1551628800, 1)
,(104, -1538924400, 0)
,(104, -1534089600, 1)
,(104, -880210800, 2)
,(104, -769395600, 3)
,(104, -765388800, 1)
,(104, -147884400, 0)
,(104, -131558400, 1)
,(104, -116434800, 0)
,(104, -100108800, 1)
,(104, -84380400, 0)
,(104, -68659200, 1)
,(104, -52930800, 0)
,(104, -37209600, 1)
,(104, -21481200, 0)
,(104, -5760000, 1)
,(104, 9968400, 0)
,(104, 25689600, 1)
,(104, 41418000, 0)
,(104, 57744000, 1)
,(104, 73472400, 0)
,(104, 89193600, 1)
,(104, 104922000, 0)
,(104, 120643200, 1)
,(104, 126694800, 0)
,(104, 152092800, 1)
,(104, 162378000, 0)
,(104, 183542400, 1)
,(104, 199270800, 0)
,(104, 215596800, 1)
,(104, 230720400, 0)
,(104, 247046400, 1)
,(104, 262774800, 0)
,(104, 278496000, 1)
,(104, 294224400, 0)
,(104, 309945600, 1)
,(104, 325674000, 0)
,(104, 341395200, 1)
,(104, 357123600, 0)
,(104, 372844800, 1)
,(104, 388573200, 0)
,(104, 404899200, 1)
,(104, 420022800, 0)
,(104, 436348800, 1)
,(104, 452077200, 0)
,(104, 467798400, 1)
,(104, 483526800, 0)
,(104, 499248000, 1)
,(104, 514976400, 0)
,(104, 530697600, 1)
,(104, 544611600, 0)
,(104, 562147200, 1)
,(104, 576061200, 0)
,(104, 594201600, 1)
,(104, 607510800, 0)
,(104, 625651200, 1)
,(104, 638960400, 0)
,(104, 657100800, 1)
,(104, 671014800, 0)
,(104, 688550400, 1)
,(104, 702464400, 0)
,(104, 720000000, 1)
,(104, 733914000, 0)
,(104, 752054400, 1)
,(104, 765363600, 0)
,(104, 783504000, 1)
,(104, 796813200, 0)
,(104, 814953600, 1)
,(104, 828867600, 0)
,(104, 846403200, 1)
,(104, 860317200, 0)
,(104, 877852800, 1)
,(104, 891766800, 0)
,(104, 909302400, 1)
,(104, 923216400, 0)
,(104, 941356800, 1)
,(104, 954666000, 0)
,(104, 972806400, 1)
,(104, 986115600, 0)
,(104, 1004256000, 1)
,(104, 1018170000, 0)
,(104, 1035705600, 1)
,(104, 1049619600, 0)
,(104, 1067155200, 1)
,(104, 1081069200, 0)
,(104, 1099209600, 1)
,(104, 1112518800, 0)
,(104, 1130659200, 1)
,(104, 1143968400, 0)
,(104, 1162108800, 1)
,(104, 1173603600, 0)
,(104, 1194163200, 1)
,(104, 1205053200, 0)
,(104, 1225612800, 1)
,(104, 1236502800, 0)
,(104, 1257062400, 1)
,(104, 1268557200, 0)
,(104, 1289116800, 1)
,(104, 1300006800, 0)
,(104, 1320566400, 1)
,(104, 1331456400, 0)
,(104, 1352016000, 1)
,(104, 1362906000, 0)
,(104, 1383465600, 1)
,(104, 1394355600, 0)
,(104, 1414915200, 1)
,(104, 1425805200, 0)
,(104, 1446364800, 1)
,(104, 1457859600, 0)
,(104, 1478419200, 1)
,(104, 1489309200, 0)
,(104, 1509868800, 1)
,(104, 1520758800, 0)
,(104, 1541318400, 1)
,(104, 1552208400, 0)
,(104, 1572768000, 1)
,(104, 1583658000, 0)
,(104, 1604217600, 1)
,(104, 1615712400, 0)
,(104, 1636272000, 1)
,(104, 1647162000, 0)
,(104, 1667721600, 1)
,(104, 1678611600, 0)
,(104, 1699171200, 1)
,(104, 1710061200, 0)
,(104, 1730620800, 1)
,(104, 1741510800, 0)
,(104, 1762070400, 1)
,(104, 1772960400, 0)
,(104, 1793520000, 1)
,(104, 1805014800, 0)
,(104, 1825574400, 1)
,(104, 1836464400, 0)
,(104, 1857024000, 1)
,(104, 1867914000, 0)
,(104, 1888473600, 1)
,(104, 1899363600, 0)
,(104, 1919923200, 1)
,(104, 1930813200, 0)
,(104, 1951372800, 1)
,(104, 1962867600, 0)
,(104, 1983427200, 1)
,(104, 1994317200, 0)
,(104, 2014876800, 1)
,(104, 2025766800, 0)
,(104, 2046326400, 1)
,(104, 2057216400, 0)
,(104, 2077776000, 1)
,(104, 2088666000, 0)
,(104, 2109225600, 1)
,(104, 2120115600, 0)
,(104, 2140675200, 1)
;
INSERT INTO  oceanbase.__all_tenant_time_zone_transition_type (Time_zone_id, Transition_type_id, Offset, Is_DST, Abbreviation) VALUES
 (104, 0, -21600, 1, 'MDT')
,(104, 1, -25200, 0, 'MST')
,(104, 2, -21600, 1, 'MWT')
,(104, 3, -21600, 1, 'MPT')
;
INSERT INTO oceanbase.__all_tenant_time_zone (Time_zone_id, Use_leap_seconds) VALUES (105, 'N');
INSERT INTO  oceanbase.__all_tenant_time_zone_name (Name, Time_zone_id) VALUES ('America/Detroit', 105);
INSERT INTO  oceanbase.__all_tenant_time_zone_transition (Time_zone_id, Transition_time, Transition_type_id) VALUES
 (105, -2051202469, 1)
,(105, -1724083200, 2)
,(105, -880218000, 3)
,(105, -769395600, 4)
,(105, -765396000, 2)
,(105, -684349200, 5)
,(105, -671047200, 2)
,(105, -80499600, 5)
,(105, -68666400, 2)
,(105, 104914800, 5)
,(105, 120636000, 2)
,(105, 126687600, 5)
,(105, 152085600, 2)
,(105, 167814000, 5)
,(105, 183535200, 2)
,(105, 199263600, 5)
,(105, 215589600, 2)
,(105, 230713200, 5)
,(105, 247039200, 2)
,(105, 262767600, 5)
,(105, 278488800, 2)
,(105, 294217200, 5)
,(105, 309938400, 2)
,(105, 325666800, 5)
,(105, 341388000, 2)
,(105, 357116400, 5)
,(105, 372837600, 2)
,(105, 388566000, 5)
,(105, 404892000, 2)
,(105, 420015600, 5)
,(105, 436341600, 2)
,(105, 452070000, 5)
,(105, 467791200, 2)
,(105, 483519600, 5)
,(105, 499240800, 2)
,(105, 514969200, 5)
,(105, 530690400, 2)
,(105, 544604400, 5)
,(105, 562140000, 2)
,(105, 576054000, 5)
,(105, 594194400, 2)
,(105, 607503600, 5)
,(105, 625644000, 2)
,(105, 638953200, 5)
,(105, 657093600, 2)
,(105, 671007600, 5)
,(105, 688543200, 2)
,(105, 702457200, 5)
,(105, 719992800, 2)
,(105, 733906800, 5)
,(105, 752047200, 2)
,(105, 765356400, 5)
,(105, 783496800, 2)
,(105, 796806000, 5)
,(105, 814946400, 2)
,(105, 828860400, 5)
,(105, 846396000, 2)
,(105, 860310000, 5)
,(105, 877845600, 2)
,(105, 891759600, 5)
,(105, 909295200, 2)
,(105, 923209200, 5)
,(105, 941349600, 2)
,(105, 954658800, 5)
,(105, 972799200, 2)
,(105, 986108400, 5)
,(105, 1004248800, 2)
,(105, 1018162800, 5)
,(105, 1035698400, 2)
,(105, 1049612400, 5)
,(105, 1067148000, 2)
,(105, 1081062000, 5)
,(105, 1099202400, 2)
,(105, 1112511600, 5)
,(105, 1130652000, 2)
,(105, 1143961200, 5)
,(105, 1162101600, 2)
,(105, 1173596400, 5)
,(105, 1194156000, 2)
,(105, 1205046000, 5)
,(105, 1225605600, 2)
,(105, 1236495600, 5)
,(105, 1257055200, 2)
,(105, 1268550000, 5)
,(105, 1289109600, 2)
,(105, 1299999600, 5)
,(105, 1320559200, 2)
,(105, 1331449200, 5)
,(105, 1352008800, 2)
,(105, 1362898800, 5)
,(105, 1383458400, 2)
,(105, 1394348400, 5)
,(105, 1414908000, 2)
,(105, 1425798000, 5)
,(105, 1446357600, 2)
,(105, 1457852400, 5)
,(105, 1478412000, 2)
,(105, 1489302000, 5)
,(105, 1509861600, 2)
,(105, 1520751600, 5)
,(105, 1541311200, 2)
,(105, 1552201200, 5)
,(105, 1572760800, 2)
,(105, 1583650800, 5)
,(105, 1604210400, 2)
,(105, 1615705200, 5)
,(105, 1636264800, 2)
,(105, 1647154800, 5)
,(105, 1667714400, 2)
,(105, 1678604400, 5)
,(105, 1699164000, 2)
,(105, 1710054000, 5)
,(105, 1730613600, 2)
,(105, 1741503600, 5)
,(105, 1762063200, 2)
,(105, 1772953200, 5)
,(105, 1793512800, 2)
,(105, 1805007600, 5)
,(105, 1825567200, 2)
,(105, 1836457200, 5)
,(105, 1857016800, 2)
,(105, 1867906800, 5)
,(105, 1888466400, 2)
,(105, 1899356400, 5)
,(105, 1919916000, 2)
,(105, 1930806000, 5)
,(105, 1951365600, 2)
,(105, 1962860400, 5)
,(105, 1983420000, 2)
,(105, 1994310000, 5)
,(105, 2014869600, 2)
,(105, 2025759600, 5)
,(105, 2046319200, 2)
,(105, 2057209200, 5)
,(105, 2077768800, 2)
,(105, 2088658800, 5)
,(105, 2109218400, 2)
,(105, 2120108400, 5)
,(105, 2140668000, 2)
;
INSERT INTO  oceanbase.__all_tenant_time_zone_transition_type (Time_zone_id, Transition_type_id, Offset, Is_DST, Abbreviation) VALUES
 (105, 0, -19931, 0, 'LMT')
,(105, 1, -21600, 0, 'CST')
,(105, 2, -18000, 0, 'EST')
,(105, 3, -14400, 1, 'EWT')
,(105, 4, -14400, 1, 'EPT')
,(105, 5, -14400, 1, 'EDT')
;
INSERT INTO oceanbase.__all_tenant_time_zone (Time_zone_id, Use_leap_seconds) VALUES (106, 'N');
INSERT INTO  oceanbase.__all_tenant_time_zone_name (Name, Time_zone_id) VALUES ('America/Dominica', 106);
INSERT INTO  oceanbase.__all_tenant_time_zone_transition (Time_zone_id, Transition_time, Transition_type_id) VALUES
 (106, -1846266804, 1)
;
INSERT INTO  oceanbase.__all_tenant_time_zone_transition_type (Time_zone_id, Transition_type_id, Offset, Is_DST, Abbreviation) VALUES
 (106, 0, -14736, 0, 'LMT')
,(106, 1, -14400, 0, 'AST')
;
INSERT INTO oceanbase.__all_tenant_time_zone (Time_zone_id, Use_leap_seconds) VALUES (107, 'N');
INSERT INTO  oceanbase.__all_tenant_time_zone_name (Name, Time_zone_id) VALUES ('America/Edmonton', 107);
INSERT INTO  oceanbase.__all_tenant_time_zone_transition (Time_zone_id, Transition_time, Transition_type_id) VALUES
 (107, -1998663968, 2)
,(107, -1632063600, 1)
,(107, -1614787200, 2)
,(107, -1600614000, 1)
,(107, -1596816000, 2)
,(107, -1567954800, 1)
,(107, -1551628800, 2)
,(107, -1536505200, 1)
,(107, -1523203200, 2)
,(107, -1504450800, 1)
,(107, -1491753600, 2)
,(107, -1473001200, 1)
,(107, -1459699200, 2)
,(107, -880210800, 3)
,(107, -769395600, 4)
,(107, -765388800, 2)
,(107, -715791600, 1)
,(107, -702489600, 2)
,(107, -84380400, 1)
,(107, -68659200, 2)
,(107, -21481200, 1)
,(107, -5760000, 2)
,(107, 73472400, 1)
,(107, 89193600, 2)
,(107, 104922000, 1)
,(107, 120643200, 2)
,(107, 136371600, 1)
,(107, 152092800, 2)
,(107, 167821200, 1)
,(107, 183542400, 2)
,(107, 199270800, 1)
,(107, 215596800, 2)
,(107, 230720400, 1)
,(107, 247046400, 2)
,(107, 262774800, 1)
,(107, 278496000, 2)
,(107, 294224400, 1)
,(107, 309945600, 2)
,(107, 325674000, 1)
,(107, 341395200, 2)
,(107, 357123600, 1)
,(107, 372844800, 2)
,(107, 388573200, 1)
,(107, 404899200, 2)
,(107, 420022800, 1)
,(107, 436348800, 2)
,(107, 452077200, 1)
,(107, 467798400, 2)
,(107, 483526800, 1)
,(107, 499248000, 2)
,(107, 514976400, 1)
,(107, 530697600, 2)
,(107, 544611600, 1)
,(107, 562147200, 2)
,(107, 576061200, 1)
,(107, 594201600, 2)
,(107, 607510800, 1)
,(107, 625651200, 2)
,(107, 638960400, 1)
,(107, 657100800, 2)
,(107, 671014800, 1)
,(107, 688550400, 2)
,(107, 702464400, 1)
,(107, 720000000, 2)
,(107, 733914000, 1)
,(107, 752054400, 2)
,(107, 765363600, 1)
,(107, 783504000, 2)
,(107, 796813200, 1)
,(107, 814953600, 2)
,(107, 828867600, 1)
,(107, 846403200, 2)
,(107, 860317200, 1)
,(107, 877852800, 2)
,(107, 891766800, 1)
,(107, 909302400, 2)
,(107, 923216400, 1)
,(107, 941356800, 2)
,(107, 954666000, 1)
,(107, 972806400, 2)
,(107, 986115600, 1)
,(107, 1004256000, 2)
,(107, 1018170000, 1)
,(107, 1035705600, 2)
,(107, 1049619600, 1)
,(107, 1067155200, 2)
,(107, 1081069200, 1)
,(107, 1099209600, 2)
,(107, 1112518800, 1)
,(107, 1130659200, 2)
,(107, 1143968400, 1)
,(107, 1162108800, 2)
,(107, 1173603600, 1)
,(107, 1194163200, 2)
,(107, 1205053200, 1)
,(107, 1225612800, 2)
,(107, 1236502800, 1)
,(107, 1257062400, 2)
,(107, 1268557200, 1)
,(107, 1289116800, 2)
,(107, 1300006800, 1)
,(107, 1320566400, 2)
,(107, 1331456400, 1)
,(107, 1352016000, 2)
,(107, 1362906000, 1)
,(107, 1383465600, 2)
,(107, 1394355600, 1)
,(107, 1414915200, 2)
,(107, 1425805200, 1)
,(107, 1446364800, 2)
,(107, 1457859600, 1)
,(107, 1478419200, 2)
,(107, 1489309200, 1)
,(107, 1509868800, 2)
,(107, 1520758800, 1)
,(107, 1541318400, 2)
,(107, 1552208400, 1)
,(107, 1572768000, 2)
,(107, 1583658000, 1)
,(107, 1604217600, 2)
,(107, 1615712400, 1)
,(107, 1636272000, 2)
,(107, 1647162000, 1)
,(107, 1667721600, 2)
,(107, 1678611600, 1)
,(107, 1699171200, 2)
,(107, 1710061200, 1)
,(107, 1730620800, 2)
,(107, 1741510800, 1)
,(107, 1762070400, 2)
,(107, 1772960400, 1)
,(107, 1793520000, 2)
,(107, 1805014800, 1)
,(107, 1825574400, 2)
,(107, 1836464400, 1)
,(107, 1857024000, 2)
,(107, 1867914000, 1)
,(107, 1888473600, 2)
,(107, 1899363600, 1)
,(107, 1919923200, 2)
,(107, 1930813200, 1)
,(107, 1951372800, 2)
,(107, 1962867600, 1)
,(107, 1983427200, 2)
,(107, 1994317200, 1)
,(107, 2014876800, 2)
,(107, 2025766800, 1)
,(107, 2046326400, 2)
,(107, 2057216400, 1)
,(107, 2077776000, 2)
,(107, 2088666000, 1)
,(107, 2109225600, 2)
,(107, 2120115600, 1)
,(107, 2140675200, 2)
;
INSERT INTO  oceanbase.__all_tenant_time_zone_transition_type (Time_zone_id, Transition_type_id, Offset, Is_DST, Abbreviation) VALUES
 (107, 0, -27232, 0, 'LMT')
,(107, 1, -21600, 1, 'MDT')
,(107, 2, -25200, 0, 'MST')
,(107, 3, -21600, 1, 'MWT')
,(107, 4, -21600, 1, 'MPT')
;
INSERT INTO oceanbase.__all_tenant_time_zone (Time_zone_id, Use_leap_seconds) VALUES (108, 'N');
INSERT INTO  oceanbase.__all_tenant_time_zone_name (Name, Time_zone_id) VALUES ('America/Eirunepe', 108);
INSERT INTO  oceanbase.__all_tenant_time_zone_transition (Time_zone_id, Transition_time, Transition_type_id) VALUES
 (108, -1767208832, 2)
,(108, -1206950400, 1)
,(108, -1191355200, 2)
,(108, -1175367600, 1)
,(108, -1159819200, 2)
,(108, -633812400, 1)
,(108, -622062000, 2)
,(108, -602276400, 1)
,(108, -591825600, 2)
,(108, -570740400, 1)
,(108, -560203200, 2)
,(108, -539118000, 1)
,(108, -531345600, 2)
,(108, -191358000, 1)
,(108, -184190400, 2)
,(108, -155156400, 1)
,(108, -150062400, 2)
,(108, -128890800, 1)
,(108, -121118400, 2)
,(108, -99946800, 1)
,(108, -89582400, 2)
,(108, -68410800, 1)
,(108, -57960000, 2)
,(108, 499755600, 1)
,(108, 511243200, 2)
,(108, 530600400, 1)
,(108, 540273600, 2)
,(108, 562136400, 1)
,(108, 571204800, 2)
,(108, 750834000, 1)
,(108, 761716800, 2)
,(108, 1214283600, 3)
;
INSERT INTO  oceanbase.__all_tenant_time_zone_transition_type (Time_zone_id, Transition_type_id, Offset, Is_DST, Abbreviation) VALUES
 (108, 0, -16768, 0, 'LMT')
,(108, 1, -14400, 1, 'ACST')
,(108, 2, -18000, 0, 'ACT')
,(108, 3, -14400, 0, 'AMT')
;
INSERT INTO oceanbase.__all_tenant_time_zone (Time_zone_id, Use_leap_seconds) VALUES (109, 'N');
INSERT INTO  oceanbase.__all_tenant_time_zone_name (Name, Time_zone_id) VALUES ('America/El_Salvador', 109);
INSERT INTO  oceanbase.__all_tenant_time_zone_transition (Time_zone_id, Transition_time, Transition_type_id) VALUES
 (109, -1546279392, 2)
,(109, 547020000, 1)
,(109, 559717200, 2)
,(109, 578469600, 1)
,(109, 591166800, 2)
;
INSERT INTO  oceanbase.__all_tenant_time_zone_transition_type (Time_zone_id, Transition_type_id, Offset, Is_DST, Abbreviation) VALUES
 (109, 0, -21408, 0, 'LMT')
,(109, 1, -18000, 1, 'CDT')
,(109, 2, -21600, 0, 'CST')
;
INSERT INTO oceanbase.__all_tenant_time_zone (Time_zone_id, Use_leap_seconds) VALUES (110, 'N');
INSERT INTO  oceanbase.__all_tenant_time_zone_name (Name, Time_zone_id) VALUES ('America/Ensenada', 110);
INSERT INTO  oceanbase.__all_tenant_time_zone_transition (Time_zone_id, Transition_time, Transition_type_id) VALUES
 (110, -1514736000, 1)
,(110, -1451667600, 2)
,(110, -1343062800, 1)
,(110, -1234803600, 2)
,(110, -1222963200, 3)
,(110, -1207242000, 2)
,(110, -873820800, 4)
,(110, -769395600, 5)
,(110, -761677200, 2)
,(110, -686073600, 3)
,(110, -661539600, 2)
,(110, -495036000, 3)
,(110, -481734000, 2)
,(110, -463586400, 3)
,(110, -450284400, 2)
,(110, -431532000, 3)
,(110, -418230000, 2)
,(110, -400082400, 3)
,(110, -386780400, 2)
,(110, -368632800, 3)
,(110, -355330800, 2)
,(110, -337183200, 3)
,(110, -323881200, 2)
,(110, -305733600, 3)
,(110, -292431600, 2)
,(110, 199274400, 3)
,(110, 215600400, 2)
,(110, 230724000, 3)
,(110, 247050000, 2)
,(110, 262778400, 3)
,(110, 278499600, 2)
,(110, 294228000, 3)
,(110, 309949200, 2)
,(110, 325677600, 3)
,(110, 341398800, 2)
,(110, 357127200, 3)
,(110, 372848400, 2)
,(110, 388576800, 3)
,(110, 404902800, 2)
,(110, 420026400, 3)
,(110, 436352400, 2)
,(110, 452080800, 3)
,(110, 467802000, 2)
,(110, 483530400, 3)
,(110, 499251600, 2)
,(110, 514980000, 3)
,(110, 530701200, 2)
,(110, 544615200, 3)
,(110, 562150800, 2)
,(110, 576064800, 3)
,(110, 594205200, 2)
,(110, 607514400, 3)
,(110, 625654800, 2)
,(110, 638964000, 3)
,(110, 657104400, 2)
,(110, 671018400, 3)
,(110, 688554000, 2)
,(110, 702468000, 3)
,(110, 720003600, 2)
,(110, 733917600, 3)
,(110, 752058000, 2)
,(110, 765367200, 3)
,(110, 783507600, 2)
,(110, 796816800, 3)
,(110, 814957200, 2)
,(110, 828871200, 3)
,(110, 846406800, 2)
,(110, 860320800, 3)
,(110, 877856400, 2)
,(110, 891770400, 3)
,(110, 909306000, 2)
,(110, 923220000, 3)
,(110, 941360400, 2)
,(110, 954669600, 3)
,(110, 972810000, 2)
,(110, 986119200, 3)
,(110, 1004259600, 2)
,(110, 1018173600, 3)
,(110, 1035709200, 2)
,(110, 1049623200, 3)
,(110, 1067158800, 2)
,(110, 1081072800, 3)
,(110, 1099213200, 2)
,(110, 1112522400, 3)
,(110, 1130662800, 2)
,(110, 1143972000, 3)
,(110, 1162112400, 2)
,(110, 1175421600, 3)
,(110, 1193562000, 2)
,(110, 1207476000, 3)
,(110, 1225011600, 2)
,(110, 1238925600, 3)
,(110, 1256461200, 2)
,(110, 1268560800, 3)
,(110, 1289120400, 2)
,(110, 1300010400, 3)
,(110, 1320570000, 2)
,(110, 1331460000, 3)
,(110, 1352019600, 2)
,(110, 1362909600, 3)
,(110, 1383469200, 2)
,(110, 1394359200, 3)
,(110, 1414918800, 2)
,(110, 1425808800, 3)
,(110, 1446368400, 2)
,(110, 1457863200, 3)
,(110, 1478422800, 2)
,(110, 1489312800, 3)
,(110, 1509872400, 2)
,(110, 1520762400, 3)
,(110, 1541322000, 2)
,(110, 1552212000, 3)
,(110, 1572771600, 2)
,(110, 1583661600, 3)
,(110, 1604221200, 2)
,(110, 1615716000, 3)
,(110, 1636275600, 2)
,(110, 1647165600, 3)
,(110, 1667725200, 2)
,(110, 1678615200, 3)
,(110, 1699174800, 2)
,(110, 1710064800, 3)
,(110, 1730624400, 2)
,(110, 1741514400, 3)
,(110, 1762074000, 2)
,(110, 1772964000, 3)
,(110, 1793523600, 2)
,(110, 1805018400, 3)
,(110, 1825578000, 2)
,(110, 1836468000, 3)
,(110, 1857027600, 2)
,(110, 1867917600, 3)
,(110, 1888477200, 2)
,(110, 1899367200, 3)
,(110, 1919926800, 2)
,(110, 1930816800, 3)
,(110, 1951376400, 2)
,(110, 1962871200, 3)
,(110, 1983430800, 2)
,(110, 1994320800, 3)
,(110, 2014880400, 2)
,(110, 2025770400, 3)
,(110, 2046330000, 2)
,(110, 2057220000, 3)
,(110, 2077779600, 2)
,(110, 2088669600, 3)
,(110, 2109229200, 2)
,(110, 2120119200, 3)
,(110, 2140678800, 2)
;
INSERT INTO  oceanbase.__all_tenant_time_zone_transition_type (Time_zone_id, Transition_type_id, Offset, Is_DST, Abbreviation) VALUES
 (110, 0, -28084, 0, 'LMT')
,(110, 1, -25200, 0, 'MST')
,(110, 2, -28800, 0, 'PST')
,(110, 3, -25200, 1, 'PDT')
,(110, 4, -25200, 1, 'PWT')
,(110, 5, -25200, 1, 'PPT')
;
INSERT INTO oceanbase.__all_tenant_time_zone (Time_zone_id, Use_leap_seconds) VALUES (111, 'N');
INSERT INTO  oceanbase.__all_tenant_time_zone_name (Name, Time_zone_id) VALUES ('America/Fort_Wayne', 111);
INSERT INTO  oceanbase.__all_tenant_time_zone_transition (Time_zone_id, Transition_time, Transition_type_id) VALUES
 (111, -1633276800, 0)
,(111, -1615136400, 1)
,(111, -1601827200, 0)
,(111, -1583686800, 1)
,(111, -900259200, 0)
,(111, -891795600, 1)
,(111, -880214400, 2)
,(111, -769395600, 3)
,(111, -765392400, 1)
,(111, -747244800, 0)
,(111, -733942800, 1)
,(111, -715795200, 0)
,(111, -702493200, 1)
,(111, -684345600, 0)
,(111, -671043600, 1)
,(111, -652896000, 0)
,(111, -639594000, 1)
,(111, -620841600, 0)
,(111, -608144400, 1)
,(111, -589392000, 0)
,(111, -576090000, 1)
,(111, -557942400, 0)
,(111, -544640400, 1)
,(111, -526492800, 0)
,(111, -513190800, 1)
,(111, -495043200, 0)
,(111, -481741200, 1)
,(111, -463593600, 4)
,(111, -386787600, 1)
,(111, -368640000, 4)
,(111, -21488400, 5)
,(111, -5767200, 4)
,(111, 9961200, 5)
,(111, 25682400, 4)
,(111, 1143961200, 5)
,(111, 1162101600, 4)
,(111, 1173596400, 5)
,(111, 1194156000, 4)
,(111, 1205046000, 5)
,(111, 1225605600, 4)
,(111, 1236495600, 5)
,(111, 1257055200, 4)
,(111, 1268550000, 5)
,(111, 1289109600, 4)
,(111, 1299999600, 5)
,(111, 1320559200, 4)
,(111, 1331449200, 5)
,(111, 1352008800, 4)
,(111, 1362898800, 5)
,(111, 1383458400, 4)
,(111, 1394348400, 5)
,(111, 1414908000, 4)
,(111, 1425798000, 5)
,(111, 1446357600, 4)
,(111, 1457852400, 5)
,(111, 1478412000, 4)
,(111, 1489302000, 5)
,(111, 1509861600, 4)
,(111, 1520751600, 5)
,(111, 1541311200, 4)
,(111, 1552201200, 5)
,(111, 1572760800, 4)
,(111, 1583650800, 5)
,(111, 1604210400, 4)
,(111, 1615705200, 5)
,(111, 1636264800, 4)
,(111, 1647154800, 5)
,(111, 1667714400, 4)
,(111, 1678604400, 5)
,(111, 1699164000, 4)
,(111, 1710054000, 5)
,(111, 1730613600, 4)
,(111, 1741503600, 5)
,(111, 1762063200, 4)
,(111, 1772953200, 5)
,(111, 1793512800, 4)
,(111, 1805007600, 5)
,(111, 1825567200, 4)
,(111, 1836457200, 5)
,(111, 1857016800, 4)
,(111, 1867906800, 5)
,(111, 1888466400, 4)
,(111, 1899356400, 5)
,(111, 1919916000, 4)
,(111, 1930806000, 5)
,(111, 1951365600, 4)
,(111, 1962860400, 5)
,(111, 1983420000, 4)
,(111, 1994310000, 5)
,(111, 2014869600, 4)
,(111, 2025759600, 5)
,(111, 2046319200, 4)
,(111, 2057209200, 5)
,(111, 2077768800, 4)
,(111, 2088658800, 5)
,(111, 2109218400, 4)
,(111, 2120108400, 5)
,(111, 2140668000, 4)
;
INSERT INTO  oceanbase.__all_tenant_time_zone_transition_type (Time_zone_id, Transition_type_id, Offset, Is_DST, Abbreviation) VALUES
 (111, 0, -18000, 1, 'CDT')
,(111, 1, -21600, 0, 'CST')
,(111, 2, -18000, 1, 'CWT')
,(111, 3, -18000, 1, 'CPT')
,(111, 4, -18000, 0, 'EST')
,(111, 5, -14400, 1, 'EDT')
;
INSERT INTO oceanbase.__all_tenant_time_zone (Time_zone_id, Use_leap_seconds) VALUES (112, 'N');
INSERT INTO  oceanbase.__all_tenant_time_zone_name (Name, Time_zone_id) VALUES ('America/Fortaleza', 112);
INSERT INTO  oceanbase.__all_tenant_time_zone_transition (Time_zone_id, Transition_time, Transition_type_id) VALUES
 (112, -1767216360, 2)
,(112, -1206957600, 1)
,(112, -1191362400, 2)
,(112, -1175374800, 1)
,(112, -1159826400, 2)
,(112, -633819600, 1)
,(112, -622069200, 2)
,(112, -602283600, 1)
,(112, -591832800, 2)
,(112, -570747600, 1)
,(112, -560210400, 2)
,(112, -539125200, 1)
,(112, -531352800, 2)
,(112, -191365200, 1)
,(112, -184197600, 2)
,(112, -155163600, 1)
,(112, -150069600, 2)
,(112, -128898000, 1)
,(112, -121125600, 2)
,(112, -99954000, 1)
,(112, -89589600, 2)
,(112, -68418000, 1)
,(112, -57967200, 2)
,(112, 499748400, 1)
,(112, 511236000, 2)
,(112, 530593200, 1)
,(112, 540266400, 2)
,(112, 562129200, 1)
,(112, 571197600, 2)
,(112, 592974000, 1)
,(112, 602042400, 2)
,(112, 624423600, 1)
,(112, 634701600, 2)
,(112, 938919600, 1)
,(112, 951616800, 2)
,(112, 970974000, 1)
,(112, 972180000, 2)
,(112, 1003028400, 1)
,(112, 1013911200, 2)
;
INSERT INTO  oceanbase.__all_tenant_time_zone_transition_type (Time_zone_id, Transition_type_id, Offset, Is_DST, Abbreviation) VALUES
 (112, 0, -9240, 0, 'LMT')
,(112, 1, -7200, 1, 'BRST')
,(112, 2, -10800, 0, 'BRT')
;
INSERT INTO oceanbase.__all_tenant_time_zone (Time_zone_id, Use_leap_seconds) VALUES (113, 'N');
INSERT INTO  oceanbase.__all_tenant_time_zone_name (Name, Time_zone_id) VALUES ('America/Glace_Bay', 113);
INSERT INTO  oceanbase.__all_tenant_time_zone_transition (Time_zone_id, Transition_time, Transition_type_id) VALUES
 (113, -2131646412, 2)
,(113, -1632074400, 1)
,(113, -1614798000, 2)
,(113, -880221600, 3)
,(113, -769395600, 4)
,(113, -765399600, 2)
,(113, -526500000, 1)
,(113, -513198000, 2)
,(113, 73461600, 1)
,(113, 89182800, 2)
,(113, 104911200, 1)
,(113, 120632400, 2)
,(113, 136360800, 1)
,(113, 152082000, 2)
,(113, 167810400, 1)
,(113, 183531600, 2)
,(113, 199260000, 1)
,(113, 215586000, 2)
,(113, 230709600, 1)
,(113, 247035600, 2)
,(113, 262764000, 1)
,(113, 278485200, 2)
,(113, 294213600, 1)
,(113, 309934800, 2)
,(113, 325663200, 1)
,(113, 341384400, 2)
,(113, 357112800, 1)
,(113, 372834000, 2)
,(113, 388562400, 1)
,(113, 404888400, 2)
,(113, 420012000, 1)
,(113, 436338000, 2)
,(113, 452066400, 1)
,(113, 467787600, 2)
,(113, 483516000, 1)
,(113, 499237200, 2)
,(113, 514965600, 1)
,(113, 530686800, 2)
,(113, 544600800, 1)
,(113, 562136400, 2)
,(113, 576050400, 1)
,(113, 594190800, 2)
,(113, 607500000, 1)
,(113, 625640400, 2)
,(113, 638949600, 1)
,(113, 657090000, 2)
,(113, 671004000, 1)
,(113, 688539600, 2)
,(113, 702453600, 1)
,(113, 719989200, 2)
,(113, 733903200, 1)
,(113, 752043600, 2)
,(113, 765352800, 1)
,(113, 783493200, 2)
,(113, 796802400, 1)
,(113, 814942800, 2)
,(113, 828856800, 1)
,(113, 846392400, 2)
,(113, 860306400, 1)
,(113, 877842000, 2)
,(113, 891756000, 1)
,(113, 909291600, 2)
,(113, 923205600, 1)
,(113, 941346000, 2)
,(113, 954655200, 1)
,(113, 972795600, 2)
,(113, 986104800, 1)
,(113, 1004245200, 2)
,(113, 1018159200, 1)
,(113, 1035694800, 2)
,(113, 1049608800, 1)
,(113, 1067144400, 2)
,(113, 1081058400, 1)
,(113, 1099198800, 2)
,(113, 1112508000, 1)
,(113, 1130648400, 2)
,(113, 1143957600, 1)
,(113, 1162098000, 2)
,(113, 1173592800, 1)
,(113, 1194152400, 2)
,(113, 1205042400, 1)
,(113, 1225602000, 2)
,(113, 1236492000, 1)
,(113, 1257051600, 2)
,(113, 1268546400, 1)
,(113, 1289106000, 2)
,(113, 1299996000, 1)
,(113, 1320555600, 2)
,(113, 1331445600, 1)
,(113, 1352005200, 2)
,(113, 1362895200, 1)
,(113, 1383454800, 2)
,(113, 1394344800, 1)
,(113, 1414904400, 2)
,(113, 1425794400, 1)
,(113, 1446354000, 2)
,(113, 1457848800, 1)
,(113, 1478408400, 2)
,(113, 1489298400, 1)
,(113, 1509858000, 2)
,(113, 1520748000, 1)
,(113, 1541307600, 2)
,(113, 1552197600, 1)
,(113, 1572757200, 2)
,(113, 1583647200, 1)
,(113, 1604206800, 2)
,(113, 1615701600, 1)
,(113, 1636261200, 2)
,(113, 1647151200, 1)
,(113, 1667710800, 2)
,(113, 1678600800, 1)
,(113, 1699160400, 2)
,(113, 1710050400, 1)
,(113, 1730610000, 2)
,(113, 1741500000, 1)
,(113, 1762059600, 2)
,(113, 1772949600, 1)
,(113, 1793509200, 2)
,(113, 1805004000, 1)
,(113, 1825563600, 2)
,(113, 1836453600, 1)
,(113, 1857013200, 2)
,(113, 1867903200, 1)
,(113, 1888462800, 2)
,(113, 1899352800, 1)
,(113, 1919912400, 2)
,(113, 1930802400, 1)
,(113, 1951362000, 2)
,(113, 1962856800, 1)
,(113, 1983416400, 2)
,(113, 1994306400, 1)
,(113, 2014866000, 2)
,(113, 2025756000, 1)
,(113, 2046315600, 2)
,(113, 2057205600, 1)
,(113, 2077765200, 2)
,(113, 2088655200, 1)
,(113, 2109214800, 2)
,(113, 2120104800, 1)
,(113, 2140664400, 2)
;
INSERT INTO  oceanbase.__all_tenant_time_zone_transition_type (Time_zone_id, Transition_type_id, Offset, Is_DST, Abbreviation) VALUES
 (113, 0, -14388, 0, 'LMT')
,(113, 1, -10800, 1, 'ADT')
,(113, 2, -14400, 0, 'AST')
,(113, 3, -10800, 1, 'AWT')
,(113, 4, -10800, 1, 'APT')
;
INSERT INTO oceanbase.__all_tenant_time_zone (Time_zone_id, Use_leap_seconds) VALUES (114, 'N');
INSERT INTO  oceanbase.__all_tenant_time_zone_name (Name, Time_zone_id) VALUES ('America/Godthab', 114);
INSERT INTO  oceanbase.__all_tenant_time_zone_transition (Time_zone_id, Transition_time, Transition_type_id) VALUES
 (114, -1686083584, 1)
,(114, 323845200, 4)
,(114, 338950800, 2)
,(114, 354675600, 3)
,(114, 370400400, 2)
,(114, 386125200, 3)
,(114, 401850000, 2)
,(114, 417574800, 3)
,(114, 433299600, 2)
,(114, 449024400, 3)
,(114, 465354000, 2)
,(114, 481078800, 3)
,(114, 496803600, 2)
,(114, 512528400, 3)
,(114, 528253200, 2)
,(114, 543978000, 3)
,(114, 559702800, 2)
,(114, 575427600, 3)
,(114, 591152400, 2)
,(114, 606877200, 3)
,(114, 622602000, 2)
,(114, 638326800, 3)
,(114, 654656400, 2)
,(114, 670381200, 3)
,(114, 686106000, 2)
,(114, 701830800, 3)
,(114, 717555600, 2)
,(114, 733280400, 3)
,(114, 749005200, 2)
,(114, 764730000, 3)
,(114, 780454800, 2)
,(114, 796179600, 3)
,(114, 811904400, 2)
,(114, 828234000, 3)
,(114, 846378000, 2)
,(114, 859683600, 3)
,(114, 877827600, 2)
,(114, 891133200, 3)
,(114, 909277200, 2)
,(114, 922582800, 3)
,(114, 941331600, 2)
,(114, 954032400, 3)
,(114, 972781200, 2)
,(114, 985482000, 3)
,(114, 1004230800, 2)
,(114, 1017536400, 3)
,(114, 1035680400, 2)
,(114, 1048986000, 3)
,(114, 1067130000, 2)
,(114, 1080435600, 3)
,(114, 1099184400, 2)
,(114, 1111885200, 3)
,(114, 1130634000, 2)
,(114, 1143334800, 3)
,(114, 1162083600, 2)
,(114, 1174784400, 3)
,(114, 1193533200, 2)
,(114, 1206838800, 3)
,(114, 1224982800, 2)
,(114, 1238288400, 3)
,(114, 1256432400, 2)
,(114, 1269738000, 3)
,(114, 1288486800, 2)
,(114, 1301187600, 3)
,(114, 1319936400, 2)
,(114, 1332637200, 3)
,(114, 1351386000, 2)
,(114, 1364691600, 3)
,(114, 1382835600, 2)
,(114, 1396141200, 3)
,(114, 1414285200, 2)
,(114, 1427590800, 3)
,(114, 1445734800, 2)
,(114, 1459040400, 3)
,(114, 1477789200, 2)
,(114, 1490490000, 3)
,(114, 1509238800, 2)
,(114, 1521939600, 3)
,(114, 1540688400, 2)
,(114, 1553994000, 3)
,(114, 1572138000, 2)
,(114, 1585443600, 3)
,(114, 1603587600, 2)
,(114, 1616893200, 3)
,(114, 1635642000, 2)
,(114, 1648342800, 3)
,(114, 1667091600, 2)
,(114, 1679792400, 3)
,(114, 1698541200, 2)
,(114, 1711846800, 3)
,(114, 1729990800, 2)
,(114, 1743296400, 3)
,(114, 1761440400, 2)
,(114, 1774746000, 3)
,(114, 1792890000, 2)
,(114, 1806195600, 3)
,(114, 1824944400, 2)
,(114, 1837645200, 3)
,(114, 1856394000, 2)
,(114, 1869094800, 3)
,(114, 1887843600, 2)
,(114, 1901149200, 3)
,(114, 1919293200, 2)
,(114, 1932598800, 3)
,(114, 1950742800, 2)
,(114, 1964048400, 3)
,(114, 1982797200, 2)
,(114, 1995498000, 3)
,(114, 2014246800, 2)
,(114, 2026947600, 3)
,(114, 2045696400, 2)
,(114, 2058397200, 3)
,(114, 2077146000, 2)
,(114, 2090451600, 3)
,(114, 2108595600, 2)
,(114, 2121901200, 3)
,(114, 2140045200, 2)
;
INSERT INTO  oceanbase.__all_tenant_time_zone_transition_type (Time_zone_id, Transition_type_id, Offset, Is_DST, Abbreviation) VALUES
 (114, 0, -12416, 0, 'LMT')
,(114, 1, -10800, 0, 'WGT')
,(114, 2, -10800, 0, 'WGT')
,(114, 3, -7200, 1, 'WGST')
,(114, 4, -7200, 1, 'WGST')
;
INSERT INTO oceanbase.__all_tenant_time_zone (Time_zone_id, Use_leap_seconds) VALUES (115, 'N');
INSERT INTO  oceanbase.__all_tenant_time_zone_name (Name, Time_zone_id) VALUES ('America/Goose_Bay', 115);
INSERT INTO  oceanbase.__all_tenant_time_zone_transition (Time_zone_id, Transition_time, Transition_type_id) VALUES
 (115, -1632076148, 1)
,(115, -1614799748, 0)
,(115, -1096921748, 2)
,(115, -1061670600, 3)
,(115, -1048973400, 2)
,(115, -1030221000, 3)
,(115, -1017523800, 2)
,(115, -998771400, 3)
,(115, -986074200, 2)
,(115, -966717000, 3)
,(115, -954624600, 2)
,(115, -935267400, 3)
,(115, -922570200, 2)
,(115, -903817800, 3)
,(115, -891120600, 2)
,(115, -872368200, 5)
,(115, -769395600, 4)
,(115, -765401400, 2)
,(115, -746044200, 3)
,(115, -733347000, 2)
,(115, -714594600, 3)
,(115, -701897400, 2)
,(115, -683145000, 3)
,(115, -670447800, 2)
,(115, -651695400, 3)
,(115, -638998200, 2)
,(115, -619641000, 3)
,(115, -606943800, 2)
,(115, -589401000, 3)
,(115, -576099000, 2)
,(115, -557951400, 3)
,(115, -544649400, 2)
,(115, -526501800, 3)
,(115, -513199800, 2)
,(115, -495052200, 3)
,(115, -481750200, 2)
,(115, -463602600, 3)
,(115, -450300600, 2)
,(115, -431548200, 3)
,(115, -418246200, 2)
,(115, -400098600, 3)
,(115, -386796600, 2)
,(115, -368649000, 3)
,(115, -355347000, 2)
,(115, -337199400, 3)
,(115, -323897400, 2)
,(115, -305749800, 3)
,(115, -289423800, 2)
,(115, -273695400, 3)
,(115, -257974200, 2)
,(115, -242245800, 3)
,(115, -226524600, 2)
,(115, -210796200, 3)
,(115, -195075000, 2)
,(115, -179346600, 3)
,(115, -163625400, 2)
,(115, -147897000, 3)
,(115, -131571000, 2)
,(115, -119903400, 7)
,(115, -116445600, 6)
,(115, -100119600, 7)
,(115, -84391200, 6)
,(115, -68670000, 7)
,(115, -52941600, 6)
,(115, -37220400, 7)
,(115, -21492000, 6)
,(115, -5770800, 7)
,(115, 9957600, 6)
,(115, 25678800, 7)
,(115, 41407200, 6)
,(115, 57733200, 7)
,(115, 73461600, 6)
,(115, 89182800, 7)
,(115, 104911200, 6)
,(115, 120632400, 7)
,(115, 136360800, 6)
,(115, 152082000, 7)
,(115, 167810400, 6)
,(115, 183531600, 7)
,(115, 199260000, 6)
,(115, 215586000, 7)
,(115, 230709600, 6)
,(115, 247035600, 7)
,(115, 262764000, 6)
,(115, 278485200, 7)
,(115, 294213600, 6)
,(115, 309934800, 7)
,(115, 325663200, 6)
,(115, 341384400, 7)
,(115, 357112800, 6)
,(115, 372834000, 7)
,(115, 388562400, 6)
,(115, 404888400, 7)
,(115, 420012000, 6)
,(115, 436338000, 7)
,(115, 452066400, 6)
,(115, 467787600, 7)
,(115, 483516000, 6)
,(115, 499237200, 7)
,(115, 514965600, 6)
,(115, 530686800, 7)
,(115, 544593660, 6)
,(115, 562129260, 7)
,(115, 576043260, 8)
,(115, 594180060, 7)
,(115, 607492860, 6)
,(115, 625633260, 7)
,(115, 638942460, 6)
,(115, 657082860, 7)
,(115, 670996860, 6)
,(115, 688532460, 7)
,(115, 702446460, 6)
,(115, 719982060, 7)
,(115, 733896060, 6)
,(115, 752036460, 7)
,(115, 765345660, 6)
,(115, 783486060, 7)
,(115, 796795260, 6)
,(115, 814935660, 7)
,(115, 828849660, 6)
,(115, 846385260, 7)
,(115, 860299260, 6)
,(115, 877834860, 7)
,(115, 891748860, 6)
,(115, 909284460, 7)
,(115, 923198460, 6)
,(115, 941338860, 7)
,(115, 954648060, 6)
,(115, 972788460, 7)
,(115, 986097660, 6)
,(115, 1004238060, 7)
,(115, 1018152060, 6)
,(115, 1035687660, 7)
,(115, 1049601660, 6)
,(115, 1067137260, 7)
,(115, 1081051260, 6)
,(115, 1099191660, 7)
,(115, 1112500860, 6)
,(115, 1130641260, 7)
,(115, 1143950460, 6)
,(115, 1162090860, 7)
,(115, 1173585660, 6)
,(115, 1194145260, 7)
,(115, 1205035260, 6)
,(115, 1225594860, 7)
,(115, 1236484860, 6)
,(115, 1257044460, 7)
,(115, 1268539260, 6)
,(115, 1289098860, 7)
,(115, 1299988860, 6)
,(115, 1320555600, 7)
,(115, 1331445600, 6)
,(115, 1352005200, 7)
,(115, 1362895200, 6)
,(115, 1383454800, 7)
,(115, 1394344800, 6)
,(115, 1414904400, 7)
,(115, 1425794400, 6)
,(115, 1446354000, 7)
,(115, 1457848800, 6)
,(115, 1478408400, 7)
,(115, 1489298400, 6)
,(115, 1509858000, 7)
,(115, 1520748000, 6)
,(115, 1541307600, 7)
,(115, 1552197600, 6)
,(115, 1572757200, 7)
,(115, 1583647200, 6)
,(115, 1604206800, 7)
,(115, 1615701600, 6)
,(115, 1636261200, 7)
,(115, 1647151200, 6)
,(115, 1667710800, 7)
,(115, 1678600800, 6)
,(115, 1699160400, 7)
,(115, 1710050400, 6)
,(115, 1730610000, 7)
,(115, 1741500000, 6)
,(115, 1762059600, 7)
,(115, 1772949600, 6)
,(115, 1793509200, 7)
,(115, 1805004000, 6)
,(115, 1825563600, 7)
,(115, 1836453600, 6)
,(115, 1857013200, 7)
,(115, 1867903200, 6)
,(115, 1888462800, 7)
,(115, 1899352800, 6)
,(115, 1919912400, 7)
,(115, 1930802400, 6)
,(115, 1951362000, 7)
,(115, 1962856800, 6)
,(115, 1983416400, 7)
,(115, 1994306400, 6)
,(115, 2014866000, 7)
,(115, 2025756000, 6)
,(115, 2046315600, 7)
,(115, 2057205600, 6)
,(115, 2077765200, 7)
,(115, 2088655200, 6)
,(115, 2109214800, 7)
,(115, 2120104800, 6)
,(115, 2140664400, 7)
;
INSERT INTO  oceanbase.__all_tenant_time_zone_transition_type (Time_zone_id, Transition_type_id, Offset, Is_DST, Abbreviation) VALUES
 (115, 0, -12652, 0, 'NST')
,(115, 1, -9052, 1, 'NDT')
,(115, 2, -12600, 0, 'NST')
,(115, 3, -9000, 1, 'NDT')
,(115, 4, -9000, 1, 'NPT')
,(115, 5, -9000, 1, 'NWT')
,(115, 6, -10800, 1, 'ADT')
,(115, 7, -14400, 0, 'AST')
,(115, 8, -7200, 1, 'ADDT')
;
INSERT INTO oceanbase.__all_tenant_time_zone (Time_zone_id, Use_leap_seconds) VALUES (116, 'N');
INSERT INTO  oceanbase.__all_tenant_time_zone_name (Name, Time_zone_id) VALUES ('America/Grand_Turk', 116);
INSERT INTO  oceanbase.__all_tenant_time_zone_transition (Time_zone_id, Transition_time, Transition_type_id) VALUES
 (116, -1827687168, 2)
,(116, 294217200, 1)
,(116, 309938400, 2)
,(116, 325666800, 1)
,(116, 341388000, 2)
,(116, 357116400, 1)
,(116, 372837600, 2)
,(116, 388566000, 1)
,(116, 404892000, 2)
,(116, 420015600, 1)
,(116, 436341600, 2)
,(116, 452070000, 1)
,(116, 467791200, 2)
,(116, 483519600, 1)
,(116, 499240800, 2)
,(116, 514969200, 1)
,(116, 530690400, 2)
,(116, 544604400, 1)
,(116, 562140000, 2)
,(116, 576054000, 1)
,(116, 594194400, 2)
,(116, 607503600, 1)
,(116, 625644000, 2)
,(116, 638953200, 1)
,(116, 657093600, 2)
,(116, 671007600, 1)
,(116, 688543200, 2)
,(116, 702457200, 1)
,(116, 719992800, 2)
,(116, 733906800, 1)
,(116, 752047200, 2)
,(116, 765356400, 1)
,(116, 783496800, 2)
,(116, 796806000, 1)
,(116, 814946400, 2)
,(116, 828860400, 1)
,(116, 846396000, 2)
,(116, 860310000, 1)
,(116, 877845600, 2)
,(116, 891759600, 1)
,(116, 909295200, 2)
,(116, 923209200, 1)
,(116, 941349600, 2)
,(116, 954658800, 1)
,(116, 972799200, 2)
,(116, 986108400, 1)
,(116, 1004248800, 2)
,(116, 1018162800, 1)
,(116, 1035698400, 2)
,(116, 1049612400, 1)
,(116, 1067148000, 2)
,(116, 1081062000, 1)
,(116, 1099202400, 2)
,(116, 1112511600, 1)
,(116, 1130652000, 2)
,(116, 1143961200, 1)
,(116, 1162101600, 2)
,(116, 1173596400, 1)
,(116, 1194156000, 2)
,(116, 1205046000, 1)
,(116, 1225605600, 2)
,(116, 1236495600, 1)
,(116, 1257055200, 2)
,(116, 1268550000, 1)
,(116, 1289109600, 2)
,(116, 1299999600, 1)
,(116, 1320559200, 2)
,(116, 1331449200, 1)
,(116, 1352008800, 2)
,(116, 1362898800, 1)
,(116, 1383458400, 2)
,(116, 1394348400, 1)
,(116, 1414908000, 2)
,(116, 1425798000, 1)
,(116, 1446357600, 2)
,(116, 1457852400, 1)
,(116, 1478412000, 2)
,(116, 1489302000, 1)
,(116, 1509861600, 2)
,(116, 1520751600, 1)
,(116, 1541311200, 2)
,(116, 1552201200, 1)
,(116, 1572760800, 2)
,(116, 1583650800, 1)
,(116, 1604210400, 2)
,(116, 1615705200, 1)
,(116, 1636264800, 2)
,(116, 1647154800, 1)
,(116, 1667714400, 2)
,(116, 1678604400, 1)
,(116, 1699164000, 2)
,(116, 1710054000, 1)
,(116, 1730613600, 2)
,(116, 1741503600, 1)
,(116, 1762063200, 2)
,(116, 1772953200, 1)
,(116, 1793512800, 2)
,(116, 1805007600, 1)
,(116, 1825567200, 2)
,(116, 1836457200, 1)
,(116, 1857016800, 2)
,(116, 1867906800, 1)
,(116, 1888466400, 2)
,(116, 1899356400, 1)
,(116, 1919916000, 2)
,(116, 1930806000, 1)
,(116, 1951365600, 2)
,(116, 1962860400, 1)
,(116, 1983420000, 2)
,(116, 1994310000, 1)
,(116, 2014869600, 2)
,(116, 2025759600, 1)
,(116, 2046319200, 2)
,(116, 2057209200, 1)
,(116, 2077768800, 2)
,(116, 2088658800, 1)
,(116, 2109218400, 2)
,(116, 2120108400, 1)
,(116, 2140668000, 2)
;
INSERT INTO  oceanbase.__all_tenant_time_zone_transition_type (Time_zone_id, Transition_type_id, Offset, Is_DST, Abbreviation) VALUES
 (116, 0, -18432, 0, 'KMT')
,(116, 1, -14400, 1, 'EDT')
,(116, 2, -18000, 0, 'EST')
;
INSERT INTO oceanbase.__all_tenant_time_zone (Time_zone_id, Use_leap_seconds) VALUES (117, 'N');
INSERT INTO  oceanbase.__all_tenant_time_zone_name (Name, Time_zone_id) VALUES ('America/Grenada', 117);
INSERT INTO  oceanbase.__all_tenant_time_zone_transition (Time_zone_id, Transition_time, Transition_type_id) VALUES
 (117, -1846266780, 1)
;
INSERT INTO  oceanbase.__all_tenant_time_zone_transition_type (Time_zone_id, Transition_type_id, Offset, Is_DST, Abbreviation) VALUES
 (117, 0, -14820, 0, 'LMT')
,(117, 1, -14400, 0, 'AST')
;
INSERT INTO oceanbase.__all_tenant_time_zone (Time_zone_id, Use_leap_seconds) VALUES (118, 'N');
INSERT INTO  oceanbase.__all_tenant_time_zone_name (Name, Time_zone_id) VALUES ('America/Guadeloupe', 118);
INSERT INTO  oceanbase.__all_tenant_time_zone_transition (Time_zone_id, Transition_time, Transition_type_id) VALUES
 (118, -1848254032, 1)
;
INSERT INTO  oceanbase.__all_tenant_time_zone_transition_type (Time_zone_id, Transition_type_id, Offset, Is_DST, Abbreviation) VALUES
 (118, 0, -14768, 0, 'LMT')
,(118, 1, -14400, 0, 'AST')
;
INSERT INTO oceanbase.__all_tenant_time_zone (Time_zone_id, Use_leap_seconds) VALUES (119, 'N');
INSERT INTO  oceanbase.__all_tenant_time_zone_name (Name, Time_zone_id) VALUES ('America/Guatemala', 119);
INSERT INTO  oceanbase.__all_tenant_time_zone_transition (Time_zone_id, Transition_time, Transition_type_id) VALUES
 (119, -1617040676, 2)
,(119, 123055200, 1)
,(119, 130914000, 2)
,(119, 422344800, 1)
,(119, 433054800, 2)
,(119, 669708000, 1)
,(119, 684219600, 2)
,(119, 1146376800, 1)
,(119, 1159678800, 2)
;
INSERT INTO  oceanbase.__all_tenant_time_zone_transition_type (Time_zone_id, Transition_type_id, Offset, Is_DST, Abbreviation) VALUES
 (119, 0, -21724, 0, 'LMT')
,(119, 1, -18000, 1, 'CDT')
,(119, 2, -21600, 0, 'CST')
;
INSERT INTO oceanbase.__all_tenant_time_zone (Time_zone_id, Use_leap_seconds) VALUES (120, 'N');
INSERT INTO  oceanbase.__all_tenant_time_zone_name (Name, Time_zone_id) VALUES ('America/Guayaquil', 120);
INSERT INTO  oceanbase.__all_tenant_time_zone_transition (Time_zone_id, Transition_time, Transition_type_id) VALUES
 (120, -1230749160, 1)
;
INSERT INTO  oceanbase.__all_tenant_time_zone_transition_type (Time_zone_id, Transition_type_id, Offset, Is_DST, Abbreviation) VALUES
 (120, 0, -18840, 0, 'QMT')
,(120, 1, -18000, 0, 'ECT')
;
INSERT INTO oceanbase.__all_tenant_time_zone (Time_zone_id, Use_leap_seconds) VALUES (121, 'N');
INSERT INTO  oceanbase.__all_tenant_time_zone_name (Name, Time_zone_id) VALUES ('America/Guyana', 121);
INSERT INTO  oceanbase.__all_tenant_time_zone_transition (Time_zone_id, Transition_time, Transition_type_id) VALUES
 (121, -1730578040, 1)
,(121, -113688900, 2)
,(121, 176010300, 3)
,(121, 662698800, 4)
;
INSERT INTO  oceanbase.__all_tenant_time_zone_transition_type (Time_zone_id, Transition_type_id, Offset, Is_DST, Abbreviation) VALUES
 (121, 0, -13960, 0, 'LMT')
,(121, 1, -13500, 0, 'GBGT')
,(121, 2, -13500, 0, 'GYT')
,(121, 3, -10800, 0, 'GYT')
,(121, 4, -14400, 0, 'GYT')
;
INSERT INTO oceanbase.__all_tenant_time_zone (Time_zone_id, Use_leap_seconds) VALUES (122, 'N');
INSERT INTO  oceanbase.__all_tenant_time_zone_name (Name, Time_zone_id) VALUES ('America/Halifax', 122);
INSERT INTO  oceanbase.__all_tenant_time_zone_transition (Time_zone_id, Transition_time, Transition_type_id) VALUES
 (122, -2131645536, 2)
,(122, -1696276800, 1)
,(122, -1680469200, 2)
,(122, -1632074400, 1)
,(122, -1614798000, 2)
,(122, -1566763200, 1)
,(122, -1557090000, 2)
,(122, -1535486400, 1)
,(122, -1524949200, 2)
,(122, -1504468800, 1)
,(122, -1493413200, 2)
,(122, -1472414400, 1)
,(122, -1461963600, 2)
,(122, -1440964800, 1)
,(122, -1429390800, 2)
,(122, -1409515200, 1)
,(122, -1396731600, 2)
,(122, -1376856000, 1)
,(122, -1366491600, 2)
,(122, -1346616000, 1)
,(122, -1333832400, 2)
,(122, -1313956800, 1)
,(122, -1303678800, 2)
,(122, -1282507200, 1)
,(122, -1272661200, 2)
,(122, -1251057600, 1)
,(122, -1240088400, 2)
,(122, -1219608000, 1)
,(122, -1207429200, 2)
,(122, -1188763200, 1)
,(122, -1175979600, 2)
,(122, -1157313600, 1)
,(122, -1143925200, 2)
,(122, -1124049600, 1)
,(122, -1113771600, 2)
,(122, -1091390400, 1)
,(122, -1081026000, 2)
,(122, -1059854400, 1)
,(122, -1050786000, 2)
,(122, -1030910400, 1)
,(122, -1018126800, 2)
,(122, -999460800, 1)
,(122, -986677200, 2)
,(122, -965592000, 1)
,(122, -955227600, 2)
,(122, -935956800, 1)
,(122, -923173200, 2)
,(122, -904507200, 1)
,(122, -891723600, 2)
,(122, -880221600, 3)
,(122, -769395600, 4)
,(122, -765399600, 2)
,(122, -747252000, 1)
,(122, -733950000, 2)
,(122, -715802400, 1)
,(122, -702500400, 2)
,(122, -684352800, 1)
,(122, -671050800, 2)
,(122, -652903200, 1)
,(122, -639601200, 2)
,(122, -589399200, 1)
,(122, -576097200, 2)
,(122, -557949600, 1)
,(122, -544647600, 2)
,(122, -526500000, 1)
,(122, -513198000, 2)
,(122, -495050400, 1)
,(122, -481748400, 2)
,(122, -431546400, 1)
,(122, -418244400, 2)
,(122, -400096800, 1)
,(122, -386794800, 2)
,(122, -368647200, 1)
,(122, -355345200, 2)
,(122, -337197600, 1)
,(122, -323895600, 2)
,(122, -242244000, 1)
,(122, -226522800, 2)
,(122, -210794400, 1)
,(122, -195073200, 2)
,(122, -179344800, 1)
,(122, -163623600, 2)
,(122, -147895200, 1)
,(122, -131569200, 2)
,(122, -116445600, 1)
,(122, -100119600, 2)
,(122, -84391200, 1)
,(122, -68670000, 2)
,(122, -52941600, 1)
,(122, -37220400, 2)
,(122, -21492000, 1)
,(122, -5770800, 2)
,(122, 9957600, 1)
,(122, 25678800, 2)
,(122, 41407200, 1)
,(122, 57733200, 2)
,(122, 73461600, 1)
,(122, 89182800, 2)
,(122, 104911200, 1)
,(122, 120632400, 2)
,(122, 136360800, 1)
,(122, 152082000, 2)
,(122, 167810400, 1)
,(122, 183531600, 2)
,(122, 199260000, 1)
,(122, 215586000, 2)
,(122, 230709600, 1)
,(122, 247035600, 2)
,(122, 262764000, 1)
,(122, 278485200, 2)
,(122, 294213600, 1)
,(122, 309934800, 2)
,(122, 325663200, 1)
,(122, 341384400, 2)
,(122, 357112800, 1)
,(122, 372834000, 2)
,(122, 388562400, 1)
,(122, 404888400, 2)
,(122, 420012000, 1)
,(122, 436338000, 2)
,(122, 452066400, 1)
,(122, 467787600, 2)
,(122, 483516000, 1)
,(122, 499237200, 2)
,(122, 514965600, 1)
,(122, 530686800, 2)
,(122, 544600800, 1)
,(122, 562136400, 2)
,(122, 576050400, 1)
,(122, 594190800, 2)
,(122, 607500000, 1)
,(122, 625640400, 2)
,(122, 638949600, 1)
,(122, 657090000, 2)
,(122, 671004000, 1)
,(122, 688539600, 2)
,(122, 702453600, 1)
,(122, 719989200, 2)
,(122, 733903200, 1)
,(122, 752043600, 2)
,(122, 765352800, 1)
,(122, 783493200, 2)
,(122, 796802400, 1)
,(122, 814942800, 2)
,(122, 828856800, 1)
,(122, 846392400, 2)
,(122, 860306400, 1)
,(122, 877842000, 2)
,(122, 891756000, 1)
,(122, 909291600, 2)
,(122, 923205600, 1)
,(122, 941346000, 2)
,(122, 954655200, 1)
,(122, 972795600, 2)
,(122, 986104800, 1)
,(122, 1004245200, 2)
,(122, 1018159200, 1)
,(122, 1035694800, 2)
,(122, 1049608800, 1)
,(122, 1067144400, 2)
,(122, 1081058400, 1)
,(122, 1099198800, 2)
,(122, 1112508000, 1)
,(122, 1130648400, 2)
,(122, 1143957600, 1)
,(122, 1162098000, 2)
,(122, 1173592800, 1)
,(122, 1194152400, 2)
,(122, 1205042400, 1)
,(122, 1225602000, 2)
,(122, 1236492000, 1)
,(122, 1257051600, 2)
,(122, 1268546400, 1)
,(122, 1289106000, 2)
,(122, 1299996000, 1)
,(122, 1320555600, 2)
,(122, 1331445600, 1)
,(122, 1352005200, 2)
,(122, 1362895200, 1)
,(122, 1383454800, 2)
,(122, 1394344800, 1)
,(122, 1414904400, 2)
,(122, 1425794400, 1)
,(122, 1446354000, 2)
,(122, 1457848800, 1)
,(122, 1478408400, 2)
,(122, 1489298400, 1)
,(122, 1509858000, 2)
,(122, 1520748000, 1)
,(122, 1541307600, 2)
,(122, 1552197600, 1)
,(122, 1572757200, 2)
,(122, 1583647200, 1)
,(122, 1604206800, 2)
,(122, 1615701600, 1)
,(122, 1636261200, 2)
,(122, 1647151200, 1)
,(122, 1667710800, 2)
,(122, 1678600800, 1)
,(122, 1699160400, 2)
,(122, 1710050400, 1)
,(122, 1730610000, 2)
,(122, 1741500000, 1)
,(122, 1762059600, 2)
,(122, 1772949600, 1)
,(122, 1793509200, 2)
,(122, 1805004000, 1)
,(122, 1825563600, 2)
,(122, 1836453600, 1)
,(122, 1857013200, 2)
,(122, 1867903200, 1)
,(122, 1888462800, 2)
,(122, 1899352800, 1)
,(122, 1919912400, 2)
,(122, 1930802400, 1)
,(122, 1951362000, 2)
,(122, 1962856800, 1)
,(122, 1983416400, 2)
,(122, 1994306400, 1)
,(122, 2014866000, 2)
,(122, 2025756000, 1)
,(122, 2046315600, 2)
,(122, 2057205600, 1)
,(122, 2077765200, 2)
,(122, 2088655200, 1)
,(122, 2109214800, 2)
,(122, 2120104800, 1)
,(122, 2140664400, 2)
;
INSERT INTO  oceanbase.__all_tenant_time_zone_transition_type (Time_zone_id, Transition_type_id, Offset, Is_DST, Abbreviation) VALUES
 (122, 0, -15264, 0, 'LMT')
,(122, 1, -10800, 1, 'ADT')
,(122, 2, -14400, 0, 'AST')
,(122, 3, -10800, 1, 'AWT')
,(122, 4, -10800, 1, 'APT')
;
INSERT INTO oceanbase.__all_tenant_time_zone (Time_zone_id, Use_leap_seconds) VALUES (123, 'N');
INSERT INTO  oceanbase.__all_tenant_time_zone_name (Name, Time_zone_id) VALUES ('America/Havana', 123);
INSERT INTO  oceanbase.__all_tenant_time_zone_transition (Time_zone_id, Transition_time, Transition_type_id) VALUES
 (123, -1402813824, 2)
,(123, -1311534000, 1)
,(123, -1300996800, 2)
,(123, -933534000, 1)
,(123, -925675200, 2)
,(123, -902084400, 1)
,(123, -893620800, 2)
,(123, -870030000, 1)
,(123, -862171200, 2)
,(123, -775681200, 1)
,(123, -767822400, 2)
,(123, -744231600, 1)
,(123, -736372800, 2)
,(123, -144702000, 1)
,(123, -134251200, 2)
,(123, -113425200, 1)
,(123, -102542400, 2)
,(123, -86295600, 1)
,(123, -72907200, 2)
,(123, -54154800, 1)
,(123, -41457600, 2)
,(123, -21495600, 1)
,(123, -5774400, 2)
,(123, 9954000, 1)
,(123, 25675200, 2)
,(123, 41403600, 1)
,(123, 57729600, 2)
,(123, 73458000, 1)
,(123, 87364800, 2)
,(123, 104907600, 1)
,(123, 118900800, 2)
,(123, 136357200, 1)
,(123, 150436800, 2)
,(123, 167806800, 1)
,(123, 183528000, 2)
,(123, 199256400, 1)
,(123, 215582400, 2)
,(123, 230706000, 1)
,(123, 247032000, 2)
,(123, 263365200, 1)
,(123, 276667200, 2)
,(123, 290581200, 1)
,(123, 308721600, 2)
,(123, 322030800, 1)
,(123, 340171200, 2)
,(123, 358318800, 1)
,(123, 371620800, 2)
,(123, 389768400, 1)
,(123, 403070400, 2)
,(123, 421218000, 1)
,(123, 434520000, 2)
,(123, 452667600, 1)
,(123, 466574400, 2)
,(123, 484117200, 1)
,(123, 498024000, 2)
,(123, 511333200, 1)
,(123, 529473600, 2)
,(123, 542782800, 1)
,(123, 560923200, 2)
,(123, 574837200, 1)
,(123, 592372800, 2)
,(123, 606286800, 1)
,(123, 623822400, 2)
,(123, 638946000, 1)
,(123, 655876800, 2)
,(123, 671000400, 1)
,(123, 687330000, 3)
,(123, 702450000, 1)
,(123, 718779600, 3)
,(123, 733899600, 1)
,(123, 750229200, 3)
,(123, 765349200, 1)
,(123, 781678800, 3)
,(123, 796798800, 1)
,(123, 813128400, 3)
,(123, 828853200, 1)
,(123, 844578000, 3)
,(123, 860302800, 1)
,(123, 876632400, 3)
,(123, 891147600, 4)
,(123, 909291600, 3)
,(123, 922597200, 4)
,(123, 941346000, 3)
,(123, 954651600, 4)
,(123, 972795600, 3)
,(123, 986101200, 4)
,(123, 1004245200, 3)
,(123, 1018155600, 4)
,(123, 1035694800, 3)
,(123, 1049605200, 4)
,(123, 1067144400, 3)
,(123, 1081054800, 4)
,(123, 1162098000, 3)
,(123, 1173589200, 4)
,(123, 1193547600, 3)
,(123, 1205643600, 4)
,(123, 1224997200, 3)
,(123, 1236488400, 4)
,(123, 1256446800, 3)
,(123, 1268542800, 4)
,(123, 1288501200, 3)
,(123, 1300597200, 4)
,(123, 1319950800, 3)
,(123, 1331442000, 4)
,(123, 1351400400, 3)
,(123, 1362891600, 4)
,(123, 1382850000, 3)
,(123, 1394341200, 4)
,(123, 1414299600, 3)
,(123, 1425790800, 4)
,(123, 1445749200, 3)
,(123, 1457845200, 4)
,(123, 1477803600, 3)
,(123, 1489294800, 4)
,(123, 1509253200, 3)
,(123, 1520744400, 4)
,(123, 1540702800, 3)
,(123, 1552194000, 4)
,(123, 1572152400, 3)
,(123, 1583643600, 4)
,(123, 1603602000, 3)
,(123, 1615698000, 4)
,(123, 1635656400, 3)
,(123, 1647147600, 4)
,(123, 1667106000, 3)
,(123, 1678597200, 4)
,(123, 1698555600, 3)
,(123, 1710046800, 4)
,(123, 1730005200, 3)
,(123, 1741496400, 4)
,(123, 1761454800, 3)
,(123, 1772946000, 4)
,(123, 1792904400, 3)
,(123, 1805000400, 4)
,(123, 1824958800, 3)
,(123, 1836450000, 4)
,(123, 1856408400, 3)
,(123, 1867899600, 4)
,(123, 1887858000, 3)
,(123, 1899349200, 4)
,(123, 1919307600, 3)
,(123, 1930798800, 4)
,(123, 1950757200, 3)
,(123, 1962853200, 4)
,(123, 1982811600, 3)
,(123, 1994302800, 4)
,(123, 2014261200, 3)
,(123, 2025752400, 4)
,(123, 2045710800, 3)
,(123, 2057202000, 4)
,(123, 2077160400, 3)
,(123, 2088651600, 4)
,(123, 2108610000, 3)
,(123, 2120101200, 4)
,(123, 2140059600, 3)
;
INSERT INTO  oceanbase.__all_tenant_time_zone_transition_type (Time_zone_id, Transition_type_id, Offset, Is_DST, Abbreviation) VALUES
 (123, 0, -19776, 0, 'HMT')
,(123, 1, -14400, 1, 'CDT')
,(123, 2, -18000, 0, 'CST')
,(123, 3, -18000, 0, 'CST')
,(123, 4, -14400, 1, 'CDT')
;
INSERT INTO oceanbase.__all_tenant_time_zone (Time_zone_id, Use_leap_seconds) VALUES (124, 'N');
INSERT INTO  oceanbase.__all_tenant_time_zone_name (Name, Time_zone_id) VALUES ('America/Hermosillo', 124);
INSERT INTO  oceanbase.__all_tenant_time_zone_transition (Time_zone_id, Transition_time, Transition_type_id) VALUES
 (124, -1514739600, 1)
,(124, -1343066400, 2)
,(124, -1234807200, 1)
,(124, -1220292000, 2)
,(124, -1207159200, 1)
,(124, -1191344400, 2)
,(124, -873828000, 1)
,(124, -661539600, 3)
,(124, 28800, 1)
,(124, 828867600, 4)
,(124, 846403200, 1)
,(124, 860317200, 4)
,(124, 877852800, 1)
,(124, 891766800, 4)
,(124, 909302400, 1)
;
INSERT INTO  oceanbase.__all_tenant_time_zone_transition_type (Time_zone_id, Transition_type_id, Offset, Is_DST, Abbreviation) VALUES
 (124, 0, -26632, 0, 'LMT')
,(124, 1, -25200, 0, 'MST')
,(124, 2, -21600, 0, 'CST')
,(124, 3, -28800, 0, 'PST')
,(124, 4, -21600, 1, 'MDT')
;
INSERT INTO oceanbase.__all_tenant_time_zone (Time_zone_id, Use_leap_seconds) VALUES (125, 'N');
INSERT INTO  oceanbase.__all_tenant_time_zone_name (Name, Time_zone_id) VALUES ('America/Indiana/Indianapolis', 125);
INSERT INTO  oceanbase.__all_tenant_time_zone_transition (Time_zone_id, Transition_time, Transition_type_id) VALUES
 (125, -1633276800, 0)
,(125, -1615136400, 1)
,(125, -1601827200, 0)
,(125, -1583686800, 1)
,(125, -900259200, 0)
,(125, -891795600, 1)
,(125, -880214400, 2)
,(125, -769395600, 3)
,(125, -765392400, 1)
,(125, -747244800, 0)
,(125, -733942800, 1)
,(125, -715795200, 0)
,(125, -702493200, 1)
,(125, -684345600, 0)
,(125, -671043600, 1)
,(125, -652896000, 0)
,(125, -639594000, 1)
,(125, -620841600, 0)
,(125, -608144400, 1)
,(125, -589392000, 0)
,(125, -576090000, 1)
,(125, -557942400, 0)
,(125, -544640400, 1)
,(125, -526492800, 0)
,(125, -513190800, 1)
,(125, -495043200, 0)
,(125, -481741200, 1)
,(125, -463593600, 4)
,(125, -386787600, 1)
,(125, -368640000, 4)
,(125, -21488400, 5)
,(125, -5767200, 4)
,(125, 9961200, 5)
,(125, 25682400, 4)
,(125, 1143961200, 5)
,(125, 1162101600, 4)
,(125, 1173596400, 5)
,(125, 1194156000, 4)
,(125, 1205046000, 5)
,(125, 1225605600, 4)
,(125, 1236495600, 5)
,(125, 1257055200, 4)
,(125, 1268550000, 5)
,(125, 1289109600, 4)
,(125, 1299999600, 5)
,(125, 1320559200, 4)
,(125, 1331449200, 5)
,(125, 1352008800, 4)
,(125, 1362898800, 5)
,(125, 1383458400, 4)
,(125, 1394348400, 5)
,(125, 1414908000, 4)
,(125, 1425798000, 5)
,(125, 1446357600, 4)
,(125, 1457852400, 5)
,(125, 1478412000, 4)
,(125, 1489302000, 5)
,(125, 1509861600, 4)
,(125, 1520751600, 5)
,(125, 1541311200, 4)
,(125, 1552201200, 5)
,(125, 1572760800, 4)
,(125, 1583650800, 5)
,(125, 1604210400, 4)
,(125, 1615705200, 5)
,(125, 1636264800, 4)
,(125, 1647154800, 5)
,(125, 1667714400, 4)
,(125, 1678604400, 5)
,(125, 1699164000, 4)
,(125, 1710054000, 5)
,(125, 1730613600, 4)
,(125, 1741503600, 5)
,(125, 1762063200, 4)
,(125, 1772953200, 5)
,(125, 1793512800, 4)
,(125, 1805007600, 5)
,(125, 1825567200, 4)
,(125, 1836457200, 5)
,(125, 1857016800, 4)
,(125, 1867906800, 5)
,(125, 1888466400, 4)
,(125, 1899356400, 5)
,(125, 1919916000, 4)
,(125, 1930806000, 5)
,(125, 1951365600, 4)
,(125, 1962860400, 5)
,(125, 1983420000, 4)
,(125, 1994310000, 5)
,(125, 2014869600, 4)
,(125, 2025759600, 5)
,(125, 2046319200, 4)
,(125, 2057209200, 5)
,(125, 2077768800, 4)
,(125, 2088658800, 5)
,(125, 2109218400, 4)
,(125, 2120108400, 5)
,(125, 2140668000, 4)
;
INSERT INTO  oceanbase.__all_tenant_time_zone_transition_type (Time_zone_id, Transition_type_id, Offset, Is_DST, Abbreviation) VALUES
 (125, 0, -18000, 1, 'CDT')
,(125, 1, -21600, 0, 'CST')
,(125, 2, -18000, 1, 'CWT')
,(125, 3, -18000, 1, 'CPT')
,(125, 4, -18000, 0, 'EST')
,(125, 5, -14400, 1, 'EDT')
;
INSERT INTO oceanbase.__all_tenant_time_zone (Time_zone_id, Use_leap_seconds) VALUES (126, 'N');
INSERT INTO  oceanbase.__all_tenant_time_zone_name (Name, Time_zone_id) VALUES ('America/Indiana/Knox', 126);
INSERT INTO  oceanbase.__all_tenant_time_zone_transition (Time_zone_id, Transition_time, Transition_type_id) VALUES
 (126, -1633276800, 0)
,(126, -1615136400, 1)
,(126, -1601827200, 0)
,(126, -1583686800, 1)
,(126, -880214400, 2)
,(126, -769395600, 3)
,(126, -765392400, 1)
,(126, -715795200, 0)
,(126, -702493200, 1)
,(126, -684345600, 0)
,(126, -671043600, 1)
,(126, -652896000, 0)
,(126, -639594000, 1)
,(126, -620841600, 0)
,(126, -608144400, 1)
,(126, -589392000, 0)
,(126, -576090000, 1)
,(126, -557942400, 0)
,(126, -544640400, 1)
,(126, -526492800, 0)
,(126, -513190800, 1)
,(126, -495043200, 0)
,(126, -481741200, 1)
,(126, -463593600, 0)
,(126, -447267600, 1)
,(126, -431539200, 0)
,(126, -415818000, 1)
,(126, -400089600, 0)
,(126, -386787600, 1)
,(126, -368640000, 0)
,(126, -355338000, 1)
,(126, -337190400, 0)
,(126, -321469200, 1)
,(126, -305740800, 0)
,(126, -289414800, 1)
,(126, -273686400, 0)
,(126, -257965200, 1)
,(126, -242236800, 4)
,(126, -195066000, 1)
,(126, -84384000, 0)
,(126, -68662800, 1)
,(126, -52934400, 0)
,(126, -37213200, 1)
,(126, -21484800, 0)
,(126, -5763600, 1)
,(126, 9964800, 0)
,(126, 25686000, 1)
,(126, 41414400, 0)
,(126, 57740400, 1)
,(126, 73468800, 0)
,(126, 89190000, 1)
,(126, 104918400, 0)
,(126, 120639600, 1)
,(126, 126691200, 0)
,(126, 152089200, 1)
,(126, 162374400, 0)
,(126, 183538800, 1)
,(126, 199267200, 0)
,(126, 215593200, 1)
,(126, 230716800, 0)
,(126, 247042800, 1)
,(126, 262771200, 0)
,(126, 278492400, 1)
,(126, 294220800, 0)
,(126, 309942000, 1)
,(126, 325670400, 0)
,(126, 341391600, 1)
,(126, 357120000, 0)
,(126, 372841200, 1)
,(126, 388569600, 0)
,(126, 404895600, 1)
,(126, 420019200, 0)
,(126, 436345200, 1)
,(126, 452073600, 0)
,(126, 467794800, 1)
,(126, 483523200, 0)
,(126, 499244400, 1)
,(126, 514972800, 0)
,(126, 530694000, 1)
,(126, 544608000, 0)
,(126, 562143600, 1)
,(126, 576057600, 0)
,(126, 594198000, 1)
,(126, 607507200, 0)
,(126, 625647600, 1)
,(126, 638956800, 0)
,(126, 657097200, 1)
,(126, 671011200, 0)
,(126, 688546800, 4)
,(126, 1143961200, 0)
,(126, 1162105200, 1)
,(126, 1173600000, 0)
,(126, 1194159600, 1)
,(126, 1205049600, 0)
,(126, 1225609200, 1)
,(126, 1236499200, 0)
,(126, 1257058800, 1)
,(126, 1268553600, 0)
,(126, 1289113200, 1)
,(126, 1300003200, 0)
,(126, 1320562800, 1)
,(126, 1331452800, 0)
,(126, 1352012400, 1)
,(126, 1362902400, 0)
,(126, 1383462000, 1)
,(126, 1394352000, 0)
,(126, 1414911600, 1)
,(126, 1425801600, 0)
,(126, 1446361200, 1)
,(126, 1457856000, 0)
,(126, 1478415600, 1)
,(126, 1489305600, 0)
,(126, 1509865200, 1)
,(126, 1520755200, 0)
,(126, 1541314800, 1)
,(126, 1552204800, 0)
,(126, 1572764400, 1)
,(126, 1583654400, 0)
,(126, 1604214000, 1)
,(126, 1615708800, 0)
,(126, 1636268400, 1)
,(126, 1647158400, 0)
,(126, 1667718000, 1)
,(126, 1678608000, 0)
,(126, 1699167600, 1)
,(126, 1710057600, 0)
,(126, 1730617200, 1)
,(126, 1741507200, 0)
,(126, 1762066800, 1)
,(126, 1772956800, 0)
,(126, 1793516400, 1)
,(126, 1805011200, 0)
,(126, 1825570800, 1)
,(126, 1836460800, 0)
,(126, 1857020400, 1)
,(126, 1867910400, 0)
,(126, 1888470000, 1)
,(126, 1899360000, 0)
,(126, 1919919600, 1)
,(126, 1930809600, 0)
,(126, 1951369200, 1)
,(126, 1962864000, 0)
,(126, 1983423600, 1)
,(126, 1994313600, 0)
,(126, 2014873200, 1)
,(126, 2025763200, 0)
,(126, 2046322800, 1)
,(126, 2057212800, 0)
,(126, 2077772400, 1)
,(126, 2088662400, 0)
,(126, 2109222000, 1)
,(126, 2120112000, 0)
,(126, 2140671600, 1)
;
INSERT INTO  oceanbase.__all_tenant_time_zone_transition_type (Time_zone_id, Transition_type_id, Offset, Is_DST, Abbreviation) VALUES
 (126, 0, -18000, 1, 'CDT')
,(126, 1, -21600, 0, 'CST')
,(126, 2, -18000, 1, 'CWT')
,(126, 3, -18000, 1, 'CPT')
,(126, 4, -18000, 0, 'EST')
;
INSERT INTO oceanbase.__all_tenant_time_zone (Time_zone_id, Use_leap_seconds) VALUES (127, 'N');
INSERT INTO  oceanbase.__all_tenant_time_zone_name (Name, Time_zone_id) VALUES ('America/Indiana/Marengo', 127);
INSERT INTO  oceanbase.__all_tenant_time_zone_transition (Time_zone_id, Transition_time, Transition_type_id) VALUES
 (127, -1633276800, 0)
,(127, -1615136400, 1)
,(127, -1601827200, 0)
,(127, -1583686800, 1)
,(127, -880214400, 2)
,(127, -769395600, 3)
,(127, -765392400, 1)
,(127, -589392000, 0)
,(127, -576090000, 1)
,(127, -495043200, 0)
,(127, -481741200, 1)
,(127, -463593600, 0)
,(127, -450291600, 1)
,(127, -431539200, 0)
,(127, -418237200, 1)
,(127, -400089600, 0)
,(127, -386787600, 1)
,(127, -368640000, 0)
,(127, -355338000, 1)
,(127, -337190400, 0)
,(127, -323888400, 1)
,(127, -305740800, 0)
,(127, -292438800, 1)
,(127, -273686400, 4)
,(127, -21488400, 5)
,(127, -5767200, 4)
,(127, 9961200, 5)
,(127, 25682400, 4)
,(127, 41410800, 5)
,(127, 57736800, 4)
,(127, 73465200, 5)
,(127, 89186400, 4)
,(127, 104914800, 5)
,(127, 120636000, 4)
,(127, 126687600, 0)
,(127, 152089200, 4)
,(127, 162370800, 5)
,(127, 183535200, 4)
,(127, 1143961200, 5)
,(127, 1162101600, 4)
,(127, 1173596400, 5)
,(127, 1194156000, 4)
,(127, 1205046000, 5)
,(127, 1225605600, 4)
,(127, 1236495600, 5)
,(127, 1257055200, 4)
,(127, 1268550000, 5)
,(127, 1289109600, 4)
,(127, 1299999600, 5)
,(127, 1320559200, 4)
,(127, 1331449200, 5)
,(127, 1352008800, 4)
,(127, 1362898800, 5)
,(127, 1383458400, 4)
,(127, 1394348400, 5)
,(127, 1414908000, 4)
,(127, 1425798000, 5)
,(127, 1446357600, 4)
,(127, 1457852400, 5)
,(127, 1478412000, 4)
,(127, 1489302000, 5)
,(127, 1509861600, 4)
,(127, 1520751600, 5)
,(127, 1541311200, 4)
,(127, 1552201200, 5)
,(127, 1572760800, 4)
,(127, 1583650800, 5)
,(127, 1604210400, 4)
,(127, 1615705200, 5)
,(127, 1636264800, 4)
,(127, 1647154800, 5)
,(127, 1667714400, 4)
,(127, 1678604400, 5)
,(127, 1699164000, 4)
,(127, 1710054000, 5)
,(127, 1730613600, 4)
,(127, 1741503600, 5)
,(127, 1762063200, 4)
,(127, 1772953200, 5)
,(127, 1793512800, 4)
,(127, 1805007600, 5)
,(127, 1825567200, 4)
,(127, 1836457200, 5)
,(127, 1857016800, 4)
,(127, 1867906800, 5)
,(127, 1888466400, 4)
,(127, 1899356400, 5)
,(127, 1919916000, 4)
,(127, 1930806000, 5)
,(127, 1951365600, 4)
,(127, 1962860400, 5)
,(127, 1983420000, 4)
,(127, 1994310000, 5)
,(127, 2014869600, 4)
,(127, 2025759600, 5)
,(127, 2046319200, 4)
,(127, 2057209200, 5)
,(127, 2077768800, 4)
,(127, 2088658800, 5)
,(127, 2109218400, 4)
,(127, 2120108400, 5)
,(127, 2140668000, 4)
;
INSERT INTO  oceanbase.__all_tenant_time_zone_transition_type (Time_zone_id, Transition_type_id, Offset, Is_DST, Abbreviation) VALUES
 (127, 0, -18000, 1, 'CDT')
,(127, 1, -21600, 0, 'CST')
,(127, 2, -18000, 1, 'CWT')
,(127, 3, -18000, 1, 'CPT')
,(127, 4, -18000, 0, 'EST')
,(127, 5, -14400, 1, 'EDT')
;
INSERT INTO oceanbase.__all_tenant_time_zone (Time_zone_id, Use_leap_seconds) VALUES (128, 'N');
INSERT INTO  oceanbase.__all_tenant_time_zone_name (Name, Time_zone_id) VALUES ('America/Indiana/Petersburg', 128);
INSERT INTO  oceanbase.__all_tenant_time_zone_transition (Time_zone_id, Transition_time, Transition_type_id) VALUES
 (128, -1633276800, 0)
,(128, -1615136400, 1)
,(128, -1601827200, 0)
,(128, -1583686800, 1)
,(128, -880214400, 2)
,(128, -769395600, 3)
,(128, -765392400, 1)
,(128, -462996000, 0)
,(128, -450291600, 1)
,(128, -431539200, 0)
,(128, -418237200, 1)
,(128, -400089600, 0)
,(128, -386787600, 1)
,(128, -368640000, 0)
,(128, -355338000, 1)
,(128, -337190400, 0)
,(128, -323888400, 1)
,(128, -305740800, 0)
,(128, -292438800, 1)
,(128, -273686400, 0)
,(128, -257965200, 1)
,(128, -242236800, 0)
,(128, -226515600, 1)
,(128, -210787200, 0)
,(128, -195066000, 1)
,(128, -179337600, 0)
,(128, -163616400, 1)
,(128, -147888000, 4)
,(128, -100112400, 1)
,(128, -84384000, 0)
,(128, -68662800, 1)
,(128, -52934400, 0)
,(128, -37213200, 1)
,(128, -21484800, 0)
,(128, -5763600, 1)
,(128, 9964800, 0)
,(128, 25686000, 1)
,(128, 41414400, 0)
,(128, 57740400, 1)
,(128, 73468800, 0)
,(128, 89190000, 1)
,(128, 104918400, 0)
,(128, 120639600, 1)
,(128, 126691200, 0)
,(128, 152089200, 1)
,(128, 162374400, 0)
,(128, 183538800, 1)
,(128, 199267200, 0)
,(128, 215593200, 1)
,(128, 230716800, 0)
,(128, 247042800, 4)
,(128, 1143961200, 0)
,(128, 1162105200, 1)
,(128, 1173600000, 0)
,(128, 1194159600, 4)
,(128, 1205046000, 5)
,(128, 1225605600, 4)
,(128, 1236495600, 5)
,(128, 1257055200, 4)
,(128, 1268550000, 5)
,(128, 1289109600, 4)
,(128, 1299999600, 5)
,(128, 1320559200, 4)
,(128, 1331449200, 5)
,(128, 1352008800, 4)
,(128, 1362898800, 5)
,(128, 1383458400, 4)
,(128, 1394348400, 5)
,(128, 1414908000, 4)
,(128, 1425798000, 5)
,(128, 1446357600, 4)
,(128, 1457852400, 5)
,(128, 1478412000, 4)
,(128, 1489302000, 5)
,(128, 1509861600, 4)
,(128, 1520751600, 5)
,(128, 1541311200, 4)
,(128, 1552201200, 5)
,(128, 1572760800, 4)
,(128, 1583650800, 5)
,(128, 1604210400, 4)
,(128, 1615705200, 5)
,(128, 1636264800, 4)
,(128, 1647154800, 5)
,(128, 1667714400, 4)
,(128, 1678604400, 5)
,(128, 1699164000, 4)
,(128, 1710054000, 5)
,(128, 1730613600, 4)
,(128, 1741503600, 5)
,(128, 1762063200, 4)
,(128, 1772953200, 5)
,(128, 1793512800, 4)
,(128, 1805007600, 5)
,(128, 1825567200, 4)
,(128, 1836457200, 5)
,(128, 1857016800, 4)
,(128, 1867906800, 5)
,(128, 1888466400, 4)
,(128, 1899356400, 5)
,(128, 1919916000, 4)
,(128, 1930806000, 5)
,(128, 1951365600, 4)
,(128, 1962860400, 5)
,(128, 1983420000, 4)
,(128, 1994310000, 5)
,(128, 2014869600, 4)
,(128, 2025759600, 5)
,(128, 2046319200, 4)
,(128, 2057209200, 5)
,(128, 2077768800, 4)
,(128, 2088658800, 5)
,(128, 2109218400, 4)
,(128, 2120108400, 5)
,(128, 2140668000, 4)
;
INSERT INTO  oceanbase.__all_tenant_time_zone_transition_type (Time_zone_id, Transition_type_id, Offset, Is_DST, Abbreviation) VALUES
 (128, 0, -18000, 1, 'CDT')
,(128, 1, -21600, 0, 'CST')
,(128, 2, -18000, 1, 'CWT')
,(128, 3, -18000, 1, 'CPT')
,(128, 4, -18000, 0, 'EST')
,(128, 5, -14400, 1, 'EDT')
;
INSERT INTO oceanbase.__all_tenant_time_zone (Time_zone_id, Use_leap_seconds) VALUES (129, 'N');
INSERT INTO  oceanbase.__all_tenant_time_zone_name (Name, Time_zone_id) VALUES ('America/Indiana/Tell_City', 129);
INSERT INTO  oceanbase.__all_tenant_time_zone_transition (Time_zone_id, Transition_time, Transition_type_id) VALUES
 (129, -1633276800, 0)
,(129, -1615136400, 1)
,(129, -1601827200, 0)
,(129, -1583686800, 1)
,(129, -880214400, 2)
,(129, -769395600, 3)
,(129, -765392400, 1)
,(129, -747244800, 0)
,(129, -733942800, 1)
,(129, -526492800, 0)
,(129, -513190800, 1)
,(129, -495043200, 0)
,(129, -481741200, 1)
,(129, -462996000, 0)
,(129, -450291600, 1)
,(129, -431539200, 0)
,(129, -418237200, 1)
,(129, -400089600, 0)
,(129, -386787600, 1)
,(129, -368640000, 0)
,(129, -355338000, 1)
,(129, -337190400, 0)
,(129, -323888400, 1)
,(129, -305740800, 0)
,(129, -289414800, 1)
,(129, -273686400, 0)
,(129, -260989200, 1)
,(129, -242236800, 0)
,(129, -226515600, 1)
,(129, -210787200, 0)
,(129, -195066000, 1)
,(129, -179337600, 4)
,(129, -21488400, 5)
,(129, -5767200, 4)
,(129, 9961200, 5)
,(129, 25682400, 4)
,(129, 1143961200, 0)
,(129, 1162105200, 1)
,(129, 1173600000, 0)
,(129, 1194159600, 1)
,(129, 1205049600, 0)
,(129, 1225609200, 1)
,(129, 1236499200, 0)
,(129, 1257058800, 1)
,(129, 1268553600, 0)
,(129, 1289113200, 1)
,(129, 1300003200, 0)
,(129, 1320562800, 1)
,(129, 1331452800, 0)
,(129, 1352012400, 1)
,(129, 1362902400, 0)
,(129, 1383462000, 1)
,(129, 1394352000, 0)
,(129, 1414911600, 1)
,(129, 1425801600, 0)
,(129, 1446361200, 1)
,(129, 1457856000, 0)
,(129, 1478415600, 1)
,(129, 1489305600, 0)
,(129, 1509865200, 1)
,(129, 1520755200, 0)
,(129, 1541314800, 1)
,(129, 1552204800, 0)
,(129, 1572764400, 1)
,(129, 1583654400, 0)
,(129, 1604214000, 1)
,(129, 1615708800, 0)
,(129, 1636268400, 1)
,(129, 1647158400, 0)
,(129, 1667718000, 1)
,(129, 1678608000, 0)
,(129, 1699167600, 1)
,(129, 1710057600, 0)
,(129, 1730617200, 1)
,(129, 1741507200, 0)
,(129, 1762066800, 1)
,(129, 1772956800, 0)
,(129, 1793516400, 1)
,(129, 1805011200, 0)
,(129, 1825570800, 1)
,(129, 1836460800, 0)
,(129, 1857020400, 1)
,(129, 1867910400, 0)
,(129, 1888470000, 1)
,(129, 1899360000, 0)
,(129, 1919919600, 1)
,(129, 1930809600, 0)
,(129, 1951369200, 1)
,(129, 1962864000, 0)
,(129, 1983423600, 1)
,(129, 1994313600, 0)
,(129, 2014873200, 1)
,(129, 2025763200, 0)
,(129, 2046322800, 1)
,(129, 2057212800, 0)
,(129, 2077772400, 1)
,(129, 2088662400, 0)
,(129, 2109222000, 1)
,(129, 2120112000, 0)
,(129, 2140671600, 1)
;
INSERT INTO  oceanbase.__all_tenant_time_zone_transition_type (Time_zone_id, Transition_type_id, Offset, Is_DST, Abbreviation) VALUES
 (129, 0, -18000, 1, 'CDT')
,(129, 1, -21600, 0, 'CST')
,(129, 2, -18000, 1, 'CWT')
,(129, 3, -18000, 1, 'CPT')
,(129, 4, -18000, 0, 'EST')
,(129, 5, -14400, 1, 'EDT')
;
INSERT INTO oceanbase.__all_tenant_time_zone (Time_zone_id, Use_leap_seconds) VALUES (130, 'N');
INSERT INTO  oceanbase.__all_tenant_time_zone_name (Name, Time_zone_id) VALUES ('America/Indiana/Vevay', 130);
INSERT INTO  oceanbase.__all_tenant_time_zone_transition (Time_zone_id, Transition_time, Transition_type_id) VALUES
 (130, -1633276800, 0)
,(130, -1615136400, 1)
,(130, -1601827200, 0)
,(130, -1583686800, 1)
,(130, -880214400, 2)
,(130, -769395600, 3)
,(130, -765392400, 1)
,(130, -495043200, 4)
,(130, -21488400, 5)
,(130, -5767200, 4)
,(130, 9961200, 5)
,(130, 25682400, 4)
,(130, 41410800, 5)
,(130, 57736800, 4)
,(130, 73465200, 5)
,(130, 89186400, 4)
,(130, 1143961200, 5)
,(130, 1162101600, 4)
,(130, 1173596400, 5)
,(130, 1194156000, 4)
,(130, 1205046000, 5)
,(130, 1225605600, 4)
,(130, 1236495600, 5)
,(130, 1257055200, 4)
,(130, 1268550000, 5)
,(130, 1289109600, 4)
,(130, 1299999600, 5)
,(130, 1320559200, 4)
,(130, 1331449200, 5)
,(130, 1352008800, 4)
,(130, 1362898800, 5)
,(130, 1383458400, 4)
,(130, 1394348400, 5)
,(130, 1414908000, 4)
,(130, 1425798000, 5)
,(130, 1446357600, 4)
,(130, 1457852400, 5)
,(130, 1478412000, 4)
,(130, 1489302000, 5)
,(130, 1509861600, 4)
,(130, 1520751600, 5)
,(130, 1541311200, 4)
,(130, 1552201200, 5)
,(130, 1572760800, 4)
,(130, 1583650800, 5)
,(130, 1604210400, 4)
,(130, 1615705200, 5)
,(130, 1636264800, 4)
,(130, 1647154800, 5)
,(130, 1667714400, 4)
,(130, 1678604400, 5)
,(130, 1699164000, 4)
,(130, 1710054000, 5)
,(130, 1730613600, 4)
,(130, 1741503600, 5)
,(130, 1762063200, 4)
,(130, 1772953200, 5)
,(130, 1793512800, 4)
,(130, 1805007600, 5)
,(130, 1825567200, 4)
,(130, 1836457200, 5)
,(130, 1857016800, 4)
,(130, 1867906800, 5)
,(130, 1888466400, 4)
,(130, 1899356400, 5)
,(130, 1919916000, 4)
,(130, 1930806000, 5)
,(130, 1951365600, 4)
,(130, 1962860400, 5)
,(130, 1983420000, 4)
,(130, 1994310000, 5)
,(130, 2014869600, 4)
,(130, 2025759600, 5)
,(130, 2046319200, 4)
,(130, 2057209200, 5)
,(130, 2077768800, 4)
,(130, 2088658800, 5)
,(130, 2109218400, 4)
,(130, 2120108400, 5)
,(130, 2140668000, 4)
;
INSERT INTO  oceanbase.__all_tenant_time_zone_transition_type (Time_zone_id, Transition_type_id, Offset, Is_DST, Abbreviation) VALUES
 (130, 0, -18000, 1, 'CDT')
,(130, 1, -21600, 0, 'CST')
,(130, 2, -18000, 1, 'CWT')
,(130, 3, -18000, 1, 'CPT')
,(130, 4, -18000, 0, 'EST')
,(130, 5, -14400, 1, 'EDT')
;
INSERT INTO oceanbase.__all_tenant_time_zone (Time_zone_id, Use_leap_seconds) VALUES (131, 'N');
INSERT INTO  oceanbase.__all_tenant_time_zone_name (Name, Time_zone_id) VALUES ('America/Indiana/Vincennes', 131);
INSERT INTO  oceanbase.__all_tenant_time_zone_transition (Time_zone_id, Transition_time, Transition_type_id) VALUES
 (131, -1633276800, 0)
,(131, -1615136400, 1)
,(131, -1601827200, 0)
,(131, -1583686800, 1)
,(131, -880214400, 2)
,(131, -769395600, 3)
,(131, -765392400, 1)
,(131, -747244800, 0)
,(131, -733942800, 1)
,(131, -526492800, 0)
,(131, -513190800, 1)
,(131, -495043200, 0)
,(131, -481741200, 1)
,(131, -462996000, 0)
,(131, -450291600, 1)
,(131, -431539200, 0)
,(131, -418237200, 1)
,(131, -400089600, 0)
,(131, -386787600, 1)
,(131, -368640000, 0)
,(131, -355338000, 1)
,(131, -337190400, 0)
,(131, -323888400, 1)
,(131, -305740800, 0)
,(131, -289414800, 1)
,(131, -273686400, 0)
,(131, -260989200, 1)
,(131, -242236800, 0)
,(131, -226515600, 1)
,(131, -210787200, 0)
,(131, -195066000, 1)
,(131, -179337600, 4)
,(131, -21488400, 5)
,(131, -5767200, 4)
,(131, 9961200, 5)
,(131, 25682400, 4)
,(131, 1143961200, 0)
,(131, 1162105200, 1)
,(131, 1173600000, 0)
,(131, 1194159600, 4)
,(131, 1205046000, 5)
,(131, 1225605600, 4)
,(131, 1236495600, 5)
,(131, 1257055200, 4)
,(131, 1268550000, 5)
,(131, 1289109600, 4)
,(131, 1299999600, 5)
,(131, 1320559200, 4)
,(131, 1331449200, 5)
,(131, 1352008800, 4)
,(131, 1362898800, 5)
,(131, 1383458400, 4)
,(131, 1394348400, 5)
,(131, 1414908000, 4)
,(131, 1425798000, 5)
,(131, 1446357600, 4)
,(131, 1457852400, 5)
,(131, 1478412000, 4)
,(131, 1489302000, 5)
,(131, 1509861600, 4)
,(131, 1520751600, 5)
,(131, 1541311200, 4)
,(131, 1552201200, 5)
,(131, 1572760800, 4)
,(131, 1583650800, 5)
,(131, 1604210400, 4)
,(131, 1615705200, 5)
,(131, 1636264800, 4)
,(131, 1647154800, 5)
,(131, 1667714400, 4)
,(131, 1678604400, 5)
,(131, 1699164000, 4)
,(131, 1710054000, 5)
,(131, 1730613600, 4)
,(131, 1741503600, 5)
,(131, 1762063200, 4)
,(131, 1772953200, 5)
,(131, 1793512800, 4)
,(131, 1805007600, 5)
,(131, 1825567200, 4)
,(131, 1836457200, 5)
,(131, 1857016800, 4)
,(131, 1867906800, 5)
,(131, 1888466400, 4)
,(131, 1899356400, 5)
,(131, 1919916000, 4)
,(131, 1930806000, 5)
,(131, 1951365600, 4)
,(131, 1962860400, 5)
,(131, 1983420000, 4)
,(131, 1994310000, 5)
,(131, 2014869600, 4)
,(131, 2025759600, 5)
,(131, 2046319200, 4)
,(131, 2057209200, 5)
,(131, 2077768800, 4)
,(131, 2088658800, 5)
,(131, 2109218400, 4)
,(131, 2120108400, 5)
,(131, 2140668000, 4)
;
INSERT INTO  oceanbase.__all_tenant_time_zone_transition_type (Time_zone_id, Transition_type_id, Offset, Is_DST, Abbreviation) VALUES
 (131, 0, -18000, 1, 'CDT')
,(131, 1, -21600, 0, 'CST')
,(131, 2, -18000, 1, 'CWT')
,(131, 3, -18000, 1, 'CPT')
,(131, 4, -18000, 0, 'EST')
,(131, 5, -14400, 1, 'EDT')
;
INSERT INTO oceanbase.__all_tenant_time_zone (Time_zone_id, Use_leap_seconds) VALUES (132, 'N');
INSERT INTO  oceanbase.__all_tenant_time_zone_name (Name, Time_zone_id) VALUES ('America/Indiana/Winamac', 132);
INSERT INTO  oceanbase.__all_tenant_time_zone_transition (Time_zone_id, Transition_time, Transition_type_id) VALUES
 (132, -1633276800, 0)
,(132, -1615136400, 1)
,(132, -1601827200, 0)
,(132, -1583686800, 1)
,(132, -880214400, 2)
,(132, -769395600, 3)
,(132, -765392400, 1)
,(132, -747244800, 0)
,(132, -733942800, 1)
,(132, -715795200, 0)
,(132, -702493200, 1)
,(132, -684345600, 0)
,(132, -671043600, 1)
,(132, -652896000, 0)
,(132, -639594000, 1)
,(132, -620841600, 0)
,(132, -608144400, 1)
,(132, -589392000, 0)
,(132, -576090000, 1)
,(132, -557942400, 0)
,(132, -544640400, 1)
,(132, -526492800, 0)
,(132, -513190800, 1)
,(132, -495043200, 0)
,(132, -481741200, 1)
,(132, -463593600, 0)
,(132, -447267600, 1)
,(132, -431539200, 0)
,(132, -415818000, 1)
,(132, -400089600, 0)
,(132, -386787600, 1)
,(132, -368640000, 0)
,(132, -355338000, 1)
,(132, -337190400, 0)
,(132, -323888400, 1)
,(132, -305740800, 0)
,(132, -292438800, 1)
,(132, -273686400, 4)
,(132, -21488400, 5)
,(132, -5767200, 4)
,(132, 9961200, 5)
,(132, 25682400, 4)
,(132, 1143961200, 0)
,(132, 1162105200, 1)
,(132, 1173600000, 5)
,(132, 1194156000, 4)
,(132, 1205046000, 5)
,(132, 1225605600, 4)
,(132, 1236495600, 5)
,(132, 1257055200, 4)
,(132, 1268550000, 5)
,(132, 1289109600, 4)
,(132, 1299999600, 5)
,(132, 1320559200, 4)
,(132, 1331449200, 5)
,(132, 1352008800, 4)
,(132, 1362898800, 5)
,(132, 1383458400, 4)
,(132, 1394348400, 5)
,(132, 1414908000, 4)
,(132, 1425798000, 5)
,(132, 1446357600, 4)
,(132, 1457852400, 5)
,(132, 1478412000, 4)
,(132, 1489302000, 5)
,(132, 1509861600, 4)
,(132, 1520751600, 5)
,(132, 1541311200, 4)
,(132, 1552201200, 5)
,(132, 1572760800, 4)
,(132, 1583650800, 5)
,(132, 1604210400, 4)
,(132, 1615705200, 5)
,(132, 1636264800, 4)
,(132, 1647154800, 5)
,(132, 1667714400, 4)
,(132, 1678604400, 5)
,(132, 1699164000, 4)
,(132, 1710054000, 5)
,(132, 1730613600, 4)
,(132, 1741503600, 5)
,(132, 1762063200, 4)
,(132, 1772953200, 5)
,(132, 1793512800, 4)
,(132, 1805007600, 5)
,(132, 1825567200, 4)
,(132, 1836457200, 5)
,(132, 1857016800, 4)
,(132, 1867906800, 5)
,(132, 1888466400, 4)
,(132, 1899356400, 5)
,(132, 1919916000, 4)
,(132, 1930806000, 5)
,(132, 1951365600, 4)
,(132, 1962860400, 5)
,(132, 1983420000, 4)
,(132, 1994310000, 5)
,(132, 2014869600, 4)
,(132, 2025759600, 5)
,(132, 2046319200, 4)
,(132, 2057209200, 5)
,(132, 2077768800, 4)
,(132, 2088658800, 5)
,(132, 2109218400, 4)
,(132, 2120108400, 5)
,(132, 2140668000, 4)
;
INSERT INTO  oceanbase.__all_tenant_time_zone_transition_type (Time_zone_id, Transition_type_id, Offset, Is_DST, Abbreviation) VALUES
 (132, 0, -18000, 1, 'CDT')
,(132, 1, -21600, 0, 'CST')
,(132, 2, -18000, 1, 'CWT')
,(132, 3, -18000, 1, 'CPT')
,(132, 4, -18000, 0, 'EST')
,(132, 5, -14400, 1, 'EDT')
;
INSERT INTO oceanbase.__all_tenant_time_zone (Time_zone_id, Use_leap_seconds) VALUES (133, 'N');
INSERT INTO  oceanbase.__all_tenant_time_zone_name (Name, Time_zone_id) VALUES ('America/Indianapolis', 133);
INSERT INTO  oceanbase.__all_tenant_time_zone_transition (Time_zone_id, Transition_time, Transition_type_id) VALUES
 (133, -1633276800, 0)
,(133, -1615136400, 1)
,(133, -1601827200, 0)
,(133, -1583686800, 1)
,(133, -900259200, 0)
,(133, -891795600, 1)
,(133, -880214400, 2)
,(133, -769395600, 3)
,(133, -765392400, 1)
,(133, -747244800, 0)
,(133, -733942800, 1)
,(133, -715795200, 0)
,(133, -702493200, 1)
,(133, -684345600, 0)
,(133, -671043600, 1)
,(133, -652896000, 0)
,(133, -639594000, 1)
,(133, -620841600, 0)
,(133, -608144400, 1)
,(133, -589392000, 0)
,(133, -576090000, 1)
,(133, -557942400, 0)
,(133, -544640400, 1)
,(133, -526492800, 0)
,(133, -513190800, 1)
,(133, -495043200, 0)
,(133, -481741200, 1)
,(133, -463593600, 4)
,(133, -386787600, 1)
,(133, -368640000, 4)
,(133, -21488400, 5)
,(133, -5767200, 4)
,(133, 9961200, 5)
,(133, 25682400, 4)
,(133, 1143961200, 5)
,(133, 1162101600, 4)
,(133, 1173596400, 5)
,(133, 1194156000, 4)
,(133, 1205046000, 5)
,(133, 1225605600, 4)
,(133, 1236495600, 5)
,(133, 1257055200, 4)
,(133, 1268550000, 5)
,(133, 1289109600, 4)
,(133, 1299999600, 5)
,(133, 1320559200, 4)
,(133, 1331449200, 5)
,(133, 1352008800, 4)
,(133, 1362898800, 5)
,(133, 1383458400, 4)
,(133, 1394348400, 5)
,(133, 1414908000, 4)
,(133, 1425798000, 5)
,(133, 1446357600, 4)
,(133, 1457852400, 5)
,(133, 1478412000, 4)
,(133, 1489302000, 5)
,(133, 1509861600, 4)
,(133, 1520751600, 5)
,(133, 1541311200, 4)
,(133, 1552201200, 5)
,(133, 1572760800, 4)
,(133, 1583650800, 5)
,(133, 1604210400, 4)
,(133, 1615705200, 5)
,(133, 1636264800, 4)
,(133, 1647154800, 5)
,(133, 1667714400, 4)
,(133, 1678604400, 5)
,(133, 1699164000, 4)
,(133, 1710054000, 5)
,(133, 1730613600, 4)
,(133, 1741503600, 5)
,(133, 1762063200, 4)
,(133, 1772953200, 5)
,(133, 1793512800, 4)
,(133, 1805007600, 5)
,(133, 1825567200, 4)
,(133, 1836457200, 5)
,(133, 1857016800, 4)
,(133, 1867906800, 5)
,(133, 1888466400, 4)
,(133, 1899356400, 5)
,(133, 1919916000, 4)
,(133, 1930806000, 5)
,(133, 1951365600, 4)
,(133, 1962860400, 5)
,(133, 1983420000, 4)
,(133, 1994310000, 5)
,(133, 2014869600, 4)
,(133, 2025759600, 5)
,(133, 2046319200, 4)
,(133, 2057209200, 5)
,(133, 2077768800, 4)
,(133, 2088658800, 5)
,(133, 2109218400, 4)
,(133, 2120108400, 5)
,(133, 2140668000, 4)
;
INSERT INTO  oceanbase.__all_tenant_time_zone_transition_type (Time_zone_id, Transition_type_id, Offset, Is_DST, Abbreviation) VALUES
 (133, 0, -18000, 1, 'CDT')
,(133, 1, -21600, 0, 'CST')
,(133, 2, -18000, 1, 'CWT')
,(133, 3, -18000, 1, 'CPT')
,(133, 4, -18000, 0, 'EST')
,(133, 5, -14400, 1, 'EDT')
;
INSERT INTO oceanbase.__all_tenant_time_zone (Time_zone_id, Use_leap_seconds) VALUES (134, 'N');
INSERT INTO  oceanbase.__all_tenant_time_zone_name (Name, Time_zone_id) VALUES ('America/Inuvik', 134);
INSERT INTO  oceanbase.__all_tenant_time_zone_transition (Time_zone_id, Transition_time, Transition_type_id) VALUES
 (134, -536457600, 2)
,(134, -147888000, 1)
,(134, -131558400, 2)
,(134, 294228000, 3)
,(134, 325674000, 4)
,(134, 341395200, 3)
,(134, 357123600, 4)
,(134, 372844800, 3)
,(134, 388573200, 4)
,(134, 404899200, 3)
,(134, 420022800, 4)
,(134, 436348800, 3)
,(134, 452077200, 4)
,(134, 467798400, 3)
,(134, 483526800, 4)
,(134, 499248000, 3)
,(134, 514976400, 4)
,(134, 530697600, 3)
,(134, 544611600, 4)
,(134, 562147200, 3)
,(134, 576061200, 4)
,(134, 594201600, 3)
,(134, 607510800, 4)
,(134, 625651200, 3)
,(134, 638960400, 4)
,(134, 657100800, 3)
,(134, 671014800, 4)
,(134, 688550400, 3)
,(134, 702464400, 4)
,(134, 720000000, 3)
,(134, 733914000, 4)
,(134, 752054400, 3)
,(134, 765363600, 4)
,(134, 783504000, 3)
,(134, 796813200, 4)
,(134, 814953600, 3)
,(134, 828867600, 4)
,(134, 846403200, 3)
,(134, 860317200, 4)
,(134, 877852800, 3)
,(134, 891766800, 4)
,(134, 909302400, 3)
,(134, 923216400, 4)
,(134, 941356800, 3)
,(134, 954666000, 4)
,(134, 972806400, 3)
,(134, 986115600, 4)
,(134, 1004256000, 3)
,(134, 1018170000, 4)
,(134, 1035705600, 3)
,(134, 1049619600, 4)
,(134, 1067155200, 3)
,(134, 1081069200, 4)
,(134, 1099209600, 3)
,(134, 1112518800, 4)
,(134, 1130659200, 3)
,(134, 1143968400, 4)
,(134, 1162108800, 3)
,(134, 1173603600, 4)
,(134, 1194163200, 3)
,(134, 1205053200, 4)
,(134, 1225612800, 3)
,(134, 1236502800, 4)
,(134, 1257062400, 3)
,(134, 1268557200, 4)
,(134, 1289116800, 3)
,(134, 1300006800, 4)
,(134, 1320566400, 3)
,(134, 1331456400, 4)
,(134, 1352016000, 3)
,(134, 1362906000, 4)
,(134, 1383465600, 3)
,(134, 1394355600, 4)
,(134, 1414915200, 3)
,(134, 1425805200, 4)
,(134, 1446364800, 3)
,(134, 1457859600, 4)
,(134, 1478419200, 3)
,(134, 1489309200, 4)
,(134, 1509868800, 3)
,(134, 1520758800, 4)
,(134, 1541318400, 3)
,(134, 1552208400, 4)
,(134, 1572768000, 3)
,(134, 1583658000, 4)
,(134, 1604217600, 3)
,(134, 1615712400, 4)
,(134, 1636272000, 3)
,(134, 1647162000, 4)
,(134, 1667721600, 3)
,(134, 1678611600, 4)
,(134, 1699171200, 3)
,(134, 1710061200, 4)
,(134, 1730620800, 3)
,(134, 1741510800, 4)
,(134, 1762070400, 3)
,(134, 1772960400, 4)
,(134, 1793520000, 3)
,(134, 1805014800, 4)
,(134, 1825574400, 3)
,(134, 1836464400, 4)
,(134, 1857024000, 3)
,(134, 1867914000, 4)
,(134, 1888473600, 3)
,(134, 1899363600, 4)
,(134, 1919923200, 3)
,(134, 1930813200, 4)
,(134, 1951372800, 3)
,(134, 1962867600, 4)
,(134, 1983427200, 3)
,(134, 1994317200, 4)
,(134, 2014876800, 3)
,(134, 2025766800, 4)
,(134, 2046326400, 3)
,(134, 2057216400, 4)
,(134, 2077776000, 3)
,(134, 2088666000, 4)
,(134, 2109225600, 3)
,(134, 2120115600, 4)
,(134, 2140675200, 3)
;
INSERT INTO  oceanbase.__all_tenant_time_zone_transition_type (Time_zone_id, Transition_type_id, Offset, Is_DST, Abbreviation) VALUES
 (134, 0, 0, 0, 'zzz')
,(134, 1, -21600, 1, 'PDDT')
,(134, 2, -28800, 0, 'PST')
,(134, 3, -25200, 0, 'MST')
,(134, 4, -21600, 1, 'MDT')
;
INSERT INTO oceanbase.__all_tenant_time_zone (Time_zone_id, Use_leap_seconds) VALUES (135, 'N');
INSERT INTO  oceanbase.__all_tenant_time_zone_name (Name, Time_zone_id) VALUES ('America/Iqaluit', 135);
INSERT INTO  oceanbase.__all_tenant_time_zone_transition (Time_zone_id, Transition_time, Transition_type_id) VALUES
 (135, -865296000, 5)
,(135, -769395600, 1)
,(135, -765396000, 2)
,(135, -147898800, 3)
,(135, -131569200, 2)
,(135, 325666800, 4)
,(135, 341388000, 2)
,(135, 357116400, 4)
,(135, 372837600, 2)
,(135, 388566000, 4)
,(135, 404892000, 2)
,(135, 420015600, 4)
,(135, 436341600, 2)
,(135, 452070000, 4)
,(135, 467791200, 2)
,(135, 483519600, 4)
,(135, 499240800, 2)
,(135, 514969200, 4)
,(135, 530690400, 2)
,(135, 544604400, 4)
,(135, 562140000, 2)
,(135, 576054000, 4)
,(135, 594194400, 2)
,(135, 607503600, 4)
,(135, 625644000, 2)
,(135, 638953200, 4)
,(135, 657093600, 2)
,(135, 671007600, 4)
,(135, 688543200, 2)
,(135, 702457200, 4)
,(135, 719992800, 2)
,(135, 733906800, 4)
,(135, 752047200, 2)
,(135, 765356400, 4)
,(135, 783496800, 2)
,(135, 796806000, 4)
,(135, 814946400, 2)
,(135, 828860400, 4)
,(135, 846396000, 2)
,(135, 860310000, 4)
,(135, 877845600, 2)
,(135, 891759600, 4)
,(135, 909295200, 2)
,(135, 923209200, 4)
,(135, 941349600, 6)
,(135, 954662400, 7)
,(135, 972802800, 2)
,(135, 986108400, 4)
,(135, 1004248800, 2)
,(135, 1018162800, 4)
,(135, 1035698400, 2)
,(135, 1049612400, 4)
,(135, 1067148000, 2)
,(135, 1081062000, 4)
,(135, 1099202400, 2)
,(135, 1112511600, 4)
,(135, 1130652000, 2)
,(135, 1143961200, 4)
,(135, 1162101600, 2)
,(135, 1173596400, 4)
,(135, 1194156000, 2)
,(135, 1205046000, 4)
,(135, 1225605600, 2)
,(135, 1236495600, 4)
,(135, 1257055200, 2)
,(135, 1268550000, 4)
,(135, 1289109600, 2)
,(135, 1299999600, 4)
,(135, 1320559200, 2)
,(135, 1331449200, 4)
,(135, 1352008800, 2)
,(135, 1362898800, 4)
,(135, 1383458400, 2)
,(135, 1394348400, 4)
,(135, 1414908000, 2)
,(135, 1425798000, 4)
,(135, 1446357600, 2)
,(135, 1457852400, 4)
,(135, 1478412000, 2)
,(135, 1489302000, 4)
,(135, 1509861600, 2)
,(135, 1520751600, 4)
,(135, 1541311200, 2)
,(135, 1552201200, 4)
,(135, 1572760800, 2)
,(135, 1583650800, 4)
,(135, 1604210400, 2)
,(135, 1615705200, 4)
,(135, 1636264800, 2)
,(135, 1647154800, 4)
,(135, 1667714400, 2)
,(135, 1678604400, 4)
,(135, 1699164000, 2)
,(135, 1710054000, 4)
,(135, 1730613600, 2)
,(135, 1741503600, 4)
,(135, 1762063200, 2)
,(135, 1772953200, 4)
,(135, 1793512800, 2)
,(135, 1805007600, 4)
,(135, 1825567200, 2)
,(135, 1836457200, 4)
,(135, 1857016800, 2)
,(135, 1867906800, 4)
,(135, 1888466400, 2)
,(135, 1899356400, 4)
,(135, 1919916000, 2)
,(135, 1930806000, 4)
,(135, 1951365600, 2)
,(135, 1962860400, 4)
,(135, 1983420000, 2)
,(135, 1994310000, 4)
,(135, 2014869600, 2)
,(135, 2025759600, 4)
,(135, 2046319200, 2)
,(135, 2057209200, 4)
,(135, 2077768800, 2)
,(135, 2088658800, 4)
,(135, 2109218400, 2)
,(135, 2120108400, 4)
,(135, 2140668000, 2)
;
INSERT INTO  oceanbase.__all_tenant_time_zone_transition_type (Time_zone_id, Transition_type_id, Offset, Is_DST, Abbreviation) VALUES
 (135, 0, 0, 0, 'zzz')
,(135, 1, -14400, 1, 'EPT')
,(135, 2, -18000, 0, 'EST')
,(135, 3, -10800, 1, 'EDDT')
,(135, 4, -14400, 1, 'EDT')
,(135, 5, -14400, 1, 'EWT')
,(135, 6, -21600, 0, 'CST')
,(135, 7, -18000, 1, 'CDT')
;
INSERT INTO oceanbase.__all_tenant_time_zone (Time_zone_id, Use_leap_seconds) VALUES (136, 'N');
INSERT INTO  oceanbase.__all_tenant_time_zone_name (Name, Time_zone_id) VALUES ('America/Jamaica', 136);
INSERT INTO  oceanbase.__all_tenant_time_zone_transition (Time_zone_id, Transition_time, Transition_type_id) VALUES
 (136, -1827687168, 1)
,(136, 136364400, 2)
,(136, 152085600, 1)
,(136, 162370800, 2)
,(136, 183535200, 1)
,(136, 199263600, 2)
,(136, 215589600, 1)
,(136, 230713200, 2)
,(136, 247039200, 1)
,(136, 262767600, 2)
,(136, 278488800, 1)
,(136, 294217200, 2)
,(136, 309938400, 1)
,(136, 325666800, 2)
,(136, 341388000, 1)
,(136, 357116400, 2)
,(136, 372837600, 1)
,(136, 388566000, 2)
,(136, 404892000, 1)
,(136, 420015600, 2)
,(136, 436341600, 1)
;
INSERT INTO  oceanbase.__all_tenant_time_zone_transition_type (Time_zone_id, Transition_type_id, Offset, Is_DST, Abbreviation) VALUES
 (136, 0, -18432, 0, 'KMT')
,(136, 1, -18000, 0, 'EST')
,(136, 2, -14400, 1, 'EDT')
;
INSERT INTO oceanbase.__all_tenant_time_zone (Time_zone_id, Use_leap_seconds) VALUES (137, 'N');
INSERT INTO  oceanbase.__all_tenant_time_zone_name (Name, Time_zone_id) VALUES ('America/Jujuy', 137);
INSERT INTO  oceanbase.__all_tenant_time_zone_transition (Time_zone_id, Transition_time, Transition_type_id) VALUES
 (137, -1567453392, 1)
,(137, -1233432000, 2)
,(137, -1222981200, 1)
,(137, -1205956800, 2)
,(137, -1194037200, 1)
,(137, -1172865600, 2)
,(137, -1162501200, 1)
,(137, -1141329600, 2)
,(137, -1130965200, 1)
,(137, -1109793600, 2)
,(137, -1099429200, 1)
,(137, -1078257600, 2)
,(137, -1067806800, 1)
,(137, -1046635200, 2)
,(137, -1036270800, 1)
,(137, -1015099200, 2)
,(137, -1004734800, 1)
,(137, -983563200, 2)
,(137, -973198800, 1)
,(137, -952027200, 2)
,(137, -941576400, 1)
,(137, -931032000, 2)
,(137, -900882000, 1)
,(137, -890337600, 2)
,(137, -833749200, 1)
,(137, -827265600, 2)
,(137, -752274000, 1)
,(137, -733780800, 2)
,(137, -197326800, 1)
,(137, -190843200, 2)
,(137, -184194000, 1)
,(137, -164491200, 2)
,(137, -152658000, 1)
,(137, -132955200, 2)
,(137, -121122000, 1)
,(137, -101419200, 2)
,(137, -86821200, 1)
,(137, -71092800, 2)
,(137, -54766800, 1)
,(137, -39038400, 2)
,(137, -23317200, 1)
,(137, -7588800, 4)
,(137, 128142000, 3)
,(137, 136605600, 4)
,(137, 596948400, 3)
,(137, 605066400, 4)
,(137, 624423600, 3)
,(137, 636516000, 5)
,(137, 657086400, 6)
,(137, 669178800, 5)
,(137, 686721600, 3)
,(137, 699415200, 4)
,(137, 719377200, 3)
,(137, 731469600, 4)
,(137, 938919600, 2)
,(137, 952052400, 4)
,(137, 1198983600, 3)
,(137, 1205632800, 4)
;
INSERT INTO  oceanbase.__all_tenant_time_zone_transition_type (Time_zone_id, Transition_type_id, Offset, Is_DST, Abbreviation) VALUES
 (137, 0, -15408, 0, 'CMT')
,(137, 1, -14400, 0, 'ART')
,(137, 2, -10800, 1, 'ARST')
,(137, 3, -7200, 1, 'ARST')
,(137, 4, -10800, 0, 'ART')
,(137, 5, -14400, 0, 'WART')
,(137, 6, -10800, 1, 'WARST')
;
INSERT INTO oceanbase.__all_tenant_time_zone (Time_zone_id, Use_leap_seconds) VALUES (138, 'N');
INSERT INTO  oceanbase.__all_tenant_time_zone_name (Name, Time_zone_id) VALUES ('America/Juneau', 138);
INSERT INTO  oceanbase.__all_tenant_time_zone_transition (Time_zone_id, Transition_time, Transition_type_id) VALUES
 (138, -880207200, 1)
,(138, -769395600, 2)
,(138, -765385200, 0)
,(138, -21477600, 3)
,(138, -5756400, 0)
,(138, 9972000, 3)
,(138, 25693200, 0)
,(138, 41421600, 3)
,(138, 57747600, 0)
,(138, 73476000, 3)
,(138, 89197200, 0)
,(138, 104925600, 3)
,(138, 120646800, 0)
,(138, 126698400, 3)
,(138, 152096400, 0)
,(138, 162381600, 3)
,(138, 183546000, 0)
,(138, 199274400, 3)
,(138, 215600400, 0)
,(138, 230724000, 3)
,(138, 247050000, 0)
,(138, 262778400, 3)
,(138, 278499600, 0)
,(138, 294228000, 3)
,(138, 309949200, 0)
,(138, 325677600, 4)
,(138, 341402400, 0)
,(138, 357127200, 3)
,(138, 372848400, 0)
,(138, 388576800, 3)
,(138, 404902800, 0)
,(138, 420026400, 3)
,(138, 436352400, 5)
,(138, 439030800, 7)
,(138, 452084400, 6)
,(138, 467805600, 7)
,(138, 483534000, 6)
,(138, 499255200, 7)
,(138, 514983600, 6)
,(138, 530704800, 7)
,(138, 544618800, 6)
,(138, 562154400, 7)
,(138, 576068400, 6)
,(138, 594208800, 7)
,(138, 607518000, 6)
,(138, 625658400, 7)
,(138, 638967600, 6)
,(138, 657108000, 7)
,(138, 671022000, 6)
,(138, 688557600, 7)
,(138, 702471600, 6)
,(138, 720007200, 7)
,(138, 733921200, 6)
,(138, 752061600, 7)
,(138, 765370800, 6)
,(138, 783511200, 7)
,(138, 796820400, 6)
,(138, 814960800, 7)
,(138, 828874800, 6)
,(138, 846410400, 7)
,(138, 860324400, 6)
,(138, 877860000, 7)
,(138, 891774000, 6)
,(138, 909309600, 7)
,(138, 923223600, 6)
,(138, 941364000, 7)
,(138, 954673200, 6)
,(138, 972813600, 7)
,(138, 986122800, 6)
,(138, 1004263200, 7)
,(138, 1018177200, 6)
,(138, 1035712800, 7)
,(138, 1049626800, 6)
,(138, 1067162400, 7)
,(138, 1081076400, 6)
,(138, 1099216800, 7)
,(138, 1112526000, 6)
,(138, 1130666400, 7)
,(138, 1143975600, 6)
,(138, 1162116000, 7)
,(138, 1173610800, 6)
,(138, 1194170400, 7)
,(138, 1205060400, 6)
,(138, 1225620000, 7)
,(138, 1236510000, 6)
,(138, 1257069600, 7)
,(138, 1268564400, 6)
,(138, 1289124000, 7)
,(138, 1300014000, 6)
,(138, 1320573600, 7)
,(138, 1331463600, 6)
,(138, 1352023200, 7)
,(138, 1362913200, 6)
,(138, 1383472800, 7)
,(138, 1394362800, 6)
,(138, 1414922400, 7)
,(138, 1425812400, 6)
,(138, 1446372000, 7)
,(138, 1457866800, 6)
,(138, 1478426400, 7)
,(138, 1489316400, 6)
,(138, 1509876000, 7)
,(138, 1520766000, 6)
,(138, 1541325600, 7)
,(138, 1552215600, 6)
,(138, 1572775200, 7)
,(138, 1583665200, 6)
,(138, 1604224800, 7)
,(138, 1615719600, 6)
,(138, 1636279200, 7)
,(138, 1647169200, 6)
,(138, 1667728800, 7)
,(138, 1678618800, 6)
,(138, 1699178400, 7)
,(138, 1710068400, 6)
,(138, 1730628000, 7)
,(138, 1741518000, 6)
,(138, 1762077600, 7)
,(138, 1772967600, 6)
,(138, 1793527200, 7)
,(138, 1805022000, 6)
,(138, 1825581600, 7)
,(138, 1836471600, 6)
,(138, 1857031200, 7)
,(138, 1867921200, 6)
,(138, 1888480800, 7)
,(138, 1899370800, 6)
,(138, 1919930400, 7)
,(138, 1930820400, 6)
,(138, 1951380000, 7)
,(138, 1962874800, 6)
,(138, 1983434400, 7)
,(138, 1994324400, 6)
,(138, 2014884000, 7)
,(138, 2025774000, 6)
,(138, 2046333600, 7)
,(138, 2057223600, 6)
,(138, 2077783200, 7)
,(138, 2088673200, 6)
,(138, 2109232800, 7)
,(138, 2120122800, 6)
,(138, 2140682400, 7)
;
INSERT INTO  oceanbase.__all_tenant_time_zone_transition_type (Time_zone_id, Transition_type_id, Offset, Is_DST, Abbreviation) VALUES
 (138, 0, -28800, 0, 'PST')
,(138, 1, -25200, 1, 'PWT')
,(138, 2, -25200, 1, 'PPT')
,(138, 3, -25200, 1, 'PDT')
,(138, 4, -28800, 1, 'YDT')
,(138, 5, -32400, 0, 'YST')
,(138, 6, -28800, 1, 'AKDT')
,(138, 7, -32400, 0, 'AKST')
;
INSERT INTO oceanbase.__all_tenant_time_zone (Time_zone_id, Use_leap_seconds) VALUES (139, 'N');
INSERT INTO  oceanbase.__all_tenant_time_zone_name (Name, Time_zone_id) VALUES ('America/Kentucky/Louisville', 139);
INSERT INTO  oceanbase.__all_tenant_time_zone_transition (Time_zone_id, Transition_time, Transition_type_id) VALUES
 (139, -1633276800, 0)
,(139, -1615136400, 1)
,(139, -1601827200, 0)
,(139, -1583686800, 1)
,(139, -1535904000, 0)
,(139, -1525280400, 1)
,(139, -905097600, 0)
,(139, -891795600, 1)
,(139, -880214400, 2)
,(139, -769395600, 3)
,(139, -765392400, 1)
,(139, -757360800, 0)
,(139, -744224400, 1)
,(139, -715795200, 0)
,(139, -608144400, 1)
,(139, -589392000, 0)
,(139, -576090000, 1)
,(139, -557942400, 0)
,(139, -544640400, 1)
,(139, -526492800, 0)
,(139, -513190800, 1)
,(139, -495043200, 0)
,(139, -481741200, 1)
,(139, -463593600, 0)
,(139, -450291600, 1)
,(139, -431539200, 0)
,(139, -415818000, 1)
,(139, -400089600, 0)
,(139, -384368400, 1)
,(139, -368640000, 0)
,(139, -352918800, 1)
,(139, -337190400, 0)
,(139, -321469200, 1)
,(139, -305740800, 0)
,(139, -289414800, 1)
,(139, -273686400, 0)
,(139, -266432400, 4)
,(139, -52938000, 5)
,(139, -37216800, 4)
,(139, -21488400, 5)
,(139, -5767200, 4)
,(139, 9961200, 5)
,(139, 25682400, 4)
,(139, 41410800, 5)
,(139, 57736800, 4)
,(139, 73465200, 5)
,(139, 89186400, 4)
,(139, 104914800, 5)
,(139, 120636000, 4)
,(139, 126687600, 0)
,(139, 152089200, 4)
,(139, 162370800, 5)
,(139, 183535200, 4)
,(139, 199263600, 5)
,(139, 215589600, 4)
,(139, 230713200, 5)
,(139, 247039200, 4)
,(139, 262767600, 5)
,(139, 278488800, 4)
,(139, 294217200, 5)
,(139, 309938400, 4)
,(139, 325666800, 5)
,(139, 341388000, 4)
,(139, 357116400, 5)
,(139, 372837600, 4)
,(139, 388566000, 5)
,(139, 404892000, 4)
,(139, 420015600, 5)
,(139, 436341600, 4)
,(139, 452070000, 5)
,(139, 467791200, 4)
,(139, 483519600, 5)
,(139, 499240800, 4)
,(139, 514969200, 5)
,(139, 530690400, 4)
,(139, 544604400, 5)
,(139, 562140000, 4)
,(139, 576054000, 5)
,(139, 594194400, 4)
,(139, 607503600, 5)
,(139, 625644000, 4)
,(139, 638953200, 5)
,(139, 657093600, 4)
,(139, 671007600, 5)
,(139, 688543200, 4)
,(139, 702457200, 5)
,(139, 719992800, 4)
,(139, 733906800, 5)
,(139, 752047200, 4)
,(139, 765356400, 5)
,(139, 783496800, 4)
,(139, 796806000, 5)
,(139, 814946400, 4)
,(139, 828860400, 5)
,(139, 846396000, 4)
,(139, 860310000, 5)
,(139, 877845600, 4)
,(139, 891759600, 5)
,(139, 909295200, 4)
,(139, 923209200, 5)
,(139, 941349600, 4)
,(139, 954658800, 5)
,(139, 972799200, 4)
,(139, 986108400, 5)
,(139, 1004248800, 4)
,(139, 1018162800, 5)
,(139, 1035698400, 4)
,(139, 1049612400, 5)
,(139, 1067148000, 4)
,(139, 1081062000, 5)
,(139, 1099202400, 4)
,(139, 1112511600, 5)
,(139, 1130652000, 4)
,(139, 1143961200, 5)
,(139, 1162101600, 4)
,(139, 1173596400, 5)
,(139, 1194156000, 4)
,(139, 1205046000, 5)
,(139, 1225605600, 4)
,(139, 1236495600, 5)
,(139, 1257055200, 4)
,(139, 1268550000, 5)
,(139, 1289109600, 4)
,(139, 1299999600, 5)
,(139, 1320559200, 4)
,(139, 1331449200, 5)
,(139, 1352008800, 4)
,(139, 1362898800, 5)
,(139, 1383458400, 4)
,(139, 1394348400, 5)
,(139, 1414908000, 4)
,(139, 1425798000, 5)
,(139, 1446357600, 4)
,(139, 1457852400, 5)
,(139, 1478412000, 4)
,(139, 1489302000, 5)
,(139, 1509861600, 4)
,(139, 1520751600, 5)
,(139, 1541311200, 4)
,(139, 1552201200, 5)
,(139, 1572760800, 4)
,(139, 1583650800, 5)
,(139, 1604210400, 4)
,(139, 1615705200, 5)
,(139, 1636264800, 4)
,(139, 1647154800, 5)
,(139, 1667714400, 4)
,(139, 1678604400, 5)
,(139, 1699164000, 4)
,(139, 1710054000, 5)
,(139, 1730613600, 4)
,(139, 1741503600, 5)
,(139, 1762063200, 4)
,(139, 1772953200, 5)
,(139, 1793512800, 4)
,(139, 1805007600, 5)
,(139, 1825567200, 4)
,(139, 1836457200, 5)
,(139, 1857016800, 4)
,(139, 1867906800, 5)
,(139, 1888466400, 4)
,(139, 1899356400, 5)
,(139, 1919916000, 4)
,(139, 1930806000, 5)
,(139, 1951365600, 4)
,(139, 1962860400, 5)
,(139, 1983420000, 4)
,(139, 1994310000, 5)
,(139, 2014869600, 4)
,(139, 2025759600, 5)
,(139, 2046319200, 4)
,(139, 2057209200, 5)
,(139, 2077768800, 4)
,(139, 2088658800, 5)
,(139, 2109218400, 4)
,(139, 2120108400, 5)
,(139, 2140668000, 4)
;
INSERT INTO  oceanbase.__all_tenant_time_zone_transition_type (Time_zone_id, Transition_type_id, Offset, Is_DST, Abbreviation) VALUES
 (139, 0, -18000, 1, 'CDT')
,(139, 1, -21600, 0, 'CST')
,(139, 2, -18000, 1, 'CWT')
,(139, 3, -18000, 1, 'CPT')
,(139, 4, -18000, 0, 'EST')
,(139, 5, -14400, 1, 'EDT')
;
INSERT INTO oceanbase.__all_tenant_time_zone (Time_zone_id, Use_leap_seconds) VALUES (140, 'N');
INSERT INTO  oceanbase.__all_tenant_time_zone_name (Name, Time_zone_id) VALUES ('America/Kentucky/Monticello', 140);
INSERT INTO  oceanbase.__all_tenant_time_zone_transition (Time_zone_id, Transition_time, Transition_type_id) VALUES
 (140, -1633276800, 0)
,(140, -1615136400, 1)
,(140, -1601827200, 0)
,(140, -1583686800, 1)
,(140, -880214400, 2)
,(140, -769395600, 3)
,(140, -765392400, 1)
,(140, -52934400, 0)
,(140, -37213200, 1)
,(140, -21484800, 0)
,(140, -5763600, 1)
,(140, 9964800, 0)
,(140, 25686000, 1)
,(140, 41414400, 0)
,(140, 57740400, 1)
,(140, 73468800, 0)
,(140, 89190000, 1)
,(140, 104918400, 0)
,(140, 120639600, 1)
,(140, 126691200, 0)
,(140, 152089200, 1)
,(140, 162374400, 0)
,(140, 183538800, 1)
,(140, 199267200, 0)
,(140, 215593200, 1)
,(140, 230716800, 0)
,(140, 247042800, 1)
,(140, 262771200, 0)
,(140, 278492400, 1)
,(140, 294220800, 0)
,(140, 309942000, 1)
,(140, 325670400, 0)
,(140, 341391600, 1)
,(140, 357120000, 0)
,(140, 372841200, 1)
,(140, 388569600, 0)
,(140, 404895600, 1)
,(140, 420019200, 0)
,(140, 436345200, 1)
,(140, 452073600, 0)
,(140, 467794800, 1)
,(140, 483523200, 0)
,(140, 499244400, 1)
,(140, 514972800, 0)
,(140, 530694000, 1)
,(140, 544608000, 0)
,(140, 562143600, 1)
,(140, 576057600, 0)
,(140, 594198000, 1)
,(140, 607507200, 0)
,(140, 625647600, 1)
,(140, 638956800, 0)
,(140, 657097200, 1)
,(140, 671011200, 0)
,(140, 688546800, 1)
,(140, 702460800, 0)
,(140, 719996400, 1)
,(140, 733910400, 0)
,(140, 752050800, 1)
,(140, 765360000, 0)
,(140, 783500400, 1)
,(140, 796809600, 0)
,(140, 814950000, 1)
,(140, 828864000, 0)
,(140, 846399600, 1)
,(140, 860313600, 0)
,(140, 877849200, 1)
,(140, 891763200, 0)
,(140, 909298800, 1)
,(140, 923212800, 0)
,(140, 941353200, 1)
,(140, 954662400, 0)
,(140, 972802800, 5)
,(140, 986108400, 4)
,(140, 1004248800, 5)
,(140, 1018162800, 4)
,(140, 1035698400, 5)
,(140, 1049612400, 4)
,(140, 1067148000, 5)
,(140, 1081062000, 4)
,(140, 1099202400, 5)
,(140, 1112511600, 4)
,(140, 1130652000, 5)
,(140, 1143961200, 4)
,(140, 1162101600, 5)
,(140, 1173596400, 4)
,(140, 1194156000, 5)
,(140, 1205046000, 4)
,(140, 1225605600, 5)
,(140, 1236495600, 4)
,(140, 1257055200, 5)
,(140, 1268550000, 4)
,(140, 1289109600, 5)
,(140, 1299999600, 4)
,(140, 1320559200, 5)
,(140, 1331449200, 4)
,(140, 1352008800, 5)
,(140, 1362898800, 4)
,(140, 1383458400, 5)
,(140, 1394348400, 4)
,(140, 1414908000, 5)
,(140, 1425798000, 4)
,(140, 1446357600, 5)
,(140, 1457852400, 4)
,(140, 1478412000, 5)
,(140, 1489302000, 4)
,(140, 1509861600, 5)
,(140, 1520751600, 4)
,(140, 1541311200, 5)
,(140, 1552201200, 4)
,(140, 1572760800, 5)
,(140, 1583650800, 4)
,(140, 1604210400, 5)
,(140, 1615705200, 4)
,(140, 1636264800, 5)
,(140, 1647154800, 4)
,(140, 1667714400, 5)
,(140, 1678604400, 4)
,(140, 1699164000, 5)
,(140, 1710054000, 4)
,(140, 1730613600, 5)
,(140, 1741503600, 4)
,(140, 1762063200, 5)
,(140, 1772953200, 4)
,(140, 1793512800, 5)
,(140, 1805007600, 4)
,(140, 1825567200, 5)
,(140, 1836457200, 4)
,(140, 1857016800, 5)
,(140, 1867906800, 4)
,(140, 1888466400, 5)
,(140, 1899356400, 4)
,(140, 1919916000, 5)
,(140, 1930806000, 4)
,(140, 1951365600, 5)
,(140, 1962860400, 4)
,(140, 1983420000, 5)
,(140, 1994310000, 4)
,(140, 2014869600, 5)
,(140, 2025759600, 4)
,(140, 2046319200, 5)
,(140, 2057209200, 4)
,(140, 2077768800, 5)
,(140, 2088658800, 4)
,(140, 2109218400, 5)
,(140, 2120108400, 4)
,(140, 2140668000, 5)
;
INSERT INTO  oceanbase.__all_tenant_time_zone_transition_type (Time_zone_id, Transition_type_id, Offset, Is_DST, Abbreviation) VALUES
 (140, 0, -18000, 1, 'CDT')
,(140, 1, -21600, 0, 'CST')
,(140, 2, -18000, 1, 'CWT')
,(140, 3, -18000, 1, 'CPT')
,(140, 4, -14400, 1, 'EDT')
,(140, 5, -18000, 0, 'EST')
;
INSERT INTO oceanbase.__all_tenant_time_zone (Time_zone_id, Use_leap_seconds) VALUES (141, 'N');
INSERT INTO  oceanbase.__all_tenant_time_zone_name (Name, Time_zone_id) VALUES ('America/Knox_IN', 141);
INSERT INTO  oceanbase.__all_tenant_time_zone_transition (Time_zone_id, Transition_time, Transition_type_id) VALUES
 (141, -1633276800, 0)
,(141, -1615136400, 1)
,(141, -1601827200, 0)
,(141, -1583686800, 1)
,(141, -880214400, 2)
,(141, -769395600, 3)
,(141, -765392400, 1)
,(141, -715795200, 0)
,(141, -702493200, 1)
,(141, -684345600, 0)
,(141, -671043600, 1)
,(141, -652896000, 0)
,(141, -639594000, 1)
,(141, -620841600, 0)
,(141, -608144400, 1)
,(141, -589392000, 0)
,(141, -576090000, 1)
,(141, -557942400, 0)
,(141, -544640400, 1)
,(141, -526492800, 0)
,(141, -513190800, 1)
,(141, -495043200, 0)
,(141, -481741200, 1)
,(141, -463593600, 0)
,(141, -447267600, 1)
,(141, -431539200, 0)
,(141, -415818000, 1)
,(141, -400089600, 0)
,(141, -386787600, 1)
,(141, -368640000, 0)
,(141, -355338000, 1)
,(141, -337190400, 0)
,(141, -321469200, 1)
,(141, -305740800, 0)
,(141, -289414800, 1)
,(141, -273686400, 0)
,(141, -257965200, 1)
,(141, -242236800, 4)
,(141, -195066000, 1)
,(141, -84384000, 0)
,(141, -68662800, 1)
,(141, -52934400, 0)
,(141, -37213200, 1)
,(141, -21484800, 0)
,(141, -5763600, 1)
,(141, 9964800, 0)
,(141, 25686000, 1)
,(141, 41414400, 0)
,(141, 57740400, 1)
,(141, 73468800, 0)
,(141, 89190000, 1)
,(141, 104918400, 0)
,(141, 120639600, 1)
,(141, 126691200, 0)
,(141, 152089200, 1)
,(141, 162374400, 0)
,(141, 183538800, 1)
,(141, 199267200, 0)
,(141, 215593200, 1)
,(141, 230716800, 0)
,(141, 247042800, 1)
,(141, 262771200, 0)
,(141, 278492400, 1)
,(141, 294220800, 0)
,(141, 309942000, 1)
,(141, 325670400, 0)
,(141, 341391600, 1)
,(141, 357120000, 0)
,(141, 372841200, 1)
,(141, 388569600, 0)
,(141, 404895600, 1)
,(141, 420019200, 0)
,(141, 436345200, 1)
,(141, 452073600, 0)
,(141, 467794800, 1)
,(141, 483523200, 0)
,(141, 499244400, 1)
,(141, 514972800, 0)
,(141, 530694000, 1)
,(141, 544608000, 0)
,(141, 562143600, 1)
,(141, 576057600, 0)
,(141, 594198000, 1)
,(141, 607507200, 0)
,(141, 625647600, 1)
,(141, 638956800, 0)
,(141, 657097200, 1)
,(141, 671011200, 0)
,(141, 688546800, 4)
,(141, 1143961200, 0)
,(141, 1162105200, 1)
,(141, 1173600000, 0)
,(141, 1194159600, 1)
,(141, 1205049600, 0)
,(141, 1225609200, 1)
,(141, 1236499200, 0)
,(141, 1257058800, 1)
,(141, 1268553600, 0)
,(141, 1289113200, 1)
,(141, 1300003200, 0)
,(141, 1320562800, 1)
,(141, 1331452800, 0)
,(141, 1352012400, 1)
,(141, 1362902400, 0)
,(141, 1383462000, 1)
,(141, 1394352000, 0)
,(141, 1414911600, 1)
,(141, 1425801600, 0)
,(141, 1446361200, 1)
,(141, 1457856000, 0)
,(141, 1478415600, 1)
,(141, 1489305600, 0)
,(141, 1509865200, 1)
,(141, 1520755200, 0)
,(141, 1541314800, 1)
,(141, 1552204800, 0)
,(141, 1572764400, 1)
,(141, 1583654400, 0)
,(141, 1604214000, 1)
,(141, 1615708800, 0)
,(141, 1636268400, 1)
,(141, 1647158400, 0)
,(141, 1667718000, 1)
,(141, 1678608000, 0)
,(141, 1699167600, 1)
,(141, 1710057600, 0)
,(141, 1730617200, 1)
,(141, 1741507200, 0)
,(141, 1762066800, 1)
,(141, 1772956800, 0)
,(141, 1793516400, 1)
,(141, 1805011200, 0)
,(141, 1825570800, 1)
,(141, 1836460800, 0)
,(141, 1857020400, 1)
,(141, 1867910400, 0)
,(141, 1888470000, 1)
,(141, 1899360000, 0)
,(141, 1919919600, 1)
,(141, 1930809600, 0)
,(141, 1951369200, 1)
,(141, 1962864000, 0)
,(141, 1983423600, 1)
,(141, 1994313600, 0)
,(141, 2014873200, 1)
,(141, 2025763200, 0)
,(141, 2046322800, 1)
,(141, 2057212800, 0)
,(141, 2077772400, 1)
,(141, 2088662400, 0)
,(141, 2109222000, 1)
,(141, 2120112000, 0)
,(141, 2140671600, 1)
;
INSERT INTO  oceanbase.__all_tenant_time_zone_transition_type (Time_zone_id, Transition_type_id, Offset, Is_DST, Abbreviation) VALUES
 (141, 0, -18000, 1, 'CDT')
,(141, 1, -21600, 0, 'CST')
,(141, 2, -18000, 1, 'CWT')
,(141, 3, -18000, 1, 'CPT')
,(141, 4, -18000, 0, 'EST')
;
INSERT INTO oceanbase.__all_tenant_time_zone (Time_zone_id, Use_leap_seconds) VALUES (142, 'N');
INSERT INTO  oceanbase.__all_tenant_time_zone_name (Name, Time_zone_id) VALUES ('America/Kralendijk', 142);
INSERT INTO  oceanbase.__all_tenant_time_zone_transition (Time_zone_id, Transition_time, Transition_type_id) VALUES
 (142, -1826738656, 1)
,(142, -157750200, 2)
;
INSERT INTO  oceanbase.__all_tenant_time_zone_transition_type (Time_zone_id, Transition_type_id, Offset, Is_DST, Abbreviation) VALUES
 (142, 0, -16544, 0, 'LMT')
,(142, 1, -16200, 0, 'ANT')
,(142, 2, -14400, 0, 'AST')
;
INSERT INTO oceanbase.__all_tenant_time_zone (Time_zone_id, Use_leap_seconds) VALUES (143, 'N');
INSERT INTO  oceanbase.__all_tenant_time_zone_name (Name, Time_zone_id) VALUES ('America/La_Paz', 143);
INSERT INTO  oceanbase.__all_tenant_time_zone_transition (Time_zone_id, Transition_time, Transition_type_id) VALUES
 (143, -1205954844, 1)
,(143, -1192307244, 2)
;
INSERT INTO  oceanbase.__all_tenant_time_zone_transition_type (Time_zone_id, Transition_type_id, Offset, Is_DST, Abbreviation) VALUES
 (143, 0, -16356, 0, 'CMT')
,(143, 1, -12756, 1, 'BOST')
,(143, 2, -14400, 0, 'BOT')
;
INSERT INTO oceanbase.__all_tenant_time_zone (Time_zone_id, Use_leap_seconds) VALUES (144, 'N');
INSERT INTO  oceanbase.__all_tenant_time_zone_name (Name, Time_zone_id) VALUES ('America/Lima', 144);
INSERT INTO  oceanbase.__all_tenant_time_zone_transition (Time_zone_id, Transition_time, Transition_type_id) VALUES
 (144, -1938538284, 2)
,(144, -1009825200, 1)
,(144, -1002052800, 2)
,(144, -986756400, 1)
,(144, -971035200, 2)
,(144, -955306800, 1)
,(144, -939585600, 2)
,(144, 504939600, 1)
,(144, 512712000, 2)
,(144, 536475600, 1)
,(144, 544248000, 2)
,(144, 631170000, 1)
,(144, 638942400, 2)
,(144, 757400400, 1)
,(144, 765172800, 2)
;
INSERT INTO  oceanbase.__all_tenant_time_zone_transition_type (Time_zone_id, Transition_type_id, Offset, Is_DST, Abbreviation) VALUES
 (144, 0, -18516, 0, 'LMT')
,(144, 1, -14400, 1, 'PEST')
,(144, 2, -18000, 0, 'PET')
;
INSERT INTO oceanbase.__all_tenant_time_zone (Time_zone_id, Use_leap_seconds) VALUES (145, 'N');
INSERT INTO  oceanbase.__all_tenant_time_zone_name (Name, Time_zone_id) VALUES ('America/Los_Angeles', 145);
INSERT INTO  oceanbase.__all_tenant_time_zone_transition (Time_zone_id, Transition_time, Transition_type_id) VALUES
 (145, -1633269600, 0)
,(145, -1615129200, 1)
,(145, -1601820000, 0)
,(145, -1583679600, 1)
,(145, -880207200, 2)
,(145, -769395600, 3)
,(145, -765385200, 1)
,(145, -687967200, 0)
,(145, -662655600, 1)
,(145, -620834400, 0)
,(145, -608137200, 1)
,(145, -589384800, 0)
,(145, -576082800, 1)
,(145, -557935200, 0)
,(145, -544633200, 1)
,(145, -526485600, 0)
,(145, -513183600, 1)
,(145, -495036000, 0)
,(145, -481734000, 1)
,(145, -463586400, 0)
,(145, -450284400, 1)
,(145, -431532000, 0)
,(145, -418230000, 1)
,(145, -400082400, 0)
,(145, -386780400, 1)
,(145, -368632800, 0)
,(145, -355330800, 1)
,(145, -337183200, 0)
,(145, -323881200, 1)
,(145, -305733600, 0)
,(145, -292431600, 1)
,(145, -273679200, 0)
,(145, -260982000, 1)
,(145, -242229600, 0)
,(145, -226508400, 1)
,(145, -210780000, 0)
,(145, -195058800, 1)
,(145, -179330400, 0)
,(145, -163609200, 1)
,(145, -147880800, 0)
,(145, -131554800, 1)
,(145, -116431200, 0)
,(145, -100105200, 1)
,(145, -84376800, 0)
,(145, -68655600, 1)
,(145, -52927200, 0)
,(145, -37206000, 1)
,(145, -21477600, 0)
,(145, -5756400, 1)
,(145, 9972000, 0)
,(145, 25693200, 1)
,(145, 41421600, 0)
,(145, 57747600, 1)
,(145, 73476000, 0)
,(145, 89197200, 1)
,(145, 104925600, 0)
,(145, 120646800, 1)
,(145, 126698400, 0)
,(145, 152096400, 1)
,(145, 162381600, 0)
,(145, 183546000, 1)
,(145, 199274400, 0)
,(145, 215600400, 1)
,(145, 230724000, 0)
,(145, 247050000, 1)
,(145, 262778400, 0)
,(145, 278499600, 1)
,(145, 294228000, 0)
,(145, 309949200, 1)
,(145, 325677600, 0)
,(145, 341398800, 1)
,(145, 357127200, 0)
,(145, 372848400, 1)
,(145, 388576800, 0)
,(145, 404902800, 1)
,(145, 420026400, 0)
,(145, 436352400, 1)
,(145, 452080800, 0)
,(145, 467802000, 1)
,(145, 483530400, 0)
,(145, 499251600, 1)
,(145, 514980000, 0)
,(145, 530701200, 1)
,(145, 544615200, 0)
,(145, 562150800, 1)
,(145, 576064800, 0)
,(145, 594205200, 1)
,(145, 607514400, 0)
,(145, 625654800, 1)
,(145, 638964000, 0)
,(145, 657104400, 1)
,(145, 671018400, 0)
,(145, 688554000, 1)
,(145, 702468000, 0)
,(145, 720003600, 1)
,(145, 733917600, 0)
,(145, 752058000, 1)
,(145, 765367200, 0)
,(145, 783507600, 1)
,(145, 796816800, 0)
,(145, 814957200, 1)
,(145, 828871200, 0)
,(145, 846406800, 1)
,(145, 860320800, 0)
,(145, 877856400, 1)
,(145, 891770400, 0)
,(145, 909306000, 1)
,(145, 923220000, 0)
,(145, 941360400, 1)
,(145, 954669600, 0)
,(145, 972810000, 1)
,(145, 986119200, 0)
,(145, 1004259600, 1)
,(145, 1018173600, 0)
,(145, 1035709200, 1)
,(145, 1049623200, 0)
,(145, 1067158800, 1)
,(145, 1081072800, 0)
,(145, 1099213200, 1)
,(145, 1112522400, 0)
,(145, 1130662800, 1)
,(145, 1143972000, 0)
,(145, 1162112400, 1)
,(145, 1173607200, 0)
,(145, 1194166800, 1)
,(145, 1205056800, 0)
,(145, 1225616400, 1)
,(145, 1236506400, 0)
,(145, 1257066000, 1)
,(145, 1268560800, 0)
,(145, 1289120400, 1)
,(145, 1300010400, 0)
,(145, 1320570000, 1)
,(145, 1331460000, 0)
,(145, 1352019600, 1)
,(145, 1362909600, 0)
,(145, 1383469200, 1)
,(145, 1394359200, 0)
,(145, 1414918800, 1)
,(145, 1425808800, 0)
,(145, 1446368400, 1)
,(145, 1457863200, 0)
,(145, 1478422800, 1)
,(145, 1489312800, 0)
,(145, 1509872400, 1)
,(145, 1520762400, 0)
,(145, 1541322000, 1)
,(145, 1552212000, 0)
,(145, 1572771600, 1)
,(145, 1583661600, 0)
,(145, 1604221200, 1)
,(145, 1615716000, 0)
,(145, 1636275600, 1)
,(145, 1647165600, 0)
,(145, 1667725200, 1)
,(145, 1678615200, 0)
,(145, 1699174800, 1)
,(145, 1710064800, 0)
,(145, 1730624400, 1)
,(145, 1741514400, 0)
,(145, 1762074000, 1)
,(145, 1772964000, 0)
,(145, 1793523600, 1)
,(145, 1805018400, 0)
,(145, 1825578000, 1)
,(145, 1836468000, 0)
,(145, 1857027600, 1)
,(145, 1867917600, 0)
,(145, 1888477200, 1)
,(145, 1899367200, 0)
,(145, 1919926800, 1)
,(145, 1930816800, 0)
,(145, 1951376400, 1)
,(145, 1962871200, 0)
,(145, 1983430800, 1)
,(145, 1994320800, 0)
,(145, 2014880400, 1)
,(145, 2025770400, 0)
,(145, 2046330000, 1)
,(145, 2057220000, 0)
,(145, 2077779600, 1)
,(145, 2088669600, 0)
,(145, 2109229200, 1)
,(145, 2120119200, 0)
,(145, 2140678800, 1)
;
INSERT INTO  oceanbase.__all_tenant_time_zone_transition_type (Time_zone_id, Transition_type_id, Offset, Is_DST, Abbreviation) VALUES
 (145, 0, -25200, 1, 'PDT')
,(145, 1, -28800, 0, 'PST')
,(145, 2, -25200, 1, 'PWT')
,(145, 3, -25200, 1, 'PPT')
;
INSERT INTO oceanbase.__all_tenant_time_zone (Time_zone_id, Use_leap_seconds) VALUES (146, 'N');
INSERT INTO  oceanbase.__all_tenant_time_zone_name (Name, Time_zone_id) VALUES ('America/Louisville', 146);
INSERT INTO  oceanbase.__all_tenant_time_zone_transition (Time_zone_id, Transition_time, Transition_type_id) VALUES
 (146, -1633276800, 0)
,(146, -1615136400, 1)
,(146, -1601827200, 0)
,(146, -1583686800, 1)
,(146, -1535904000, 0)
,(146, -1525280400, 1)
,(146, -905097600, 0)
,(146, -891795600, 1)
,(146, -880214400, 2)
,(146, -769395600, 3)
,(146, -765392400, 1)
,(146, -757360800, 0)
,(146, -744224400, 1)
,(146, -715795200, 0)
,(146, -608144400, 1)
,(146, -589392000, 0)
,(146, -576090000, 1)
,(146, -557942400, 0)
,(146, -544640400, 1)
,(146, -526492800, 0)
,(146, -513190800, 1)
,(146, -495043200, 0)
,(146, -481741200, 1)
,(146, -463593600, 0)
,(146, -450291600, 1)
,(146, -431539200, 0)
,(146, -415818000, 1)
,(146, -400089600, 0)
,(146, -384368400, 1)
,(146, -368640000, 0)
,(146, -352918800, 1)
,(146, -337190400, 0)
,(146, -321469200, 1)
,(146, -305740800, 0)
,(146, -289414800, 1)
,(146, -273686400, 0)
,(146, -266432400, 4)
,(146, -52938000, 5)
,(146, -37216800, 4)
,(146, -21488400, 5)
,(146, -5767200, 4)
,(146, 9961200, 5)
,(146, 25682400, 4)
,(146, 41410800, 5)
,(146, 57736800, 4)
,(146, 73465200, 5)
,(146, 89186400, 4)
,(146, 104914800, 5)
,(146, 120636000, 4)
,(146, 126687600, 0)
,(146, 152089200, 4)
,(146, 162370800, 5)
,(146, 183535200, 4)
,(146, 199263600, 5)
,(146, 215589600, 4)
,(146, 230713200, 5)
,(146, 247039200, 4)
,(146, 262767600, 5)
,(146, 278488800, 4)
,(146, 294217200, 5)
,(146, 309938400, 4)
,(146, 325666800, 5)
,(146, 341388000, 4)
,(146, 357116400, 5)
,(146, 372837600, 4)
,(146, 388566000, 5)
,(146, 404892000, 4)
,(146, 420015600, 5)
,(146, 436341600, 4)
,(146, 452070000, 5)
,(146, 467791200, 4)
,(146, 483519600, 5)
,(146, 499240800, 4)
,(146, 514969200, 5)
,(146, 530690400, 4)
,(146, 544604400, 5)
,(146, 562140000, 4)
,(146, 576054000, 5)
,(146, 594194400, 4)
,(146, 607503600, 5)
,(146, 625644000, 4)
,(146, 638953200, 5)
,(146, 657093600, 4)
,(146, 671007600, 5)
,(146, 688543200, 4)
,(146, 702457200, 5)
,(146, 719992800, 4)
,(146, 733906800, 5)
,(146, 752047200, 4)
,(146, 765356400, 5)
,(146, 783496800, 4)
,(146, 796806000, 5)
,(146, 814946400, 4)
,(146, 828860400, 5)
,(146, 846396000, 4)
,(146, 860310000, 5)
,(146, 877845600, 4)
,(146, 891759600, 5)
,(146, 909295200, 4)
,(146, 923209200, 5)
,(146, 941349600, 4)
,(146, 954658800, 5)
,(146, 972799200, 4)
,(146, 986108400, 5)
,(146, 1004248800, 4)
,(146, 1018162800, 5)
,(146, 1035698400, 4)
,(146, 1049612400, 5)
,(146, 1067148000, 4)
,(146, 1081062000, 5)
,(146, 1099202400, 4)
,(146, 1112511600, 5)
,(146, 1130652000, 4)
,(146, 1143961200, 5)
,(146, 1162101600, 4)
,(146, 1173596400, 5)
,(146, 1194156000, 4)
,(146, 1205046000, 5)
,(146, 1225605600, 4)
,(146, 1236495600, 5)
,(146, 1257055200, 4)
,(146, 1268550000, 5)
,(146, 1289109600, 4)
,(146, 1299999600, 5)
,(146, 1320559200, 4)
,(146, 1331449200, 5)
,(146, 1352008800, 4)
,(146, 1362898800, 5)
,(146, 1383458400, 4)
,(146, 1394348400, 5)
,(146, 1414908000, 4)
,(146, 1425798000, 5)
,(146, 1446357600, 4)
,(146, 1457852400, 5)
,(146, 1478412000, 4)
,(146, 1489302000, 5)
,(146, 1509861600, 4)
,(146, 1520751600, 5)
,(146, 1541311200, 4)
,(146, 1552201200, 5)
,(146, 1572760800, 4)
,(146, 1583650800, 5)
,(146, 1604210400, 4)
,(146, 1615705200, 5)
,(146, 1636264800, 4)
,(146, 1647154800, 5)
,(146, 1667714400, 4)
,(146, 1678604400, 5)
,(146, 1699164000, 4)
,(146, 1710054000, 5)
,(146, 1730613600, 4)
,(146, 1741503600, 5)
,(146, 1762063200, 4)
,(146, 1772953200, 5)
,(146, 1793512800, 4)
,(146, 1805007600, 5)
,(146, 1825567200, 4)
,(146, 1836457200, 5)
,(146, 1857016800, 4)
,(146, 1867906800, 5)
,(146, 1888466400, 4)
,(146, 1899356400, 5)
,(146, 1919916000, 4)
,(146, 1930806000, 5)
,(146, 1951365600, 4)
,(146, 1962860400, 5)
,(146, 1983420000, 4)
,(146, 1994310000, 5)
,(146, 2014869600, 4)
,(146, 2025759600, 5)
,(146, 2046319200, 4)
,(146, 2057209200, 5)
,(146, 2077768800, 4)
,(146, 2088658800, 5)
,(146, 2109218400, 4)
,(146, 2120108400, 5)
,(146, 2140668000, 4)
;
INSERT INTO  oceanbase.__all_tenant_time_zone_transition_type (Time_zone_id, Transition_type_id, Offset, Is_DST, Abbreviation) VALUES
 (146, 0, -18000, 1, 'CDT')
,(146, 1, -21600, 0, 'CST')
,(146, 2, -18000, 1, 'CWT')
,(146, 3, -18000, 1, 'CPT')
,(146, 4, -18000, 0, 'EST')
,(146, 5, -14400, 1, 'EDT')
;
INSERT INTO oceanbase.__all_tenant_time_zone (Time_zone_id, Use_leap_seconds) VALUES (147, 'N');
INSERT INTO  oceanbase.__all_tenant_time_zone_name (Name, Time_zone_id) VALUES ('America/Lower_Princes', 147);
INSERT INTO  oceanbase.__all_tenant_time_zone_transition (Time_zone_id, Transition_time, Transition_type_id) VALUES
 (147, -1826738656, 1)
,(147, -157750200, 2)
;
INSERT INTO  oceanbase.__all_tenant_time_zone_transition_type (Time_zone_id, Transition_type_id, Offset, Is_DST, Abbreviation) VALUES
 (147, 0, -16544, 0, 'LMT')
,(147, 1, -16200, 0, 'ANT')
,(147, 2, -14400, 0, 'AST')
;
INSERT INTO oceanbase.__all_tenant_time_zone (Time_zone_id, Use_leap_seconds) VALUES (148, 'N');
INSERT INTO  oceanbase.__all_tenant_time_zone_name (Name, Time_zone_id) VALUES ('America/Maceio', 148);
INSERT INTO  oceanbase.__all_tenant_time_zone_transition (Time_zone_id, Transition_time, Transition_type_id) VALUES
 (148, -1767217028, 2)
,(148, -1206957600, 1)
,(148, -1191362400, 2)
,(148, -1175374800, 1)
,(148, -1159826400, 2)
,(148, -633819600, 1)
,(148, -622069200, 2)
,(148, -602283600, 1)
,(148, -591832800, 2)
,(148, -570747600, 1)
,(148, -560210400, 2)
,(148, -539125200, 1)
,(148, -531352800, 2)
,(148, -191365200, 1)
,(148, -184197600, 2)
,(148, -155163600, 1)
,(148, -150069600, 2)
,(148, -128898000, 1)
,(148, -121125600, 2)
,(148, -99954000, 1)
,(148, -89589600, 2)
,(148, -68418000, 1)
,(148, -57967200, 2)
,(148, 499748400, 1)
,(148, 511236000, 2)
,(148, 530593200, 1)
,(148, 540266400, 2)
,(148, 562129200, 1)
,(148, 571197600, 2)
,(148, 592974000, 1)
,(148, 602042400, 2)
,(148, 624423600, 1)
,(148, 634701600, 2)
,(148, 813726000, 1)
,(148, 824004000, 2)
,(148, 938919600, 1)
,(148, 951616800, 2)
,(148, 970974000, 1)
,(148, 972180000, 2)
,(148, 1003028400, 1)
,(148, 1013911200, 2)
;
INSERT INTO  oceanbase.__all_tenant_time_zone_transition_type (Time_zone_id, Transition_type_id, Offset, Is_DST, Abbreviation) VALUES
 (148, 0, -8572, 0, 'LMT')
,(148, 1, -7200, 1, 'BRST')
,(148, 2, -10800, 0, 'BRT')
;
INSERT INTO oceanbase.__all_tenant_time_zone (Time_zone_id, Use_leap_seconds) VALUES (149, 'N');
INSERT INTO  oceanbase.__all_tenant_time_zone_name (Name, Time_zone_id) VALUES ('America/Managua', 149);
INSERT INTO  oceanbase.__all_tenant_time_zone_transition (Time_zone_id, Transition_time, Transition_type_id) VALUES
 (149, -1121105688, 1)
,(149, 105084000, 2)
,(149, 161758800, 1)
,(149, 290584800, 3)
,(149, 299134800, 1)
,(149, 322034400, 3)
,(149, 330584400, 1)
,(149, 694260000, 2)
,(149, 717310800, 1)
,(149, 725868000, 2)
,(149, 852094800, 1)
,(149, 1113112800, 3)
,(149, 1128229200, 1)
,(149, 1146384000, 3)
,(149, 1159682400, 1)
;
INSERT INTO  oceanbase.__all_tenant_time_zone_transition_type (Time_zone_id, Transition_type_id, Offset, Is_DST, Abbreviation) VALUES
 (149, 0, -20712, 0, 'MMT')
,(149, 1, -21600, 0, 'CST')
,(149, 2, -18000, 0, 'EST')
,(149, 3, -18000, 1, 'CDT')
;
INSERT INTO oceanbase.__all_tenant_time_zone (Time_zone_id, Use_leap_seconds) VALUES (150, 'N');
INSERT INTO  oceanbase.__all_tenant_time_zone_name (Name, Time_zone_id) VALUES ('America/Manaus', 150);
INSERT INTO  oceanbase.__all_tenant_time_zone_transition (Time_zone_id, Transition_time, Transition_type_id) VALUES
 (150, -1767211196, 2)
,(150, -1206954000, 1)
,(150, -1191358800, 2)
,(150, -1175371200, 1)
,(150, -1159822800, 2)
,(150, -633816000, 1)
,(150, -622065600, 2)
,(150, -602280000, 1)
,(150, -591829200, 2)
,(150, -570744000, 1)
,(150, -560206800, 2)
,(150, -539121600, 1)
,(150, -531349200, 2)
,(150, -191361600, 1)
,(150, -184194000, 2)
,(150, -155160000, 1)
,(150, -150066000, 2)
,(150, -128894400, 1)
,(150, -121122000, 2)
,(150, -99950400, 1)
,(150, -89586000, 2)
,(150, -68414400, 1)
,(150, -57963600, 2)
,(150, 499752000, 1)
,(150, 511239600, 2)
,(150, 530596800, 1)
,(150, 540270000, 2)
,(150, 562132800, 1)
,(150, 571201200, 2)
,(150, 750830400, 1)
,(150, 761713200, 2)
;
INSERT INTO  oceanbase.__all_tenant_time_zone_transition_type (Time_zone_id, Transition_type_id, Offset, Is_DST, Abbreviation) VALUES
 (150, 0, -14404, 0, 'LMT')
,(150, 1, -10800, 1, 'AMST')
,(150, 2, -14400, 0, 'AMT')
;
INSERT INTO oceanbase.__all_tenant_time_zone (Time_zone_id, Use_leap_seconds) VALUES (151, 'N');
INSERT INTO  oceanbase.__all_tenant_time_zone_name (Name, Time_zone_id) VALUES ('America/Marigot', 151);
INSERT INTO  oceanbase.__all_tenant_time_zone_transition (Time_zone_id, Transition_time, Transition_type_id) VALUES
 (151, -1848254032, 1)
;
INSERT INTO  oceanbase.__all_tenant_time_zone_transition_type (Time_zone_id, Transition_type_id, Offset, Is_DST, Abbreviation) VALUES
 (151, 0, -14768, 0, 'LMT')
,(151, 1, -14400, 0, 'AST')
;
INSERT INTO oceanbase.__all_tenant_time_zone (Time_zone_id, Use_leap_seconds) VALUES (152, 'N');
INSERT INTO  oceanbase.__all_tenant_time_zone_name (Name, Time_zone_id) VALUES ('America/Martinique', 152);
INSERT INTO  oceanbase.__all_tenant_time_zone_transition (Time_zone_id, Transition_time, Transition_type_id) VALUES
 (152, -1851537340, 1)
,(152, 323841600, 2)
,(152, 338958000, 1)
;
INSERT INTO  oceanbase.__all_tenant_time_zone_transition_type (Time_zone_id, Transition_type_id, Offset, Is_DST, Abbreviation) VALUES
 (152, 0, -14660, 0, 'FFMT')
,(152, 1, -14400, 0, 'AST')
,(152, 2, -10800, 1, 'ADT')
;
INSERT INTO oceanbase.__all_tenant_time_zone (Time_zone_id, Use_leap_seconds) VALUES (153, 'N');
INSERT INTO  oceanbase.__all_tenant_time_zone_name (Name, Time_zone_id) VALUES ('America/Matamoros', 153);
INSERT INTO  oceanbase.__all_tenant_time_zone_transition (Time_zone_id, Transition_time, Transition_type_id) VALUES
 (153, -1514743200, 1)
,(153, 576057600, 2)
,(153, 594198000, 1)
,(153, 828864000, 2)
,(153, 846399600, 1)
,(153, 860313600, 2)
,(153, 877849200, 1)
,(153, 891763200, 2)
,(153, 909298800, 1)
,(153, 923212800, 2)
,(153, 941353200, 1)
,(153, 954662400, 2)
,(153, 972802800, 1)
,(153, 989136000, 2)
,(153, 1001833200, 1)
,(153, 1018166400, 2)
,(153, 1035702000, 1)
,(153, 1049616000, 2)
,(153, 1067151600, 1)
,(153, 1081065600, 2)
,(153, 1099206000, 1)
,(153, 1112515200, 2)
,(153, 1130655600, 1)
,(153, 1143964800, 2)
,(153, 1162105200, 1)
,(153, 1175414400, 2)
,(153, 1193554800, 1)
,(153, 1207468800, 2)
,(153, 1225004400, 1)
,(153, 1238918400, 2)
,(153, 1256454000, 1)
,(153, 1268553600, 2)
,(153, 1289113200, 1)
,(153, 1300003200, 2)
,(153, 1320562800, 1)
,(153, 1331452800, 2)
,(153, 1352012400, 1)
,(153, 1362902400, 2)
,(153, 1383462000, 1)
,(153, 1394352000, 2)
,(153, 1414911600, 1)
,(153, 1425801600, 2)
,(153, 1446361200, 1)
,(153, 1457856000, 2)
,(153, 1478415600, 1)
,(153, 1489305600, 2)
,(153, 1509865200, 1)
,(153, 1520755200, 2)
,(153, 1541314800, 1)
,(153, 1552204800, 2)
,(153, 1572764400, 1)
,(153, 1583654400, 2)
,(153, 1604214000, 1)
,(153, 1615708800, 2)
,(153, 1636268400, 1)
,(153, 1647158400, 2)
,(153, 1667718000, 1)
,(153, 1678608000, 2)
,(153, 1699167600, 1)
,(153, 1710057600, 2)
,(153, 1730617200, 1)
,(153, 1741507200, 2)
,(153, 1762066800, 1)
,(153, 1772956800, 2)
,(153, 1793516400, 1)
,(153, 1805011200, 2)
,(153, 1825570800, 1)
,(153, 1836460800, 2)
,(153, 1857020400, 1)
,(153, 1867910400, 2)
,(153, 1888470000, 1)
,(153, 1899360000, 2)
,(153, 1919919600, 1)
,(153, 1930809600, 2)
,(153, 1951369200, 1)
,(153, 1962864000, 2)
,(153, 1983423600, 1)
,(153, 1994313600, 2)
,(153, 2014873200, 1)
,(153, 2025763200, 2)
,(153, 2046322800, 1)
,(153, 2057212800, 2)
,(153, 2077772400, 1)
,(153, 2088662400, 2)
,(153, 2109222000, 1)
,(153, 2120112000, 2)
,(153, 2140671600, 1)
;
INSERT INTO  oceanbase.__all_tenant_time_zone_transition_type (Time_zone_id, Transition_type_id, Offset, Is_DST, Abbreviation) VALUES
 (153, 0, -24000, 0, 'LMT')
,(153, 1, -21600, 0, 'CST')
,(153, 2, -18000, 1, 'CDT')
;
INSERT INTO oceanbase.__all_tenant_time_zone (Time_zone_id, Use_leap_seconds) VALUES (154, 'N');
INSERT INTO  oceanbase.__all_tenant_time_zone_name (Name, Time_zone_id) VALUES ('America/Mazatlan', 154);
INSERT INTO  oceanbase.__all_tenant_time_zone_transition (Time_zone_id, Transition_time, Transition_type_id) VALUES
 (154, -1514739600, 1)
,(154, -1343066400, 2)
,(154, -1234807200, 1)
,(154, -1220292000, 2)
,(154, -1207159200, 1)
,(154, -1191344400, 2)
,(154, -873828000, 1)
,(154, -661539600, 3)
,(154, 28800, 1)
,(154, 828867600, 4)
,(154, 846403200, 1)
,(154, 860317200, 4)
,(154, 877852800, 1)
,(154, 891766800, 4)
,(154, 909302400, 1)
,(154, 923216400, 4)
,(154, 941356800, 1)
,(154, 954666000, 4)
,(154, 972806400, 1)
,(154, 989139600, 4)
,(154, 1001836800, 1)
,(154, 1018170000, 4)
,(154, 1035705600, 1)
,(154, 1049619600, 4)
,(154, 1067155200, 1)
,(154, 1081069200, 4)
,(154, 1099209600, 1)
,(154, 1112518800, 4)
,(154, 1130659200, 1)
,(154, 1143968400, 4)
,(154, 1162108800, 1)
,(154, 1175418000, 4)
,(154, 1193558400, 1)
,(154, 1207472400, 4)
,(154, 1225008000, 1)
,(154, 1238922000, 4)
,(154, 1256457600, 1)
,(154, 1270371600, 4)
,(154, 1288512000, 1)
,(154, 1301821200, 4)
,(154, 1319961600, 1)
,(154, 1333270800, 4)
,(154, 1351411200, 1)
,(154, 1365325200, 4)
,(154, 1382860800, 1)
,(154, 1396774800, 4)
,(154, 1414310400, 1)
,(154, 1428224400, 4)
,(154, 1445760000, 1)
,(154, 1459674000, 4)
,(154, 1477814400, 1)
,(154, 1491123600, 4)
,(154, 1509264000, 1)
,(154, 1522573200, 4)
,(154, 1540713600, 1)
,(154, 1554627600, 4)
,(154, 1572163200, 1)
,(154, 1586077200, 4)
,(154, 1603612800, 1)
,(154, 1617526800, 4)
,(154, 1635667200, 1)
,(154, 1648976400, 4)
,(154, 1667116800, 1)
,(154, 1680426000, 4)
,(154, 1698566400, 1)
,(154, 1712480400, 4)
,(154, 1730016000, 1)
,(154, 1743930000, 4)
,(154, 1761465600, 1)
,(154, 1775379600, 4)
,(154, 1792915200, 1)
,(154, 1806829200, 4)
,(154, 1824969600, 1)
,(154, 1838278800, 4)
,(154, 1856419200, 1)
,(154, 1869728400, 4)
,(154, 1887868800, 1)
,(154, 1901782800, 4)
,(154, 1919318400, 1)
,(154, 1933232400, 4)
,(154, 1950768000, 1)
,(154, 1964682000, 4)
,(154, 1982822400, 1)
,(154, 1996131600, 4)
,(154, 2014272000, 1)
,(154, 2027581200, 4)
,(154, 2045721600, 1)
,(154, 2059030800, 4)
,(154, 2077171200, 1)
,(154, 2091085200, 4)
,(154, 2108620800, 1)
,(154, 2122534800, 4)
,(154, 2140070400, 1)
;
INSERT INTO  oceanbase.__all_tenant_time_zone_transition_type (Time_zone_id, Transition_type_id, Offset, Is_DST, Abbreviation) VALUES
 (154, 0, -25540, 0, 'LMT')
,(154, 1, -25200, 0, 'MST')
,(154, 2, -21600, 0, 'CST')
,(154, 3, -28800, 0, 'PST')
,(154, 4, -21600, 1, 'MDT')
;
INSERT INTO oceanbase.__all_tenant_time_zone (Time_zone_id, Use_leap_seconds) VALUES (155, 'N');
INSERT INTO  oceanbase.__all_tenant_time_zone_name (Name, Time_zone_id) VALUES ('America/Mendoza', 155);
INSERT INTO  oceanbase.__all_tenant_time_zone_transition (Time_zone_id, Transition_time, Transition_type_id) VALUES
 (155, -1567453392, 1)
,(155, -1233432000, 2)
,(155, -1222981200, 1)
,(155, -1205956800, 2)
,(155, -1194037200, 1)
,(155, -1172865600, 2)
,(155, -1162501200, 1)
,(155, -1141329600, 2)
,(155, -1130965200, 1)
,(155, -1109793600, 2)
,(155, -1099429200, 1)
,(155, -1078257600, 2)
,(155, -1067806800, 1)
,(155, -1046635200, 2)
,(155, -1036270800, 1)
,(155, -1015099200, 2)
,(155, -1004734800, 1)
,(155, -983563200, 2)
,(155, -973198800, 1)
,(155, -952027200, 2)
,(155, -941576400, 1)
,(155, -931032000, 2)
,(155, -900882000, 1)
,(155, -890337600, 2)
,(155, -833749200, 1)
,(155, -827265600, 2)
,(155, -752274000, 1)
,(155, -733780800, 2)
,(155, -197326800, 1)
,(155, -190843200, 2)
,(155, -184194000, 1)
,(155, -164491200, 2)
,(155, -152658000, 1)
,(155, -132955200, 2)
,(155, -121122000, 1)
,(155, -101419200, 2)
,(155, -86821200, 1)
,(155, -71092800, 2)
,(155, -54766800, 1)
,(155, -39038400, 2)
,(155, -23317200, 1)
,(155, -7588800, 4)
,(155, 128142000, 3)
,(155, 136605600, 4)
,(155, 596948400, 3)
,(155, 605066400, 4)
,(155, 624423600, 3)
,(155, 636516000, 5)
,(155, 655963200, 6)
,(155, 667796400, 5)
,(155, 687499200, 6)
,(155, 699418800, 5)
,(155, 719380800, 3)
,(155, 731469600, 4)
,(155, 938919600, 2)
,(155, 952052400, 4)
,(155, 1085281200, 5)
,(155, 1096171200, 4)
,(155, 1198983600, 3)
,(155, 1205632800, 4)
;
INSERT INTO  oceanbase.__all_tenant_time_zone_transition_type (Time_zone_id, Transition_type_id, Offset, Is_DST, Abbreviation) VALUES
 (155, 0, -15408, 0, 'CMT')
,(155, 1, -14400, 0, 'ART')
,(155, 2, -10800, 1, 'ARST')
,(155, 3, -7200, 1, 'ARST')
,(155, 4, -10800, 0, 'ART')
,(155, 5, -14400, 0, 'WART')
,(155, 6, -10800, 1, 'WARST')
;
INSERT INTO oceanbase.__all_tenant_time_zone (Time_zone_id, Use_leap_seconds) VALUES (156, 'N');
INSERT INTO  oceanbase.__all_tenant_time_zone_name (Name, Time_zone_id) VALUES ('America/Menominee', 156);
INSERT INTO  oceanbase.__all_tenant_time_zone_transition (Time_zone_id, Transition_time, Transition_type_id) VALUES
 (156, -1633276800, 0)
,(156, -1615136400, 1)
,(156, -1601827200, 0)
,(156, -1583686800, 1)
,(156, -880214400, 2)
,(156, -769395600, 3)
,(156, -765392400, 1)
,(156, -747244800, 0)
,(156, -733942800, 1)
,(156, -116438400, 0)
,(156, -100112400, 1)
,(156, -21484800, 4)
,(156, 104914800, 0)
,(156, 120639600, 1)
,(156, 126691200, 0)
,(156, 152089200, 1)
,(156, 162374400, 0)
,(156, 183538800, 1)
,(156, 199267200, 0)
,(156, 215593200, 1)
,(156, 230716800, 0)
,(156, 247042800, 1)
,(156, 262771200, 0)
,(156, 278492400, 1)
,(156, 294220800, 0)
,(156, 309942000, 1)
,(156, 325670400, 0)
,(156, 341391600, 1)
,(156, 357120000, 0)
,(156, 372841200, 1)
,(156, 388569600, 0)
,(156, 404895600, 1)
,(156, 420019200, 0)
,(156, 436345200, 1)
,(156, 452073600, 0)
,(156, 467794800, 1)
,(156, 483523200, 0)
,(156, 499244400, 1)
,(156, 514972800, 0)
,(156, 530694000, 1)
,(156, 544608000, 0)
,(156, 562143600, 1)
,(156, 576057600, 0)
,(156, 594198000, 1)
,(156, 607507200, 0)
,(156, 625647600, 1)
,(156, 638956800, 0)
,(156, 657097200, 1)
,(156, 671011200, 0)
,(156, 688546800, 1)
,(156, 702460800, 0)
,(156, 719996400, 1)
,(156, 733910400, 0)
,(156, 752050800, 1)
,(156, 765360000, 0)
,(156, 783500400, 1)
,(156, 796809600, 0)
,(156, 814950000, 1)
,(156, 828864000, 0)
,(156, 846399600, 1)
,(156, 860313600, 0)
,(156, 877849200, 1)
,(156, 891763200, 0)
,(156, 909298800, 1)
,(156, 923212800, 0)
,(156, 941353200, 1)
,(156, 954662400, 0)
,(156, 972802800, 1)
,(156, 986112000, 0)
,(156, 1004252400, 1)
,(156, 1018166400, 0)
,(156, 1035702000, 1)
,(156, 1049616000, 0)
,(156, 1067151600, 1)
,(156, 1081065600, 0)
,(156, 1099206000, 1)
,(156, 1112515200, 0)
,(156, 1130655600, 1)
,(156, 1143964800, 0)
,(156, 1162105200, 1)
,(156, 1173600000, 0)
,(156, 1194159600, 1)
,(156, 1205049600, 0)
,(156, 1225609200, 1)
,(156, 1236499200, 0)
,(156, 1257058800, 1)
,(156, 1268553600, 0)
,(156, 1289113200, 1)
,(156, 1300003200, 0)
,(156, 1320562800, 1)
,(156, 1331452800, 0)
,(156, 1352012400, 1)
,(156, 1362902400, 0)
,(156, 1383462000, 1)
,(156, 1394352000, 0)
,(156, 1414911600, 1)
,(156, 1425801600, 0)
,(156, 1446361200, 1)
,(156, 1457856000, 0)
,(156, 1478415600, 1)
,(156, 1489305600, 0)
,(156, 1509865200, 1)
,(156, 1520755200, 0)
,(156, 1541314800, 1)
,(156, 1552204800, 0)
,(156, 1572764400, 1)
,(156, 1583654400, 0)
,(156, 1604214000, 1)
,(156, 1615708800, 0)
,(156, 1636268400, 1)
,(156, 1647158400, 0)
,(156, 1667718000, 1)
,(156, 1678608000, 0)
,(156, 1699167600, 1)
,(156, 1710057600, 0)
,(156, 1730617200, 1)
,(156, 1741507200, 0)
,(156, 1762066800, 1)
,(156, 1772956800, 0)
,(156, 1793516400, 1)
,(156, 1805011200, 0)
,(156, 1825570800, 1)
,(156, 1836460800, 0)
,(156, 1857020400, 1)
,(156, 1867910400, 0)
,(156, 1888470000, 1)
,(156, 1899360000, 0)
,(156, 1919919600, 1)
,(156, 1930809600, 0)
,(156, 1951369200, 1)
,(156, 1962864000, 0)
,(156, 1983423600, 1)
,(156, 1994313600, 0)
,(156, 2014873200, 1)
,(156, 2025763200, 0)
,(156, 2046322800, 1)
,(156, 2057212800, 0)
,(156, 2077772400, 1)
,(156, 2088662400, 0)
,(156, 2109222000, 1)
,(156, 2120112000, 0)
,(156, 2140671600, 1)
;
INSERT INTO  oceanbase.__all_tenant_time_zone_transition_type (Time_zone_id, Transition_type_id, Offset, Is_DST, Abbreviation) VALUES
 (156, 0, -18000, 1, 'CDT')
,(156, 1, -21600, 0, 'CST')
,(156, 2, -18000, 1, 'CWT')
,(156, 3, -18000, 1, 'CPT')
,(156, 4, -18000, 0, 'EST')
;
INSERT INTO oceanbase.__all_tenant_time_zone (Time_zone_id, Use_leap_seconds) VALUES (157, 'N');
INSERT INTO  oceanbase.__all_tenant_time_zone_name (Name, Time_zone_id) VALUES ('America/Merida', 157);
INSERT INTO  oceanbase.__all_tenant_time_zone_transition (Time_zone_id, Transition_time, Transition_type_id) VALUES
 (157, -1514743200, 1)
,(157, 377935200, 2)
,(157, 407653200, 1)
,(157, 828864000, 3)
,(157, 846399600, 1)
,(157, 860313600, 3)
,(157, 877849200, 1)
,(157, 891763200, 3)
,(157, 909298800, 1)
,(157, 923212800, 3)
,(157, 941353200, 1)
,(157, 954662400, 3)
,(157, 972802800, 1)
,(157, 989136000, 3)
,(157, 1001833200, 1)
,(157, 1018166400, 3)
,(157, 1035702000, 1)
,(157, 1049616000, 3)
,(157, 1067151600, 1)
,(157, 1081065600, 3)
,(157, 1099206000, 1)
,(157, 1112515200, 3)
,(157, 1130655600, 1)
,(157, 1143964800, 3)
,(157, 1162105200, 1)
,(157, 1175414400, 3)
,(157, 1193554800, 1)
,(157, 1207468800, 3)
,(157, 1225004400, 1)
,(157, 1238918400, 3)
,(157, 1256454000, 1)
,(157, 1270368000, 3)
,(157, 1288508400, 1)
,(157, 1301817600, 3)
,(157, 1319958000, 1)
,(157, 1333267200, 3)
,(157, 1351407600, 1)
,(157, 1365321600, 3)
,(157, 1382857200, 1)
,(157, 1396771200, 3)
,(157, 1414306800, 1)
,(157, 1428220800, 3)
,(157, 1445756400, 1)
,(157, 1459670400, 3)
,(157, 1477810800, 1)
,(157, 1491120000, 3)
,(157, 1509260400, 1)
,(157, 1522569600, 3)
,(157, 1540710000, 1)
,(157, 1554624000, 3)
,(157, 1572159600, 1)
,(157, 1586073600, 3)
,(157, 1603609200, 1)
,(157, 1617523200, 3)
,(157, 1635663600, 1)
,(157, 1648972800, 3)
,(157, 1667113200, 1)
,(157, 1680422400, 3)
,(157, 1698562800, 1)
,(157, 1712476800, 3)
,(157, 1730012400, 1)
,(157, 1743926400, 3)
,(157, 1761462000, 1)
,(157, 1775376000, 3)
,(157, 1792911600, 1)
,(157, 1806825600, 3)
,(157, 1824966000, 1)
,(157, 1838275200, 3)
,(157, 1856415600, 1)
,(157, 1869724800, 3)
,(157, 1887865200, 1)
,(157, 1901779200, 3)
,(157, 1919314800, 1)
,(157, 1933228800, 3)
,(157, 1950764400, 1)
,(157, 1964678400, 3)
,(157, 1982818800, 1)
,(157, 1996128000, 3)
,(157, 2014268400, 1)
,(157, 2027577600, 3)
,(157, 2045718000, 1)
,(157, 2059027200, 3)
,(157, 2077167600, 1)
,(157, 2091081600, 3)
,(157, 2108617200, 1)
,(157, 2122531200, 3)
,(157, 2140066800, 1)
;
INSERT INTO  oceanbase.__all_tenant_time_zone_transition_type (Time_zone_id, Transition_type_id, Offset, Is_DST, Abbreviation) VALUES
 (157, 0, -21508, 0, 'LMT')
,(157, 1, -21600, 0, 'CST')
,(157, 2, -18000, 0, 'EST')
,(157, 3, -18000, 1, 'CDT')
;
INSERT INTO oceanbase.__all_tenant_time_zone (Time_zone_id, Use_leap_seconds) VALUES (158, 'N');
INSERT INTO  oceanbase.__all_tenant_time_zone_name (Name, Time_zone_id) VALUES ('America/Metlakatla', 158);
INSERT INTO  oceanbase.__all_tenant_time_zone_transition (Time_zone_id, Transition_time, Transition_type_id) VALUES
 (158, -880207200, 1)
,(158, -769395600, 2)
,(158, -765385200, 0)
,(158, -21477600, 3)
,(158, -5756400, 0)
,(158, 9972000, 3)
,(158, 25693200, 0)
,(158, 41421600, 3)
,(158, 57747600, 0)
,(158, 73476000, 3)
,(158, 89197200, 0)
,(158, 104925600, 3)
,(158, 120646800, 0)
,(158, 126698400, 3)
,(158, 152096400, 0)
,(158, 162381600, 3)
,(158, 183546000, 0)
,(158, 199274400, 3)
,(158, 215600400, 0)
,(158, 230724000, 3)
,(158, 247050000, 0)
,(158, 262778400, 3)
,(158, 278499600, 0)
,(158, 294228000, 3)
,(158, 309949200, 0)
,(158, 325677600, 3)
,(158, 341398800, 0)
,(158, 357127200, 3)
,(158, 372848400, 0)
,(158, 388576800, 3)
,(158, 404902800, 0)
,(158, 420026400, 3)
,(158, 436352400, 4)
;
INSERT INTO  oceanbase.__all_tenant_time_zone_transition_type (Time_zone_id, Transition_type_id, Offset, Is_DST, Abbreviation) VALUES
 (158, 0, -28800, 0, 'PST')
,(158, 1, -25200, 1, 'PWT')
,(158, 2, -25200, 1, 'PPT')
,(158, 3, -25200, 1, 'PDT')
,(158, 4, -28800, 0, 'MeST')
;
INSERT INTO oceanbase.__all_tenant_time_zone (Time_zone_id, Use_leap_seconds) VALUES (159, 'N');
INSERT INTO  oceanbase.__all_tenant_time_zone_name (Name, Time_zone_id) VALUES ('America/Mexico_City', 159);
INSERT INTO  oceanbase.__all_tenant_time_zone_transition (Time_zone_id, Transition_time, Transition_type_id) VALUES
 (159, -1514739600, 1)
,(159, -1343066400, 2)
,(159, -1234807200, 1)
,(159, -1220292000, 2)
,(159, -1207159200, 1)
,(159, -1191344400, 2)
,(159, -975261600, 3)
,(159, -963169200, 2)
,(159, -917114400, 3)
,(159, -907354800, 2)
,(159, -821901600, 4)
,(159, -810068400, 2)
,(159, -627501600, 3)
,(159, -612990000, 2)
,(159, 828864000, 3)
,(159, 846399600, 2)
,(159, 860313600, 3)
,(159, 877849200, 2)
,(159, 891763200, 3)
,(159, 909298800, 2)
,(159, 923212800, 3)
,(159, 941353200, 2)
,(159, 954662400, 3)
,(159, 972802800, 2)
,(159, 989136000, 3)
,(159, 1001833200, 2)
,(159, 1018166400, 3)
,(159, 1035702000, 2)
,(159, 1049616000, 3)
,(159, 1067151600, 2)
,(159, 1081065600, 3)
,(159, 1099206000, 2)
,(159, 1112515200, 3)
,(159, 1130655600, 2)
,(159, 1143964800, 3)
,(159, 1162105200, 2)
,(159, 1175414400, 3)
,(159, 1193554800, 2)
,(159, 1207468800, 3)
,(159, 1225004400, 2)
,(159, 1238918400, 3)
,(159, 1256454000, 2)
,(159, 1270368000, 3)
,(159, 1288508400, 2)
,(159, 1301817600, 3)
,(159, 1319958000, 2)
,(159, 1333267200, 3)
,(159, 1351407600, 2)
,(159, 1365321600, 3)
,(159, 1382857200, 2)
,(159, 1396771200, 3)
,(159, 1414306800, 2)
,(159, 1428220800, 3)
,(159, 1445756400, 2)
,(159, 1459670400, 3)
,(159, 1477810800, 2)
,(159, 1491120000, 3)
,(159, 1509260400, 2)
,(159, 1522569600, 3)
,(159, 1540710000, 2)
,(159, 1554624000, 3)
,(159, 1572159600, 2)
,(159, 1586073600, 3)
,(159, 1603609200, 2)
,(159, 1617523200, 3)
,(159, 1635663600, 2)
,(159, 1648972800, 3)
,(159, 1667113200, 2)
,(159, 1680422400, 3)
,(159, 1698562800, 2)
,(159, 1712476800, 3)
,(159, 1730012400, 2)
,(159, 1743926400, 3)
,(159, 1761462000, 2)
,(159, 1775376000, 3)
,(159, 1792911600, 2)
,(159, 1806825600, 3)
,(159, 1824966000, 2)
,(159, 1838275200, 3)
,(159, 1856415600, 2)
,(159, 1869724800, 3)
,(159, 1887865200, 2)
,(159, 1901779200, 3)
,(159, 1919314800, 2)
,(159, 1933228800, 3)
,(159, 1950764400, 2)
,(159, 1964678400, 3)
,(159, 1982818800, 2)
,(159, 1996128000, 3)
,(159, 2014268400, 2)
,(159, 2027577600, 3)
,(159, 2045718000, 2)
,(159, 2059027200, 3)
,(159, 2077167600, 2)
,(159, 2091081600, 3)
,(159, 2108617200, 2)
,(159, 2122531200, 3)
,(159, 2140066800, 2)
;
INSERT INTO  oceanbase.__all_tenant_time_zone_transition_type (Time_zone_id, Transition_type_id, Offset, Is_DST, Abbreviation) VALUES
 (159, 0, -23796, 0, 'LMT')
,(159, 1, -25200, 0, 'MST')
,(159, 2, -21600, 0, 'CST')
,(159, 3, -18000, 1, 'CDT')
,(159, 4, -18000, 1, 'CWT')
;
INSERT INTO oceanbase.__all_tenant_time_zone (Time_zone_id, Use_leap_seconds) VALUES (160, 'N');
INSERT INTO  oceanbase.__all_tenant_time_zone_name (Name, Time_zone_id) VALUES ('America/Miquelon', 160);
INSERT INTO  oceanbase.__all_tenant_time_zone_transition (Time_zone_id, Transition_time, Transition_type_id) VALUES
 (160, -1850328920, 1)
,(160, 326001600, 2)
,(160, 544597200, 3)
,(160, 562132800, 2)
,(160, 576046800, 3)
,(160, 594187200, 2)
,(160, 607496400, 3)
,(160, 625636800, 2)
,(160, 638946000, 3)
,(160, 657086400, 2)
,(160, 671000400, 3)
,(160, 688536000, 2)
,(160, 702450000, 3)
,(160, 719985600, 2)
,(160, 733899600, 3)
,(160, 752040000, 2)
,(160, 765349200, 3)
,(160, 783489600, 2)
,(160, 796798800, 3)
,(160, 814939200, 2)
,(160, 828853200, 3)
,(160, 846388800, 2)
,(160, 860302800, 3)
,(160, 877838400, 2)
,(160, 891752400, 3)
,(160, 909288000, 2)
,(160, 923202000, 3)
,(160, 941342400, 2)
,(160, 954651600, 3)
,(160, 972792000, 2)
,(160, 986101200, 3)
,(160, 1004241600, 2)
,(160, 1018155600, 3)
,(160, 1035691200, 2)
,(160, 1049605200, 3)
,(160, 1067140800, 2)
,(160, 1081054800, 3)
,(160, 1099195200, 2)
,(160, 1112504400, 3)
,(160, 1130644800, 2)
,(160, 1143954000, 3)
,(160, 1162094400, 2)
,(160, 1173589200, 3)
,(160, 1194148800, 2)
,(160, 1205038800, 3)
,(160, 1225598400, 2)
,(160, 1236488400, 3)
,(160, 1257048000, 2)
,(160, 1268542800, 3)
,(160, 1289102400, 2)
,(160, 1299992400, 3)
,(160, 1320552000, 2)
,(160, 1331442000, 3)
,(160, 1352001600, 2)
,(160, 1362891600, 3)
,(160, 1383451200, 2)
,(160, 1394341200, 3)
,(160, 1414900800, 2)
,(160, 1425790800, 3)
,(160, 1446350400, 2)
,(160, 1457845200, 3)
,(160, 1478404800, 2)
,(160, 1489294800, 3)
,(160, 1509854400, 2)
,(160, 1520744400, 3)
,(160, 1541304000, 2)
,(160, 1552194000, 3)
,(160, 1572753600, 2)
,(160, 1583643600, 3)
,(160, 1604203200, 2)
,(160, 1615698000, 3)
,(160, 1636257600, 2)
,(160, 1647147600, 3)
,(160, 1667707200, 2)
,(160, 1678597200, 3)
,(160, 1699156800, 2)
,(160, 1710046800, 3)
,(160, 1730606400, 2)
,(160, 1741496400, 3)
,(160, 1762056000, 2)
,(160, 1772946000, 3)
,(160, 1793505600, 2)
,(160, 1805000400, 3)
,(160, 1825560000, 2)
,(160, 1836450000, 3)
,(160, 1857009600, 2)
,(160, 1867899600, 3)
,(160, 1888459200, 2)
,(160, 1899349200, 3)
,(160, 1919908800, 2)
,(160, 1930798800, 3)
,(160, 1951358400, 2)
,(160, 1962853200, 3)
,(160, 1983412800, 2)
,(160, 1994302800, 3)
,(160, 2014862400, 2)
,(160, 2025752400, 3)
,(160, 2046312000, 2)
,(160, 2057202000, 3)
,(160, 2077761600, 2)
,(160, 2088651600, 3)
,(160, 2109211200, 2)
,(160, 2120101200, 3)
,(160, 2140660800, 2)
;
INSERT INTO  oceanbase.__all_tenant_time_zone_transition_type (Time_zone_id, Transition_type_id, Offset, Is_DST, Abbreviation) VALUES
 (160, 0, -13480, 0, 'LMT')
,(160, 1, -14400, 0, 'AST')
,(160, 2, -10800, 0, 'PMST')
,(160, 3, -7200, 1, 'PMDT')
;
INSERT INTO oceanbase.__all_tenant_time_zone (Time_zone_id, Use_leap_seconds) VALUES (161, 'N');
INSERT INTO  oceanbase.__all_tenant_time_zone_name (Name, Time_zone_id) VALUES ('America/Moncton', 161);
INSERT INTO  oceanbase.__all_tenant_time_zone_transition (Time_zone_id, Transition_time, Transition_type_id) VALUES
 (161, -2131642800, 2)
,(161, -1632074400, 1)
,(161, -1614798000, 2)
,(161, -1153681200, 1)
,(161, -1145822400, 2)
,(161, -1122231600, 1)
,(161, -1114372800, 2)
,(161, -1090782000, 1)
,(161, -1082923200, 2)
,(161, -1059332400, 1)
,(161, -1051473600, 2)
,(161, -1027882800, 1)
,(161, -1020024000, 2)
,(161, -996433200, 1)
,(161, -988574400, 2)
,(161, -965674800, 1)
,(161, -955396800, 2)
,(161, -934743600, 1)
,(161, -923947200, 2)
,(161, -904503600, 1)
,(161, -891892800, 2)
,(161, -880221600, 3)
,(161, -769395600, 4)
,(161, -765399600, 2)
,(161, -747252000, 1)
,(161, -733950000, 2)
,(161, -715802400, 1)
,(161, -702500400, 2)
,(161, -684352800, 1)
,(161, -671050800, 2)
,(161, -652903200, 1)
,(161, -639601200, 2)
,(161, -620848800, 1)
,(161, -608151600, 2)
,(161, -589399200, 1)
,(161, -576097200, 2)
,(161, -557949600, 1)
,(161, -544647600, 2)
,(161, -526500000, 1)
,(161, -513198000, 2)
,(161, -495050400, 1)
,(161, -481748400, 2)
,(161, -463600800, 1)
,(161, -450298800, 2)
,(161, -431546400, 1)
,(161, -418244400, 2)
,(161, -400096800, 1)
,(161, -384375600, 2)
,(161, -368647200, 1)
,(161, -352926000, 2)
,(161, -337197600, 1)
,(161, -321476400, 2)
,(161, -305748000, 1)
,(161, -289422000, 2)
,(161, -273693600, 1)
,(161, -257972400, 2)
,(161, -242244000, 1)
,(161, -226522800, 2)
,(161, -210794400, 1)
,(161, -195073200, 2)
,(161, -179344800, 1)
,(161, -163623600, 2)
,(161, -147895200, 1)
,(161, -131569200, 2)
,(161, -116445600, 1)
,(161, -100119600, 2)
,(161, -84391200, 1)
,(161, -68670000, 2)
,(161, -52941600, 1)
,(161, -37220400, 2)
,(161, -21492000, 1)
,(161, -5770800, 2)
,(161, 9957600, 1)
,(161, 25678800, 2)
,(161, 41407200, 1)
,(161, 57733200, 2)
,(161, 73461600, 1)
,(161, 89182800, 2)
,(161, 136360800, 1)
,(161, 152082000, 2)
,(161, 167810400, 1)
,(161, 183531600, 2)
,(161, 199260000, 1)
,(161, 215586000, 2)
,(161, 230709600, 1)
,(161, 247035600, 2)
,(161, 262764000, 1)
,(161, 278485200, 2)
,(161, 294213600, 1)
,(161, 309934800, 2)
,(161, 325663200, 1)
,(161, 341384400, 2)
,(161, 357112800, 1)
,(161, 372834000, 2)
,(161, 388562400, 1)
,(161, 404888400, 2)
,(161, 420012000, 1)
,(161, 436338000, 2)
,(161, 452066400, 1)
,(161, 467787600, 2)
,(161, 483516000, 1)
,(161, 499237200, 2)
,(161, 514965600, 1)
,(161, 530686800, 2)
,(161, 544600800, 1)
,(161, 562136400, 2)
,(161, 576050400, 1)
,(161, 594190800, 2)
,(161, 607500000, 1)
,(161, 625640400, 2)
,(161, 638949600, 1)
,(161, 657090000, 2)
,(161, 671004000, 1)
,(161, 688539600, 2)
,(161, 702453600, 1)
,(161, 719989200, 2)
,(161, 733896060, 1)
,(161, 752036460, 2)
,(161, 765345660, 1)
,(161, 783486060, 2)
,(161, 796795260, 1)
,(161, 814935660, 2)
,(161, 828849660, 1)
,(161, 846385260, 2)
,(161, 860299260, 1)
,(161, 877834860, 2)
,(161, 891748860, 1)
,(161, 909284460, 2)
,(161, 923198460, 1)
,(161, 941338860, 2)
,(161, 954648060, 1)
,(161, 972788460, 2)
,(161, 986097660, 1)
,(161, 1004238060, 2)
,(161, 1018152060, 1)
,(161, 1035687660, 2)
,(161, 1049601660, 1)
,(161, 1067137260, 2)
,(161, 1081051260, 1)
,(161, 1099191660, 2)
,(161, 1112500860, 1)
,(161, 1130641260, 2)
,(161, 1143950460, 1)
,(161, 1162090860, 2)
,(161, 1173592800, 1)
,(161, 1194152400, 2)
,(161, 1205042400, 1)
,(161, 1225602000, 2)
,(161, 1236492000, 1)
,(161, 1257051600, 2)
,(161, 1268546400, 1)
,(161, 1289106000, 2)
,(161, 1299996000, 1)
,(161, 1320555600, 2)
,(161, 1331445600, 1)
,(161, 1352005200, 2)
,(161, 1362895200, 1)
,(161, 1383454800, 2)
,(161, 1394344800, 1)
,(161, 1414904400, 2)
,(161, 1425794400, 1)
,(161, 1446354000, 2)
,(161, 1457848800, 1)
,(161, 1478408400, 2)
,(161, 1489298400, 1)
,(161, 1509858000, 2)
,(161, 1520748000, 1)
,(161, 1541307600, 2)
,(161, 1552197600, 1)
,(161, 1572757200, 2)
,(161, 1583647200, 1)
,(161, 1604206800, 2)
,(161, 1615701600, 1)
,(161, 1636261200, 2)
,(161, 1647151200, 1)
,(161, 1667710800, 2)
,(161, 1678600800, 1)
,(161, 1699160400, 2)
,(161, 1710050400, 1)
,(161, 1730610000, 2)
,(161, 1741500000, 1)
,(161, 1762059600, 2)
,(161, 1772949600, 1)
,(161, 1793509200, 2)
,(161, 1805004000, 1)
,(161, 1825563600, 2)
,(161, 1836453600, 1)
,(161, 1857013200, 2)
,(161, 1867903200, 1)
,(161, 1888462800, 2)
,(161, 1899352800, 1)
,(161, 1919912400, 2)
,(161, 1930802400, 1)
,(161, 1951362000, 2)
,(161, 1962856800, 1)
,(161, 1983416400, 2)
,(161, 1994306400, 1)
,(161, 2014866000, 2)
,(161, 2025756000, 1)
,(161, 2046315600, 2)
,(161, 2057205600, 1)
,(161, 2077765200, 2)
,(161, 2088655200, 1)
,(161, 2109214800, 2)
,(161, 2120104800, 1)
,(161, 2140664400, 2)
;
INSERT INTO  oceanbase.__all_tenant_time_zone_transition_type (Time_zone_id, Transition_type_id, Offset, Is_DST, Abbreviation) VALUES
 (161, 0, -18000, 0, 'EST')
,(161, 1, -10800, 1, 'ADT')
,(161, 2, -14400, 0, 'AST')
,(161, 3, -10800, 1, 'AWT')
,(161, 4, -10800, 1, 'APT')
;
INSERT INTO oceanbase.__all_tenant_time_zone (Time_zone_id, Use_leap_seconds) VALUES (162, 'N');
INSERT INTO  oceanbase.__all_tenant_time_zone_name (Name, Time_zone_id) VALUES ('America/Monterrey', 162);
INSERT INTO  oceanbase.__all_tenant_time_zone_transition (Time_zone_id, Transition_time, Transition_type_id) VALUES
 (162, -1514743200, 1)
,(162, 576057600, 2)
,(162, 594198000, 1)
,(162, 828864000, 2)
,(162, 846399600, 1)
,(162, 860313600, 2)
,(162, 877849200, 1)
,(162, 891763200, 2)
,(162, 909298800, 1)
,(162, 923212800, 2)
,(162, 941353200, 1)
,(162, 954662400, 2)
,(162, 972802800, 1)
,(162, 989136000, 2)
,(162, 1001833200, 1)
,(162, 1018166400, 2)
,(162, 1035702000, 1)
,(162, 1049616000, 2)
,(162, 1067151600, 1)
,(162, 1081065600, 2)
,(162, 1099206000, 1)
,(162, 1112515200, 2)
,(162, 1130655600, 1)
,(162, 1143964800, 2)
,(162, 1162105200, 1)
,(162, 1175414400, 2)
,(162, 1193554800, 1)
,(162, 1207468800, 2)
,(162, 1225004400, 1)
,(162, 1238918400, 2)
,(162, 1256454000, 1)
,(162, 1270368000, 2)
,(162, 1288508400, 1)
,(162, 1301817600, 2)
,(162, 1319958000, 1)
,(162, 1333267200, 2)
,(162, 1351407600, 1)
,(162, 1365321600, 2)
,(162, 1382857200, 1)
,(162, 1396771200, 2)
,(162, 1414306800, 1)
,(162, 1428220800, 2)
,(162, 1445756400, 1)
,(162, 1459670400, 2)
,(162, 1477810800, 1)
,(162, 1491120000, 2)
,(162, 1509260400, 1)
,(162, 1522569600, 2)
,(162, 1540710000, 1)
,(162, 1554624000, 2)
,(162, 1572159600, 1)
,(162, 1586073600, 2)
,(162, 1603609200, 1)
,(162, 1617523200, 2)
,(162, 1635663600, 1)
,(162, 1648972800, 2)
,(162, 1667113200, 1)
,(162, 1680422400, 2)
,(162, 1698562800, 1)
,(162, 1712476800, 2)
,(162, 1730012400, 1)
,(162, 1743926400, 2)
,(162, 1761462000, 1)
,(162, 1775376000, 2)
,(162, 1792911600, 1)
,(162, 1806825600, 2)
,(162, 1824966000, 1)
,(162, 1838275200, 2)
,(162, 1856415600, 1)
,(162, 1869724800, 2)
,(162, 1887865200, 1)
,(162, 1901779200, 2)
,(162, 1919314800, 1)
,(162, 1933228800, 2)
,(162, 1950764400, 1)
,(162, 1964678400, 2)
,(162, 1982818800, 1)
,(162, 1996128000, 2)
,(162, 2014268400, 1)
,(162, 2027577600, 2)
,(162, 2045718000, 1)
,(162, 2059027200, 2)
,(162, 2077167600, 1)
,(162, 2091081600, 2)
,(162, 2108617200, 1)
,(162, 2122531200, 2)
,(162, 2140066800, 1)
;
INSERT INTO  oceanbase.__all_tenant_time_zone_transition_type (Time_zone_id, Transition_type_id, Offset, Is_DST, Abbreviation) VALUES
 (162, 0, -24076, 0, 'LMT')
,(162, 1, -21600, 0, 'CST')
,(162, 2, -18000, 1, 'CDT')
;
INSERT INTO oceanbase.__all_tenant_time_zone (Time_zone_id, Use_leap_seconds) VALUES (163, 'N');
INSERT INTO  oceanbase.__all_tenant_time_zone_name (Name, Time_zone_id) VALUES ('America/Montevideo', 163);
INSERT INTO  oceanbase.__all_tenant_time_zone_transition (Time_zone_id, Transition_time, Transition_type_id) VALUES
 (163, -1567455316, 2)
,(163, -1459542600, 1)
,(163, -1443819600, 2)
,(163, -1428006600, 1)
,(163, -1412283600, 2)
,(163, -1396470600, 1)
,(163, -1380747600, 2)
,(163, -1141590600, 1)
,(163, -1128286800, 3)
,(163, -1110141000, 1)
,(163, -1096837200, 3)
,(163, -1078691400, 1)
,(163, -1065387600, 3)
,(163, -1046637000, 1)
,(163, -1033938000, 2)
,(163, -1015187400, 1)
,(163, -1002488400, 2)
,(163, -983737800, 1)
,(163, -971038800, 2)
,(163, -952288200, 1)
,(163, -938984400, 2)
,(163, -920838600, 1)
,(163, -907534800, 2)
,(163, -896819400, 1)
,(163, -883602000, 2)
,(163, -853619400, 5)
,(163, -845848800, 4)
,(163, -334789200, 5)
,(163, -319672800, 4)
,(163, -314226000, 5)
,(163, -309996000, 4)
,(163, -149720400, 5)
,(163, -134604000, 4)
,(163, -118270800, 5)
,(163, -100044000, 4)
,(163, -86821200, 5)
,(163, -68508000, 4)
,(163, -50446800, 6)
,(163, -34119000, 4)
,(163, -18910800, 6)
,(163, -2583000, 4)
,(163, 12625200, 6)
,(163, 28953000, 4)
,(163, 72932400, 5)
,(163, 82692000, 4)
,(163, 132116400, 6)
,(163, 156911400, 5)
,(163, 212983200, 4)
,(163, 250052400, 5)
,(163, 260244000, 4)
,(163, 307594800, 5)
,(163, 325994400, 4)
,(163, 566449200, 5)
,(163, 574308000, 4)
,(163, 597812400, 5)
,(163, 605671200, 4)
,(163, 625633200, 5)
,(163, 636516000, 4)
,(163, 656478000, 5)
,(163, 667965600, 4)
,(163, 688532400, 5)
,(163, 699415200, 4)
,(163, 719377200, 5)
,(163, 730864800, 4)
,(163, 1095562800, 5)
,(163, 1111896000, 4)
,(163, 1128834000, 5)
,(163, 1142136000, 4)
,(163, 1159678800, 5)
,(163, 1173585600, 4)
,(163, 1191733200, 5)
,(163, 1205035200, 4)
,(163, 1223182800, 5)
,(163, 1236484800, 4)
,(163, 1254632400, 5)
,(163, 1268539200, 4)
,(163, 1286082000, 5)
,(163, 1299988800, 4)
,(163, 1317531600, 5)
,(163, 1331438400, 4)
,(163, 1349586000, 5)
,(163, 1362888000, 4)
,(163, 1381035600, 5)
,(163, 1394337600, 4)
,(163, 1412485200, 5)
,(163, 1425787200, 4)
,(163, 1443934800, 5)
,(163, 1457841600, 4)
,(163, 1475384400, 5)
,(163, 1489291200, 4)
,(163, 1506834000, 5)
,(163, 1520740800, 4)
,(163, 1538888400, 5)
,(163, 1552190400, 4)
,(163, 1570338000, 5)
,(163, 1583640000, 4)
,(163, 1601787600, 5)
,(163, 1615694400, 4)
,(163, 1633237200, 5)
,(163, 1647144000, 4)
,(163, 1664686800, 5)
,(163, 1678593600, 4)
,(163, 1696136400, 5)
,(163, 1710043200, 4)
,(163, 1728190800, 5)
,(163, 1741492800, 4)
,(163, 1759640400, 5)
,(163, 1772942400, 4)
,(163, 1791090000, 5)
,(163, 1804996800, 4)
,(163, 1822539600, 5)
,(163, 1836446400, 4)
,(163, 1853989200, 5)
,(163, 1867896000, 4)
,(163, 1886043600, 5)
,(163, 1899345600, 4)
,(163, 1917493200, 5)
,(163, 1930795200, 4)
,(163, 1948942800, 5)
,(163, 1962849600, 4)
,(163, 1980392400, 5)
,(163, 1994299200, 4)
,(163, 2011842000, 5)
,(163, 2025748800, 4)
,(163, 2043291600, 5)
,(163, 2057198400, 4)
,(163, 2075346000, 5)
,(163, 2088648000, 4)
,(163, 2106795600, 5)
,(163, 2120097600, 4)
,(163, 2138245200, 5)
;
INSERT INTO  oceanbase.__all_tenant_time_zone_transition_type (Time_zone_id, Transition_type_id, Offset, Is_DST, Abbreviation) VALUES
 (163, 0, -13484, 0, 'MMT')
,(163, 1, -10800, 1, 'UYHST')
,(163, 2, -12600, 0, 'UYT')
,(163, 3, -12600, 0, 'UYT')
,(163, 4, -10800, 0, 'UYT')
,(163, 5, -7200, 1, 'UYST')
,(163, 6, -9000, 1, 'UYHST')
;
INSERT INTO oceanbase.__all_tenant_time_zone (Time_zone_id, Use_leap_seconds) VALUES (164, 'N');
INSERT INTO  oceanbase.__all_tenant_time_zone_name (Name, Time_zone_id) VALUES ('America/Montreal', 164);
INSERT INTO  oceanbase.__all_tenant_time_zone_transition (Time_zone_id, Transition_time, Transition_type_id) VALUES
 (164, -1665334800, 0)
,(164, -1662753600, 1)
,(164, -1632070800, 0)
,(164, -1614794400, 1)
,(164, -1601742600, 0)
,(164, -1583775000, 1)
,(164, -1567355400, 0)
,(164, -1554053400, 1)
,(164, -1535907600, 0)
,(164, -1522603800, 1)
,(164, -1504458000, 0)
,(164, -1491154200, 1)
,(164, -1439830800, 0)
,(164, -1428255000, 1)
,(164, -1409504400, 0)
,(164, -1396805400, 1)
,(164, -1378054800, 0)
,(164, -1365355800, 1)
,(164, -1346612400, 0)
,(164, -1333915200, 1)
,(164, -1315162800, 0)
,(164, -1301860800, 1)
,(164, -1283713200, 0)
,(164, -1270411200, 1)
,(164, -1252263600, 0)
,(164, -1238961600, 1)
,(164, -1220814000, 0)
,(164, -1207512000, 1)
,(164, -1188759600, 0)
,(164, -1176062400, 1)
,(164, -1157310000, 0)
,(164, -1144008000, 1)
,(164, -1125860400, 0)
,(164, -1112558400, 1)
,(164, -1094410800, 0)
,(164, -1081108800, 1)
,(164, -1062961200, 0)
,(164, -1049659200, 1)
,(164, -1031511600, 0)
,(164, -1018209600, 1)
,(164, -1000062000, 0)
,(164, -986760000, 1)
,(164, -968007600, 0)
,(164, -955310400, 1)
,(164, -936558000, 0)
,(164, -880218000, 2)
,(164, -769395600, 3)
,(164, -765396000, 1)
,(164, -747248400, 0)
,(164, -733946400, 1)
,(164, -715798800, 0)
,(164, -702496800, 1)
,(164, -684349200, 0)
,(164, -671047200, 1)
,(164, -652899600, 0)
,(164, -636573600, 1)
,(164, -620845200, 0)
,(164, -605124000, 1)
,(164, -589395600, 0)
,(164, -576093600, 1)
,(164, -557946000, 0)
,(164, -544644000, 1)
,(164, -526496400, 0)
,(164, -513194400, 1)
,(164, -495046800, 0)
,(164, -481744800, 1)
,(164, -463597200, 0)
,(164, -450295200, 1)
,(164, -431542800, 0)
,(164, -418240800, 1)
,(164, -400093200, 0)
,(164, -384372000, 1)
,(164, -368643600, 0)
,(164, -352922400, 1)
,(164, -337194000, 0)
,(164, -321472800, 1)
,(164, -305744400, 0)
,(164, -289418400, 1)
,(164, -273690000, 0)
,(164, -257968800, 1)
,(164, -242240400, 0)
,(164, -226519200, 1)
,(164, -210790800, 0)
,(164, -195069600, 1)
,(164, -179341200, 0)
,(164, -163620000, 1)
,(164, -147891600, 0)
,(164, -131565600, 1)
,(164, -116442000, 0)
,(164, -100116000, 1)
,(164, -84387600, 0)
,(164, -68666400, 1)
,(164, -52938000, 0)
,(164, -37216800, 1)
,(164, -21488400, 0)
,(164, -5767200, 1)
,(164, 9961200, 0)
,(164, 25682400, 1)
,(164, 41410800, 0)
,(164, 57736800, 1)
,(164, 73465200, 0)
,(164, 89186400, 1)
,(164, 104914800, 0)
,(164, 120636000, 1)
,(164, 136364400, 0)
,(164, 152085600, 1)
,(164, 167814000, 0)
,(164, 183535200, 1)
,(164, 199263600, 0)
,(164, 215589600, 1)
,(164, 230713200, 0)
,(164, 247039200, 1)
,(164, 262767600, 0)
,(164, 278488800, 1)
,(164, 294217200, 0)
,(164, 309938400, 1)
,(164, 325666800, 0)
,(164, 341388000, 1)
,(164, 357116400, 0)
,(164, 372837600, 1)
,(164, 388566000, 0)
,(164, 404892000, 1)
,(164, 420015600, 0)
,(164, 436341600, 1)
,(164, 452070000, 0)
,(164, 467791200, 1)
,(164, 483519600, 0)
,(164, 499240800, 1)
,(164, 514969200, 0)
,(164, 530690400, 1)
,(164, 544604400, 0)
,(164, 562140000, 1)
,(164, 576054000, 0)
,(164, 594194400, 1)
,(164, 607503600, 0)
,(164, 625644000, 1)
,(164, 638953200, 0)
,(164, 657093600, 1)
,(164, 671007600, 0)
,(164, 688543200, 1)
,(164, 702457200, 0)
,(164, 719992800, 1)
,(164, 733906800, 0)
,(164, 752047200, 1)
,(164, 765356400, 0)
,(164, 783496800, 1)
,(164, 796806000, 0)
,(164, 814946400, 1)
,(164, 828860400, 0)
,(164, 846396000, 1)
,(164, 860310000, 0)
,(164, 877845600, 1)
,(164, 891759600, 0)
,(164, 909295200, 1)
,(164, 923209200, 0)
,(164, 941349600, 1)
,(164, 954658800, 0)
,(164, 972799200, 1)
,(164, 986108400, 0)
,(164, 1004248800, 1)
,(164, 1018162800, 0)
,(164, 1035698400, 1)
,(164, 1049612400, 0)
,(164, 1067148000, 1)
,(164, 1081062000, 0)
,(164, 1099202400, 1)
,(164, 1112511600, 0)
,(164, 1130652000, 1)
,(164, 1143961200, 0)
,(164, 1162101600, 1)
,(164, 1173596400, 0)
,(164, 1194156000, 1)
,(164, 1205046000, 0)
,(164, 1225605600, 1)
,(164, 1236495600, 0)
,(164, 1257055200, 1)
,(164, 1268550000, 0)
,(164, 1289109600, 1)
,(164, 1299999600, 0)
,(164, 1320559200, 1)
,(164, 1331449200, 0)
,(164, 1352008800, 1)
,(164, 1362898800, 0)
,(164, 1383458400, 1)
,(164, 1394348400, 0)
,(164, 1414908000, 1)
,(164, 1425798000, 0)
,(164, 1446357600, 1)
,(164, 1457852400, 0)
,(164, 1478412000, 1)
,(164, 1489302000, 0)
,(164, 1509861600, 1)
,(164, 1520751600, 0)
,(164, 1541311200, 1)
,(164, 1552201200, 0)
,(164, 1572760800, 1)
,(164, 1583650800, 0)
,(164, 1604210400, 1)
,(164, 1615705200, 0)
,(164, 1636264800, 1)
,(164, 1647154800, 0)
,(164, 1667714400, 1)
,(164, 1678604400, 0)
,(164, 1699164000, 1)
,(164, 1710054000, 0)
,(164, 1730613600, 1)
,(164, 1741503600, 0)
,(164, 1762063200, 1)
,(164, 1772953200, 0)
,(164, 1793512800, 1)
,(164, 1805007600, 0)
,(164, 1825567200, 1)
,(164, 1836457200, 0)
,(164, 1857016800, 1)
,(164, 1867906800, 0)
,(164, 1888466400, 1)
,(164, 1899356400, 0)
,(164, 1919916000, 1)
,(164, 1930806000, 0)
,(164, 1951365600, 1)
,(164, 1962860400, 0)
,(164, 1983420000, 1)
,(164, 1994310000, 0)
,(164, 2014869600, 1)
,(164, 2025759600, 0)
,(164, 2046319200, 1)
,(164, 2057209200, 0)
,(164, 2077768800, 1)
,(164, 2088658800, 0)
,(164, 2109218400, 1)
,(164, 2120108400, 0)
,(164, 2140668000, 1)
;
INSERT INTO  oceanbase.__all_tenant_time_zone_transition_type (Time_zone_id, Transition_type_id, Offset, Is_DST, Abbreviation) VALUES
 (164, 0, -14400, 1, 'EDT')
,(164, 1, -18000, 0, 'EST')
,(164, 2, -14400, 1, 'EWT')
,(164, 3, -14400, 1, 'EPT')
;
INSERT INTO oceanbase.__all_tenant_time_zone (Time_zone_id, Use_leap_seconds) VALUES (165, 'N');
INSERT INTO  oceanbase.__all_tenant_time_zone_name (Name, Time_zone_id) VALUES ('America/Montserrat', 165);
INSERT INTO  oceanbase.__all_tenant_time_zone_transition (Time_zone_id, Transition_time, Transition_type_id) VALUES
 (165, -1846266608, 1)
;
INSERT INTO  oceanbase.__all_tenant_time_zone_transition_type (Time_zone_id, Transition_type_id, Offset, Is_DST, Abbreviation) VALUES
 (165, 0, -14932, 0, 'LMT')
,(165, 1, -14400, 0, 'AST')
;
INSERT INTO oceanbase.__all_tenant_time_zone (Time_zone_id, Use_leap_seconds) VALUES (166, 'N');
INSERT INTO  oceanbase.__all_tenant_time_zone_name (Name, Time_zone_id) VALUES ('America/Nassau', 166);
INSERT INTO  oceanbase.__all_tenant_time_zone_transition (Time_zone_id, Transition_time, Transition_type_id) VALUES
 (166, -1825095036, 2)
,(166, -179341200, 1)
,(166, -163620000, 2)
,(166, -147891600, 1)
,(166, -131565600, 2)
,(166, -116442000, 1)
,(166, -100116000, 2)
,(166, -84387600, 1)
,(166, -68666400, 2)
,(166, -52938000, 1)
,(166, -37216800, 2)
,(166, -21488400, 1)
,(166, -5767200, 2)
,(166, 9961200, 1)
,(166, 25682400, 2)
,(166, 41410800, 1)
,(166, 57736800, 2)
,(166, 73465200, 1)
,(166, 89186400, 2)
,(166, 104914800, 1)
,(166, 120636000, 2)
,(166, 136364400, 1)
,(166, 152085600, 2)
,(166, 167814000, 1)
,(166, 183535200, 2)
,(166, 199263600, 1)
,(166, 215589600, 2)
,(166, 230713200, 1)
,(166, 247039200, 2)
,(166, 262767600, 1)
,(166, 278488800, 2)
,(166, 294217200, 1)
,(166, 309938400, 2)
,(166, 325666800, 1)
,(166, 341388000, 2)
,(166, 357116400, 1)
,(166, 372837600, 2)
,(166, 388566000, 1)
,(166, 404892000, 2)
,(166, 420015600, 1)
,(166, 436341600, 2)
,(166, 452070000, 1)
,(166, 467791200, 2)
,(166, 483519600, 1)
,(166, 499240800, 2)
,(166, 514969200, 1)
,(166, 530690400, 2)
,(166, 544604400, 1)
,(166, 562140000, 2)
,(166, 576054000, 1)
,(166, 594194400, 2)
,(166, 607503600, 1)
,(166, 625644000, 2)
,(166, 638953200, 1)
,(166, 657093600, 2)
,(166, 671007600, 1)
,(166, 688543200, 2)
,(166, 702457200, 1)
,(166, 719992800, 2)
,(166, 733906800, 1)
,(166, 752047200, 2)
,(166, 765356400, 1)
,(166, 783496800, 2)
,(166, 796806000, 1)
,(166, 814946400, 2)
,(166, 828860400, 1)
,(166, 846396000, 2)
,(166, 860310000, 1)
,(166, 877845600, 2)
,(166, 891759600, 1)
,(166, 909295200, 2)
,(166, 923209200, 1)
,(166, 941349600, 2)
,(166, 954658800, 1)
,(166, 972799200, 2)
,(166, 986108400, 1)
,(166, 1004248800, 2)
,(166, 1018162800, 1)
,(166, 1035698400, 2)
,(166, 1049612400, 1)
,(166, 1067148000, 2)
,(166, 1081062000, 1)
,(166, 1099202400, 2)
,(166, 1112511600, 1)
,(166, 1130652000, 2)
,(166, 1143961200, 1)
,(166, 1162101600, 2)
,(166, 1173596400, 1)
,(166, 1194156000, 2)
,(166, 1205046000, 1)
,(166, 1225605600, 2)
,(166, 1236495600, 1)
,(166, 1257055200, 2)
,(166, 1268550000, 1)
,(166, 1289109600, 2)
,(166, 1299999600, 1)
,(166, 1320559200, 2)
,(166, 1331449200, 1)
,(166, 1352008800, 2)
,(166, 1362898800, 1)
,(166, 1383458400, 2)
,(166, 1394348400, 1)
,(166, 1414908000, 2)
,(166, 1425798000, 1)
,(166, 1446357600, 2)
,(166, 1457852400, 1)
,(166, 1478412000, 2)
,(166, 1489302000, 1)
,(166, 1509861600, 2)
,(166, 1520751600, 1)
,(166, 1541311200, 2)
,(166, 1552201200, 1)
,(166, 1572760800, 2)
,(166, 1583650800, 1)
,(166, 1604210400, 2)
,(166, 1615705200, 1)
,(166, 1636264800, 2)
,(166, 1647154800, 1)
,(166, 1667714400, 2)
,(166, 1678604400, 1)
,(166, 1699164000, 2)
,(166, 1710054000, 1)
,(166, 1730613600, 2)
,(166, 1741503600, 1)
,(166, 1762063200, 2)
,(166, 1772953200, 1)
,(166, 1793512800, 2)
,(166, 1805007600, 1)
,(166, 1825567200, 2)
,(166, 1836457200, 1)
,(166, 1857016800, 2)
,(166, 1867906800, 1)
,(166, 1888466400, 2)
,(166, 1899356400, 1)
,(166, 1919916000, 2)
,(166, 1930806000, 1)
,(166, 1951365600, 2)
,(166, 1962860400, 1)
,(166, 1983420000, 2)
,(166, 1994310000, 1)
,(166, 2014869600, 2)
,(166, 2025759600, 1)
,(166, 2046319200, 2)
,(166, 2057209200, 1)
,(166, 2077768800, 2)
,(166, 2088658800, 1)
,(166, 2109218400, 2)
,(166, 2120108400, 1)
,(166, 2140668000, 2)
;
INSERT INTO  oceanbase.__all_tenant_time_zone_transition_type (Time_zone_id, Transition_type_id, Offset, Is_DST, Abbreviation) VALUES
 (166, 0, -18564, 0, 'LMT')
,(166, 1, -14400, 1, 'EDT')
,(166, 2, -18000, 0, 'EST')
;
INSERT INTO oceanbase.__all_tenant_time_zone (Time_zone_id, Use_leap_seconds) VALUES (167, 'N');
INSERT INTO  oceanbase.__all_tenant_time_zone_name (Name, Time_zone_id) VALUES ('America/New_York', 167);
INSERT INTO  oceanbase.__all_tenant_time_zone_transition (Time_zone_id, Transition_time, Transition_type_id) VALUES
 (167, -1633280400, 0)
,(167, -1615140000, 1)
,(167, -1601830800, 0)
,(167, -1583690400, 1)
,(167, -1570381200, 0)
,(167, -1551636000, 1)
,(167, -1536512400, 0)
,(167, -1523210400, 1)
,(167, -1504458000, 0)
,(167, -1491760800, 1)
,(167, -1473008400, 0)
,(167, -1459706400, 1)
,(167, -1441558800, 0)
,(167, -1428256800, 1)
,(167, -1410109200, 0)
,(167, -1396807200, 1)
,(167, -1378659600, 0)
,(167, -1365357600, 1)
,(167, -1347210000, 0)
,(167, -1333908000, 1)
,(167, -1315155600, 0)
,(167, -1301853600, 1)
,(167, -1283706000, 0)
,(167, -1270404000, 1)
,(167, -1252256400, 0)
,(167, -1238954400, 1)
,(167, -1220806800, 0)
,(167, -1207504800, 1)
,(167, -1189357200, 0)
,(167, -1176055200, 1)
,(167, -1157302800, 0)
,(167, -1144605600, 1)
,(167, -1125853200, 0)
,(167, -1112551200, 1)
,(167, -1094403600, 0)
,(167, -1081101600, 1)
,(167, -1062954000, 0)
,(167, -1049652000, 1)
,(167, -1031504400, 0)
,(167, -1018202400, 1)
,(167, -1000054800, 0)
,(167, -986752800, 1)
,(167, -968000400, 0)
,(167, -955303200, 1)
,(167, -936550800, 0)
,(167, -923248800, 1)
,(167, -905101200, 0)
,(167, -891799200, 1)
,(167, -880218000, 2)
,(167, -769395600, 3)
,(167, -765396000, 1)
,(167, -747248400, 0)
,(167, -733946400, 1)
,(167, -715798800, 0)
,(167, -702496800, 1)
,(167, -684349200, 0)
,(167, -671047200, 1)
,(167, -652899600, 0)
,(167, -639597600, 1)
,(167, -620845200, 0)
,(167, -608148000, 1)
,(167, -589395600, 0)
,(167, -576093600, 1)
,(167, -557946000, 0)
,(167, -544644000, 1)
,(167, -526496400, 0)
,(167, -513194400, 1)
,(167, -495046800, 0)
,(167, -481744800, 1)
,(167, -463597200, 0)
,(167, -447271200, 1)
,(167, -431542800, 0)
,(167, -415821600, 1)
,(167, -400093200, 0)
,(167, -384372000, 1)
,(167, -368643600, 0)
,(167, -352922400, 1)
,(167, -337194000, 0)
,(167, -321472800, 1)
,(167, -305744400, 0)
,(167, -289418400, 1)
,(167, -273690000, 0)
,(167, -257968800, 1)
,(167, -242240400, 0)
,(167, -226519200, 1)
,(167, -210790800, 0)
,(167, -195069600, 1)
,(167, -179341200, 0)
,(167, -163620000, 1)
,(167, -147891600, 0)
,(167, -131565600, 1)
,(167, -116442000, 0)
,(167, -100116000, 1)
,(167, -84387600, 0)
,(167, -68666400, 1)
,(167, -52938000, 0)
,(167, -37216800, 1)
,(167, -21488400, 0)
,(167, -5767200, 1)
,(167, 9961200, 0)
,(167, 25682400, 1)
,(167, 41410800, 0)
,(167, 57736800, 1)
,(167, 73465200, 0)
,(167, 89186400, 1)
,(167, 104914800, 0)
,(167, 120636000, 1)
,(167, 126687600, 0)
,(167, 152085600, 1)
,(167, 162370800, 0)
,(167, 183535200, 1)
,(167, 199263600, 0)
,(167, 215589600, 1)
,(167, 230713200, 0)
,(167, 247039200, 1)
,(167, 262767600, 0)
,(167, 278488800, 1)
,(167, 294217200, 0)
,(167, 309938400, 1)
,(167, 325666800, 0)
,(167, 341388000, 1)
,(167, 357116400, 0)
,(167, 372837600, 1)
,(167, 388566000, 0)
,(167, 404892000, 1)
,(167, 420015600, 0)
,(167, 436341600, 1)
,(167, 452070000, 0)
,(167, 467791200, 1)
,(167, 483519600, 0)
,(167, 499240800, 1)
,(167, 514969200, 0)
,(167, 530690400, 1)
,(167, 544604400, 0)
,(167, 562140000, 1)
,(167, 576054000, 0)
,(167, 594194400, 1)
,(167, 607503600, 0)
,(167, 625644000, 1)
,(167, 638953200, 0)
,(167, 657093600, 1)
,(167, 671007600, 0)
,(167, 688543200, 1)
,(167, 702457200, 0)
,(167, 719992800, 1)
,(167, 733906800, 0)
,(167, 752047200, 1)
,(167, 765356400, 0)
,(167, 783496800, 1)
,(167, 796806000, 0)
,(167, 814946400, 1)
,(167, 828860400, 0)
,(167, 846396000, 1)
,(167, 860310000, 0)
,(167, 877845600, 1)
,(167, 891759600, 0)
,(167, 909295200, 1)
,(167, 923209200, 0)
,(167, 941349600, 1)
,(167, 954658800, 0)
,(167, 972799200, 1)
,(167, 986108400, 0)
,(167, 1004248800, 1)
,(167, 1018162800, 0)
,(167, 1035698400, 1)
,(167, 1049612400, 0)
,(167, 1067148000, 1)
,(167, 1081062000, 0)
,(167, 1099202400, 1)
,(167, 1112511600, 0)
,(167, 1130652000, 1)
,(167, 1143961200, 0)
,(167, 1162101600, 1)
,(167, 1173596400, 0)
,(167, 1194156000, 1)
,(167, 1205046000, 0)
,(167, 1225605600, 1)
,(167, 1236495600, 0)
,(167, 1257055200, 1)
,(167, 1268550000, 0)
,(167, 1289109600, 1)
,(167, 1299999600, 0)
,(167, 1320559200, 1)
,(167, 1331449200, 0)
,(167, 1352008800, 1)
,(167, 1362898800, 0)
,(167, 1383458400, 1)
,(167, 1394348400, 0)
,(167, 1414908000, 1)
,(167, 1425798000, 0)
,(167, 1446357600, 1)
,(167, 1457852400, 0)
,(167, 1478412000, 1)
,(167, 1489302000, 0)
,(167, 1509861600, 1)
,(167, 1520751600, 0)
,(167, 1541311200, 1)
,(167, 1552201200, 0)
,(167, 1572760800, 1)
,(167, 1583650800, 0)
,(167, 1604210400, 1)
,(167, 1615705200, 0)
,(167, 1636264800, 1)
,(167, 1647154800, 0)
,(167, 1667714400, 1)
,(167, 1678604400, 0)
,(167, 1699164000, 1)
,(167, 1710054000, 0)
,(167, 1730613600, 1)
,(167, 1741503600, 0)
,(167, 1762063200, 1)
,(167, 1772953200, 0)
,(167, 1793512800, 1)
,(167, 1805007600, 0)
,(167, 1825567200, 1)
,(167, 1836457200, 0)
,(167, 1857016800, 1)
,(167, 1867906800, 0)
,(167, 1888466400, 1)
,(167, 1899356400, 0)
,(167, 1919916000, 1)
,(167, 1930806000, 0)
,(167, 1951365600, 1)
,(167, 1962860400, 0)
,(167, 1983420000, 1)
,(167, 1994310000, 0)
,(167, 2014869600, 1)
,(167, 2025759600, 0)
,(167, 2046319200, 1)
,(167, 2057209200, 0)
,(167, 2077768800, 1)
,(167, 2088658800, 0)
,(167, 2109218400, 1)
,(167, 2120108400, 0)
,(167, 2140668000, 1)
;
INSERT INTO  oceanbase.__all_tenant_time_zone_transition_type (Time_zone_id, Transition_type_id, Offset, Is_DST, Abbreviation) VALUES
 (167, 0, -14400, 1, 'EDT')
,(167, 1, -18000, 0, 'EST')
,(167, 2, -14400, 1, 'EWT')
,(167, 3, -14400, 1, 'EPT')
;
INSERT INTO oceanbase.__all_tenant_time_zone (Time_zone_id, Use_leap_seconds) VALUES (168, 'N');
INSERT INTO  oceanbase.__all_tenant_time_zone_name (Name, Time_zone_id) VALUES ('America/Nipigon', 168);
INSERT INTO  oceanbase.__all_tenant_time_zone_transition (Time_zone_id, Transition_time, Transition_type_id) VALUES
 (168, -1632070800, 0)
,(168, -1614794400, 1)
,(168, -923252400, 0)
,(168, -880218000, 2)
,(168, -769395600, 3)
,(168, -765396000, 1)
,(168, 136364400, 0)
,(168, 152085600, 1)
,(168, 167814000, 0)
,(168, 183535200, 1)
,(168, 199263600, 0)
,(168, 215589600, 1)
,(168, 230713200, 0)
,(168, 247039200, 1)
,(168, 262767600, 0)
,(168, 278488800, 1)
,(168, 294217200, 0)
,(168, 309938400, 1)
,(168, 325666800, 0)
,(168, 341388000, 1)
,(168, 357116400, 0)
,(168, 372837600, 1)
,(168, 388566000, 0)
,(168, 404892000, 1)
,(168, 420015600, 0)
,(168, 436341600, 1)
,(168, 452070000, 0)
,(168, 467791200, 1)
,(168, 483519600, 0)
,(168, 499240800, 1)
,(168, 514969200, 0)
,(168, 530690400, 1)
,(168, 544604400, 0)
,(168, 562140000, 1)
,(168, 576054000, 0)
,(168, 594194400, 1)
,(168, 607503600, 0)
,(168, 625644000, 1)
,(168, 638953200, 0)
,(168, 657093600, 1)
,(168, 671007600, 0)
,(168, 688543200, 1)
,(168, 702457200, 0)
,(168, 719992800, 1)
,(168, 733906800, 0)
,(168, 752047200, 1)
,(168, 765356400, 0)
,(168, 783496800, 1)
,(168, 796806000, 0)
,(168, 814946400, 1)
,(168, 828860400, 0)
,(168, 846396000, 1)
,(168, 860310000, 0)
,(168, 877845600, 1)
,(168, 891759600, 0)
,(168, 909295200, 1)
,(168, 923209200, 0)
,(168, 941349600, 1)
,(168, 954658800, 0)
,(168, 972799200, 1)
,(168, 986108400, 0)
,(168, 1004248800, 1)
,(168, 1018162800, 0)
,(168, 1035698400, 1)
,(168, 1049612400, 0)
,(168, 1067148000, 1)
,(168, 1081062000, 0)
,(168, 1099202400, 1)
,(168, 1112511600, 0)
,(168, 1130652000, 1)
,(168, 1143961200, 0)
,(168, 1162101600, 1)
,(168, 1173596400, 0)
,(168, 1194156000, 1)
,(168, 1205046000, 0)
,(168, 1225605600, 1)
,(168, 1236495600, 0)
,(168, 1257055200, 1)
,(168, 1268550000, 0)
,(168, 1289109600, 1)
,(168, 1299999600, 0)
,(168, 1320559200, 1)
,(168, 1331449200, 0)
,(168, 1352008800, 1)
,(168, 1362898800, 0)
,(168, 1383458400, 1)
,(168, 1394348400, 0)
,(168, 1414908000, 1)
,(168, 1425798000, 0)
,(168, 1446357600, 1)
,(168, 1457852400, 0)
,(168, 1478412000, 1)
,(168, 1489302000, 0)
,(168, 1509861600, 1)
,(168, 1520751600, 0)
,(168, 1541311200, 1)
,(168, 1552201200, 0)
,(168, 1572760800, 1)
,(168, 1583650800, 0)
,(168, 1604210400, 1)
,(168, 1615705200, 0)
,(168, 1636264800, 1)
,(168, 1647154800, 0)
,(168, 1667714400, 1)
,(168, 1678604400, 0)
,(168, 1699164000, 1)
,(168, 1710054000, 0)
,(168, 1730613600, 1)
,(168, 1741503600, 0)
,(168, 1762063200, 1)
,(168, 1772953200, 0)
,(168, 1793512800, 1)
,(168, 1805007600, 0)
,(168, 1825567200, 1)
,(168, 1836457200, 0)
,(168, 1857016800, 1)
,(168, 1867906800, 0)
,(168, 1888466400, 1)
,(168, 1899356400, 0)
,(168, 1919916000, 1)
,(168, 1930806000, 0)
,(168, 1951365600, 1)
,(168, 1962860400, 0)
,(168, 1983420000, 1)
,(168, 1994310000, 0)
,(168, 2014869600, 1)
,(168, 2025759600, 0)
,(168, 2046319200, 1)
,(168, 2057209200, 0)
,(168, 2077768800, 1)
,(168, 2088658800, 0)
,(168, 2109218400, 1)
,(168, 2120108400, 0)
,(168, 2140668000, 1)
;
INSERT INTO  oceanbase.__all_tenant_time_zone_transition_type (Time_zone_id, Transition_type_id, Offset, Is_DST, Abbreviation) VALUES
 (168, 0, -14400, 1, 'EDT')
,(168, 1, -18000, 0, 'EST')
,(168, 2, -14400, 1, 'EWT')
,(168, 3, -14400, 1, 'EPT')
;
INSERT INTO oceanbase.__all_tenant_time_zone (Time_zone_id, Use_leap_seconds) VALUES (169, 'N');
INSERT INTO  oceanbase.__all_tenant_time_zone_name (Name, Time_zone_id) VALUES ('America/Nome', 169);
INSERT INTO  oceanbase.__all_tenant_time_zone_transition (Time_zone_id, Transition_time, Transition_type_id) VALUES
 (169, -880196400, 1)
,(169, -769395600, 2)
,(169, -765374400, 0)
,(169, -86878800, 3)
,(169, -21466800, 4)
,(169, -5745600, 3)
,(169, 9982800, 4)
,(169, 25704000, 3)
,(169, 41432400, 4)
,(169, 57758400, 3)
,(169, 73486800, 4)
,(169, 89208000, 3)
,(169, 104936400, 4)
,(169, 120657600, 3)
,(169, 126709200, 4)
,(169, 152107200, 3)
,(169, 162392400, 4)
,(169, 183556800, 3)
,(169, 199285200, 4)
,(169, 215611200, 3)
,(169, 230734800, 4)
,(169, 247060800, 3)
,(169, 262789200, 4)
,(169, 278510400, 3)
,(169, 294238800, 4)
,(169, 309960000, 3)
,(169, 325688400, 4)
,(169, 341409600, 3)
,(169, 357138000, 4)
,(169, 372859200, 3)
,(169, 388587600, 4)
,(169, 404913600, 3)
,(169, 420037200, 4)
,(169, 436363200, 5)
,(169, 439030800, 7)
,(169, 452084400, 6)
,(169, 467805600, 7)
,(169, 483534000, 6)
,(169, 499255200, 7)
,(169, 514983600, 6)
,(169, 530704800, 7)
,(169, 544618800, 6)
,(169, 562154400, 7)
,(169, 576068400, 6)
,(169, 594208800, 7)
,(169, 607518000, 6)
,(169, 625658400, 7)
,(169, 638967600, 6)
,(169, 657108000, 7)
,(169, 671022000, 6)
,(169, 688557600, 7)
,(169, 702471600, 6)
,(169, 720007200, 7)
,(169, 733921200, 6)
,(169, 752061600, 7)
,(169, 765370800, 6)
,(169, 783511200, 7)
,(169, 796820400, 6)
,(169, 814960800, 7)
,(169, 828874800, 6)
,(169, 846410400, 7)
,(169, 860324400, 6)
,(169, 877860000, 7)
,(169, 891774000, 6)
,(169, 909309600, 7)
,(169, 923223600, 6)
,(169, 941364000, 7)
,(169, 954673200, 6)
,(169, 972813600, 7)
,(169, 986122800, 6)
,(169, 1004263200, 7)
,(169, 1018177200, 6)
,(169, 1035712800, 7)
,(169, 1049626800, 6)
,(169, 1067162400, 7)
,(169, 1081076400, 6)
,(169, 1099216800, 7)
,(169, 1112526000, 6)
,(169, 1130666400, 7)
,(169, 1143975600, 6)
,(169, 1162116000, 7)
,(169, 1173610800, 6)
,(169, 1194170400, 7)
,(169, 1205060400, 6)
,(169, 1225620000, 7)
,(169, 1236510000, 6)
,(169, 1257069600, 7)
,(169, 1268564400, 6)
,(169, 1289124000, 7)
,(169, 1300014000, 6)
,(169, 1320573600, 7)
,(169, 1331463600, 6)
,(169, 1352023200, 7)
,(169, 1362913200, 6)
,(169, 1383472800, 7)
,(169, 1394362800, 6)
,(169, 1414922400, 7)
,(169, 1425812400, 6)
,(169, 1446372000, 7)
,(169, 1457866800, 6)
,(169, 1478426400, 7)
,(169, 1489316400, 6)
,(169, 1509876000, 7)
,(169, 1520766000, 6)
,(169, 1541325600, 7)
,(169, 1552215600, 6)
,(169, 1572775200, 7)
,(169, 1583665200, 6)
,(169, 1604224800, 7)
,(169, 1615719600, 6)
,(169, 1636279200, 7)
,(169, 1647169200, 6)
,(169, 1667728800, 7)
,(169, 1678618800, 6)
,(169, 1699178400, 7)
,(169, 1710068400, 6)
,(169, 1730628000, 7)
,(169, 1741518000, 6)
,(169, 1762077600, 7)
,(169, 1772967600, 6)
,(169, 1793527200, 7)
,(169, 1805022000, 6)
,(169, 1825581600, 7)
,(169, 1836471600, 6)
,(169, 1857031200, 7)
,(169, 1867921200, 6)
,(169, 1888480800, 7)
,(169, 1899370800, 6)
,(169, 1919930400, 7)
,(169, 1930820400, 6)
,(169, 1951380000, 7)
,(169, 1962874800, 6)
,(169, 1983434400, 7)
,(169, 1994324400, 6)
,(169, 2014884000, 7)
,(169, 2025774000, 6)
,(169, 2046333600, 7)
,(169, 2057223600, 6)
,(169, 2077783200, 7)
,(169, 2088673200, 6)
,(169, 2109232800, 7)
,(169, 2120122800, 6)
,(169, 2140682400, 7)
;
INSERT INTO  oceanbase.__all_tenant_time_zone_transition_type (Time_zone_id, Transition_type_id, Offset, Is_DST, Abbreviation) VALUES
 (169, 0, -39600, 0, 'NST')
,(169, 1, -36000, 1, 'NWT')
,(169, 2, -36000, 1, 'NPT')
,(169, 3, -39600, 0, 'BST')
,(169, 4, -36000, 1, 'BDT')
,(169, 5, -32400, 0, 'YST')
,(169, 6, -28800, 1, 'AKDT')
,(169, 7, -32400, 0, 'AKST')
;
INSERT INTO oceanbase.__all_tenant_time_zone (Time_zone_id, Use_leap_seconds) VALUES (170, 'N');
INSERT INTO  oceanbase.__all_tenant_time_zone_name (Name, Time_zone_id) VALUES ('America/Noronha', 170);
INSERT INTO  oceanbase.__all_tenant_time_zone_transition (Time_zone_id, Transition_time, Transition_type_id) VALUES
 (170, -1767217820, 2)
,(170, -1206961200, 1)
,(170, -1191366000, 2)
,(170, -1175378400, 1)
,(170, -1159830000, 2)
,(170, -633823200, 1)
,(170, -622072800, 2)
,(170, -602287200, 1)
,(170, -591836400, 2)
,(170, -570751200, 1)
,(170, -560214000, 2)
,(170, -539128800, 1)
,(170, -531356400, 2)
,(170, -191368800, 1)
,(170, -184201200, 2)
,(170, -155167200, 1)
,(170, -150073200, 2)
,(170, -128901600, 1)
,(170, -121129200, 2)
,(170, -99957600, 1)
,(170, -89593200, 2)
,(170, -68421600, 1)
,(170, -57970800, 2)
,(170, 499744800, 1)
,(170, 511232400, 2)
,(170, 530589600, 1)
,(170, 540262800, 2)
,(170, 562125600, 1)
,(170, 571194000, 2)
,(170, 592970400, 1)
,(170, 602038800, 2)
,(170, 624420000, 1)
,(170, 634698000, 2)
,(170, 938916000, 1)
,(170, 951613200, 2)
,(170, 970970400, 1)
,(170, 971571600, 2)
,(170, 1003024800, 1)
,(170, 1013907600, 2)
;
INSERT INTO  oceanbase.__all_tenant_time_zone_transition_type (Time_zone_id, Transition_type_id, Offset, Is_DST, Abbreviation) VALUES
 (170, 0, -7780, 0, 'LMT')
,(170, 1, -3600, 1, 'FNST')
,(170, 2, -7200, 0, 'FNT')
;
INSERT INTO oceanbase.__all_tenant_time_zone (Time_zone_id, Use_leap_seconds) VALUES (171, 'N');
INSERT INTO  oceanbase.__all_tenant_time_zone_name (Name, Time_zone_id) VALUES ('America/North_Dakota/Beulah', 171);
INSERT INTO  oceanbase.__all_tenant_time_zone_transition (Time_zone_id, Transition_time, Transition_type_id) VALUES
 (171, -1633273200, 0)
,(171, -1615132800, 1)
,(171, -1601823600, 0)
,(171, -1583683200, 1)
,(171, -880210800, 2)
,(171, -769395600, 3)
,(171, -765388800, 1)
,(171, -84380400, 0)
,(171, -68659200, 1)
,(171, -52930800, 0)
,(171, -37209600, 1)
,(171, -21481200, 0)
,(171, -5760000, 1)
,(171, 9968400, 0)
,(171, 25689600, 1)
,(171, 41418000, 0)
,(171, 57744000, 1)
,(171, 73472400, 0)
,(171, 89193600, 1)
,(171, 104922000, 0)
,(171, 120643200, 1)
,(171, 126694800, 0)
,(171, 152092800, 1)
,(171, 162378000, 0)
,(171, 183542400, 1)
,(171, 199270800, 0)
,(171, 215596800, 1)
,(171, 230720400, 0)
,(171, 247046400, 1)
,(171, 262774800, 0)
,(171, 278496000, 1)
,(171, 294224400, 0)
,(171, 309945600, 1)
,(171, 325674000, 0)
,(171, 341395200, 1)
,(171, 357123600, 0)
,(171, 372844800, 1)
,(171, 388573200, 0)
,(171, 404899200, 1)
,(171, 420022800, 0)
,(171, 436348800, 1)
,(171, 452077200, 0)
,(171, 467798400, 1)
,(171, 483526800, 0)
,(171, 499248000, 1)
,(171, 514976400, 0)
,(171, 530697600, 1)
,(171, 544611600, 0)
,(171, 562147200, 1)
,(171, 576061200, 0)
,(171, 594201600, 1)
,(171, 607510800, 0)
,(171, 625651200, 1)
,(171, 638960400, 0)
,(171, 657100800, 1)
,(171, 671014800, 0)
,(171, 688550400, 1)
,(171, 702464400, 0)
,(171, 720000000, 1)
,(171, 733914000, 0)
,(171, 752054400, 1)
,(171, 765363600, 0)
,(171, 783504000, 1)
,(171, 796813200, 0)
,(171, 814953600, 1)
,(171, 828867600, 0)
,(171, 846403200, 1)
,(171, 860317200, 0)
,(171, 877852800, 1)
,(171, 891766800, 0)
,(171, 909302400, 1)
,(171, 923216400, 0)
,(171, 941356800, 1)
,(171, 954666000, 0)
,(171, 972806400, 1)
,(171, 986115600, 0)
,(171, 1004256000, 1)
,(171, 1018170000, 0)
,(171, 1035705600, 1)
,(171, 1049619600, 0)
,(171, 1067155200, 1)
,(171, 1081069200, 0)
,(171, 1099209600, 1)
,(171, 1112518800, 0)
,(171, 1130659200, 1)
,(171, 1143968400, 0)
,(171, 1162108800, 1)
,(171, 1173603600, 0)
,(171, 1194163200, 1)
,(171, 1205053200, 0)
,(171, 1225612800, 1)
,(171, 1236502800, 0)
,(171, 1257062400, 1)
,(171, 1268557200, 0)
,(171, 1289116800, 5)
,(171, 1300003200, 4)
,(171, 1320562800, 5)
,(171, 1331452800, 4)
,(171, 1352012400, 5)
,(171, 1362902400, 4)
,(171, 1383462000, 5)
,(171, 1394352000, 4)
,(171, 1414911600, 5)
,(171, 1425801600, 4)
,(171, 1446361200, 5)
,(171, 1457856000, 4)
,(171, 1478415600, 5)
,(171, 1489305600, 4)
,(171, 1509865200, 5)
,(171, 1520755200, 4)
,(171, 1541314800, 5)
,(171, 1552204800, 4)
,(171, 1572764400, 5)
,(171, 1583654400, 4)
,(171, 1604214000, 5)
,(171, 1615708800, 4)
,(171, 1636268400, 5)
,(171, 1647158400, 4)
,(171, 1667718000, 5)
,(171, 1678608000, 4)
,(171, 1699167600, 5)
,(171, 1710057600, 4)
,(171, 1730617200, 5)
,(171, 1741507200, 4)
,(171, 1762066800, 5)
,(171, 1772956800, 4)
,(171, 1793516400, 5)
,(171, 1805011200, 4)
,(171, 1825570800, 5)
,(171, 1836460800, 4)
,(171, 1857020400, 5)
,(171, 1867910400, 4)
,(171, 1888470000, 5)
,(171, 1899360000, 4)
,(171, 1919919600, 5)
,(171, 1930809600, 4)
,(171, 1951369200, 5)
,(171, 1962864000, 4)
,(171, 1983423600, 5)
,(171, 1994313600, 4)
,(171, 2014873200, 5)
,(171, 2025763200, 4)
,(171, 2046322800, 5)
,(171, 2057212800, 4)
,(171, 2077772400, 5)
,(171, 2088662400, 4)
,(171, 2109222000, 5)
,(171, 2120112000, 4)
,(171, 2140671600, 5)
;
INSERT INTO  oceanbase.__all_tenant_time_zone_transition_type (Time_zone_id, Transition_type_id, Offset, Is_DST, Abbreviation) VALUES
 (171, 0, -21600, 1, 'MDT')
,(171, 1, -25200, 0, 'MST')
,(171, 2, -21600, 1, 'MWT')
,(171, 3, -21600, 1, 'MPT')
,(171, 4, -18000, 1, 'CDT')
,(171, 5, -21600, 0, 'CST')
;
INSERT INTO oceanbase.__all_tenant_time_zone (Time_zone_id, Use_leap_seconds) VALUES (172, 'N');
INSERT INTO  oceanbase.__all_tenant_time_zone_name (Name, Time_zone_id) VALUES ('America/North_Dakota/Center', 172);
INSERT INTO  oceanbase.__all_tenant_time_zone_transition (Time_zone_id, Transition_time, Transition_type_id) VALUES
 (172, -1633273200, 0)
,(172, -1615132800, 1)
,(172, -1601823600, 0)
,(172, -1583683200, 1)
,(172, -880210800, 2)
,(172, -769395600, 3)
,(172, -765388800, 1)
,(172, -84380400, 0)
,(172, -68659200, 1)
,(172, -52930800, 0)
,(172, -37209600, 1)
,(172, -21481200, 0)
,(172, -5760000, 1)
,(172, 9968400, 0)
,(172, 25689600, 1)
,(172, 41418000, 0)
,(172, 57744000, 1)
,(172, 73472400, 0)
,(172, 89193600, 1)
,(172, 104922000, 0)
,(172, 120643200, 1)
,(172, 126694800, 0)
,(172, 152092800, 1)
,(172, 162378000, 0)
,(172, 183542400, 1)
,(172, 199270800, 0)
,(172, 215596800, 1)
,(172, 230720400, 0)
,(172, 247046400, 1)
,(172, 262774800, 0)
,(172, 278496000, 1)
,(172, 294224400, 0)
,(172, 309945600, 1)
,(172, 325674000, 0)
,(172, 341395200, 1)
,(172, 357123600, 0)
,(172, 372844800, 1)
,(172, 388573200, 0)
,(172, 404899200, 1)
,(172, 420022800, 0)
,(172, 436348800, 1)
,(172, 452077200, 0)
,(172, 467798400, 1)
,(172, 483526800, 0)
,(172, 499248000, 1)
,(172, 514976400, 0)
,(172, 530697600, 1)
,(172, 544611600, 0)
,(172, 562147200, 1)
,(172, 576061200, 0)
,(172, 594201600, 1)
,(172, 607510800, 0)
,(172, 625651200, 1)
,(172, 638960400, 0)
,(172, 657100800, 1)
,(172, 671014800, 0)
,(172, 688550400, 1)
,(172, 702464400, 0)
,(172, 720000000, 5)
,(172, 733910400, 4)
,(172, 752050800, 5)
,(172, 765360000, 4)
,(172, 783500400, 5)
,(172, 796809600, 4)
,(172, 814950000, 5)
,(172, 828864000, 4)
,(172, 846399600, 5)
,(172, 860313600, 4)
,(172, 877849200, 5)
,(172, 891763200, 4)
,(172, 909298800, 5)
,(172, 923212800, 4)
,(172, 941353200, 5)
,(172, 954662400, 4)
,(172, 972802800, 5)
,(172, 986112000, 4)
,(172, 1004252400, 5)
,(172, 1018166400, 4)
,(172, 1035702000, 5)
,(172, 1049616000, 4)
,(172, 1067151600, 5)
,(172, 1081065600, 4)
,(172, 1099206000, 5)
,(172, 1112515200, 4)
,(172, 1130655600, 5)
,(172, 1143964800, 4)
,(172, 1162105200, 5)
,(172, 1173600000, 4)
,(172, 1194159600, 5)
,(172, 1205049600, 4)
,(172, 1225609200, 5)
,(172, 1236499200, 4)
,(172, 1257058800, 5)
,(172, 1268553600, 4)
,(172, 1289113200, 5)
,(172, 1300003200, 4)
,(172, 1320562800, 5)
,(172, 1331452800, 4)
,(172, 1352012400, 5)
,(172, 1362902400, 4)
,(172, 1383462000, 5)
,(172, 1394352000, 4)
,(172, 1414911600, 5)
,(172, 1425801600, 4)
,(172, 1446361200, 5)
,(172, 1457856000, 4)
,(172, 1478415600, 5)
,(172, 1489305600, 4)
,(172, 1509865200, 5)
,(172, 1520755200, 4)
,(172, 1541314800, 5)
,(172, 1552204800, 4)
,(172, 1572764400, 5)
,(172, 1583654400, 4)
,(172, 1604214000, 5)
,(172, 1615708800, 4)
,(172, 1636268400, 5)
,(172, 1647158400, 4)
,(172, 1667718000, 5)
,(172, 1678608000, 4)
,(172, 1699167600, 5)
,(172, 1710057600, 4)
,(172, 1730617200, 5)
,(172, 1741507200, 4)
,(172, 1762066800, 5)
,(172, 1772956800, 4)
,(172, 1793516400, 5)
,(172, 1805011200, 4)
,(172, 1825570800, 5)
,(172, 1836460800, 4)
,(172, 1857020400, 5)
,(172, 1867910400, 4)
,(172, 1888470000, 5)
,(172, 1899360000, 4)
,(172, 1919919600, 5)
,(172, 1930809600, 4)
,(172, 1951369200, 5)
,(172, 1962864000, 4)
,(172, 1983423600, 5)
,(172, 1994313600, 4)
,(172, 2014873200, 5)
,(172, 2025763200, 4)
,(172, 2046322800, 5)
,(172, 2057212800, 4)
,(172, 2077772400, 5)
,(172, 2088662400, 4)
,(172, 2109222000, 5)
,(172, 2120112000, 4)
,(172, 2140671600, 5)
;
INSERT INTO  oceanbase.__all_tenant_time_zone_transition_type (Time_zone_id, Transition_type_id, Offset, Is_DST, Abbreviation) VALUES
 (172, 0, -21600, 1, 'MDT')
,(172, 1, -25200, 0, 'MST')
,(172, 2, -21600, 1, 'MWT')
,(172, 3, -21600, 1, 'MPT')
,(172, 4, -18000, 1, 'CDT')
,(172, 5, -21600, 0, 'CST')
;
INSERT INTO oceanbase.__all_tenant_time_zone (Time_zone_id, Use_leap_seconds) VALUES (173, 'N');
INSERT INTO  oceanbase.__all_tenant_time_zone_name (Name, Time_zone_id) VALUES ('America/North_Dakota/New_Salem', 173);
INSERT INTO  oceanbase.__all_tenant_time_zone_transition (Time_zone_id, Transition_time, Transition_type_id) VALUES
 (173, -1633273200, 0)
,(173, -1615132800, 1)
,(173, -1601823600, 0)
,(173, -1583683200, 1)
,(173, -880210800, 2)
,(173, -769395600, 3)
,(173, -765388800, 1)
,(173, -84380400, 0)
,(173, -68659200, 1)
,(173, -52930800, 0)
,(173, -37209600, 1)
,(173, -21481200, 0)
,(173, -5760000, 1)
,(173, 9968400, 0)
,(173, 25689600, 1)
,(173, 41418000, 0)
,(173, 57744000, 1)
,(173, 73472400, 0)
,(173, 89193600, 1)
,(173, 104922000, 0)
,(173, 120643200, 1)
,(173, 126694800, 0)
,(173, 152092800, 1)
,(173, 162378000, 0)
,(173, 183542400, 1)
,(173, 199270800, 0)
,(173, 215596800, 1)
,(173, 230720400, 0)
,(173, 247046400, 1)
,(173, 262774800, 0)
,(173, 278496000, 1)
,(173, 294224400, 0)
,(173, 309945600, 1)
,(173, 325674000, 0)
,(173, 341395200, 1)
,(173, 357123600, 0)
,(173, 372844800, 1)
,(173, 388573200, 0)
,(173, 404899200, 1)
,(173, 420022800, 0)
,(173, 436348800, 1)
,(173, 452077200, 0)
,(173, 467798400, 1)
,(173, 483526800, 0)
,(173, 499248000, 1)
,(173, 514976400, 0)
,(173, 530697600, 1)
,(173, 544611600, 0)
,(173, 562147200, 1)
,(173, 576061200, 0)
,(173, 594201600, 1)
,(173, 607510800, 0)
,(173, 625651200, 1)
,(173, 638960400, 0)
,(173, 657100800, 1)
,(173, 671014800, 0)
,(173, 688550400, 1)
,(173, 702464400, 0)
,(173, 720000000, 1)
,(173, 733914000, 0)
,(173, 752054400, 1)
,(173, 765363600, 0)
,(173, 783504000, 1)
,(173, 796813200, 0)
,(173, 814953600, 1)
,(173, 828867600, 0)
,(173, 846403200, 1)
,(173, 860317200, 0)
,(173, 877852800, 1)
,(173, 891766800, 0)
,(173, 909302400, 1)
,(173, 923216400, 0)
,(173, 941356800, 1)
,(173, 954666000, 0)
,(173, 972806400, 1)
,(173, 986115600, 0)
,(173, 1004256000, 1)
,(173, 1018170000, 0)
,(173, 1035705600, 1)
,(173, 1049619600, 0)
,(173, 1067155200, 5)
,(173, 1081065600, 4)
,(173, 1099206000, 5)
,(173, 1112515200, 4)
,(173, 1130655600, 5)
,(173, 1143964800, 4)
,(173, 1162105200, 5)
,(173, 1173600000, 4)
,(173, 1194159600, 5)
,(173, 1205049600, 4)
,(173, 1225609200, 5)
,(173, 1236499200, 4)
,(173, 1257058800, 5)
,(173, 1268553600, 4)
,(173, 1289113200, 5)
,(173, 1300003200, 4)
,(173, 1320562800, 5)
,(173, 1331452800, 4)
,(173, 1352012400, 5)
,(173, 1362902400, 4)
,(173, 1383462000, 5)
,(173, 1394352000, 4)
,(173, 1414911600, 5)
,(173, 1425801600, 4)
,(173, 1446361200, 5)
,(173, 1457856000, 4)
,(173, 1478415600, 5)
,(173, 1489305600, 4)
,(173, 1509865200, 5)
,(173, 1520755200, 4)
,(173, 1541314800, 5)
,(173, 1552204800, 4)
,(173, 1572764400, 5)
,(173, 1583654400, 4)
,(173, 1604214000, 5)
,(173, 1615708800, 4)
,(173, 1636268400, 5)
,(173, 1647158400, 4)
,(173, 1667718000, 5)
,(173, 1678608000, 4)
,(173, 1699167600, 5)
,(173, 1710057600, 4)
,(173, 1730617200, 5)
,(173, 1741507200, 4)
,(173, 1762066800, 5)
,(173, 1772956800, 4)
,(173, 1793516400, 5)
,(173, 1805011200, 4)
,(173, 1825570800, 5)
,(173, 1836460800, 4)
,(173, 1857020400, 5)
,(173, 1867910400, 4)
,(173, 1888470000, 5)
,(173, 1899360000, 4)
,(173, 1919919600, 5)
,(173, 1930809600, 4)
,(173, 1951369200, 5)
,(173, 1962864000, 4)
,(173, 1983423600, 5)
,(173, 1994313600, 4)
,(173, 2014873200, 5)
,(173, 2025763200, 4)
,(173, 2046322800, 5)
,(173, 2057212800, 4)
,(173, 2077772400, 5)
,(173, 2088662400, 4)
,(173, 2109222000, 5)
,(173, 2120112000, 4)
,(173, 2140671600, 5)
;
INSERT INTO  oceanbase.__all_tenant_time_zone_transition_type (Time_zone_id, Transition_type_id, Offset, Is_DST, Abbreviation) VALUES
 (173, 0, -21600, 1, 'MDT')
,(173, 1, -25200, 0, 'MST')
,(173, 2, -21600, 1, 'MWT')
,(173, 3, -21600, 1, 'MPT')
,(173, 4, -18000, 1, 'CDT')
,(173, 5, -21600, 0, 'CST')
;
INSERT INTO oceanbase.__all_tenant_time_zone (Time_zone_id, Use_leap_seconds) VALUES (174, 'N');
INSERT INTO  oceanbase.__all_tenant_time_zone_name (Name, Time_zone_id) VALUES ('America/Ojinaga', 174);
INSERT INTO  oceanbase.__all_tenant_time_zone_transition (Time_zone_id, Transition_time, Transition_type_id) VALUES
 (174, -1514739600, 1)
,(174, -1343066400, 2)
,(174, -1234807200, 1)
,(174, -1220292000, 2)
,(174, -1207159200, 1)
,(174, -1191344400, 2)
,(174, 828864000, 3)
,(174, 846399600, 2)
,(174, 860313600, 3)
,(174, 877849200, 2)
,(174, 891766800, 4)
,(174, 909302400, 1)
,(174, 923216400, 4)
,(174, 941356800, 1)
,(174, 954666000, 4)
,(174, 972806400, 1)
,(174, 989139600, 4)
,(174, 1001836800, 1)
,(174, 1018170000, 4)
,(174, 1035705600, 1)
,(174, 1049619600, 4)
,(174, 1067155200, 1)
,(174, 1081069200, 4)
,(174, 1099209600, 1)
,(174, 1112518800, 4)
,(174, 1130659200, 1)
,(174, 1143968400, 4)
,(174, 1162108800, 1)
,(174, 1175418000, 4)
,(174, 1193558400, 1)
,(174, 1207472400, 4)
,(174, 1225008000, 1)
,(174, 1238922000, 4)
,(174, 1256457600, 1)
,(174, 1268557200, 4)
,(174, 1289116800, 1)
,(174, 1300006800, 4)
,(174, 1320566400, 1)
,(174, 1331456400, 4)
,(174, 1352016000, 1)
,(174, 1362906000, 4)
,(174, 1383465600, 1)
,(174, 1394355600, 4)
,(174, 1414915200, 1)
,(174, 1425805200, 4)
,(174, 1446364800, 1)
,(174, 1457859600, 4)
,(174, 1478419200, 1)
,(174, 1489309200, 4)
,(174, 1509868800, 1)
,(174, 1520758800, 4)
,(174, 1541318400, 1)
,(174, 1552208400, 4)
,(174, 1572768000, 1)
,(174, 1583658000, 4)
,(174, 1604217600, 1)
,(174, 1615712400, 4)
,(174, 1636272000, 1)
,(174, 1647162000, 4)
,(174, 1667721600, 1)
,(174, 1678611600, 4)
,(174, 1699171200, 1)
,(174, 1710061200, 4)
,(174, 1730620800, 1)
,(174, 1741510800, 4)
,(174, 1762070400, 1)
,(174, 1772960400, 4)
,(174, 1793520000, 1)
,(174, 1805014800, 4)
,(174, 1825574400, 1)
,(174, 1836464400, 4)
,(174, 1857024000, 1)
,(174, 1867914000, 4)
,(174, 1888473600, 1)
,(174, 1899363600, 4)
,(174, 1919923200, 1)
,(174, 1930813200, 4)
,(174, 1951372800, 1)
,(174, 1962867600, 4)
,(174, 1983427200, 1)
,(174, 1994317200, 4)
,(174, 2014876800, 1)
,(174, 2025766800, 4)
,(174, 2046326400, 1)
,(174, 2057216400, 4)
,(174, 2077776000, 1)
,(174, 2088666000, 4)
,(174, 2109225600, 1)
,(174, 2120115600, 4)
,(174, 2140675200, 1)
;
INSERT INTO  oceanbase.__all_tenant_time_zone_transition_type (Time_zone_id, Transition_type_id, Offset, Is_DST, Abbreviation) VALUES
 (174, 0, -25060, 0, 'LMT')
,(174, 1, -25200, 0, 'MST')
,(174, 2, -21600, 0, 'CST')
,(174, 3, -18000, 1, 'CDT')
,(174, 4, -21600, 1, 'MDT')
;
INSERT INTO oceanbase.__all_tenant_time_zone (Time_zone_id, Use_leap_seconds) VALUES (175, 'N');
INSERT INTO  oceanbase.__all_tenant_time_zone_name (Name, Time_zone_id) VALUES ('America/Panama', 175);
INSERT INTO  oceanbase.__all_tenant_time_zone_transition (Time_zone_id, Transition_time, Transition_type_id) VALUES
 (175, -1946918424, 1)
;
INSERT INTO  oceanbase.__all_tenant_time_zone_transition_type (Time_zone_id, Transition_type_id, Offset, Is_DST, Abbreviation) VALUES
 (175, 0, -19176, 0, 'CMT')
,(175, 1, -18000, 0, 'EST')
;
INSERT INTO oceanbase.__all_tenant_time_zone (Time_zone_id, Use_leap_seconds) VALUES (176, 'N');
INSERT INTO  oceanbase.__all_tenant_time_zone_name (Name, Time_zone_id) VALUES ('America/Pangnirtung', 176);
INSERT INTO  oceanbase.__all_tenant_time_zone_transition (Time_zone_id, Transition_time, Transition_type_id) VALUES
 (176, -1546300800, 3)
,(176, -880221600, 1)
,(176, -769395600, 2)
,(176, -765399600, 3)
,(176, -147902400, 4)
,(176, -131572800, 3)
,(176, 325663200, 5)
,(176, 341384400, 3)
,(176, 357112800, 5)
,(176, 372834000, 3)
,(176, 388562400, 5)
,(176, 404888400, 3)
,(176, 420012000, 5)
,(176, 436338000, 3)
,(176, 452066400, 5)
,(176, 467787600, 3)
,(176, 483516000, 5)
,(176, 499237200, 3)
,(176, 514965600, 5)
,(176, 530686800, 3)
,(176, 544600800, 5)
,(176, 562136400, 3)
,(176, 576050400, 5)
,(176, 594190800, 3)
,(176, 607500000, 5)
,(176, 625640400, 3)
,(176, 638949600, 5)
,(176, 657090000, 3)
,(176, 671004000, 5)
,(176, 688539600, 3)
,(176, 702453600, 5)
,(176, 719989200, 3)
,(176, 733903200, 5)
,(176, 752043600, 3)
,(176, 765352800, 5)
,(176, 783493200, 3)
,(176, 796802400, 6)
,(176, 814946400, 7)
,(176, 828860400, 6)
,(176, 846396000, 7)
,(176, 860310000, 6)
,(176, 877845600, 7)
,(176, 891759600, 6)
,(176, 909295200, 7)
,(176, 923209200, 6)
,(176, 941349600, 8)
,(176, 954662400, 9)
,(176, 972802800, 7)
,(176, 986108400, 6)
,(176, 1004248800, 7)
,(176, 1018162800, 6)
,(176, 1035698400, 7)
,(176, 1049612400, 6)
,(176, 1067148000, 7)
,(176, 1081062000, 6)
,(176, 1099202400, 7)
,(176, 1112511600, 6)
,(176, 1130652000, 7)
,(176, 1143961200, 6)
,(176, 1162101600, 7)
,(176, 1173596400, 6)
,(176, 1194156000, 7)
,(176, 1205046000, 6)
,(176, 1225605600, 7)
,(176, 1236495600, 6)
,(176, 1257055200, 7)
,(176, 1268550000, 6)
,(176, 1289109600, 7)
,(176, 1299999600, 6)
,(176, 1320559200, 7)
,(176, 1331449200, 6)
,(176, 1352008800, 7)
,(176, 1362898800, 6)
,(176, 1383458400, 7)
,(176, 1394348400, 6)
,(176, 1414908000, 7)
,(176, 1425798000, 6)
,(176, 1446357600, 7)
,(176, 1457852400, 6)
,(176, 1478412000, 7)
,(176, 1489302000, 6)
,(176, 1509861600, 7)
,(176, 1520751600, 6)
,(176, 1541311200, 7)
,(176, 1552201200, 6)
,(176, 1572760800, 7)
,(176, 1583650800, 6)
,(176, 1604210400, 7)
,(176, 1615705200, 6)
,(176, 1636264800, 7)
,(176, 1647154800, 6)
,(176, 1667714400, 7)
,(176, 1678604400, 6)
,(176, 1699164000, 7)
,(176, 1710054000, 6)
,(176, 1730613600, 7)
,(176, 1741503600, 6)
,(176, 1762063200, 7)
,(176, 1772953200, 6)
,(176, 1793512800, 7)
,(176, 1805007600, 6)
,(176, 1825567200, 7)
,(176, 1836457200, 6)
,(176, 1857016800, 7)
,(176, 1867906800, 6)
,(176, 1888466400, 7)
,(176, 1899356400, 6)
,(176, 1919916000, 7)
,(176, 1930806000, 6)
,(176, 1951365600, 7)
,(176, 1962860400, 6)
,(176, 1983420000, 7)
,(176, 1994310000, 6)
,(176, 2014869600, 7)
,(176, 2025759600, 6)
,(176, 2046319200, 7)
,(176, 2057209200, 6)
,(176, 2077768800, 7)
,(176, 2088658800, 6)
,(176, 2109218400, 7)
,(176, 2120108400, 6)
,(176, 2140668000, 7)
;
INSERT INTO  oceanbase.__all_tenant_time_zone_transition_type (Time_zone_id, Transition_type_id, Offset, Is_DST, Abbreviation) VALUES
 (176, 0, 0, 0, 'zzz')
,(176, 1, -10800, 1, 'AWT')
,(176, 2, -10800, 1, 'APT')
,(176, 3, -14400, 0, 'AST')
,(176, 4, -7200, 1, 'ADDT')
,(176, 5, -10800, 1, 'ADT')
,(176, 6, -14400, 1, 'EDT')
,(176, 7, -18000, 0, 'EST')
,(176, 8, -21600, 0, 'CST')
,(176, 9, -18000, 1, 'CDT')
;
INSERT INTO oceanbase.__all_tenant_time_zone (Time_zone_id, Use_leap_seconds) VALUES (177, 'N');
INSERT INTO  oceanbase.__all_tenant_time_zone_name (Name, Time_zone_id) VALUES ('America/Paramaribo', 177);
INSERT INTO  oceanbase.__all_tenant_time_zone_transition (Time_zone_id, Transition_time, Transition_type_id) VALUES
 (177, -1861906760, 1)
,(177, -1104524348, 2)
,(177, -765317964, 3)
,(177, 185686200, 4)
,(177, 465449400, 5)
;
INSERT INTO  oceanbase.__all_tenant_time_zone_transition_type (Time_zone_id, Transition_type_id, Offset, Is_DST, Abbreviation) VALUES
 (177, 0, -13240, 0, 'LMT')
,(177, 1, -13252, 0, 'PMT')
,(177, 2, -13236, 0, 'PMT')
,(177, 3, -12600, 0, 'NEGT')
,(177, 4, -12600, 0, 'SRT')
,(177, 5, -10800, 0, 'SRT')
;
INSERT INTO oceanbase.__all_tenant_time_zone (Time_zone_id, Use_leap_seconds) VALUES (178, 'N');
INSERT INTO  oceanbase.__all_tenant_time_zone_name (Name, Time_zone_id) VALUES ('America/Phoenix', 178);
INSERT INTO  oceanbase.__all_tenant_time_zone_transition (Time_zone_id, Transition_time, Transition_type_id) VALUES
 (178, -1633273200, 0)
,(178, -1615132800, 1)
,(178, -1601823600, 0)
,(178, -1583683200, 1)
,(178, -880210800, 2)
,(178, -820519140, 1)
,(178, -812653140, 2)
,(178, -796845540, 1)
,(178, -84380400, 0)
,(178, -68659200, 1)
;
INSERT INTO  oceanbase.__all_tenant_time_zone_transition_type (Time_zone_id, Transition_type_id, Offset, Is_DST, Abbreviation) VALUES
 (178, 0, -21600, 1, 'MDT')
,(178, 1, -25200, 0, 'MST')
,(178, 2, -21600, 1, 'MWT')
;
INSERT INTO oceanbase.__all_tenant_time_zone (Time_zone_id, Use_leap_seconds) VALUES (179, 'N');
INSERT INTO  oceanbase.__all_tenant_time_zone_name (Name, Time_zone_id) VALUES ('America/Port-au-Prince', 179);
INSERT INTO  oceanbase.__all_tenant_time_zone_transition (Time_zone_id, Transition_time, Transition_type_id) VALUES
 (179, -1670483460, 2)
,(179, 421218000, 1)
,(179, 436334400, 2)
,(179, 452062800, 1)
,(179, 467784000, 2)
,(179, 483512400, 1)
,(179, 499233600, 2)
,(179, 514962000, 1)
,(179, 530683200, 2)
,(179, 546411600, 1)
,(179, 562132800, 2)
,(179, 576050400, 3)
,(179, 594194400, 4)
,(179, 607500000, 3)
,(179, 625644000, 4)
,(179, 638949600, 3)
,(179, 657093600, 4)
,(179, 671004000, 3)
,(179, 688543200, 4)
,(179, 702453600, 3)
,(179, 719992800, 4)
,(179, 733903200, 3)
,(179, 752047200, 4)
,(179, 765352800, 3)
,(179, 783496800, 4)
,(179, 796802400, 3)
,(179, 814946400, 4)
,(179, 828856800, 3)
,(179, 846396000, 4)
,(179, 860306400, 3)
,(179, 877845600, 4)
,(179, 1112504400, 1)
,(179, 1130644800, 2)
,(179, 1143954000, 1)
,(179, 1162094400, 2)
;
INSERT INTO  oceanbase.__all_tenant_time_zone_transition_type (Time_zone_id, Transition_type_id, Offset, Is_DST, Abbreviation) VALUES
 (179, 0, -17340, 0, 'PPMT')
,(179, 1, -14400, 1, 'EDT')
,(179, 2, -18000, 0, 'EST')
,(179, 3, -14400, 1, 'EDT')
,(179, 4, -18000, 0, 'EST')
;
INSERT INTO oceanbase.__all_tenant_time_zone (Time_zone_id, Use_leap_seconds) VALUES (180, 'N');
INSERT INTO  oceanbase.__all_tenant_time_zone_name (Name, Time_zone_id) VALUES ('America/Port_of_Spain', 180);
INSERT INTO  oceanbase.__all_tenant_time_zone_transition (Time_zone_id, Transition_time, Transition_type_id) VALUES
 (180, -1825098836, 1)
;
INSERT INTO  oceanbase.__all_tenant_time_zone_transition_type (Time_zone_id, Transition_type_id, Offset, Is_DST, Abbreviation) VALUES
 (180, 0, -14764, 0, 'LMT')
,(180, 1, -14400, 0, 'AST')
;
INSERT INTO oceanbase.__all_tenant_time_zone (Time_zone_id, Use_leap_seconds) VALUES (181, 'N');
INSERT INTO  oceanbase.__all_tenant_time_zone_name (Name, Time_zone_id) VALUES ('America/Porto_Acre', 181);
INSERT INTO  oceanbase.__all_tenant_time_zone_transition (Time_zone_id, Transition_time, Transition_type_id) VALUES
 (181, -1767209328, 2)
,(181, -1206950400, 1)
,(181, -1191355200, 2)
,(181, -1175367600, 1)
,(181, -1159819200, 2)
,(181, -633812400, 1)
,(181, -622062000, 2)
,(181, -602276400, 1)
,(181, -591825600, 2)
,(181, -570740400, 1)
,(181, -560203200, 2)
,(181, -539118000, 1)
,(181, -531345600, 2)
,(181, -191358000, 1)
,(181, -184190400, 2)
,(181, -155156400, 1)
,(181, -150062400, 2)
,(181, -128890800, 1)
,(181, -121118400, 2)
,(181, -99946800, 1)
,(181, -89582400, 2)
,(181, -68410800, 1)
,(181, -57960000, 2)
,(181, 499755600, 1)
,(181, 511243200, 2)
,(181, 530600400, 1)
,(181, 540273600, 2)
,(181, 562136400, 1)
,(181, 571204800, 2)
,(181, 1214283600, 3)
;
INSERT INTO  oceanbase.__all_tenant_time_zone_transition_type (Time_zone_id, Transition_type_id, Offset, Is_DST, Abbreviation) VALUES
 (181, 0, -16272, 0, 'LMT')
,(181, 1, -14400, 1, 'ACST')
,(181, 2, -18000, 0, 'ACT')
,(181, 3, -14400, 0, 'AMT')
;
INSERT INTO oceanbase.__all_tenant_time_zone (Time_zone_id, Use_leap_seconds) VALUES (182, 'N');
INSERT INTO  oceanbase.__all_tenant_time_zone_name (Name, Time_zone_id) VALUES ('America/Porto_Velho', 182);
INSERT INTO  oceanbase.__all_tenant_time_zone_transition (Time_zone_id, Transition_time, Transition_type_id) VALUES
 (182, -1767210264, 2)
,(182, -1206954000, 1)
,(182, -1191358800, 2)
,(182, -1175371200, 1)
,(182, -1159822800, 2)
,(182, -633816000, 1)
,(182, -622065600, 2)
,(182, -602280000, 1)
,(182, -591829200, 2)
,(182, -570744000, 1)
,(182, -560206800, 2)
,(182, -539121600, 1)
,(182, -531349200, 2)
,(182, -191361600, 1)
,(182, -184194000, 2)
,(182, -155160000, 1)
,(182, -150066000, 2)
,(182, -128894400, 1)
,(182, -121122000, 2)
,(182, -99950400, 1)
,(182, -89586000, 2)
,(182, -68414400, 1)
,(182, -57963600, 2)
,(182, 499752000, 1)
,(182, 511239600, 2)
,(182, 530596800, 1)
,(182, 540270000, 2)
,(182, 562132800, 1)
,(182, 571201200, 2)
;
INSERT INTO  oceanbase.__all_tenant_time_zone_transition_type (Time_zone_id, Transition_type_id, Offset, Is_DST, Abbreviation) VALUES
 (182, 0, -15336, 0, 'LMT')
,(182, 1, -10800, 1, 'AMST')
,(182, 2, -14400, 0, 'AMT')
;
INSERT INTO oceanbase.__all_tenant_time_zone (Time_zone_id, Use_leap_seconds) VALUES (183, 'N');
INSERT INTO  oceanbase.__all_tenant_time_zone_name (Name, Time_zone_id) VALUES ('America/Puerto_Rico', 183);
INSERT INTO  oceanbase.__all_tenant_time_zone_transition (Time_zone_id, Transition_time, Transition_type_id) VALUES
 (183, -873057600, 2)
,(183, -769395600, 1)
,(183, -765399600, 0)
;
INSERT INTO  oceanbase.__all_tenant_time_zone_transition_type (Time_zone_id, Transition_type_id, Offset, Is_DST, Abbreviation) VALUES
 (183, 0, -14400, 0, 'AST')
,(183, 1, -10800, 1, 'APT')
,(183, 2, -10800, 1, 'AWT')
;
INSERT INTO oceanbase.__all_tenant_time_zone (Time_zone_id, Use_leap_seconds) VALUES (184, 'N');
INSERT INTO  oceanbase.__all_tenant_time_zone_name (Name, Time_zone_id) VALUES ('America/Rainy_River', 184);
INSERT INTO  oceanbase.__all_tenant_time_zone_transition (Time_zone_id, Transition_time, Transition_type_id) VALUES
 (184, -1632067200, 0)
,(184, -1614790800, 1)
,(184, -923248800, 0)
,(184, -880214400, 2)
,(184, -769395600, 3)
,(184, -765392400, 1)
,(184, 136368000, 0)
,(184, 152089200, 1)
,(184, 167817600, 0)
,(184, 183538800, 1)
,(184, 199267200, 0)
,(184, 215593200, 1)
,(184, 230716800, 0)
,(184, 247042800, 1)
,(184, 262771200, 0)
,(184, 278492400, 1)
,(184, 294220800, 0)
,(184, 309942000, 1)
,(184, 325670400, 0)
,(184, 341391600, 1)
,(184, 357120000, 0)
,(184, 372841200, 1)
,(184, 388569600, 0)
,(184, 404895600, 1)
,(184, 420019200, 0)
,(184, 436345200, 1)
,(184, 452073600, 0)
,(184, 467794800, 1)
,(184, 483523200, 0)
,(184, 499244400, 1)
,(184, 514972800, 0)
,(184, 530694000, 1)
,(184, 544608000, 0)
,(184, 562143600, 1)
,(184, 576057600, 0)
,(184, 594198000, 1)
,(184, 607507200, 0)
,(184, 625647600, 1)
,(184, 638956800, 0)
,(184, 657097200, 1)
,(184, 671011200, 0)
,(184, 688546800, 1)
,(184, 702460800, 0)
,(184, 719996400, 1)
,(184, 733910400, 0)
,(184, 752050800, 1)
,(184, 765360000, 0)
,(184, 783500400, 1)
,(184, 796809600, 0)
,(184, 814950000, 1)
,(184, 828864000, 0)
,(184, 846399600, 1)
,(184, 860313600, 0)
,(184, 877849200, 1)
,(184, 891763200, 0)
,(184, 909298800, 1)
,(184, 923212800, 0)
,(184, 941353200, 1)
,(184, 954662400, 0)
,(184, 972802800, 1)
,(184, 986112000, 0)
,(184, 1004252400, 1)
,(184, 1018166400, 0)
,(184, 1035702000, 1)
,(184, 1049616000, 0)
,(184, 1067151600, 1)
,(184, 1081065600, 0)
,(184, 1099206000, 1)
,(184, 1112515200, 0)
,(184, 1130655600, 1)
,(184, 1143964800, 0)
,(184, 1162105200, 1)
,(184, 1173600000, 0)
,(184, 1194159600, 1)
,(184, 1205049600, 0)
,(184, 1225609200, 1)
,(184, 1236499200, 0)
,(184, 1257058800, 1)
,(184, 1268553600, 0)
,(184, 1289113200, 1)
,(184, 1300003200, 0)
,(184, 1320562800, 1)
,(184, 1331452800, 0)
,(184, 1352012400, 1)
,(184, 1362902400, 0)
,(184, 1383462000, 1)
,(184, 1394352000, 0)
,(184, 1414911600, 1)
,(184, 1425801600, 0)
,(184, 1446361200, 1)
,(184, 1457856000, 0)
,(184, 1478415600, 1)
,(184, 1489305600, 0)
,(184, 1509865200, 1)
,(184, 1520755200, 0)
,(184, 1541314800, 1)
,(184, 1552204800, 0)
,(184, 1572764400, 1)
,(184, 1583654400, 0)
,(184, 1604214000, 1)
,(184, 1615708800, 0)
,(184, 1636268400, 1)
,(184, 1647158400, 0)
,(184, 1667718000, 1)
,(184, 1678608000, 0)
,(184, 1699167600, 1)
,(184, 1710057600, 0)
,(184, 1730617200, 1)
,(184, 1741507200, 0)
,(184, 1762066800, 1)
,(184, 1772956800, 0)
,(184, 1793516400, 1)
,(184, 1805011200, 0)
,(184, 1825570800, 1)
,(184, 1836460800, 0)
,(184, 1857020400, 1)
,(184, 1867910400, 0)
,(184, 1888470000, 1)
,(184, 1899360000, 0)
,(184, 1919919600, 1)
,(184, 1930809600, 0)
,(184, 1951369200, 1)
,(184, 1962864000, 0)
,(184, 1983423600, 1)
,(184, 1994313600, 0)
,(184, 2014873200, 1)
,(184, 2025763200, 0)
,(184, 2046322800, 1)
,(184, 2057212800, 0)
,(184, 2077772400, 1)
,(184, 2088662400, 0)
,(184, 2109222000, 1)
,(184, 2120112000, 0)
,(184, 2140671600, 1)
;
INSERT INTO  oceanbase.__all_tenant_time_zone_transition_type (Time_zone_id, Transition_type_id, Offset, Is_DST, Abbreviation) VALUES
 (184, 0, -18000, 1, 'CDT')
,(184, 1, -21600, 0, 'CST')
,(184, 2, -18000, 1, 'CWT')
,(184, 3, -18000, 1, 'CPT')
;
INSERT INTO oceanbase.__all_tenant_time_zone (Time_zone_id, Use_leap_seconds) VALUES (185, 'N');
INSERT INTO  oceanbase.__all_tenant_time_zone_name (Name, Time_zone_id) VALUES ('America/Rankin_Inlet', 185);
INSERT INTO  oceanbase.__all_tenant_time_zone_transition (Time_zone_id, Transition_time, Transition_type_id) VALUES
 (185, -410227200, 2)
,(185, -147895200, 1)
,(185, -131565600, 2)
,(185, 325670400, 3)
,(185, 341391600, 2)
,(185, 357120000, 3)
,(185, 372841200, 2)
,(185, 388569600, 3)
,(185, 404895600, 2)
,(185, 420019200, 3)
,(185, 436345200, 2)
,(185, 452073600, 3)
,(185, 467794800, 2)
,(185, 483523200, 3)
,(185, 499244400, 2)
,(185, 514972800, 3)
,(185, 530694000, 2)
,(185, 544608000, 3)
,(185, 562143600, 2)
,(185, 576057600, 3)
,(185, 594198000, 2)
,(185, 607507200, 3)
,(185, 625647600, 2)
,(185, 638956800, 3)
,(185, 657097200, 2)
,(185, 671011200, 3)
,(185, 688546800, 2)
,(185, 702460800, 3)
,(185, 719996400, 2)
,(185, 733910400, 3)
,(185, 752050800, 2)
,(185, 765360000, 3)
,(185, 783500400, 2)
,(185, 796809600, 3)
,(185, 814950000, 2)
,(185, 828864000, 3)
,(185, 846399600, 2)
,(185, 860313600, 3)
,(185, 877849200, 2)
,(185, 891763200, 3)
,(185, 909298800, 2)
,(185, 923212800, 3)
,(185, 941353200, 2)
,(185, 954662400, 3)
,(185, 972802800, 4)
,(185, 986112000, 3)
,(185, 1004252400, 2)
,(185, 1018166400, 3)
,(185, 1035702000, 2)
,(185, 1049616000, 3)
,(185, 1067151600, 2)
,(185, 1081065600, 3)
,(185, 1099206000, 2)
,(185, 1112515200, 3)
,(185, 1130655600, 2)
,(185, 1143964800, 3)
,(185, 1162105200, 2)
,(185, 1173600000, 3)
,(185, 1194159600, 2)
,(185, 1205049600, 3)
,(185, 1225609200, 2)
,(185, 1236499200, 3)
,(185, 1257058800, 2)
,(185, 1268553600, 3)
,(185, 1289113200, 2)
,(185, 1300003200, 3)
,(185, 1320562800, 2)
,(185, 1331452800, 3)
,(185, 1352012400, 2)
,(185, 1362902400, 3)
,(185, 1383462000, 2)
,(185, 1394352000, 3)
,(185, 1414911600, 2)
,(185, 1425801600, 3)
,(185, 1446361200, 2)
,(185, 1457856000, 3)
,(185, 1478415600, 2)
,(185, 1489305600, 3)
,(185, 1509865200, 2)
,(185, 1520755200, 3)
,(185, 1541314800, 2)
,(185, 1552204800, 3)
,(185, 1572764400, 2)
,(185, 1583654400, 3)
,(185, 1604214000, 2)
,(185, 1615708800, 3)
,(185, 1636268400, 2)
,(185, 1647158400, 3)
,(185, 1667718000, 2)
,(185, 1678608000, 3)
,(185, 1699167600, 2)
,(185, 1710057600, 3)
,(185, 1730617200, 2)
,(185, 1741507200, 3)
,(185, 1762066800, 2)
,(185, 1772956800, 3)
,(185, 1793516400, 2)
,(185, 1805011200, 3)
,(185, 1825570800, 2)
,(185, 1836460800, 3)
,(185, 1857020400, 2)
,(185, 1867910400, 3)
,(185, 1888470000, 2)
,(185, 1899360000, 3)
,(185, 1919919600, 2)
,(185, 1930809600, 3)
,(185, 1951369200, 2)
,(185, 1962864000, 3)
,(185, 1983423600, 2)
,(185, 1994313600, 3)
,(185, 2014873200, 2)
,(185, 2025763200, 3)
,(185, 2046322800, 2)
,(185, 2057212800, 3)
,(185, 2077772400, 2)
,(185, 2088662400, 3)
,(185, 2109222000, 2)
,(185, 2120112000, 3)
,(185, 2140671600, 2)
;
INSERT INTO  oceanbase.__all_tenant_time_zone_transition_type (Time_zone_id, Transition_type_id, Offset, Is_DST, Abbreviation) VALUES
 (185, 0, 0, 0, 'zzz')
,(185, 1, -14400, 1, 'CDDT')
,(185, 2, -21600, 0, 'CST')
,(185, 3, -18000, 1, 'CDT')
,(185, 4, -18000, 0, 'EST')
;
INSERT INTO oceanbase.__all_tenant_time_zone (Time_zone_id, Use_leap_seconds) VALUES (186, 'N');
INSERT INTO  oceanbase.__all_tenant_time_zone_name (Name, Time_zone_id) VALUES ('America/Recife', 186);
INSERT INTO  oceanbase.__all_tenant_time_zone_transition (Time_zone_id, Transition_time, Transition_type_id) VALUES
 (186, -1767217224, 2)
,(186, -1206957600, 1)
,(186, -1191362400, 2)
,(186, -1175374800, 1)
,(186, -1159826400, 2)
,(186, -633819600, 1)
,(186, -622069200, 2)
,(186, -602283600, 1)
,(186, -591832800, 2)
,(186, -570747600, 1)
,(186, -560210400, 2)
,(186, -539125200, 1)
,(186, -531352800, 2)
,(186, -191365200, 1)
,(186, -184197600, 2)
,(186, -155163600, 1)
,(186, -150069600, 2)
,(186, -128898000, 1)
,(186, -121125600, 2)
,(186, -99954000, 1)
,(186, -89589600, 2)
,(186, -68418000, 1)
,(186, -57967200, 2)
,(186, 499748400, 1)
,(186, 511236000, 2)
,(186, 530593200, 1)
,(186, 540266400, 2)
,(186, 562129200, 1)
,(186, 571197600, 2)
,(186, 592974000, 1)
,(186, 602042400, 2)
,(186, 624423600, 1)
,(186, 634701600, 2)
,(186, 938919600, 1)
,(186, 951616800, 2)
,(186, 970974000, 1)
,(186, 971575200, 2)
,(186, 1003028400, 1)
,(186, 1013911200, 2)
;
INSERT INTO  oceanbase.__all_tenant_time_zone_transition_type (Time_zone_id, Transition_type_id, Offset, Is_DST, Abbreviation) VALUES
 (186, 0, -8376, 0, 'LMT')
,(186, 1, -7200, 1, 'BRST')
,(186, 2, -10800, 0, 'BRT')
;
INSERT INTO oceanbase.__all_tenant_time_zone (Time_zone_id, Use_leap_seconds) VALUES (187, 'N');
INSERT INTO  oceanbase.__all_tenant_time_zone_name (Name, Time_zone_id) VALUES ('America/Regina', 187);
INSERT INTO  oceanbase.__all_tenant_time_zone_transition (Time_zone_id, Transition_time, Transition_type_id) VALUES
 (187, -2030202084, 2)
,(187, -1632063600, 1)
,(187, -1614787200, 2)
,(187, -1251651600, 1)
,(187, -1238349600, 2)
,(187, -1220202000, 1)
,(187, -1206900000, 2)
,(187, -1188752400, 1)
,(187, -1175450400, 2)
,(187, -1156698000, 1)
,(187, -1144000800, 2)
,(187, -1125248400, 1)
,(187, -1111946400, 2)
,(187, -1032714000, 1)
,(187, -1016992800, 2)
,(187, -1001264400, 1)
,(187, -986148000, 2)
,(187, -969814800, 1)
,(187, -954093600, 2)
,(187, -937760400, 1)
,(187, -922039200, 2)
,(187, -906310800, 1)
,(187, -890589600, 2)
,(187, -880210800, 3)
,(187, -769395600, 4)
,(187, -765388800, 2)
,(187, -748450800, 1)
,(187, -732729600, 2)
,(187, -715791600, 1)
,(187, -702489600, 2)
,(187, -684342000, 1)
,(187, -671040000, 2)
,(187, -652892400, 1)
,(187, -639590400, 2)
,(187, -620838000, 1)
,(187, -608140800, 2)
,(187, -589388400, 1)
,(187, -576086400, 2)
,(187, -557938800, 1)
,(187, -544636800, 2)
,(187, -526489200, 1)
,(187, -513187200, 2)
,(187, -495039600, 1)
,(187, -481737600, 2)
,(187, -463590000, 1)
,(187, -450288000, 2)
,(187, -431535600, 1)
,(187, -418233600, 2)
,(187, -400086000, 1)
,(187, -386784000, 2)
,(187, -337186800, 1)
,(187, -321465600, 2)
,(187, -305737200, 5)
;
INSERT INTO  oceanbase.__all_tenant_time_zone_transition_type (Time_zone_id, Transition_type_id, Offset, Is_DST, Abbreviation) VALUES
 (187, 0, -25116, 0, 'LMT')
,(187, 1, -21600, 1, 'MDT')
,(187, 2, -25200, 0, 'MST')
,(187, 3, -21600, 1, 'MWT')
,(187, 4, -21600, 1, 'MPT')
,(187, 5, -21600, 0, 'CST')
;
INSERT INTO oceanbase.__all_tenant_time_zone (Time_zone_id, Use_leap_seconds) VALUES (188, 'N');
INSERT INTO  oceanbase.__all_tenant_time_zone_name (Name, Time_zone_id) VALUES ('America/Resolute', 188);
INSERT INTO  oceanbase.__all_tenant_time_zone_transition (Time_zone_id, Transition_time, Transition_type_id) VALUES
 (188, -704937600, 2)
,(188, -147895200, 1)
,(188, -131565600, 2)
,(188, 325670400, 3)
,(188, 341391600, 2)
,(188, 357120000, 3)
,(188, 372841200, 2)
,(188, 388569600, 3)
,(188, 404895600, 2)
,(188, 420019200, 3)
,(188, 436345200, 2)
,(188, 452073600, 3)
,(188, 467794800, 2)
,(188, 483523200, 3)
,(188, 499244400, 2)
,(188, 514972800, 3)
,(188, 530694000, 2)
,(188, 544608000, 3)
,(188, 562143600, 2)
,(188, 576057600, 3)
,(188, 594198000, 2)
,(188, 607507200, 3)
,(188, 625647600, 2)
,(188, 638956800, 3)
,(188, 657097200, 2)
,(188, 671011200, 3)
,(188, 688546800, 2)
,(188, 702460800, 3)
,(188, 719996400, 2)
,(188, 733910400, 3)
,(188, 752050800, 2)
,(188, 765360000, 3)
,(188, 783500400, 2)
,(188, 796809600, 3)
,(188, 814950000, 2)
,(188, 828864000, 3)
,(188, 846399600, 2)
,(188, 860313600, 3)
,(188, 877849200, 2)
,(188, 891763200, 3)
,(188, 909298800, 2)
,(188, 923212800, 3)
,(188, 941353200, 2)
,(188, 954662400, 3)
,(188, 972802800, 4)
,(188, 986112000, 3)
,(188, 1004252400, 2)
,(188, 1018166400, 3)
,(188, 1035702000, 2)
,(188, 1049616000, 3)
,(188, 1067151600, 2)
,(188, 1081065600, 3)
,(188, 1099206000, 2)
,(188, 1112515200, 3)
,(188, 1130655600, 2)
,(188, 1143964800, 3)
,(188, 1162105200, 4)
,(188, 1173600000, 3)
,(188, 1194159600, 2)
,(188, 1205049600, 3)
,(188, 1225609200, 2)
,(188, 1236499200, 3)
,(188, 1257058800, 2)
,(188, 1268553600, 3)
,(188, 1289113200, 2)
,(188, 1300003200, 3)
,(188, 1320562800, 2)
,(188, 1331452800, 3)
,(188, 1352012400, 2)
,(188, 1362902400, 3)
,(188, 1383462000, 2)
,(188, 1394352000, 3)
,(188, 1414911600, 2)
,(188, 1425801600, 3)
,(188, 1446361200, 2)
,(188, 1457856000, 3)
,(188, 1478415600, 2)
,(188, 1489305600, 3)
,(188, 1509865200, 2)
,(188, 1520755200, 3)
,(188, 1541314800, 2)
,(188, 1552204800, 3)
,(188, 1572764400, 2)
,(188, 1583654400, 3)
,(188, 1604214000, 2)
,(188, 1615708800, 3)
,(188, 1636268400, 2)
,(188, 1647158400, 3)
,(188, 1667718000, 2)
,(188, 1678608000, 3)
,(188, 1699167600, 2)
,(188, 1710057600, 3)
,(188, 1730617200, 2)
,(188, 1741507200, 3)
,(188, 1762066800, 2)
,(188, 1772956800, 3)
,(188, 1793516400, 2)
,(188, 1805011200, 3)
,(188, 1825570800, 2)
,(188, 1836460800, 3)
,(188, 1857020400, 2)
,(188, 1867910400, 3)
,(188, 1888470000, 2)
,(188, 1899360000, 3)
,(188, 1919919600, 2)
,(188, 1930809600, 3)
,(188, 1951369200, 2)
,(188, 1962864000, 3)
,(188, 1983423600, 2)
,(188, 1994313600, 3)
,(188, 2014873200, 2)
,(188, 2025763200, 3)
,(188, 2046322800, 2)
,(188, 2057212800, 3)
,(188, 2077772400, 2)
,(188, 2088662400, 3)
,(188, 2109222000, 2)
,(188, 2120112000, 3)
,(188, 2140671600, 2)
;
INSERT INTO  oceanbase.__all_tenant_time_zone_transition_type (Time_zone_id, Transition_type_id, Offset, Is_DST, Abbreviation) VALUES
 (188, 0, 0, 0, 'zzz')
,(188, 1, -14400, 1, 'CDDT')
,(188, 2, -21600, 0, 'CST')
,(188, 3, -18000, 1, 'CDT')
,(188, 4, -18000, 0, 'EST')
;
INSERT INTO oceanbase.__all_tenant_time_zone (Time_zone_id, Use_leap_seconds) VALUES (189, 'N');
INSERT INTO  oceanbase.__all_tenant_time_zone_name (Name, Time_zone_id) VALUES ('America/Rio_Branco', 189);
INSERT INTO  oceanbase.__all_tenant_time_zone_transition (Time_zone_id, Transition_time, Transition_type_id) VALUES
 (189, -1767209328, 2)
,(189, -1206950400, 1)
,(189, -1191355200, 2)
,(189, -1175367600, 1)
,(189, -1159819200, 2)
,(189, -633812400, 1)
,(189, -622062000, 2)
,(189, -602276400, 1)
,(189, -591825600, 2)
,(189, -570740400, 1)
,(189, -560203200, 2)
,(189, -539118000, 1)
,(189, -531345600, 2)
,(189, -191358000, 1)
,(189, -184190400, 2)
,(189, -155156400, 1)
,(189, -150062400, 2)
,(189, -128890800, 1)
,(189, -121118400, 2)
,(189, -99946800, 1)
,(189, -89582400, 2)
,(189, -68410800, 1)
,(189, -57960000, 2)
,(189, 499755600, 1)
,(189, 511243200, 2)
,(189, 530600400, 1)
,(189, 540273600, 2)
,(189, 562136400, 1)
,(189, 571204800, 2)
,(189, 1214283600, 3)
;
INSERT INTO  oceanbase.__all_tenant_time_zone_transition_type (Time_zone_id, Transition_type_id, Offset, Is_DST, Abbreviation) VALUES
 (189, 0, -16272, 0, 'LMT')
,(189, 1, -14400, 1, 'ACST')
,(189, 2, -18000, 0, 'ACT')
,(189, 3, -14400, 0, 'AMT')
;
INSERT INTO oceanbase.__all_tenant_time_zone (Time_zone_id, Use_leap_seconds) VALUES (190, 'N');
INSERT INTO  oceanbase.__all_tenant_time_zone_name (Name, Time_zone_id) VALUES ('America/Rosario', 190);
INSERT INTO  oceanbase.__all_tenant_time_zone_transition (Time_zone_id, Transition_time, Transition_type_id) VALUES
 (190, -1567453392, 1)
,(190, -1233432000, 2)
,(190, -1222981200, 1)
,(190, -1205956800, 2)
,(190, -1194037200, 1)
,(190, -1172865600, 2)
,(190, -1162501200, 1)
,(190, -1141329600, 2)
,(190, -1130965200, 1)
,(190, -1109793600, 2)
,(190, -1099429200, 1)
,(190, -1078257600, 2)
,(190, -1067806800, 1)
,(190, -1046635200, 2)
,(190, -1036270800, 1)
,(190, -1015099200, 2)
,(190, -1004734800, 1)
,(190, -983563200, 2)
,(190, -973198800, 1)
,(190, -952027200, 2)
,(190, -941576400, 1)
,(190, -931032000, 2)
,(190, -900882000, 1)
,(190, -890337600, 2)
,(190, -833749200, 1)
,(190, -827265600, 2)
,(190, -752274000, 1)
,(190, -733780800, 2)
,(190, -197326800, 1)
,(190, -190843200, 2)
,(190, -184194000, 1)
,(190, -164491200, 2)
,(190, -152658000, 1)
,(190, -132955200, 2)
,(190, -121122000, 1)
,(190, -101419200, 2)
,(190, -86821200, 1)
,(190, -71092800, 2)
,(190, -54766800, 1)
,(190, -39038400, 2)
,(190, -23317200, 1)
,(190, -7588800, 4)
,(190, 128142000, 3)
,(190, 136605600, 4)
,(190, 596948400, 3)
,(190, 605066400, 4)
,(190, 624423600, 3)
,(190, 636516000, 4)
,(190, 656478000, 3)
,(190, 667965600, 5)
,(190, 687931200, 3)
,(190, 699415200, 4)
,(190, 719377200, 3)
,(190, 731469600, 4)
,(190, 938919600, 2)
,(190, 952052400, 4)
,(190, 1198983600, 3)
,(190, 1205632800, 4)
,(190, 1224385200, 3)
,(190, 1237082400, 4)
;
INSERT INTO  oceanbase.__all_tenant_time_zone_transition_type (Time_zone_id, Transition_type_id, Offset, Is_DST, Abbreviation) VALUES
 (190, 0, -15408, 0, 'CMT')
,(190, 1, -14400, 0, 'ART')
,(190, 2, -10800, 1, 'ARST')
,(190, 3, -7200, 1, 'ARST')
,(190, 4, -10800, 0, 'ART')
,(190, 5, -14400, 0, 'WART')
;
INSERT INTO oceanbase.__all_tenant_time_zone (Time_zone_id, Use_leap_seconds) VALUES (191, 'N');
INSERT INTO  oceanbase.__all_tenant_time_zone_name (Name, Time_zone_id) VALUES ('America/Santa_Isabel', 191);
INSERT INTO  oceanbase.__all_tenant_time_zone_transition (Time_zone_id, Transition_time, Transition_type_id) VALUES
 (191, -1514736000, 1)
,(191, -1451667600, 2)
,(191, -1343062800, 1)
,(191, -1234803600, 2)
,(191, -1222963200, 3)
,(191, -1207242000, 2)
,(191, -873820800, 4)
,(191, -769395600, 5)
,(191, -761677200, 2)
,(191, -686073600, 3)
,(191, -661539600, 2)
,(191, -495036000, 3)
,(191, -481734000, 2)
,(191, -463586400, 3)
,(191, -450284400, 2)
,(191, -431532000, 3)
,(191, -418230000, 2)
,(191, -400082400, 3)
,(191, -386780400, 2)
,(191, -368632800, 3)
,(191, -355330800, 2)
,(191, -337183200, 3)
,(191, -323881200, 2)
,(191, -305733600, 3)
,(191, -292431600, 2)
,(191, 199274400, 3)
,(191, 215600400, 2)
,(191, 230724000, 3)
,(191, 247050000, 2)
,(191, 262778400, 3)
,(191, 278499600, 2)
,(191, 294228000, 3)
,(191, 309949200, 2)
,(191, 325677600, 3)
,(191, 341398800, 2)
,(191, 357127200, 3)
,(191, 372848400, 2)
,(191, 388576800, 3)
,(191, 404902800, 2)
,(191, 420026400, 3)
,(191, 436352400, 2)
,(191, 452080800, 3)
,(191, 467802000, 2)
,(191, 483530400, 3)
,(191, 499251600, 2)
,(191, 514980000, 3)
,(191, 530701200, 2)
,(191, 544615200, 3)
,(191, 562150800, 2)
,(191, 576064800, 3)
,(191, 594205200, 2)
,(191, 607514400, 3)
,(191, 625654800, 2)
,(191, 638964000, 3)
,(191, 657104400, 2)
,(191, 671018400, 3)
,(191, 688554000, 2)
,(191, 702468000, 3)
,(191, 720003600, 2)
,(191, 733917600, 3)
,(191, 752058000, 2)
,(191, 765367200, 3)
,(191, 783507600, 2)
,(191, 796816800, 3)
,(191, 814957200, 2)
,(191, 828871200, 3)
,(191, 846406800, 2)
,(191, 860320800, 3)
,(191, 877856400, 2)
,(191, 891770400, 3)
,(191, 909306000, 2)
,(191, 923220000, 3)
,(191, 941360400, 2)
,(191, 954669600, 3)
,(191, 972810000, 2)
,(191, 986119200, 3)
,(191, 1004259600, 2)
,(191, 1018173600, 3)
,(191, 1035709200, 2)
,(191, 1049623200, 3)
,(191, 1067158800, 2)
,(191, 1081072800, 3)
,(191, 1099213200, 2)
,(191, 1112522400, 3)
,(191, 1130662800, 2)
,(191, 1143972000, 3)
,(191, 1162112400, 2)
,(191, 1175421600, 3)
,(191, 1193562000, 2)
,(191, 1207476000, 3)
,(191, 1225011600, 2)
,(191, 1238925600, 3)
,(191, 1256461200, 2)
,(191, 1270375200, 3)
,(191, 1288515600, 2)
,(191, 1301824800, 3)
,(191, 1319965200, 2)
,(191, 1333274400, 3)
,(191, 1351414800, 2)
,(191, 1365328800, 3)
,(191, 1382864400, 2)
,(191, 1396778400, 3)
,(191, 1414314000, 2)
,(191, 1428228000, 3)
,(191, 1445763600, 2)
,(191, 1459677600, 3)
,(191, 1477818000, 2)
,(191, 1491127200, 3)
,(191, 1509267600, 2)
,(191, 1522576800, 3)
,(191, 1540717200, 2)
,(191, 1554631200, 3)
,(191, 1572166800, 2)
,(191, 1586080800, 3)
,(191, 1603616400, 2)
,(191, 1617530400, 3)
,(191, 1635670800, 2)
,(191, 1648980000, 3)
,(191, 1667120400, 2)
,(191, 1680429600, 3)
,(191, 1698570000, 2)
,(191, 1712484000, 3)
,(191, 1730019600, 2)
,(191, 1743933600, 3)
,(191, 1761469200, 2)
,(191, 1775383200, 3)
,(191, 1792918800, 2)
,(191, 1806832800, 3)
,(191, 1824973200, 2)
,(191, 1838282400, 3)
,(191, 1856422800, 2)
,(191, 1869732000, 3)
,(191, 1887872400, 2)
,(191, 1901786400, 3)
,(191, 1919322000, 2)
,(191, 1933236000, 3)
,(191, 1950771600, 2)
,(191, 1964685600, 3)
,(191, 1982826000, 2)
,(191, 1996135200, 3)
,(191, 2014275600, 2)
,(191, 2027584800, 3)
,(191, 2045725200, 2)
,(191, 2059034400, 3)
,(191, 2077174800, 2)
,(191, 2091088800, 3)
,(191, 2108624400, 2)
,(191, 2122538400, 3)
,(191, 2140074000, 2)
;
INSERT INTO  oceanbase.__all_tenant_time_zone_transition_type (Time_zone_id, Transition_type_id, Offset, Is_DST, Abbreviation) VALUES
 (191, 0, -27568, 0, 'LMT')
,(191, 1, -25200, 0, 'MST')
,(191, 2, -28800, 0, 'PST')
,(191, 3, -25200, 1, 'PDT')
,(191, 4, -25200, 1, 'PWT')
,(191, 5, -25200, 1, 'PPT')
;
INSERT INTO oceanbase.__all_tenant_time_zone (Time_zone_id, Use_leap_seconds) VALUES (192, 'N');
INSERT INTO  oceanbase.__all_tenant_time_zone_name (Name, Time_zone_id) VALUES ('America/Santarem', 192);
INSERT INTO  oceanbase.__all_tenant_time_zone_transition (Time_zone_id, Transition_time, Transition_type_id) VALUES
 (192, -1767212472, 2)
,(192, -1206954000, 1)
,(192, -1191358800, 2)
,(192, -1175371200, 1)
,(192, -1159822800, 2)
,(192, -633816000, 1)
,(192, -622065600, 2)
,(192, -602280000, 1)
,(192, -591829200, 2)
,(192, -570744000, 1)
,(192, -560206800, 2)
,(192, -539121600, 1)
,(192, -531349200, 2)
,(192, -191361600, 1)
,(192, -184194000, 2)
,(192, -155160000, 1)
,(192, -150066000, 2)
,(192, -128894400, 1)
,(192, -121122000, 2)
,(192, -99950400, 1)
,(192, -89586000, 2)
,(192, -68414400, 1)
,(192, -57963600, 2)
,(192, 499752000, 1)
,(192, 511239600, 2)
,(192, 530596800, 1)
,(192, 540270000, 2)
,(192, 562132800, 1)
,(192, 571201200, 2)
,(192, 1214280000, 3)
;
INSERT INTO  oceanbase.__all_tenant_time_zone_transition_type (Time_zone_id, Transition_type_id, Offset, Is_DST, Abbreviation) VALUES
 (192, 0, -13128, 0, 'LMT')
,(192, 1, -10800, 1, 'AMST')
,(192, 2, -14400, 0, 'AMT')
,(192, 3, -10800, 0, 'BRT')
;
INSERT INTO oceanbase.__all_tenant_time_zone (Time_zone_id, Use_leap_seconds) VALUES (193, 'N');
INSERT INTO  oceanbase.__all_tenant_time_zone_name (Name, Time_zone_id) VALUES ('America/Santiago', 193);
INSERT INTO  oceanbase.__all_tenant_time_zone_transition (Time_zone_id, Transition_time, Transition_type_id) VALUES
 (193, -1893439034, 1)
,(193, -1688410800, 0)
,(193, -1619983034, 2)
,(193, -1593806400, 0)
,(193, -1335986234, 3)
,(193, -1317585600, 1)
,(193, -1304362800, 3)
,(193, -1286049600, 1)
,(193, -1272826800, 3)
,(193, -1254513600, 1)
,(193, -1241290800, 3)
,(193, -1222977600, 1)
,(193, -1209754800, 3)
,(193, -1191355200, 1)
,(193, -1178132400, 3)
,(193, -870552000, 4)
,(193, -865278000, 5)
,(193, -736376400, 4)
,(193, -713646000, 2)
,(193, -36619200, 6)
,(193, -23922000, 7)
,(193, -3355200, 6)
,(193, 7527600, 7)
,(193, 24465600, 6)
,(193, 37767600, 7)
,(193, 55915200, 6)
,(193, 69217200, 7)
,(193, 87969600, 6)
,(193, 100666800, 7)
,(193, 118209600, 6)
,(193, 132116400, 7)
,(193, 150868800, 6)
,(193, 163566000, 7)
,(193, 182318400, 6)
,(193, 195620400, 7)
,(193, 213768000, 6)
,(193, 227070000, 7)
,(193, 245217600, 6)
,(193, 258519600, 7)
,(193, 277272000, 6)
,(193, 289969200, 7)
,(193, 308721600, 6)
,(193, 321418800, 7)
,(193, 340171200, 6)
,(193, 353473200, 7)
,(193, 371620800, 6)
,(193, 384922800, 7)
,(193, 403070400, 6)
,(193, 416372400, 7)
,(193, 434520000, 6)
,(193, 447822000, 7)
,(193, 466574400, 6)
,(193, 479271600, 7)
,(193, 498024000, 6)
,(193, 510721200, 7)
,(193, 529473600, 6)
,(193, 545194800, 7)
,(193, 560923200, 6)
,(193, 574225200, 7)
,(193, 591768000, 6)
,(193, 605674800, 7)
,(193, 624427200, 6)
,(193, 637729200, 7)
,(193, 653457600, 6)
,(193, 668574000, 7)
,(193, 687326400, 6)
,(193, 700628400, 7)
,(193, 718776000, 6)
,(193, 732078000, 7)
,(193, 750225600, 6)
,(193, 763527600, 7)
,(193, 781675200, 6)
,(193, 794977200, 7)
,(193, 813729600, 6)
,(193, 826426800, 7)
,(193, 845179200, 6)
,(193, 859690800, 7)
,(193, 876628800, 6)
,(193, 889930800, 7)
,(193, 906868800, 6)
,(193, 923194800, 7)
,(193, 939528000, 6)
,(193, 952830000, 7)
,(193, 971582400, 6)
,(193, 984279600, 7)
,(193, 1003032000, 6)
,(193, 1015729200, 7)
,(193, 1034481600, 6)
,(193, 1047178800, 7)
,(193, 1065931200, 6)
,(193, 1079233200, 7)
,(193, 1097380800, 6)
,(193, 1110682800, 7)
,(193, 1128830400, 6)
,(193, 1142132400, 7)
,(193, 1160884800, 6)
,(193, 1173582000, 7)
,(193, 1192334400, 6)
,(193, 1206846000, 7)
,(193, 1223784000, 6)
,(193, 1237086000, 7)
,(193, 1255233600, 6)
,(193, 1270350000, 7)
,(193, 1286683200, 6)
,(193, 1304823600, 7)
,(193, 1313899200, 6)
,(193, 1331434800, 7)
,(193, 1350187200, 6)
,(193, 1362884400, 7)
,(193, 1381636800, 6)
,(193, 1394334000, 7)
,(193, 1413086400, 6)
,(193, 1426388400, 7)
,(193, 1444536000, 6)
,(193, 1457838000, 7)
,(193, 1475985600, 6)
,(193, 1489287600, 7)
,(193, 1508040000, 6)
,(193, 1520737200, 7)
,(193, 1539489600, 6)
,(193, 1552186800, 7)
,(193, 1570939200, 6)
,(193, 1584241200, 7)
,(193, 1602388800, 6)
,(193, 1615690800, 7)
,(193, 1633838400, 6)
,(193, 1647140400, 7)
,(193, 1665288000, 6)
,(193, 1678590000, 7)
,(193, 1697342400, 6)
,(193, 1710039600, 7)
,(193, 1728792000, 6)
,(193, 1741489200, 7)
,(193, 1760241600, 6)
,(193, 1773543600, 7)
,(193, 1791691200, 6)
,(193, 1804993200, 7)
,(193, 1823140800, 6)
,(193, 1836442800, 7)
,(193, 1855195200, 6)
,(193, 1867892400, 7)
,(193, 1886644800, 6)
,(193, 1899342000, 7)
,(193, 1918094400, 6)
,(193, 1930791600, 7)
,(193, 1949544000, 6)
,(193, 1962846000, 7)
,(193, 1980993600, 6)
,(193, 1994295600, 7)
,(193, 2012443200, 6)
,(193, 2025745200, 7)
,(193, 2044497600, 6)
,(193, 2057194800, 7)
,(193, 2075947200, 6)
,(193, 2088644400, 7)
,(193, 2107396800, 6)
,(193, 2120698800, 7)
,(193, 2138846400, 6)
;
INSERT INTO  oceanbase.__all_tenant_time_zone_transition_type (Time_zone_id, Transition_type_id, Offset, Is_DST, Abbreviation) VALUES
 (193, 0, -16966, 0, 'SMT')
,(193, 1, -18000, 0, 'CLT')
,(193, 2, -14400, 0, 'CLT')
,(193, 3, -14400, 1, 'CLST')
,(193, 4, -18000, 0, 'CLT')
,(193, 5, -14400, 1, 'CLST')
,(193, 6, -10800, 1, 'CLST')
,(193, 7, -14400, 0, 'CLT')
;
INSERT INTO oceanbase.__all_tenant_time_zone (Time_zone_id, Use_leap_seconds) VALUES (194, 'N');
INSERT INTO  oceanbase.__all_tenant_time_zone_name (Name, Time_zone_id) VALUES ('America/Santo_Domingo', 194);
INSERT INTO  oceanbase.__all_tenant_time_zone_transition (Time_zone_id, Transition_time, Transition_type_id) VALUES
 (194, -1159773600, 2)
,(194, -100119600, 1)
,(194, -89668800, 2)
,(194, -5770800, 3)
,(194, 4422600, 2)
,(194, 25678800, 3)
,(194, 33193800, 2)
,(194, 57733200, 3)
,(194, 64816200, 2)
,(194, 89182800, 3)
,(194, 96438600, 2)
,(194, 120632400, 3)
,(194, 127974600, 2)
,(194, 152082000, 4)
,(194, 972799200, 2)
,(194, 975823200, 4)
;
INSERT INTO  oceanbase.__all_tenant_time_zone_transition_type (Time_zone_id, Transition_type_id, Offset, Is_DST, Abbreviation) VALUES
 (194, 0, -16800, 0, 'SDMT')
,(194, 1, -14400, 1, 'EDT')
,(194, 2, -18000, 0, 'EST')
,(194, 3, -16200, 1, 'EHDT')
,(194, 4, -14400, 0, 'AST')
;
INSERT INTO oceanbase.__all_tenant_time_zone (Time_zone_id, Use_leap_seconds) VALUES (195, 'N');
INSERT INTO  oceanbase.__all_tenant_time_zone_name (Name, Time_zone_id) VALUES ('America/Sao_Paulo', 195);
INSERT INTO  oceanbase.__all_tenant_time_zone_transition (Time_zone_id, Transition_time, Transition_type_id) VALUES
 (195, -1767214412, 2)
,(195, -1206957600, 1)
,(195, -1191362400, 2)
,(195, -1175374800, 1)
,(195, -1159826400, 2)
,(195, -633819600, 1)
,(195, -622069200, 2)
,(195, -602283600, 1)
,(195, -591832800, 2)
,(195, -570747600, 1)
,(195, -560210400, 2)
,(195, -539125200, 1)
,(195, -531352800, 2)
,(195, -195426000, 1)
,(195, -184197600, 2)
,(195, -155163600, 1)
,(195, -150069600, 2)
,(195, -128898000, 1)
,(195, -121125600, 2)
,(195, -99954000, 1)
,(195, -89589600, 2)
,(195, -68418000, 1)
,(195, -57967200, 2)
,(195, 499748400, 1)
,(195, 511236000, 2)
,(195, 530593200, 1)
,(195, 540266400, 2)
,(195, 562129200, 1)
,(195, 571197600, 2)
,(195, 592974000, 1)
,(195, 602042400, 2)
,(195, 624423600, 1)
,(195, 634701600, 2)
,(195, 656478000, 1)
,(195, 666756000, 2)
,(195, 687927600, 1)
,(195, 697600800, 2)
,(195, 719982000, 1)
,(195, 728445600, 2)
,(195, 750826800, 1)
,(195, 761709600, 2)
,(195, 782276400, 1)
,(195, 793159200, 2)
,(195, 813726000, 1)
,(195, 824004000, 2)
,(195, 844570800, 1)
,(195, 856058400, 2)
,(195, 876106800, 1)
,(195, 888717600, 2)
,(195, 908074800, 1)
,(195, 919562400, 2)
,(195, 938919600, 1)
,(195, 951616800, 2)
,(195, 970974000, 1)
,(195, 982461600, 2)
,(195, 1003028400, 1)
,(195, 1013911200, 2)
,(195, 1036292400, 1)
,(195, 1045360800, 2)
,(195, 1066532400, 1)
,(195, 1076810400, 2)
,(195, 1099364400, 1)
,(195, 1108864800, 2)
,(195, 1129431600, 1)
,(195, 1140314400, 2)
,(195, 1162695600, 1)
,(195, 1172368800, 2)
,(195, 1192330800, 1)
,(195, 1203213600, 2)
,(195, 1224385200, 1)
,(195, 1234663200, 2)
,(195, 1255834800, 1)
,(195, 1266717600, 2)
,(195, 1287284400, 1)
,(195, 1298167200, 2)
,(195, 1318734000, 1)
,(195, 1330221600, 2)
,(195, 1350788400, 1)
,(195, 1361066400, 2)
,(195, 1382238000, 1)
,(195, 1392516000, 2)
,(195, 1413687600, 1)
,(195, 1424570400, 2)
,(195, 1445137200, 1)
,(195, 1456020000, 2)
,(195, 1476586800, 1)
,(195, 1487469600, 2)
,(195, 1508036400, 1)
,(195, 1518919200, 2)
,(195, 1540090800, 1)
,(195, 1550368800, 2)
,(195, 1571540400, 1)
,(195, 1581818400, 2)
,(195, 1602990000, 1)
,(195, 1613872800, 2)
,(195, 1634439600, 1)
,(195, 1645322400, 2)
,(195, 1665889200, 1)
,(195, 1677376800, 2)
,(195, 1697338800, 1)
,(195, 1708221600, 2)
,(195, 1729393200, 1)
,(195, 1739671200, 2)
,(195, 1760842800, 1)
,(195, 1771725600, 2)
,(195, 1792292400, 1)
,(195, 1803175200, 2)
,(195, 1823742000, 1)
,(195, 1834624800, 2)
,(195, 1855191600, 1)
,(195, 1866074400, 2)
,(195, 1887246000, 1)
,(195, 1897524000, 2)
,(195, 1918695600, 1)
,(195, 1928973600, 2)
,(195, 1950145200, 1)
,(195, 1960423200, 2)
,(195, 1981594800, 1)
,(195, 1992477600, 2)
,(195, 2013044400, 1)
,(195, 2024532000, 2)
,(195, 2044494000, 1)
,(195, 2055376800, 2)
,(195, 2076548400, 1)
,(195, 2086826400, 2)
,(195, 2107998000, 1)
,(195, 2118880800, 2)
,(195, 2139447600, 1)
;
INSERT INTO  oceanbase.__all_tenant_time_zone_transition_type (Time_zone_id, Transition_type_id, Offset, Is_DST, Abbreviation) VALUES
 (195, 0, -11188, 0, 'LMT')
,(195, 1, -7200, 1, 'BRST')
,(195, 2, -10800, 0, 'BRT')
;
INSERT INTO oceanbase.__all_tenant_time_zone (Time_zone_id, Use_leap_seconds) VALUES (196, 'N');
INSERT INTO  oceanbase.__all_tenant_time_zone_name (Name, Time_zone_id) VALUES ('America/Scoresbysund', 196);
INSERT INTO  oceanbase.__all_tenant_time_zone_transition (Time_zone_id, Transition_time, Transition_type_id) VALUES
 (196, -1686090728, 1)
,(196, 323841600, 2)
,(196, 338961600, 3)
,(196, 354679200, 6)
,(196, 370400400, 4)
,(196, 386125200, 5)
,(196, 401850000, 4)
,(196, 417574800, 5)
,(196, 433299600, 4)
,(196, 449024400, 5)
,(196, 465354000, 4)
,(196, 481078800, 5)
,(196, 496803600, 4)
,(196, 512528400, 5)
,(196, 528253200, 4)
,(196, 543978000, 5)
,(196, 559702800, 4)
,(196, 575427600, 5)
,(196, 591152400, 4)
,(196, 606877200, 5)
,(196, 622602000, 4)
,(196, 638326800, 5)
,(196, 654656400, 4)
,(196, 670381200, 5)
,(196, 686106000, 4)
,(196, 701830800, 5)
,(196, 717555600, 4)
,(196, 733280400, 5)
,(196, 749005200, 4)
,(196, 764730000, 5)
,(196, 780454800, 4)
,(196, 796179600, 5)
,(196, 811904400, 4)
,(196, 828234000, 5)
,(196, 846378000, 4)
,(196, 859683600, 5)
,(196, 877827600, 4)
,(196, 891133200, 5)
,(196, 909277200, 4)
,(196, 922582800, 5)
,(196, 941331600, 4)
,(196, 954032400, 5)
,(196, 972781200, 4)
,(196, 985482000, 5)
,(196, 1004230800, 4)
,(196, 1017536400, 5)
,(196, 1035680400, 4)
,(196, 1048986000, 5)
,(196, 1067130000, 4)
,(196, 1080435600, 5)
,(196, 1099184400, 4)
,(196, 1111885200, 5)
,(196, 1130634000, 4)
,(196, 1143334800, 5)
,(196, 1162083600, 4)
,(196, 1174784400, 5)
,(196, 1193533200, 4)
,(196, 1206838800, 5)
,(196, 1224982800, 4)
,(196, 1238288400, 5)
,(196, 1256432400, 4)
,(196, 1269738000, 5)
,(196, 1288486800, 4)
,(196, 1301187600, 5)
,(196, 1319936400, 4)
,(196, 1332637200, 5)
,(196, 1351386000, 4)
,(196, 1364691600, 5)
,(196, 1382835600, 4)
,(196, 1396141200, 5)
,(196, 1414285200, 4)
,(196, 1427590800, 5)
,(196, 1445734800, 4)
,(196, 1459040400, 5)
,(196, 1477789200, 4)
,(196, 1490490000, 5)
,(196, 1509238800, 4)
,(196, 1521939600, 5)
,(196, 1540688400, 4)
,(196, 1553994000, 5)
,(196, 1572138000, 4)
,(196, 1585443600, 5)
,(196, 1603587600, 4)
,(196, 1616893200, 5)
,(196, 1635642000, 4)
,(196, 1648342800, 5)
,(196, 1667091600, 4)
,(196, 1679792400, 5)
,(196, 1698541200, 4)
,(196, 1711846800, 5)
,(196, 1729990800, 4)
,(196, 1743296400, 5)
,(196, 1761440400, 4)
,(196, 1774746000, 5)
,(196, 1792890000, 4)
,(196, 1806195600, 5)
,(196, 1824944400, 4)
,(196, 1837645200, 5)
,(196, 1856394000, 4)
,(196, 1869094800, 5)
,(196, 1887843600, 4)
,(196, 1901149200, 5)
,(196, 1919293200, 4)
,(196, 1932598800, 5)
,(196, 1950742800, 4)
,(196, 1964048400, 5)
,(196, 1982797200, 4)
,(196, 1995498000, 5)
,(196, 2014246800, 4)
,(196, 2026947600, 5)
,(196, 2045696400, 4)
,(196, 2058397200, 5)
,(196, 2077146000, 4)
,(196, 2090451600, 5)
,(196, 2108595600, 4)
,(196, 2121901200, 5)
,(196, 2140045200, 4)
;
INSERT INTO  oceanbase.__all_tenant_time_zone_transition_type (Time_zone_id, Transition_type_id, Offset, Is_DST, Abbreviation) VALUES
 (196, 0, -5272, 0, 'LMT')
,(196, 1, -7200, 0, 'CGT')
,(196, 2, -3600, 1, 'CGST')
,(196, 3, -7200, 0, 'CGT')
,(196, 4, -3600, 0, 'EGT')
,(196, 5, 0, 1, 'EGST')
,(196, 6, 0, 1, 'EGST')
;
INSERT INTO oceanbase.__all_tenant_time_zone (Time_zone_id, Use_leap_seconds) VALUES (197, 'N');
INSERT INTO  oceanbase.__all_tenant_time_zone_name (Name, Time_zone_id) VALUES ('America/Shiprock', 197);
INSERT INTO  oceanbase.__all_tenant_time_zone_transition (Time_zone_id, Transition_time, Transition_type_id) VALUES
 (197, -1633273200, 0)
,(197, -1615132800, 1)
,(197, -1601823600, 0)
,(197, -1583683200, 1)
,(197, -1570374000, 0)
,(197, -1551628800, 1)
,(197, -1538924400, 0)
,(197, -1534089600, 1)
,(197, -880210800, 2)
,(197, -769395600, 3)
,(197, -765388800, 1)
,(197, -147884400, 0)
,(197, -131558400, 1)
,(197, -116434800, 0)
,(197, -100108800, 1)
,(197, -84380400, 0)
,(197, -68659200, 1)
,(197, -52930800, 0)
,(197, -37209600, 1)
,(197, -21481200, 0)
,(197, -5760000, 1)
,(197, 9968400, 0)
,(197, 25689600, 1)
,(197, 41418000, 0)
,(197, 57744000, 1)
,(197, 73472400, 0)
,(197, 89193600, 1)
,(197, 104922000, 0)
,(197, 120643200, 1)
,(197, 126694800, 0)
,(197, 152092800, 1)
,(197, 162378000, 0)
,(197, 183542400, 1)
,(197, 199270800, 0)
,(197, 215596800, 1)
,(197, 230720400, 0)
,(197, 247046400, 1)
,(197, 262774800, 0)
,(197, 278496000, 1)
,(197, 294224400, 0)
,(197, 309945600, 1)
,(197, 325674000, 0)
,(197, 341395200, 1)
,(197, 357123600, 0)
,(197, 372844800, 1)
,(197, 388573200, 0)
,(197, 404899200, 1)
,(197, 420022800, 0)
,(197, 436348800, 1)
,(197, 452077200, 0)
,(197, 467798400, 1)
,(197, 483526800, 0)
,(197, 499248000, 1)
,(197, 514976400, 0)
,(197, 530697600, 1)
,(197, 544611600, 0)
,(197, 562147200, 1)
,(197, 576061200, 0)
,(197, 594201600, 1)
,(197, 607510800, 0)
,(197, 625651200, 1)
,(197, 638960400, 0)
,(197, 657100800, 1)
,(197, 671014800, 0)
,(197, 688550400, 1)
,(197, 702464400, 0)
,(197, 720000000, 1)
,(197, 733914000, 0)
,(197, 752054400, 1)
,(197, 765363600, 0)
,(197, 783504000, 1)
,(197, 796813200, 0)
,(197, 814953600, 1)
,(197, 828867600, 0)
,(197, 846403200, 1)
,(197, 860317200, 0)
,(197, 877852800, 1)
,(197, 891766800, 0)
,(197, 909302400, 1)
,(197, 923216400, 0)
,(197, 941356800, 1)
,(197, 954666000, 0)
,(197, 972806400, 1)
,(197, 986115600, 0)
,(197, 1004256000, 1)
,(197, 1018170000, 0)
,(197, 1035705600, 1)
,(197, 1049619600, 0)
,(197, 1067155200, 1)
,(197, 1081069200, 0)
,(197, 1099209600, 1)
,(197, 1112518800, 0)
,(197, 1130659200, 1)
,(197, 1143968400, 0)
,(197, 1162108800, 1)
,(197, 1173603600, 0)
,(197, 1194163200, 1)
,(197, 1205053200, 0)
,(197, 1225612800, 1)
,(197, 1236502800, 0)
,(197, 1257062400, 1)
,(197, 1268557200, 0)
,(197, 1289116800, 1)
,(197, 1300006800, 0)
,(197, 1320566400, 1)
,(197, 1331456400, 0)
,(197, 1352016000, 1)
,(197, 1362906000, 0)
,(197, 1383465600, 1)
,(197, 1394355600, 0)
,(197, 1414915200, 1)
,(197, 1425805200, 0)
,(197, 1446364800, 1)
,(197, 1457859600, 0)
,(197, 1478419200, 1)
,(197, 1489309200, 0)
,(197, 1509868800, 1)
,(197, 1520758800, 0)
,(197, 1541318400, 1)
,(197, 1552208400, 0)
,(197, 1572768000, 1)
,(197, 1583658000, 0)
,(197, 1604217600, 1)
,(197, 1615712400, 0)
,(197, 1636272000, 1)
,(197, 1647162000, 0)
,(197, 1667721600, 1)
,(197, 1678611600, 0)
,(197, 1699171200, 1)
,(197, 1710061200, 0)
,(197, 1730620800, 1)
,(197, 1741510800, 0)
,(197, 1762070400, 1)
,(197, 1772960400, 0)
,(197, 1793520000, 1)
,(197, 1805014800, 0)
,(197, 1825574400, 1)
,(197, 1836464400, 0)
,(197, 1857024000, 1)
,(197, 1867914000, 0)
,(197, 1888473600, 1)
,(197, 1899363600, 0)
,(197, 1919923200, 1)
,(197, 1930813200, 0)
,(197, 1951372800, 1)
,(197, 1962867600, 0)
,(197, 1983427200, 1)
,(197, 1994317200, 0)
,(197, 2014876800, 1)
,(197, 2025766800, 0)
,(197, 2046326400, 1)
,(197, 2057216400, 0)
,(197, 2077776000, 1)
,(197, 2088666000, 0)
,(197, 2109225600, 1)
,(197, 2120115600, 0)
,(197, 2140675200, 1)
;
INSERT INTO  oceanbase.__all_tenant_time_zone_transition_type (Time_zone_id, Transition_type_id, Offset, Is_DST, Abbreviation) VALUES
 (197, 0, -21600, 1, 'MDT')
,(197, 1, -25200, 0, 'MST')
,(197, 2, -21600, 1, 'MWT')
,(197, 3, -21600, 1, 'MPT')
;
INSERT INTO oceanbase.__all_tenant_time_zone (Time_zone_id, Use_leap_seconds) VALUES (198, 'N');
INSERT INTO  oceanbase.__all_tenant_time_zone_name (Name, Time_zone_id) VALUES ('America/Sitka', 198);
INSERT INTO  oceanbase.__all_tenant_time_zone_transition (Time_zone_id, Transition_time, Transition_type_id) VALUES
 (198, -880207200, 1)
,(198, -769395600, 2)
,(198, -765385200, 0)
,(198, -21477600, 3)
,(198, -5756400, 0)
,(198, 9972000, 3)
,(198, 25693200, 0)
,(198, 41421600, 3)
,(198, 57747600, 0)
,(198, 73476000, 3)
,(198, 89197200, 0)
,(198, 104925600, 3)
,(198, 120646800, 0)
,(198, 126698400, 3)
,(198, 152096400, 0)
,(198, 162381600, 3)
,(198, 183546000, 0)
,(198, 199274400, 3)
,(198, 215600400, 0)
,(198, 230724000, 3)
,(198, 247050000, 0)
,(198, 262778400, 3)
,(198, 278499600, 0)
,(198, 294228000, 3)
,(198, 309949200, 0)
,(198, 325677600, 3)
,(198, 341398800, 0)
,(198, 357127200, 3)
,(198, 372848400, 0)
,(198, 388576800, 3)
,(198, 404902800, 0)
,(198, 420026400, 3)
,(198, 436352400, 4)
,(198, 439030800, 6)
,(198, 452084400, 5)
,(198, 467805600, 6)
,(198, 483534000, 5)
,(198, 499255200, 6)
,(198, 514983600, 5)
,(198, 530704800, 6)
,(198, 544618800, 5)
,(198, 562154400, 6)
,(198, 576068400, 5)
,(198, 594208800, 6)
,(198, 607518000, 5)
,(198, 625658400, 6)
,(198, 638967600, 5)
,(198, 657108000, 6)
,(198, 671022000, 5)
,(198, 688557600, 6)
,(198, 702471600, 5)
,(198, 720007200, 6)
,(198, 733921200, 5)
,(198, 752061600, 6)
,(198, 765370800, 5)
,(198, 783511200, 6)
,(198, 796820400, 5)
,(198, 814960800, 6)
,(198, 828874800, 5)
,(198, 846410400, 6)
,(198, 860324400, 5)
,(198, 877860000, 6)
,(198, 891774000, 5)
,(198, 909309600, 6)
,(198, 923223600, 5)
,(198, 941364000, 6)
,(198, 954673200, 5)
,(198, 972813600, 6)
,(198, 986122800, 5)
,(198, 1004263200, 6)
,(198, 1018177200, 5)
,(198, 1035712800, 6)
,(198, 1049626800, 5)
,(198, 1067162400, 6)
,(198, 1081076400, 5)
,(198, 1099216800, 6)
,(198, 1112526000, 5)
,(198, 1130666400, 6)
,(198, 1143975600, 5)
,(198, 1162116000, 6)
,(198, 1173610800, 5)
,(198, 1194170400, 6)
,(198, 1205060400, 5)
,(198, 1225620000, 6)
,(198, 1236510000, 5)
,(198, 1257069600, 6)
,(198, 1268564400, 5)
,(198, 1289124000, 6)
,(198, 1300014000, 5)
,(198, 1320573600, 6)
,(198, 1331463600, 5)
,(198, 1352023200, 6)
,(198, 1362913200, 5)
,(198, 1383472800, 6)
,(198, 1394362800, 5)
,(198, 1414922400, 6)
,(198, 1425812400, 5)
,(198, 1446372000, 6)
,(198, 1457866800, 5)
,(198, 1478426400, 6)
,(198, 1489316400, 5)
,(198, 1509876000, 6)
,(198, 1520766000, 5)
,(198, 1541325600, 6)
,(198, 1552215600, 5)
,(198, 1572775200, 6)
,(198, 1583665200, 5)
,(198, 1604224800, 6)
,(198, 1615719600, 5)
,(198, 1636279200, 6)
,(198, 1647169200, 5)
,(198, 1667728800, 6)
,(198, 1678618800, 5)
,(198, 1699178400, 6)
,(198, 1710068400, 5)
,(198, 1730628000, 6)
,(198, 1741518000, 5)
,(198, 1762077600, 6)
,(198, 1772967600, 5)
,(198, 1793527200, 6)
,(198, 1805022000, 5)
,(198, 1825581600, 6)
,(198, 1836471600, 5)
,(198, 1857031200, 6)
,(198, 1867921200, 5)
,(198, 1888480800, 6)
,(198, 1899370800, 5)
,(198, 1919930400, 6)
,(198, 1930820400, 5)
,(198, 1951380000, 6)
,(198, 1962874800, 5)
,(198, 1983434400, 6)
,(198, 1994324400, 5)
,(198, 2014884000, 6)
,(198, 2025774000, 5)
,(198, 2046333600, 6)
,(198, 2057223600, 5)
,(198, 2077783200, 6)
,(198, 2088673200, 5)
,(198, 2109232800, 6)
,(198, 2120122800, 5)
,(198, 2140682400, 6)
;
INSERT INTO  oceanbase.__all_tenant_time_zone_transition_type (Time_zone_id, Transition_type_id, Offset, Is_DST, Abbreviation) VALUES
 (198, 0, -28800, 0, 'PST')
,(198, 1, -25200, 1, 'PWT')
,(198, 2, -25200, 1, 'PPT')
,(198, 3, -25200, 1, 'PDT')
,(198, 4, -32400, 0, 'YST')
,(198, 5, -28800, 1, 'AKDT')
,(198, 6, -32400, 0, 'AKST')
;
INSERT INTO oceanbase.__all_tenant_time_zone (Time_zone_id, Use_leap_seconds) VALUES (199, 'N');
INSERT INTO  oceanbase.__all_tenant_time_zone_name (Name, Time_zone_id) VALUES ('America/St_Barthelemy', 199);
INSERT INTO  oceanbase.__all_tenant_time_zone_transition (Time_zone_id, Transition_time, Transition_type_id) VALUES
 (199, -1848254032, 1)
;
INSERT INTO  oceanbase.__all_tenant_time_zone_transition_type (Time_zone_id, Transition_type_id, Offset, Is_DST, Abbreviation) VALUES
 (199, 0, -14768, 0, 'LMT')
,(199, 1, -14400, 0, 'AST')
;
INSERT INTO oceanbase.__all_tenant_time_zone (Time_zone_id, Use_leap_seconds) VALUES (200, 'N');
INSERT INTO  oceanbase.__all_tenant_time_zone_name (Name, Time_zone_id) VALUES ('America/St_Johns', 200);
INSERT INTO  oceanbase.__all_tenant_time_zone_transition (Time_zone_id, Transition_time, Transition_type_id) VALUES
 (200, -1664130548, 0)
,(200, -1650137348, 1)
,(200, -1632076148, 0)
,(200, -1614799748, 1)
,(200, -1598650148, 0)
,(200, -1590100148, 1)
,(200, -1567286948, 0)
,(200, -1551565748, 1)
,(200, -1535837348, 0)
,(200, -1520116148, 1)
,(200, -1503782948, 0)
,(200, -1488666548, 1)
,(200, -1472333348, 0)
,(200, -1457216948, 1)
,(200, -1440883748, 0)
,(200, -1425767348, 1)
,(200, -1409434148, 0)
,(200, -1394317748, 1)
,(200, -1377984548, 0)
,(200, -1362263348, 1)
,(200, -1346534948, 0)
,(200, -1330813748, 1)
,(200, -1314480548, 0)
,(200, -1299364148, 1)
,(200, -1283030948, 0)
,(200, -1267914548, 1)
,(200, -1251581348, 0)
,(200, -1236464948, 1)
,(200, -1220131748, 0)
,(200, -1205015348, 1)
,(200, -1188682148, 0)
,(200, -1172960948, 1)
,(200, -1156627748, 0)
,(200, -1141511348, 1)
,(200, -1125178148, 0)
,(200, -1110061748, 1)
,(200, -1096921748, 3)
,(200, -1093728600, 2)
,(200, -1078612200, 3)
,(200, -1061670600, 2)
,(200, -1048973400, 3)
,(200, -1030221000, 2)
,(200, -1017523800, 3)
,(200, -998771400, 2)
,(200, -986074200, 3)
,(200, -966717000, 2)
,(200, -954624600, 3)
,(200, -935267400, 2)
,(200, -922570200, 3)
,(200, -903817800, 2)
,(200, -891120600, 3)
,(200, -872368200, 5)
,(200, -769395600, 4)
,(200, -765401400, 3)
,(200, -746044200, 2)
,(200, -733347000, 3)
,(200, -714594600, 2)
,(200, -701897400, 3)
,(200, -683145000, 2)
,(200, -670447800, 3)
,(200, -651695400, 2)
,(200, -638998200, 3)
,(200, -619641000, 2)
,(200, -606943800, 3)
,(200, -589401000, 2)
,(200, -576099000, 3)
,(200, -557951400, 2)
,(200, -544649400, 3)
,(200, -526501800, 2)
,(200, -513199800, 3)
,(200, -495052200, 2)
,(200, -481750200, 3)
,(200, -463602600, 2)
,(200, -450300600, 3)
,(200, -431548200, 2)
,(200, -418246200, 3)
,(200, -400098600, 2)
,(200, -386796600, 3)
,(200, -368649000, 2)
,(200, -355347000, 3)
,(200, -337199400, 2)
,(200, -323897400, 3)
,(200, -305749800, 2)
,(200, -289423800, 3)
,(200, -273695400, 2)
,(200, -257974200, 3)
,(200, -242245800, 2)
,(200, -226524600, 3)
,(200, -210796200, 2)
,(200, -195075000, 3)
,(200, -179346600, 2)
,(200, -163625400, 3)
,(200, -147897000, 2)
,(200, -131571000, 3)
,(200, -116447400, 2)
,(200, -100121400, 3)
,(200, -84393000, 2)
,(200, -68671800, 3)
,(200, -52943400, 2)
,(200, -37222200, 3)
,(200, -21493800, 2)
,(200, -5772600, 3)
,(200, 9955800, 2)
,(200, 25677000, 3)
,(200, 41405400, 2)
,(200, 57731400, 3)
,(200, 73459800, 2)
,(200, 89181000, 3)
,(200, 104909400, 2)
,(200, 120630600, 3)
,(200, 136359000, 2)
,(200, 152080200, 3)
,(200, 167808600, 2)
,(200, 183529800, 3)
,(200, 199258200, 2)
,(200, 215584200, 3)
,(200, 230707800, 2)
,(200, 247033800, 3)
,(200, 262762200, 2)
,(200, 278483400, 3)
,(200, 294211800, 2)
,(200, 309933000, 3)
,(200, 325661400, 2)
,(200, 341382600, 3)
,(200, 357111000, 2)
,(200, 372832200, 3)
,(200, 388560600, 2)
,(200, 404886600, 3)
,(200, 420010200, 2)
,(200, 436336200, 3)
,(200, 452064600, 2)
,(200, 467785800, 3)
,(200, 483514200, 2)
,(200, 499235400, 3)
,(200, 514963800, 2)
,(200, 530685000, 3)
,(200, 544591860, 2)
,(200, 562127460, 3)
,(200, 576041460, 6)
,(200, 594178260, 3)
,(200, 607491060, 2)
,(200, 625631460, 3)
,(200, 638940660, 2)
,(200, 657081060, 3)
,(200, 670995060, 2)
,(200, 688530660, 3)
,(200, 702444660, 2)
,(200, 719980260, 3)
,(200, 733894260, 2)
,(200, 752034660, 3)
,(200, 765343860, 2)
,(200, 783484260, 3)
,(200, 796793460, 2)
,(200, 814933860, 3)
,(200, 828847860, 2)
,(200, 846383460, 3)
,(200, 860297460, 2)
,(200, 877833060, 3)
,(200, 891747060, 2)
,(200, 909282660, 3)
,(200, 923196660, 2)
,(200, 941337060, 3)
,(200, 954646260, 2)
,(200, 972786660, 3)
,(200, 986095860, 2)
,(200, 1004236260, 3)
,(200, 1018150260, 2)
,(200, 1035685860, 3)
,(200, 1049599860, 2)
,(200, 1067135460, 3)
,(200, 1081049460, 2)
,(200, 1099189860, 3)
,(200, 1112499060, 2)
,(200, 1130639460, 3)
,(200, 1143948660, 2)
,(200, 1162089060, 3)
,(200, 1173583860, 2)
,(200, 1194143460, 3)
,(200, 1205033460, 2)
,(200, 1225593060, 3)
,(200, 1236483060, 2)
,(200, 1257042660, 3)
,(200, 1268537460, 2)
,(200, 1289097060, 3)
,(200, 1299987060, 2)
,(200, 1320553800, 3)
,(200, 1331443800, 2)
,(200, 1352003400, 3)
,(200, 1362893400, 2)
,(200, 1383453000, 3)
,(200, 1394343000, 2)
,(200, 1414902600, 3)
,(200, 1425792600, 2)
,(200, 1446352200, 3)
,(200, 1457847000, 2)
,(200, 1478406600, 3)
,(200, 1489296600, 2)
,(200, 1509856200, 3)
,(200, 1520746200, 2)
,(200, 1541305800, 3)
,(200, 1552195800, 2)
,(200, 1572755400, 3)
,(200, 1583645400, 2)
,(200, 1604205000, 3)
,(200, 1615699800, 2)
,(200, 1636259400, 3)
,(200, 1647149400, 2)
,(200, 1667709000, 3)
,(200, 1678599000, 2)
,(200, 1699158600, 3)
,(200, 1710048600, 2)
,(200, 1730608200, 3)
,(200, 1741498200, 2)
,(200, 1762057800, 3)
,(200, 1772947800, 2)
,(200, 1793507400, 3)
,(200, 1805002200, 2)
,(200, 1825561800, 3)
,(200, 1836451800, 2)
,(200, 1857011400, 3)
,(200, 1867901400, 2)
,(200, 1888461000, 3)
,(200, 1899351000, 2)
,(200, 1919910600, 3)
,(200, 1930800600, 2)
,(200, 1951360200, 3)
,(200, 1962855000, 2)
,(200, 1983414600, 3)
,(200, 1994304600, 2)
,(200, 2014864200, 3)
,(200, 2025754200, 2)
,(200, 2046313800, 3)
,(200, 2057203800, 2)
,(200, 2077763400, 3)
,(200, 2088653400, 2)
,(200, 2109213000, 3)
,(200, 2120103000, 2)
,(200, 2140662600, 3)
;
INSERT INTO  oceanbase.__all_tenant_time_zone_transition_type (Time_zone_id, Transition_type_id, Offset, Is_DST, Abbreviation) VALUES
 (200, 0, -9052, 1, 'NDT')
,(200, 1, -12652, 0, 'NST')
,(200, 2, -9000, 1, 'NDT')
,(200, 3, -12600, 0, 'NST')
,(200, 4, -9000, 1, 'NPT')
,(200, 5, -9000, 1, 'NWT')
,(200, 6, -5400, 1, 'NDDT')
;
INSERT INTO oceanbase.__all_tenant_time_zone (Time_zone_id, Use_leap_seconds) VALUES (201, 'N');
INSERT INTO  oceanbase.__all_tenant_time_zone_name (Name, Time_zone_id) VALUES ('America/St_Kitts', 201);
INSERT INTO  oceanbase.__all_tenant_time_zone_transition (Time_zone_id, Transition_time, Transition_type_id) VALUES
 (201, -1825098548, 1)
;
INSERT INTO  oceanbase.__all_tenant_time_zone_transition_type (Time_zone_id, Transition_type_id, Offset, Is_DST, Abbreviation) VALUES
 (201, 0, -15052, 0, 'LMT')
,(201, 1, -14400, 0, 'AST')
;
INSERT INTO oceanbase.__all_tenant_time_zone (Time_zone_id, Use_leap_seconds) VALUES (202, 'N');
INSERT INTO  oceanbase.__all_tenant_time_zone_name (Name, Time_zone_id) VALUES ('America/St_Lucia', 202);
INSERT INTO  oceanbase.__all_tenant_time_zone_transition (Time_zone_id, Transition_time, Transition_type_id) VALUES
 (202, -1830369360, 1)
;
INSERT INTO  oceanbase.__all_tenant_time_zone_transition_type (Time_zone_id, Transition_type_id, Offset, Is_DST, Abbreviation) VALUES
 (202, 0, -14640, 0, 'CMT')
,(202, 1, -14400, 0, 'AST')
;
INSERT INTO oceanbase.__all_tenant_time_zone (Time_zone_id, Use_leap_seconds) VALUES (203, 'N');
INSERT INTO  oceanbase.__all_tenant_time_zone_name (Name, Time_zone_id) VALUES ('America/St_Thomas', 203);
INSERT INTO  oceanbase.__all_tenant_time_zone_transition (Time_zone_id, Transition_time, Transition_type_id) VALUES
 (203, -1846266016, 1)
;
INSERT INTO  oceanbase.__all_tenant_time_zone_transition_type (Time_zone_id, Transition_type_id, Offset, Is_DST, Abbreviation) VALUES
 (203, 0, -15584, 0, 'LMT')
,(203, 1, -14400, 0, 'AST')
;
INSERT INTO oceanbase.__all_tenant_time_zone (Time_zone_id, Use_leap_seconds) VALUES (204, 'N');
INSERT INTO  oceanbase.__all_tenant_time_zone_name (Name, Time_zone_id) VALUES ('America/St_Vincent', 204);
INSERT INTO  oceanbase.__all_tenant_time_zone_transition (Time_zone_id, Transition_time, Transition_type_id) VALUES
 (204, -1830369304, 1)
;
INSERT INTO  oceanbase.__all_tenant_time_zone_transition_type (Time_zone_id, Transition_type_id, Offset, Is_DST, Abbreviation) VALUES
 (204, 0, -14696, 0, 'KMT')
,(204, 1, -14400, 0, 'AST')
;
INSERT INTO oceanbase.__all_tenant_time_zone (Time_zone_id, Use_leap_seconds) VALUES (205, 'N');
INSERT INTO  oceanbase.__all_tenant_time_zone_name (Name, Time_zone_id) VALUES ('America/Swift_Current', 205);
INSERT INTO  oceanbase.__all_tenant_time_zone_transition (Time_zone_id, Transition_time, Transition_type_id) VALUES
 (205, -2030201320, 2)
,(205, -1632063600, 1)
,(205, -1614787200, 2)
,(205, -880210800, 3)
,(205, -769395600, 4)
,(205, -765388800, 2)
,(205, -747241200, 1)
,(205, -732729600, 2)
,(205, -715791600, 1)
,(205, -702489600, 2)
,(205, -684342000, 1)
,(205, -671040000, 2)
,(205, -652892400, 1)
,(205, -639590400, 2)
,(205, -400086000, 1)
,(205, -384364800, 2)
,(205, -337186800, 1)
,(205, -321465600, 2)
,(205, -305737200, 1)
,(205, -292435200, 2)
,(205, -273682800, 1)
,(205, -260985600, 2)
,(205, 73472400, 5)
;
INSERT INTO  oceanbase.__all_tenant_time_zone_transition_type (Time_zone_id, Transition_type_id, Offset, Is_DST, Abbreviation) VALUES
 (205, 0, -25880, 0, 'LMT')
,(205, 1, -21600, 1, 'MDT')
,(205, 2, -25200, 0, 'MST')
,(205, 3, -21600, 1, 'MWT')
,(205, 4, -21600, 1, 'MPT')
,(205, 5, -21600, 0, 'CST')
;
INSERT INTO oceanbase.__all_tenant_time_zone (Time_zone_id, Use_leap_seconds) VALUES (206, 'N');
INSERT INTO  oceanbase.__all_tenant_time_zone_name (Name, Time_zone_id) VALUES ('America/Tegucigalpa', 206);
INSERT INTO  oceanbase.__all_tenant_time_zone_transition (Time_zone_id, Transition_time, Transition_type_id) VALUES
 (206, -1538503868, 2)
,(206, 547020000, 1)
,(206, 559717200, 2)
,(206, 578469600, 1)
,(206, 591166800, 2)
,(206, 1146981600, 1)
,(206, 1154926800, 2)
;
INSERT INTO  oceanbase.__all_tenant_time_zone_transition_type (Time_zone_id, Transition_type_id, Offset, Is_DST, Abbreviation) VALUES
 (206, 0, -20932, 0, 'LMT')
,(206, 1, -18000, 1, 'CDT')
,(206, 2, -21600, 0, 'CST')
;
INSERT INTO oceanbase.__all_tenant_time_zone (Time_zone_id, Use_leap_seconds) VALUES (207, 'N');
INSERT INTO  oceanbase.__all_tenant_time_zone_name (Name, Time_zone_id) VALUES ('America/Thule', 207);
INSERT INTO  oceanbase.__all_tenant_time_zone_transition (Time_zone_id, Transition_time, Transition_type_id) VALUES
 (207, -1686079492, 2)
,(207, 670399200, 1)
,(207, 686120400, 2)
,(207, 701848800, 1)
,(207, 717570000, 2)
,(207, 733903200, 1)
,(207, 752043600, 2)
,(207, 765352800, 1)
,(207, 783493200, 2)
,(207, 796802400, 1)
,(207, 814942800, 2)
,(207, 828856800, 1)
,(207, 846392400, 2)
,(207, 860306400, 1)
,(207, 877842000, 2)
,(207, 891756000, 1)
,(207, 909291600, 2)
,(207, 923205600, 1)
,(207, 941346000, 2)
,(207, 954655200, 1)
,(207, 972795600, 2)
,(207, 986104800, 1)
,(207, 1004245200, 2)
,(207, 1018159200, 1)
,(207, 1035694800, 2)
,(207, 1049608800, 1)
,(207, 1067144400, 2)
,(207, 1081058400, 1)
,(207, 1099198800, 2)
,(207, 1112508000, 1)
,(207, 1130648400, 2)
,(207, 1143957600, 1)
,(207, 1162098000, 2)
,(207, 1173592800, 1)
,(207, 1194152400, 2)
,(207, 1205042400, 1)
,(207, 1225602000, 2)
,(207, 1236492000, 1)
,(207, 1257051600, 2)
,(207, 1268546400, 1)
,(207, 1289106000, 2)
,(207, 1299996000, 1)
,(207, 1320555600, 2)
,(207, 1331445600, 1)
,(207, 1352005200, 2)
,(207, 1362895200, 1)
,(207, 1383454800, 2)
,(207, 1394344800, 1)
,(207, 1414904400, 2)
,(207, 1425794400, 1)
,(207, 1446354000, 2)
,(207, 1457848800, 1)
,(207, 1478408400, 2)
,(207, 1489298400, 1)
,(207, 1509858000, 2)
,(207, 1520748000, 1)
,(207, 1541307600, 2)
,(207, 1552197600, 1)
,(207, 1572757200, 2)
,(207, 1583647200, 1)
,(207, 1604206800, 2)
,(207, 1615701600, 1)
,(207, 1636261200, 2)
,(207, 1647151200, 1)
,(207, 1667710800, 2)
,(207, 1678600800, 1)
,(207, 1699160400, 2)
,(207, 1710050400, 1)
,(207, 1730610000, 2)
,(207, 1741500000, 1)
,(207, 1762059600, 2)
,(207, 1772949600, 1)
,(207, 1793509200, 2)
,(207, 1805004000, 1)
,(207, 1825563600, 2)
,(207, 1836453600, 1)
,(207, 1857013200, 2)
,(207, 1867903200, 1)
,(207, 1888462800, 2)
,(207, 1899352800, 1)
,(207, 1919912400, 2)
,(207, 1930802400, 1)
,(207, 1951362000, 2)
,(207, 1962856800, 1)
,(207, 1983416400, 2)
,(207, 1994306400, 1)
,(207, 2014866000, 2)
,(207, 2025756000, 1)
,(207, 2046315600, 2)
,(207, 2057205600, 1)
,(207, 2077765200, 2)
,(207, 2088655200, 1)
,(207, 2109214800, 2)
,(207, 2120104800, 1)
,(207, 2140664400, 2)
;
INSERT INTO  oceanbase.__all_tenant_time_zone_transition_type (Time_zone_id, Transition_type_id, Offset, Is_DST, Abbreviation) VALUES
 (207, 0, -16508, 0, 'LMT')
,(207, 1, -10800, 1, 'ADT')
,(207, 2, -14400, 0, 'AST')
;
INSERT INTO oceanbase.__all_tenant_time_zone (Time_zone_id, Use_leap_seconds) VALUES (208, 'N');
INSERT INTO  oceanbase.__all_tenant_time_zone_name (Name, Time_zone_id) VALUES ('America/Thunder_Bay', 208);
INSERT INTO  oceanbase.__all_tenant_time_zone_transition (Time_zone_id, Transition_time, Transition_type_id) VALUES
 (208, -1893434400, 1)
,(208, -880218000, 2)
,(208, -769395600, 3)
,(208, -765396000, 1)
,(208, 9961200, 4)
,(208, 25682400, 1)
,(208, 41410800, 4)
,(208, 57736800, 1)
,(208, 73465200, 4)
,(208, 89186400, 1)
,(208, 136364400, 4)
,(208, 152085600, 1)
,(208, 167814000, 4)
,(208, 183535200, 1)
,(208, 199263600, 4)
,(208, 215589600, 1)
,(208, 230713200, 4)
,(208, 247039200, 1)
,(208, 262767600, 4)
,(208, 278488800, 1)
,(208, 294217200, 4)
,(208, 309938400, 1)
,(208, 325666800, 4)
,(208, 341388000, 1)
,(208, 357116400, 4)
,(208, 372837600, 1)
,(208, 388566000, 4)
,(208, 404892000, 1)
,(208, 420015600, 4)
,(208, 436341600, 1)
,(208, 452070000, 4)
,(208, 467791200, 1)
,(208, 483519600, 4)
,(208, 499240800, 1)
,(208, 514969200, 4)
,(208, 530690400, 1)
,(208, 544604400, 4)
,(208, 562140000, 1)
,(208, 576054000, 4)
,(208, 594194400, 1)
,(208, 607503600, 4)
,(208, 625644000, 1)
,(208, 638953200, 4)
,(208, 657093600, 1)
,(208, 671007600, 4)
,(208, 688543200, 1)
,(208, 702457200, 4)
,(208, 719992800, 1)
,(208, 733906800, 4)
,(208, 752047200, 1)
,(208, 765356400, 4)
,(208, 783496800, 1)
,(208, 796806000, 4)
,(208, 814946400, 1)
,(208, 828860400, 4)
,(208, 846396000, 1)
,(208, 860310000, 4)
,(208, 877845600, 1)
,(208, 891759600, 4)
,(208, 909295200, 1)
,(208, 923209200, 4)
,(208, 941349600, 1)
,(208, 954658800, 4)
,(208, 972799200, 1)
,(208, 986108400, 4)
,(208, 1004248800, 1)
,(208, 1018162800, 4)
,(208, 1035698400, 1)
,(208, 1049612400, 4)
,(208, 1067148000, 1)
,(208, 1081062000, 4)
,(208, 1099202400, 1)
,(208, 1112511600, 4)
,(208, 1130652000, 1)
,(208, 1143961200, 4)
,(208, 1162101600, 1)
,(208, 1173596400, 4)
,(208, 1194156000, 1)
,(208, 1205046000, 4)
,(208, 1225605600, 1)
,(208, 1236495600, 4)
,(208, 1257055200, 1)
,(208, 1268550000, 4)
,(208, 1289109600, 1)
,(208, 1299999600, 4)
,(208, 1320559200, 1)
,(208, 1331449200, 4)
,(208, 1352008800, 1)
,(208, 1362898800, 4)
,(208, 1383458400, 1)
,(208, 1394348400, 4)
,(208, 1414908000, 1)
,(208, 1425798000, 4)
,(208, 1446357600, 1)
,(208, 1457852400, 4)
,(208, 1478412000, 1)
,(208, 1489302000, 4)
,(208, 1509861600, 1)
,(208, 1520751600, 4)
,(208, 1541311200, 1)
,(208, 1552201200, 4)
,(208, 1572760800, 1)
,(208, 1583650800, 4)
,(208, 1604210400, 1)
,(208, 1615705200, 4)
,(208, 1636264800, 1)
,(208, 1647154800, 4)
,(208, 1667714400, 1)
,(208, 1678604400, 4)
,(208, 1699164000, 1)
,(208, 1710054000, 4)
,(208, 1730613600, 1)
,(208, 1741503600, 4)
,(208, 1762063200, 1)
,(208, 1772953200, 4)
,(208, 1793512800, 1)
,(208, 1805007600, 4)
,(208, 1825567200, 1)
,(208, 1836457200, 4)
,(208, 1857016800, 1)
,(208, 1867906800, 4)
,(208, 1888466400, 1)
,(208, 1899356400, 4)
,(208, 1919916000, 1)
,(208, 1930806000, 4)
,(208, 1951365600, 1)
,(208, 1962860400, 4)
,(208, 1983420000, 1)
,(208, 1994310000, 4)
,(208, 2014869600, 1)
,(208, 2025759600, 4)
,(208, 2046319200, 1)
,(208, 2057209200, 4)
,(208, 2077768800, 1)
,(208, 2088658800, 4)
,(208, 2109218400, 1)
,(208, 2120108400, 4)
,(208, 2140668000, 1)
;
INSERT INTO  oceanbase.__all_tenant_time_zone_transition_type (Time_zone_id, Transition_type_id, Offset, Is_DST, Abbreviation) VALUES
 (208, 0, -21600, 0, 'CST')
,(208, 1, -18000, 0, 'EST')
,(208, 2, -14400, 1, 'EWT')
,(208, 3, -14400, 1, 'EPT')
,(208, 4, -14400, 1, 'EDT')
;
INSERT INTO oceanbase.__all_tenant_time_zone (Time_zone_id, Use_leap_seconds) VALUES (209, 'N');
INSERT INTO  oceanbase.__all_tenant_time_zone_name (Name, Time_zone_id) VALUES ('America/Tijuana', 209);
INSERT INTO  oceanbase.__all_tenant_time_zone_transition (Time_zone_id, Transition_time, Transition_type_id) VALUES
 (209, -1514736000, 1)
,(209, -1451667600, 2)
,(209, -1343062800, 1)
,(209, -1234803600, 2)
,(209, -1222963200, 3)
,(209, -1207242000, 2)
,(209, -873820800, 4)
,(209, -769395600, 5)
,(209, -761677200, 2)
,(209, -686073600, 3)
,(209, -661539600, 2)
,(209, -495036000, 3)
,(209, -481734000, 2)
,(209, -463586400, 3)
,(209, -450284400, 2)
,(209, -431532000, 3)
,(209, -418230000, 2)
,(209, -400082400, 3)
,(209, -386780400, 2)
,(209, -368632800, 3)
,(209, -355330800, 2)
,(209, -337183200, 3)
,(209, -323881200, 2)
,(209, -305733600, 3)
,(209, -292431600, 2)
,(209, 199274400, 3)
,(209, 215600400, 2)
,(209, 230724000, 3)
,(209, 247050000, 2)
,(209, 262778400, 3)
,(209, 278499600, 2)
,(209, 294228000, 3)
,(209, 309949200, 2)
,(209, 325677600, 3)
,(209, 341398800, 2)
,(209, 357127200, 3)
,(209, 372848400, 2)
,(209, 388576800, 3)
,(209, 404902800, 2)
,(209, 420026400, 3)
,(209, 436352400, 2)
,(209, 452080800, 3)
,(209, 467802000, 2)
,(209, 483530400, 3)
,(209, 499251600, 2)
,(209, 514980000, 3)
,(209, 530701200, 2)
,(209, 544615200, 3)
,(209, 562150800, 2)
,(209, 576064800, 3)
,(209, 594205200, 2)
,(209, 607514400, 3)
,(209, 625654800, 2)
,(209, 638964000, 3)
,(209, 657104400, 2)
,(209, 671018400, 3)
,(209, 688554000, 2)
,(209, 702468000, 3)
,(209, 720003600, 2)
,(209, 733917600, 3)
,(209, 752058000, 2)
,(209, 765367200, 3)
,(209, 783507600, 2)
,(209, 796816800, 3)
,(209, 814957200, 2)
,(209, 828871200, 3)
,(209, 846406800, 2)
,(209, 860320800, 3)
,(209, 877856400, 2)
,(209, 891770400, 3)
,(209, 909306000, 2)
,(209, 923220000, 3)
,(209, 941360400, 2)
,(209, 954669600, 3)
,(209, 972810000, 2)
,(209, 986119200, 3)
,(209, 1004259600, 2)
,(209, 1018173600, 3)
,(209, 1035709200, 2)
,(209, 1049623200, 3)
,(209, 1067158800, 2)
,(209, 1081072800, 3)
,(209, 1099213200, 2)
,(209, 1112522400, 3)
,(209, 1130662800, 2)
,(209, 1143972000, 3)
,(209, 1162112400, 2)
,(209, 1175421600, 3)
,(209, 1193562000, 2)
,(209, 1207476000, 3)
,(209, 1225011600, 2)
,(209, 1238925600, 3)
,(209, 1256461200, 2)
,(209, 1268560800, 3)
,(209, 1289120400, 2)
,(209, 1300010400, 3)
,(209, 1320570000, 2)
,(209, 1331460000, 3)
,(209, 1352019600, 2)
,(209, 1362909600, 3)
,(209, 1383469200, 2)
,(209, 1394359200, 3)
,(209, 1414918800, 2)
,(209, 1425808800, 3)
,(209, 1446368400, 2)
,(209, 1457863200, 3)
,(209, 1478422800, 2)
,(209, 1489312800, 3)
,(209, 1509872400, 2)
,(209, 1520762400, 3)
,(209, 1541322000, 2)
,(209, 1552212000, 3)
,(209, 1572771600, 2)
,(209, 1583661600, 3)
,(209, 1604221200, 2)
,(209, 1615716000, 3)
,(209, 1636275600, 2)
,(209, 1647165600, 3)
,(209, 1667725200, 2)
,(209, 1678615200, 3)
,(209, 1699174800, 2)
,(209, 1710064800, 3)
,(209, 1730624400, 2)
,(209, 1741514400, 3)
,(209, 1762074000, 2)
,(209, 1772964000, 3)
,(209, 1793523600, 2)
,(209, 1805018400, 3)
,(209, 1825578000, 2)
,(209, 1836468000, 3)
,(209, 1857027600, 2)
,(209, 1867917600, 3)
,(209, 1888477200, 2)
,(209, 1899367200, 3)
,(209, 1919926800, 2)
,(209, 1930816800, 3)
,(209, 1951376400, 2)
,(209, 1962871200, 3)
,(209, 1983430800, 2)
,(209, 1994320800, 3)
,(209, 2014880400, 2)
,(209, 2025770400, 3)
,(209, 2046330000, 2)
,(209, 2057220000, 3)
,(209, 2077779600, 2)
,(209, 2088669600, 3)
,(209, 2109229200, 2)
,(209, 2120119200, 3)
,(209, 2140678800, 2)
;
INSERT INTO  oceanbase.__all_tenant_time_zone_transition_type (Time_zone_id, Transition_type_id, Offset, Is_DST, Abbreviation) VALUES
 (209, 0, -28084, 0, 'LMT')
,(209, 1, -25200, 0, 'MST')
,(209, 2, -28800, 0, 'PST')
,(209, 3, -25200, 1, 'PDT')
,(209, 4, -25200, 1, 'PWT')
,(209, 5, -25200, 1, 'PPT')
;
INSERT INTO oceanbase.__all_tenant_time_zone (Time_zone_id, Use_leap_seconds) VALUES (210, 'N');
INSERT INTO  oceanbase.__all_tenant_time_zone_name (Name, Time_zone_id) VALUES ('America/Toronto', 210);
INSERT INTO  oceanbase.__all_tenant_time_zone_transition (Time_zone_id, Transition_time, Transition_type_id) VALUES
 (210, -1632070800, 0)
,(210, -1614794400, 1)
,(210, -1601753400, 0)
,(210, -1583697600, 1)
,(210, -1567357200, 0)
,(210, -1554667200, 1)
,(210, -1534698000, 0)
,(210, -1524074400, 1)
,(210, -1503248400, 0)
,(210, -1492365600, 1)
,(210, -1471798800, 0)
,(210, -1460916000, 1)
,(210, -1440954000, 0)
,(210, -1428861600, 1)
,(210, -1409504400, 0)
,(210, -1397412000, 1)
,(210, -1378054800, 0)
,(210, -1365962400, 1)
,(210, -1346605200, 0)
,(210, -1333908000, 1)
,(210, -1315155600, 0)
,(210, -1301853600, 1)
,(210, -1283706000, 0)
,(210, -1270404000, 1)
,(210, -1252256400, 0)
,(210, -1238954400, 1)
,(210, -1220806800, 0)
,(210, -1207504800, 1)
,(210, -1188752400, 0)
,(210, -1176055200, 1)
,(210, -1157302800, 0)
,(210, -1144000800, 1)
,(210, -1125853200, 0)
,(210, -1112551200, 1)
,(210, -1094403600, 0)
,(210, -1081101600, 1)
,(210, -1062954000, 0)
,(210, -1049652000, 1)
,(210, -1031504400, 0)
,(210, -1018202400, 1)
,(210, -1000054800, 0)
,(210, -986752800, 1)
,(210, -968000400, 0)
,(210, -955303200, 1)
,(210, -936550800, 0)
,(210, -880218000, 2)
,(210, -769395600, 3)
,(210, -765396000, 1)
,(210, -747248400, 0)
,(210, -733946400, 1)
,(210, -715806000, 0)
,(210, -702504000, 1)
,(210, -684356400, 0)
,(210, -671054400, 1)
,(210, -652906800, 0)
,(210, -634161600, 1)
,(210, -620845200, 0)
,(210, -602704800, 1)
,(210, -589395600, 0)
,(210, -576093600, 1)
,(210, -557946000, 0)
,(210, -544644000, 1)
,(210, -526496400, 0)
,(210, -513194400, 1)
,(210, -495046800, 0)
,(210, -481744800, 1)
,(210, -463597200, 0)
,(210, -450295200, 1)
,(210, -431542800, 0)
,(210, -418240800, 1)
,(210, -400093200, 0)
,(210, -384372000, 1)
,(210, -368643600, 0)
,(210, -352922400, 1)
,(210, -337194000, 0)
,(210, -321472800, 1)
,(210, -305744400, 0)
,(210, -289418400, 1)
,(210, -273690000, 0)
,(210, -257968800, 1)
,(210, -242240400, 0)
,(210, -226519200, 1)
,(210, -210790800, 0)
,(210, -195069600, 1)
,(210, -179341200, 0)
,(210, -163620000, 1)
,(210, -147891600, 0)
,(210, -131565600, 1)
,(210, -116442000, 0)
,(210, -100116000, 1)
,(210, -84387600, 0)
,(210, -68666400, 1)
,(210, -52938000, 0)
,(210, -37216800, 1)
,(210, -21488400, 0)
,(210, -5767200, 1)
,(210, 9961200, 0)
,(210, 25682400, 1)
,(210, 41410800, 0)
,(210, 57736800, 1)
,(210, 73465200, 0)
,(210, 89186400, 1)
,(210, 104914800, 0)
,(210, 120636000, 1)
,(210, 136364400, 0)
,(210, 152085600, 1)
,(210, 167814000, 0)
,(210, 183535200, 1)
,(210, 199263600, 0)
,(210, 215589600, 1)
,(210, 230713200, 0)
,(210, 247039200, 1)
,(210, 262767600, 0)
,(210, 278488800, 1)
,(210, 294217200, 0)
,(210, 309938400, 1)
,(210, 325666800, 0)
,(210, 341388000, 1)
,(210, 357116400, 0)
,(210, 372837600, 1)
,(210, 388566000, 0)
,(210, 404892000, 1)
,(210, 420015600, 0)
,(210, 436341600, 1)
,(210, 452070000, 0)
,(210, 467791200, 1)
,(210, 483519600, 0)
,(210, 499240800, 1)
,(210, 514969200, 0)
,(210, 530690400, 1)
,(210, 544604400, 0)
,(210, 562140000, 1)
,(210, 576054000, 0)
,(210, 594194400, 1)
,(210, 607503600, 0)
,(210, 625644000, 1)
,(210, 638953200, 0)
,(210, 657093600, 1)
,(210, 671007600, 0)
,(210, 688543200, 1)
,(210, 702457200, 0)
,(210, 719992800, 1)
,(210, 733906800, 0)
,(210, 752047200, 1)
,(210, 765356400, 0)
,(210, 783496800, 1)
,(210, 796806000, 0)
,(210, 814946400, 1)
,(210, 828860400, 0)
,(210, 846396000, 1)
,(210, 860310000, 0)
,(210, 877845600, 1)
,(210, 891759600, 0)
,(210, 909295200, 1)
,(210, 923209200, 0)
,(210, 941349600, 1)
,(210, 954658800, 0)
,(210, 972799200, 1)
,(210, 986108400, 0)
,(210, 1004248800, 1)
,(210, 1018162800, 0)
,(210, 1035698400, 1)
,(210, 1049612400, 0)
,(210, 1067148000, 1)
,(210, 1081062000, 0)
,(210, 1099202400, 1)
,(210, 1112511600, 0)
,(210, 1130652000, 1)
,(210, 1143961200, 0)
,(210, 1162101600, 1)
,(210, 1173596400, 0)
,(210, 1194156000, 1)
,(210, 1205046000, 0)
,(210, 1225605600, 1)
,(210, 1236495600, 0)
,(210, 1257055200, 1)
,(210, 1268550000, 0)
,(210, 1289109600, 1)
,(210, 1299999600, 0)
,(210, 1320559200, 1)
,(210, 1331449200, 0)
,(210, 1352008800, 1)
,(210, 1362898800, 0)
,(210, 1383458400, 1)
,(210, 1394348400, 0)
,(210, 1414908000, 1)
,(210, 1425798000, 0)
,(210, 1446357600, 1)
,(210, 1457852400, 0)
,(210, 1478412000, 1)
,(210, 1489302000, 0)
,(210, 1509861600, 1)
,(210, 1520751600, 0)
,(210, 1541311200, 1)
,(210, 1552201200, 0)
,(210, 1572760800, 1)
,(210, 1583650800, 0)
,(210, 1604210400, 1)
,(210, 1615705200, 0)
,(210, 1636264800, 1)
,(210, 1647154800, 0)
,(210, 1667714400, 1)
,(210, 1678604400, 0)
,(210, 1699164000, 1)
,(210, 1710054000, 0)
,(210, 1730613600, 1)
,(210, 1741503600, 0)
,(210, 1762063200, 1)
,(210, 1772953200, 0)
,(210, 1793512800, 1)
,(210, 1805007600, 0)
,(210, 1825567200, 1)
,(210, 1836457200, 0)
,(210, 1857016800, 1)
,(210, 1867906800, 0)
,(210, 1888466400, 1)
,(210, 1899356400, 0)
,(210, 1919916000, 1)
,(210, 1930806000, 0)
,(210, 1951365600, 1)
,(210, 1962860400, 0)
,(210, 1983420000, 1)
,(210, 1994310000, 0)
,(210, 2014869600, 1)
,(210, 2025759600, 0)
,(210, 2046319200, 1)
,(210, 2057209200, 0)
,(210, 2077768800, 1)
,(210, 2088658800, 0)
,(210, 2109218400, 1)
,(210, 2120108400, 0)
,(210, 2140668000, 1)
;
INSERT INTO  oceanbase.__all_tenant_time_zone_transition_type (Time_zone_id, Transition_type_id, Offset, Is_DST, Abbreviation) VALUES
 (210, 0, -14400, 1, 'EDT')
,(210, 1, -18000, 0, 'EST')
,(210, 2, -14400, 1, 'EWT')
,(210, 3, -14400, 1, 'EPT')
;
INSERT INTO oceanbase.__all_tenant_time_zone (Time_zone_id, Use_leap_seconds) VALUES (211, 'N');
INSERT INTO  oceanbase.__all_tenant_time_zone_name (Name, Time_zone_id) VALUES ('America/Tortola', 211);
INSERT INTO  oceanbase.__all_tenant_time_zone_transition (Time_zone_id, Transition_time, Transition_type_id) VALUES
 (211, -1846266092, 1)
;
INSERT INTO  oceanbase.__all_tenant_time_zone_transition_type (Time_zone_id, Transition_type_id, Offset, Is_DST, Abbreviation) VALUES
 (211, 0, -15508, 0, 'LMT')
,(211, 1, -14400, 0, 'AST')
;
INSERT INTO oceanbase.__all_tenant_time_zone (Time_zone_id, Use_leap_seconds) VALUES (212, 'N');
INSERT INTO  oceanbase.__all_tenant_time_zone_name (Name, Time_zone_id) VALUES ('America/Vancouver', 212);
INSERT INTO  oceanbase.__all_tenant_time_zone_transition (Time_zone_id, Transition_time, Transition_type_id) VALUES
 (212, -1632060000, 0)
,(212, -1614783600, 1)
,(212, -880207200, 2)
,(212, -769395600, 3)
,(212, -765385200, 1)
,(212, -747237600, 0)
,(212, -732726000, 1)
,(212, -715788000, 0)
,(212, -702486000, 1)
,(212, -684338400, 0)
,(212, -671036400, 1)
,(212, -652888800, 0)
,(212, -639586800, 1)
,(212, -620834400, 0)
,(212, -608137200, 1)
,(212, -589384800, 0)
,(212, -576082800, 1)
,(212, -557935200, 0)
,(212, -544633200, 1)
,(212, -526485600, 0)
,(212, -513183600, 1)
,(212, -495036000, 0)
,(212, -481734000, 1)
,(212, -463586400, 0)
,(212, -450284400, 1)
,(212, -431532000, 0)
,(212, -418230000, 1)
,(212, -400082400, 0)
,(212, -386780400, 1)
,(212, -368632800, 0)
,(212, -355330800, 1)
,(212, -337183200, 0)
,(212, -323881200, 1)
,(212, -305733600, 0)
,(212, -292431600, 1)
,(212, -273679200, 0)
,(212, -260982000, 1)
,(212, -242229600, 0)
,(212, -226508400, 1)
,(212, -210780000, 0)
,(212, -195058800, 1)
,(212, -179330400, 0)
,(212, -163609200, 1)
,(212, -147880800, 0)
,(212, -131554800, 1)
,(212, -116431200, 0)
,(212, -100105200, 1)
,(212, -84376800, 0)
,(212, -68655600, 1)
,(212, -52927200, 0)
,(212, -37206000, 1)
,(212, -21477600, 0)
,(212, -5756400, 1)
,(212, 9972000, 0)
,(212, 25693200, 1)
,(212, 41421600, 0)
,(212, 57747600, 1)
,(212, 73476000, 0)
,(212, 89197200, 1)
,(212, 104925600, 0)
,(212, 120646800, 1)
,(212, 136375200, 0)
,(212, 152096400, 1)
,(212, 167824800, 0)
,(212, 183546000, 1)
,(212, 199274400, 0)
,(212, 215600400, 1)
,(212, 230724000, 0)
,(212, 247050000, 1)
,(212, 262778400, 0)
,(212, 278499600, 1)
,(212, 294228000, 0)
,(212, 309949200, 1)
,(212, 325677600, 0)
,(212, 341398800, 1)
,(212, 357127200, 0)
,(212, 372848400, 1)
,(212, 388576800, 0)
,(212, 404902800, 1)
,(212, 420026400, 0)
,(212, 436352400, 1)
,(212, 452080800, 0)
,(212, 467802000, 1)
,(212, 483530400, 0)
,(212, 499251600, 1)
,(212, 514980000, 0)
,(212, 530701200, 1)
,(212, 544615200, 0)
,(212, 562150800, 1)
,(212, 576064800, 0)
,(212, 594205200, 1)
,(212, 607514400, 0)
,(212, 625654800, 1)
,(212, 638964000, 0)
,(212, 657104400, 1)
,(212, 671018400, 0)
,(212, 688554000, 1)
,(212, 702468000, 0)
,(212, 720003600, 1)
,(212, 733917600, 0)
,(212, 752058000, 1)
,(212, 765367200, 0)
,(212, 783507600, 1)
,(212, 796816800, 0)
,(212, 814957200, 1)
,(212, 828871200, 0)
,(212, 846406800, 1)
,(212, 860320800, 0)
,(212, 877856400, 1)
,(212, 891770400, 0)
,(212, 909306000, 1)
,(212, 923220000, 0)
,(212, 941360400, 1)
,(212, 954669600, 0)
,(212, 972810000, 1)
,(212, 986119200, 0)
,(212, 1004259600, 1)
,(212, 1018173600, 0)
,(212, 1035709200, 1)
,(212, 1049623200, 0)
,(212, 1067158800, 1)
,(212, 1081072800, 0)
,(212, 1099213200, 1)
,(212, 1112522400, 0)
,(212, 1130662800, 1)
,(212, 1143972000, 0)
,(212, 1162112400, 1)
,(212, 1173607200, 0)
,(212, 1194166800, 1)
,(212, 1205056800, 0)
,(212, 1225616400, 1)
,(212, 1236506400, 0)
,(212, 1257066000, 1)
,(212, 1268560800, 0)
,(212, 1289120400, 1)
,(212, 1300010400, 0)
,(212, 1320570000, 1)
,(212, 1331460000, 0)
,(212, 1352019600, 1)
,(212, 1362909600, 0)
,(212, 1383469200, 1)
,(212, 1394359200, 0)
,(212, 1414918800, 1)
,(212, 1425808800, 0)
,(212, 1446368400, 1)
,(212, 1457863200, 0)
,(212, 1478422800, 1)
,(212, 1489312800, 0)
,(212, 1509872400, 1)
,(212, 1520762400, 0)
,(212, 1541322000, 1)
,(212, 1552212000, 0)
,(212, 1572771600, 1)
,(212, 1583661600, 0)
,(212, 1604221200, 1)
,(212, 1615716000, 0)
,(212, 1636275600, 1)
,(212, 1647165600, 0)
,(212, 1667725200, 1)
,(212, 1678615200, 0)
,(212, 1699174800, 1)
,(212, 1710064800, 0)
,(212, 1730624400, 1)
,(212, 1741514400, 0)
,(212, 1762074000, 1)
,(212, 1772964000, 0)
,(212, 1793523600, 1)
,(212, 1805018400, 0)
,(212, 1825578000, 1)
,(212, 1836468000, 0)
,(212, 1857027600, 1)
,(212, 1867917600, 0)
,(212, 1888477200, 1)
,(212, 1899367200, 0)
,(212, 1919926800, 1)
,(212, 1930816800, 0)
,(212, 1951376400, 1)
,(212, 1962871200, 0)
,(212, 1983430800, 1)
,(212, 1994320800, 0)
,(212, 2014880400, 1)
,(212, 2025770400, 0)
,(212, 2046330000, 1)
,(212, 2057220000, 0)
,(212, 2077779600, 1)
,(212, 2088669600, 0)
,(212, 2109229200, 1)
,(212, 2120119200, 0)
,(212, 2140678800, 1)
;
INSERT INTO  oceanbase.__all_tenant_time_zone_transition_type (Time_zone_id, Transition_type_id, Offset, Is_DST, Abbreviation) VALUES
 (212, 0, -25200, 1, 'PDT')
,(212, 1, -28800, 0, 'PST')
,(212, 2, -25200, 1, 'PWT')
,(212, 3, -25200, 1, 'PPT')
;
INSERT INTO oceanbase.__all_tenant_time_zone (Time_zone_id, Use_leap_seconds) VALUES (213, 'N');
INSERT INTO  oceanbase.__all_tenant_time_zone_name (Name, Time_zone_id) VALUES ('America/Virgin', 213);
INSERT INTO  oceanbase.__all_tenant_time_zone_transition (Time_zone_id, Transition_time, Transition_type_id) VALUES
 (213, -1846266016, 1)
;
INSERT INTO  oceanbase.__all_tenant_time_zone_transition_type (Time_zone_id, Transition_type_id, Offset, Is_DST, Abbreviation) VALUES
 (213, 0, -15584, 0, 'LMT')
,(213, 1, -14400, 0, 'AST')
;
INSERT INTO oceanbase.__all_tenant_time_zone (Time_zone_id, Use_leap_seconds) VALUES (214, 'N');
INSERT INTO  oceanbase.__all_tenant_time_zone_name (Name, Time_zone_id) VALUES ('America/Whitehorse', 214);
INSERT INTO  oceanbase.__all_tenant_time_zone_transition (Time_zone_id, Transition_time, Transition_type_id) VALUES
 (214, -1632056400, 0)
,(214, -1615125600, 1)
,(214, -1596978000, 0)
,(214, -1583164800, 1)
,(214, -880203600, 2)
,(214, -769395600, 3)
,(214, -765381600, 1)
,(214, -147884400, 4)
,(214, -131554800, 1)
,(214, -110552400, 5)
,(214, 325677600, 6)
,(214, 341398800, 5)
,(214, 357127200, 6)
,(214, 372848400, 5)
,(214, 388576800, 6)
,(214, 404902800, 5)
,(214, 420026400, 6)
,(214, 436352400, 5)
,(214, 452080800, 6)
,(214, 467802000, 5)
,(214, 483530400, 6)
,(214, 499251600, 5)
,(214, 514980000, 6)
,(214, 530701200, 5)
,(214, 544615200, 6)
,(214, 562150800, 5)
,(214, 576064800, 6)
,(214, 594205200, 5)
,(214, 607514400, 6)
,(214, 625654800, 5)
,(214, 638964000, 6)
,(214, 657104400, 5)
,(214, 671018400, 6)
,(214, 688554000, 5)
,(214, 702468000, 6)
,(214, 720003600, 5)
,(214, 733917600, 6)
,(214, 752058000, 5)
,(214, 765367200, 6)
,(214, 783507600, 5)
,(214, 796816800, 6)
,(214, 814957200, 5)
,(214, 828871200, 6)
,(214, 846406800, 5)
,(214, 860320800, 6)
,(214, 877856400, 5)
,(214, 891770400, 6)
,(214, 909306000, 5)
,(214, 923220000, 6)
,(214, 941360400, 5)
,(214, 954669600, 6)
,(214, 972810000, 5)
,(214, 986119200, 6)
,(214, 1004259600, 5)
,(214, 1018173600, 6)
,(214, 1035709200, 5)
,(214, 1049623200, 6)
,(214, 1067158800, 5)
,(214, 1081072800, 6)
,(214, 1099213200, 5)
,(214, 1112522400, 6)
,(214, 1130662800, 5)
,(214, 1143972000, 6)
,(214, 1162112400, 5)
,(214, 1173607200, 6)
,(214, 1194166800, 5)
,(214, 1205056800, 6)
,(214, 1225616400, 5)
,(214, 1236506400, 6)
,(214, 1257066000, 5)
,(214, 1268560800, 6)
,(214, 1289120400, 5)
,(214, 1300010400, 6)
,(214, 1320570000, 5)
,(214, 1331460000, 6)
,(214, 1352019600, 5)
,(214, 1362909600, 6)
,(214, 1383469200, 5)
,(214, 1394359200, 6)
,(214, 1414918800, 5)
,(214, 1425808800, 6)
,(214, 1446368400, 5)
,(214, 1457863200, 6)
,(214, 1478422800, 5)
,(214, 1489312800, 6)
,(214, 1509872400, 5)
,(214, 1520762400, 6)
,(214, 1541322000, 5)
,(214, 1552212000, 6)
,(214, 1572771600, 5)
,(214, 1583661600, 6)
,(214, 1604221200, 5)
,(214, 1615716000, 6)
,(214, 1636275600, 5)
,(214, 1647165600, 6)
,(214, 1667725200, 5)
,(214, 1678615200, 6)
,(214, 1699174800, 5)
,(214, 1710064800, 6)
,(214, 1730624400, 5)
,(214, 1741514400, 6)
,(214, 1762074000, 5)
,(214, 1772964000, 6)
,(214, 1793523600, 5)
,(214, 1805018400, 6)
,(214, 1825578000, 5)
,(214, 1836468000, 6)
,(214, 1857027600, 5)
,(214, 1867917600, 6)
,(214, 1888477200, 5)
,(214, 1899367200, 6)
,(214, 1919926800, 5)
,(214, 1930816800, 6)
,(214, 1951376400, 5)
,(214, 1962871200, 6)
,(214, 1983430800, 5)
,(214, 1994320800, 6)
,(214, 2014880400, 5)
,(214, 2025770400, 6)
,(214, 2046330000, 5)
,(214, 2057220000, 6)
,(214, 2077779600, 5)
,(214, 2088669600, 6)
,(214, 2109229200, 5)
,(214, 2120119200, 6)
,(214, 2140678800, 5)
;
INSERT INTO  oceanbase.__all_tenant_time_zone_transition_type (Time_zone_id, Transition_type_id, Offset, Is_DST, Abbreviation) VALUES
 (214, 0, -28800, 1, 'YDT')
,(214, 1, -32400, 0, 'YST')
,(214, 2, -28800, 1, 'YWT')
,(214, 3, -28800, 1, 'YPT')
,(214, 4, -25200, 1, 'YDDT')
,(214, 5, -28800, 0, 'PST')
,(214, 6, -25200, 1, 'PDT')
;
INSERT INTO oceanbase.__all_tenant_time_zone (Time_zone_id, Use_leap_seconds) VALUES (215, 'N');
INSERT INTO  oceanbase.__all_tenant_time_zone_name (Name, Time_zone_id) VALUES ('America/Winnipeg', 215);
INSERT INTO  oceanbase.__all_tenant_time_zone_transition (Time_zone_id, Transition_time, Transition_type_id) VALUES
 (215, -1694368800, 0)
,(215, -1681671600, 1)
,(215, -1632067200, 0)
,(215, -1614790800, 1)
,(215, -1029686400, 0)
,(215, -1018198800, 1)
,(215, -880214400, 2)
,(215, -769395600, 3)
,(215, -765392400, 1)
,(215, -746035200, 0)
,(215, -732733200, 1)
,(215, -715795200, 0)
,(215, -702493200, 1)
,(215, -684345600, 0)
,(215, -671043600, 1)
,(215, -652896000, 0)
,(215, -639594000, 1)
,(215, -620755200, 0)
,(215, -607626000, 1)
,(215, -589392000, 0)
,(215, -576090000, 1)
,(215, -557942400, 0)
,(215, -544640400, 1)
,(215, -526492800, 0)
,(215, -513190800, 1)
,(215, -495043200, 0)
,(215, -481741200, 1)
,(215, -463593600, 0)
,(215, -450291600, 1)
,(215, -431539200, 0)
,(215, -418237200, 1)
,(215, -400089600, 0)
,(215, -386787600, 1)
,(215, -368640000, 0)
,(215, -355338000, 1)
,(215, -337190400, 0)
,(215, -321469200, 1)
,(215, -305740800, 0)
,(215, -292438800, 1)
,(215, -210787200, 0)
,(215, -198090000, 1)
,(215, -116438400, 4)
,(215, -100108800, 5)
,(215, -84384000, 4)
,(215, -68659200, 5)
,(215, -52934400, 4)
,(215, -37209600, 5)
,(215, -21484800, 4)
,(215, -5760000, 5)
,(215, 9964800, 4)
,(215, 25689600, 5)
,(215, 41414400, 4)
,(215, 57744000, 5)
,(215, 73468800, 4)
,(215, 89193600, 5)
,(215, 104918400, 4)
,(215, 120643200, 5)
,(215, 136368000, 4)
,(215, 152092800, 5)
,(215, 167817600, 4)
,(215, 183542400, 5)
,(215, 199267200, 4)
,(215, 215596800, 5)
,(215, 230716800, 4)
,(215, 247046400, 5)
,(215, 262771200, 4)
,(215, 278496000, 5)
,(215, 294220800, 4)
,(215, 309945600, 5)
,(215, 325670400, 4)
,(215, 341395200, 5)
,(215, 357120000, 4)
,(215, 372844800, 5)
,(215, 388569600, 4)
,(215, 404899200, 5)
,(215, 420019200, 4)
,(215, 436348800, 5)
,(215, 452073600, 4)
,(215, 467798400, 5)
,(215, 483523200, 4)
,(215, 499248000, 5)
,(215, 514972800, 4)
,(215, 530697600, 5)
,(215, 544608000, 4)
,(215, 562147200, 5)
,(215, 576057600, 4)
,(215, 594201600, 5)
,(215, 607507200, 4)
,(215, 625651200, 5)
,(215, 638956800, 4)
,(215, 657100800, 5)
,(215, 671011200, 4)
,(215, 688550400, 5)
,(215, 702460800, 4)
,(215, 720000000, 5)
,(215, 733910400, 4)
,(215, 752054400, 5)
,(215, 765360000, 4)
,(215, 783504000, 5)
,(215, 796809600, 4)
,(215, 814953600, 5)
,(215, 828864000, 4)
,(215, 846403200, 5)
,(215, 860313600, 4)
,(215, 877852800, 5)
,(215, 891763200, 4)
,(215, 909302400, 5)
,(215, 923212800, 4)
,(215, 941356800, 5)
,(215, 954662400, 4)
,(215, 972806400, 5)
,(215, 986112000, 4)
,(215, 1004256000, 5)
,(215, 1018166400, 4)
,(215, 1035705600, 5)
,(215, 1049616000, 4)
,(215, 1067155200, 5)
,(215, 1081065600, 4)
,(215, 1099209600, 5)
,(215, 1112515200, 4)
,(215, 1130659200, 5)
,(215, 1136095200, 1)
,(215, 1143964800, 0)
,(215, 1162105200, 1)
,(215, 1173600000, 0)
,(215, 1194159600, 1)
,(215, 1205049600, 0)
,(215, 1225609200, 1)
,(215, 1236499200, 0)
,(215, 1257058800, 1)
,(215, 1268553600, 0)
,(215, 1289113200, 1)
,(215, 1300003200, 0)
,(215, 1320562800, 1)
,(215, 1331452800, 0)
,(215, 1352012400, 1)
,(215, 1362902400, 0)
,(215, 1383462000, 1)
,(215, 1394352000, 0)
,(215, 1414911600, 1)
,(215, 1425801600, 0)
,(215, 1446361200, 1)
,(215, 1457856000, 0)
,(215, 1478415600, 1)
,(215, 1489305600, 0)
,(215, 1509865200, 1)
,(215, 1520755200, 0)
,(215, 1541314800, 1)
,(215, 1552204800, 0)
,(215, 1572764400, 1)
,(215, 1583654400, 0)
,(215, 1604214000, 1)
,(215, 1615708800, 0)
,(215, 1636268400, 1)
,(215, 1647158400, 0)
,(215, 1667718000, 1)
,(215, 1678608000, 0)
,(215, 1699167600, 1)
,(215, 1710057600, 0)
,(215, 1730617200, 1)
,(215, 1741507200, 0)
,(215, 1762066800, 1)
,(215, 1772956800, 0)
,(215, 1793516400, 1)
,(215, 1805011200, 0)
,(215, 1825570800, 1)
,(215, 1836460800, 0)
,(215, 1857020400, 1)
,(215, 1867910400, 0)
,(215, 1888470000, 1)
,(215, 1899360000, 0)
,(215, 1919919600, 1)
,(215, 1930809600, 0)
,(215, 1951369200, 1)
,(215, 1962864000, 0)
,(215, 1983423600, 1)
,(215, 1994313600, 0)
,(215, 2014873200, 1)
,(215, 2025763200, 0)
,(215, 2046322800, 1)
,(215, 2057212800, 0)
,(215, 2077772400, 1)
,(215, 2088662400, 0)
,(215, 2109222000, 1)
,(215, 2120112000, 0)
,(215, 2140671600, 1)
;
INSERT INTO  oceanbase.__all_tenant_time_zone_transition_type (Time_zone_id, Transition_type_id, Offset, Is_DST, Abbreviation) VALUES
 (215, 0, -18000, 1, 'CDT')
,(215, 1, -21600, 0, 'CST')
,(215, 2, -18000, 1, 'CWT')
,(215, 3, -18000, 1, 'CPT')
,(215, 4, -18000, 1, 'CDT')
,(215, 5, -21600, 0, 'CST')
;
INSERT INTO oceanbase.__all_tenant_time_zone (Time_zone_id, Use_leap_seconds) VALUES (216, 'N');
INSERT INTO  oceanbase.__all_tenant_time_zone_name (Name, Time_zone_id) VALUES ('America/Yakutat', 216);
INSERT INTO  oceanbase.__all_tenant_time_zone_transition (Time_zone_id, Transition_time, Transition_type_id) VALUES
 (216, -880203600, 1)
,(216, -769395600, 2)
,(216, -765381600, 0)
,(216, -21474000, 3)
,(216, -5752800, 0)
,(216, 9975600, 3)
,(216, 25696800, 0)
,(216, 41425200, 3)
,(216, 57751200, 0)
,(216, 73479600, 3)
,(216, 89200800, 0)
,(216, 104929200, 3)
,(216, 120650400, 0)
,(216, 126702000, 3)
,(216, 152100000, 0)
,(216, 162385200, 3)
,(216, 183549600, 0)
,(216, 199278000, 3)
,(216, 215604000, 0)
,(216, 230727600, 3)
,(216, 247053600, 0)
,(216, 262782000, 3)
,(216, 278503200, 0)
,(216, 294231600, 3)
,(216, 309952800, 0)
,(216, 325681200, 3)
,(216, 341402400, 0)
,(216, 357130800, 3)
,(216, 372852000, 0)
,(216, 388580400, 3)
,(216, 404906400, 0)
,(216, 420030000, 3)
,(216, 436356000, 0)
,(216, 439030800, 5)
,(216, 452084400, 4)
,(216, 467805600, 5)
,(216, 483534000, 4)
,(216, 499255200, 5)
,(216, 514983600, 4)
,(216, 530704800, 5)
,(216, 544618800, 4)
,(216, 562154400, 5)
,(216, 576068400, 4)
,(216, 594208800, 5)
,(216, 607518000, 4)
,(216, 625658400, 5)
,(216, 638967600, 4)
,(216, 657108000, 5)
,(216, 671022000, 4)
,(216, 688557600, 5)
,(216, 702471600, 4)
,(216, 720007200, 5)
,(216, 733921200, 4)
,(216, 752061600, 5)
,(216, 765370800, 4)
,(216, 783511200, 5)
,(216, 796820400, 4)
,(216, 814960800, 5)
,(216, 828874800, 4)
,(216, 846410400, 5)
,(216, 860324400, 4)
,(216, 877860000, 5)
,(216, 891774000, 4)
,(216, 909309600, 5)
,(216, 923223600, 4)
,(216, 941364000, 5)
,(216, 954673200, 4)
,(216, 972813600, 5)
,(216, 986122800, 4)
,(216, 1004263200, 5)
,(216, 1018177200, 4)
,(216, 1035712800, 5)
,(216, 1049626800, 4)
,(216, 1067162400, 5)
,(216, 1081076400, 4)
,(216, 1099216800, 5)
,(216, 1112526000, 4)
,(216, 1130666400, 5)
,(216, 1143975600, 4)
,(216, 1162116000, 5)
,(216, 1173610800, 4)
,(216, 1194170400, 5)
,(216, 1205060400, 4)
,(216, 1225620000, 5)
,(216, 1236510000, 4)
,(216, 1257069600, 5)
,(216, 1268564400, 4)
,(216, 1289124000, 5)
,(216, 1300014000, 4)
,(216, 1320573600, 5)
,(216, 1331463600, 4)
,(216, 1352023200, 5)
,(216, 1362913200, 4)
,(216, 1383472800, 5)
,(216, 1394362800, 4)
,(216, 1414922400, 5)
,(216, 1425812400, 4)
,(216, 1446372000, 5)
,(216, 1457866800, 4)
,(216, 1478426400, 5)
,(216, 1489316400, 4)
,(216, 1509876000, 5)
,(216, 1520766000, 4)
,(216, 1541325600, 5)
,(216, 1552215600, 4)
,(216, 1572775200, 5)
,(216, 1583665200, 4)
,(216, 1604224800, 5)
,(216, 1615719600, 4)
,(216, 1636279200, 5)
,(216, 1647169200, 4)
,(216, 1667728800, 5)
,(216, 1678618800, 4)
,(216, 1699178400, 5)
,(216, 1710068400, 4)
,(216, 1730628000, 5)
,(216, 1741518000, 4)
,(216, 1762077600, 5)
,(216, 1772967600, 4)
,(216, 1793527200, 5)
,(216, 1805022000, 4)
,(216, 1825581600, 5)
,(216, 1836471600, 4)
,(216, 1857031200, 5)
,(216, 1867921200, 4)
,(216, 1888480800, 5)
,(216, 1899370800, 4)
,(216, 1919930400, 5)
,(216, 1930820400, 4)
,(216, 1951380000, 5)
,(216, 1962874800, 4)
,(216, 1983434400, 5)
,(216, 1994324400, 4)
,(216, 2014884000, 5)
,(216, 2025774000, 4)
,(216, 2046333600, 5)
,(216, 2057223600, 4)
,(216, 2077783200, 5)
,(216, 2088673200, 4)
,(216, 2109232800, 5)
,(216, 2120122800, 4)
,(216, 2140682400, 5)
;
INSERT INTO  oceanbase.__all_tenant_time_zone_transition_type (Time_zone_id, Transition_type_id, Offset, Is_DST, Abbreviation) VALUES
 (216, 0, -32400, 0, 'YST')
,(216, 1, -28800, 1, 'YWT')
,(216, 2, -28800, 1, 'YPT')
,(216, 3, -28800, 1, 'YDT')
,(216, 4, -28800, 1, 'AKDT')
,(216, 5, -32400, 0, 'AKST')
;
INSERT INTO oceanbase.__all_tenant_time_zone (Time_zone_id, Use_leap_seconds) VALUES (217, 'N');
INSERT INTO  oceanbase.__all_tenant_time_zone_name (Name, Time_zone_id) VALUES ('America/Yellowknife', 217);
INSERT INTO  oceanbase.__all_tenant_time_zone_transition (Time_zone_id, Transition_time, Transition_type_id) VALUES
 (217, -1104537600, 3)
,(217, -880210800, 1)
,(217, -769395600, 2)
,(217, -765388800, 3)
,(217, -147891600, 4)
,(217, -131562000, 3)
,(217, 325674000, 5)
,(217, 341395200, 3)
,(217, 357123600, 5)
,(217, 372844800, 3)
,(217, 388573200, 5)
,(217, 404899200, 3)
,(217, 420022800, 5)
,(217, 436348800, 3)
,(217, 452077200, 5)
,(217, 467798400, 3)
,(217, 483526800, 5)
,(217, 499248000, 3)
,(217, 514976400, 5)
,(217, 530697600, 3)
,(217, 544611600, 5)
,(217, 562147200, 3)
,(217, 576061200, 5)
,(217, 594201600, 3)
,(217, 607510800, 5)
,(217, 625651200, 3)
,(217, 638960400, 5)
,(217, 657100800, 3)
,(217, 671014800, 5)
,(217, 688550400, 3)
,(217, 702464400, 5)
,(217, 720000000, 3)
,(217, 733914000, 5)
,(217, 752054400, 3)
,(217, 765363600, 5)
,(217, 783504000, 3)
,(217, 796813200, 5)
,(217, 814953600, 3)
,(217, 828867600, 5)
,(217, 846403200, 3)
,(217, 860317200, 5)
,(217, 877852800, 3)
,(217, 891766800, 5)
,(217, 909302400, 3)
,(217, 923216400, 5)
,(217, 941356800, 3)
,(217, 954666000, 5)
,(217, 972806400, 3)
,(217, 986115600, 5)
,(217, 1004256000, 3)
,(217, 1018170000, 5)
,(217, 1035705600, 3)
,(217, 1049619600, 5)
,(217, 1067155200, 3)
,(217, 1081069200, 5)
,(217, 1099209600, 3)
,(217, 1112518800, 5)
,(217, 1130659200, 3)
,(217, 1143968400, 5)
,(217, 1162108800, 3)
,(217, 1173603600, 5)
,(217, 1194163200, 3)
,(217, 1205053200, 5)
,(217, 1225612800, 3)
,(217, 1236502800, 5)
,(217, 1257062400, 3)
,(217, 1268557200, 5)
,(217, 1289116800, 3)
,(217, 1300006800, 5)
,(217, 1320566400, 3)
,(217, 1331456400, 5)
,(217, 1352016000, 3)
,(217, 1362906000, 5)
,(217, 1383465600, 3)
,(217, 1394355600, 5)
,(217, 1414915200, 3)
,(217, 1425805200, 5)
,(217, 1446364800, 3)
,(217, 1457859600, 5)
,(217, 1478419200, 3)
,(217, 1489309200, 5)
,(217, 1509868800, 3)
,(217, 1520758800, 5)
,(217, 1541318400, 3)
,(217, 1552208400, 5)
,(217, 1572768000, 3)
,(217, 1583658000, 5)
,(217, 1604217600, 3)
,(217, 1615712400, 5)
,(217, 1636272000, 3)
,(217, 1647162000, 5)
,(217, 1667721600, 3)
,(217, 1678611600, 5)
,(217, 1699171200, 3)
,(217, 1710061200, 5)
,(217, 1730620800, 3)
,(217, 1741510800, 5)
,(217, 1762070400, 3)
,(217, 1772960400, 5)
,(217, 1793520000, 3)
,(217, 1805014800, 5)
,(217, 1825574400, 3)
,(217, 1836464400, 5)
,(217, 1857024000, 3)
,(217, 1867914000, 5)
,(217, 1888473600, 3)
,(217, 1899363600, 5)
,(217, 1919923200, 3)
,(217, 1930813200, 5)
,(217, 1951372800, 3)
,(217, 1962867600, 5)
,(217, 1983427200, 3)
,(217, 1994317200, 5)
,(217, 2014876800, 3)
,(217, 2025766800, 5)
,(217, 2046326400, 3)
,(217, 2057216400, 5)
,(217, 2077776000, 3)
,(217, 2088666000, 5)
,(217, 2109225600, 3)
,(217, 2120115600, 5)
,(217, 2140675200, 3)
;
INSERT INTO  oceanbase.__all_tenant_time_zone_transition_type (Time_zone_id, Transition_type_id, Offset, Is_DST, Abbreviation) VALUES
 (217, 0, 0, 0, 'zzz')
,(217, 1, -21600, 1, 'MWT')
,(217, 2, -21600, 1, 'MPT')
,(217, 3, -25200, 0, 'MST')
,(217, 4, -18000, 1, 'MDDT')
,(217, 5, -21600, 1, 'MDT')
;
INSERT INTO oceanbase.__all_tenant_time_zone (Time_zone_id, Use_leap_seconds) VALUES (218, 'N');
INSERT INTO  oceanbase.__all_tenant_time_zone_name (Name, Time_zone_id) VALUES ('Antarctica/Casey', 218);
INSERT INTO  oceanbase.__all_tenant_time_zone_transition (Time_zone_id, Transition_time, Transition_type_id) VALUES
 (218, -31536000, 1)
,(218, 1255802400, 2)
,(218, 1267714800, 1)
;
INSERT INTO  oceanbase.__all_tenant_time_zone_transition_type (Time_zone_id, Transition_type_id, Offset, Is_DST, Abbreviation) VALUES
 (218, 0, 0, 0, 'zzz')
,(218, 1, 28800, 0, 'WST')
,(218, 2, 39600, 0, 'CAST')
;
INSERT INTO oceanbase.__all_tenant_time_zone (Time_zone_id, Use_leap_seconds) VALUES (219, 'N');
INSERT INTO  oceanbase.__all_tenant_time_zone_name (Name, Time_zone_id) VALUES ('Antarctica/Davis', 219);
INSERT INTO  oceanbase.__all_tenant_time_zone_transition (Time_zone_id, Transition_time, Transition_type_id) VALUES
 (219, -409190400, 1)
,(219, -163062000, 0)
,(219, -28857600, 1)
,(219, 1255806000, 2)
,(219, 1268251200, 3)
;
INSERT INTO  oceanbase.__all_tenant_time_zone_transition_type (Time_zone_id, Transition_type_id, Offset, Is_DST, Abbreviation) VALUES
 (219, 0, 0, 0, 'zzz')
,(219, 1, 25200, 0, 'DAVT')
,(219, 2, 18000, 0, 'DAVT')
,(219, 3, 25200, 0, 'DAVT')
;
INSERT INTO oceanbase.__all_tenant_time_zone (Time_zone_id, Use_leap_seconds) VALUES (220, 'N');
INSERT INTO  oceanbase.__all_tenant_time_zone_name (Name, Time_zone_id) VALUES ('Antarctica/DumontDUrville', 220);
INSERT INTO  oceanbase.__all_tenant_time_zone_transition (Time_zone_id, Transition_time, Transition_type_id) VALUES
 (220, -725846400, 1)
,(220, -566992800, 0)
,(220, -415497600, 2)
;
INSERT INTO  oceanbase.__all_tenant_time_zone_transition_type (Time_zone_id, Transition_type_id, Offset, Is_DST, Abbreviation) VALUES
 (220, 0, 0, 0, 'zzz')
,(220, 1, 36000, 0, 'PMT')
,(220, 2, 36000, 0, 'DDUT')
;
INSERT INTO oceanbase.__all_tenant_time_zone (Time_zone_id, Use_leap_seconds) VALUES (221, 'N');
INSERT INTO  oceanbase.__all_tenant_time_zone_name (Name, Time_zone_id) VALUES ('Antarctica/Macquarie', 221);
INSERT INTO  oceanbase.__all_tenant_time_zone_transition (Time_zone_id, Transition_time, Transition_type_id) VALUES
 (221, -1861920000, 1)
,(221, -1680508800, 2)
,(221, -1665392400, 1)
,(221, -883641600, 2)
,(221, -876128400, 1)
,(221, -860400000, 2)
,(221, -844678800, 1)
,(221, -828345600, 2)
,(221, -813229200, 1)
,(221, -71136000, 3)
,(221, -55411200, 4)
,(221, -37267200, 3)
,(221, -25776000, 4)
,(221, -5817600, 3)
,(221, 5673600, 4)
,(221, 25632000, 3)
,(221, 37728000, 4)
,(221, 57686400, 3)
,(221, 67968000, 4)
,(221, 89136000, 3)
,(221, 100022400, 4)
,(221, 120585600, 3)
,(221, 131472000, 4)
,(221, 152035200, 3)
,(221, 162921600, 4)
,(221, 183484800, 3)
,(221, 194976000, 4)
,(221, 215539200, 3)
,(221, 226425600, 4)
,(221, 246988800, 3)
,(221, 257875200, 4)
,(221, 278438400, 3)
,(221, 289324800, 4)
,(221, 309888000, 3)
,(221, 320774400, 4)
,(221, 341337600, 3)
,(221, 352224000, 4)
,(221, 372787200, 3)
,(221, 386092800, 4)
,(221, 404841600, 3)
,(221, 417542400, 4)
,(221, 436291200, 3)
,(221, 447177600, 4)
,(221, 467740800, 3)
,(221, 478627200, 4)
,(221, 499190400, 3)
,(221, 510076800, 4)
,(221, 530035200, 3)
,(221, 542736000, 4)
,(221, 562089600, 3)
,(221, 574790400, 4)
,(221, 594144000, 3)
,(221, 606240000, 4)
,(221, 625593600, 3)
,(221, 637689600, 4)
,(221, 657043200, 3)
,(221, 670348800, 4)
,(221, 686678400, 3)
,(221, 701798400, 4)
,(221, 718128000, 3)
,(221, 733248000, 4)
,(221, 749577600, 3)
,(221, 764697600, 4)
,(221, 781027200, 3)
,(221, 796147200, 4)
,(221, 812476800, 3)
,(221, 828201600, 4)
,(221, 844531200, 3)
,(221, 859651200, 4)
,(221, 875980800, 3)
,(221, 891100800, 4)
,(221, 907430400, 3)
,(221, 922550400, 4)
,(221, 938880000, 3)
,(221, 954000000, 4)
,(221, 967305600, 3)
,(221, 985449600, 4)
,(221, 1002384000, 3)
,(221, 1017504000, 4)
,(221, 1033833600, 3)
,(221, 1048953600, 4)
,(221, 1065283200, 3)
,(221, 1080403200, 4)
,(221, 1096732800, 3)
,(221, 1111852800, 4)
,(221, 1128182400, 3)
,(221, 1143907200, 4)
,(221, 1159632000, 3)
,(221, 1174752000, 4)
,(221, 1191686400, 3)
,(221, 1207411200, 4)
,(221, 1223136000, 3)
,(221, 1238860800, 4)
,(221, 1254585600, 3)
,(221, 1270310400, 5)
;
INSERT INTO  oceanbase.__all_tenant_time_zone_transition_type (Time_zone_id, Transition_type_id, Offset, Is_DST, Abbreviation) VALUES
 (221, 0, 0, 0, 'zzz')
,(221, 1, 36000, 0, 'EST')
,(221, 2, 39600, 1, 'EST')
,(221, 3, 39600, 1, 'EST')
,(221, 4, 36000, 0, 'EST')
,(221, 5, 39600, 0, 'MIST')
;
INSERT INTO oceanbase.__all_tenant_time_zone (Time_zone_id, Use_leap_seconds) VALUES (222, 'N');
INSERT INTO  oceanbase.__all_tenant_time_zone_name (Name, Time_zone_id) VALUES ('Antarctica/Mawson', 222);
INSERT INTO  oceanbase.__all_tenant_time_zone_transition (Time_zone_id, Transition_time, Transition_type_id) VALUES
 (222, -501206400, 1)
,(222, 1255809600, 2)
;
INSERT INTO  oceanbase.__all_tenant_time_zone_transition_type (Time_zone_id, Transition_type_id, Offset, Is_DST, Abbreviation) VALUES
 (222, 0, 0, 0, 'zzz')
,(222, 1, 21600, 0, 'MAWT')
,(222, 2, 18000, 0, 'MAWT')
;
INSERT INTO oceanbase.__all_tenant_time_zone (Time_zone_id, Use_leap_seconds) VALUES (223, 'N');
INSERT INTO  oceanbase.__all_tenant_time_zone_name (Name, Time_zone_id) VALUES ('Antarctica/McMurdo', 223);
INSERT INTO  oceanbase.__all_tenant_time_zone_transition (Time_zone_id, Transition_time, Transition_type_id) VALUES
 (223, -441849600, 3)
,(223, 152632800, 1)
,(223, 162309600, 2)
,(223, 183477600, 1)
,(223, 194968800, 2)
,(223, 215532000, 1)
,(223, 226418400, 2)
,(223, 246981600, 1)
,(223, 257868000, 2)
,(223, 278431200, 1)
,(223, 289317600, 2)
,(223, 309880800, 1)
,(223, 320767200, 2)
,(223, 341330400, 1)
,(223, 352216800, 2)
,(223, 372780000, 1)
,(223, 384271200, 2)
,(223, 404834400, 1)
,(223, 415720800, 2)
,(223, 436284000, 1)
,(223, 447170400, 2)
,(223, 467733600, 1)
,(223, 478620000, 2)
,(223, 499183200, 1)
,(223, 510069600, 2)
,(223, 530632800, 1)
,(223, 541519200, 2)
,(223, 562082400, 1)
,(223, 573573600, 2)
,(223, 594136800, 1)
,(223, 605023200, 2)
,(223, 623772000, 1)
,(223, 637682400, 2)
,(223, 655221600, 1)
,(223, 669132000, 2)
,(223, 686671200, 1)
,(223, 700581600, 2)
,(223, 718120800, 1)
,(223, 732636000, 2)
,(223, 749570400, 1)
,(223, 764085600, 2)
,(223, 781020000, 1)
,(223, 795535200, 2)
,(223, 812469600, 1)
,(223, 826984800, 2)
,(223, 844524000, 1)
,(223, 858434400, 2)
,(223, 875973600, 1)
,(223, 889884000, 2)
,(223, 907423200, 1)
,(223, 921938400, 2)
,(223, 938872800, 1)
,(223, 953388000, 2)
,(223, 970322400, 1)
,(223, 984837600, 2)
,(223, 1002376800, 1)
,(223, 1016287200, 2)
,(223, 1033826400, 1)
,(223, 1047736800, 2)
,(223, 1065276000, 1)
,(223, 1079791200, 2)
,(223, 1096725600, 1)
,(223, 1111240800, 2)
,(223, 1128175200, 1)
,(223, 1142690400, 2)
,(223, 1159624800, 1)
,(223, 1174140000, 2)
,(223, 1191074400, 1)
,(223, 1207404000, 2)
,(223, 1222524000, 1)
,(223, 1238853600, 2)
,(223, 1253973600, 1)
,(223, 1270303200, 2)
,(223, 1285423200, 1)
,(223, 1301752800, 2)
,(223, 1316872800, 1)
,(223, 1333202400, 2)
,(223, 1348927200, 1)
,(223, 1365256800, 2)
,(223, 1380376800, 1)
,(223, 1396706400, 2)
,(223, 1411826400, 1)
,(223, 1428156000, 2)
,(223, 1443276000, 1)
,(223, 1459605600, 2)
,(223, 1474725600, 1)
,(223, 1491055200, 2)
,(223, 1506175200, 1)
,(223, 1522504800, 2)
,(223, 1538229600, 1)
,(223, 1554559200, 2)
,(223, 1569679200, 1)
,(223, 1586008800, 2)
,(223, 1601128800, 1)
,(223, 1617458400, 2)
,(223, 1632578400, 1)
,(223, 1648908000, 2)
,(223, 1664028000, 1)
,(223, 1680357600, 2)
,(223, 1695477600, 1)
,(223, 1712412000, 2)
,(223, 1727532000, 1)
,(223, 1743861600, 2)
,(223, 1758981600, 1)
,(223, 1775311200, 2)
,(223, 1790431200, 1)
,(223, 1806760800, 2)
,(223, 1821880800, 1)
,(223, 1838210400, 2)
,(223, 1853330400, 1)
,(223, 1869660000, 2)
,(223, 1885384800, 1)
,(223, 1901714400, 2)
,(223, 1916834400, 1)
,(223, 1933164000, 2)
,(223, 1948284000, 1)
,(223, 1964613600, 2)
,(223, 1979733600, 1)
,(223, 1996063200, 2)
,(223, 2011183200, 1)
,(223, 2027512800, 2)
,(223, 2042632800, 1)
,(223, 2058962400, 2)
,(223, 2074687200, 1)
,(223, 2091016800, 2)
,(223, 2106136800, 1)
,(223, 2122466400, 2)
,(223, 2137586400, 1)
;
INSERT INTO  oceanbase.__all_tenant_time_zone_transition_type (Time_zone_id, Transition_type_id, Offset, Is_DST, Abbreviation) VALUES
 (223, 0, 0, 0, 'zzz')
,(223, 1, 46800, 1, 'NZDT')
,(223, 2, 43200, 0, 'NZST')
,(223, 3, 43200, 0, 'NZST')
;
INSERT INTO oceanbase.__all_tenant_time_zone (Time_zone_id, Use_leap_seconds) VALUES (224, 'N');
INSERT INTO  oceanbase.__all_tenant_time_zone_name (Name, Time_zone_id) VALUES ('Antarctica/Palmer', 224);
INSERT INTO  oceanbase.__all_tenant_time_zone_transition (Time_zone_id, Transition_time, Transition_type_id) VALUES
 (224, -157766400, 2)
,(224, -152658000, 1)
,(224, -132955200, 2)
,(224, -121122000, 1)
,(224, -101419200, 2)
,(224, -86821200, 1)
,(224, -71092800, 2)
,(224, -54766800, 1)
,(224, -39038400, 2)
,(224, -23317200, 1)
,(224, -7588800, 4)
,(224, 128142000, 3)
,(224, 136605600, 4)
,(224, 389070000, 7)
,(224, 403070400, 5)
,(224, 416372400, 6)
,(224, 434520000, 5)
,(224, 447822000, 6)
,(224, 466574400, 5)
,(224, 479271600, 6)
,(224, 498024000, 5)
,(224, 510721200, 6)
,(224, 529473600, 5)
,(224, 545194800, 6)
,(224, 560923200, 5)
,(224, 574225200, 6)
,(224, 591768000, 5)
,(224, 605674800, 6)
,(224, 624427200, 5)
,(224, 637729200, 6)
,(224, 653457600, 5)
,(224, 668574000, 6)
,(224, 687326400, 5)
,(224, 700628400, 6)
,(224, 718776000, 5)
,(224, 732078000, 6)
,(224, 750225600, 5)
,(224, 763527600, 6)
,(224, 781675200, 5)
,(224, 794977200, 6)
,(224, 813729600, 5)
,(224, 826426800, 6)
,(224, 845179200, 5)
,(224, 859690800, 6)
,(224, 876628800, 5)
,(224, 889930800, 6)
,(224, 906868800, 5)
,(224, 923194800, 6)
,(224, 939528000, 5)
,(224, 952830000, 6)
,(224, 971582400, 5)
,(224, 984279600, 6)
,(224, 1003032000, 5)
,(224, 1015729200, 6)
,(224, 1034481600, 5)
,(224, 1047178800, 6)
,(224, 1065931200, 5)
,(224, 1079233200, 6)
,(224, 1097380800, 5)
,(224, 1110682800, 6)
,(224, 1128830400, 5)
,(224, 1142132400, 6)
,(224, 1160884800, 5)
,(224, 1173582000, 6)
,(224, 1192334400, 5)
,(224, 1205031600, 6)
,(224, 1223784000, 5)
,(224, 1237086000, 6)
,(224, 1255233600, 5)
,(224, 1268535600, 6)
,(224, 1286683200, 5)
,(224, 1299985200, 6)
,(224, 1318132800, 5)
,(224, 1331434800, 6)
,(224, 1350187200, 5)
,(224, 1362884400, 6)
,(224, 1381636800, 5)
,(224, 1394334000, 6)
,(224, 1413086400, 5)
,(224, 1426388400, 6)
,(224, 1444536000, 5)
,(224, 1457838000, 6)
,(224, 1475985600, 5)
,(224, 1489287600, 6)
,(224, 1508040000, 5)
,(224, 1520737200, 6)
,(224, 1539489600, 5)
,(224, 1552186800, 6)
,(224, 1570939200, 5)
,(224, 1584241200, 6)
,(224, 1602388800, 5)
,(224, 1615690800, 6)
,(224, 1633838400, 5)
,(224, 1647140400, 6)
,(224, 1665288000, 5)
,(224, 1678590000, 6)
,(224, 1697342400, 5)
,(224, 1710039600, 6)
,(224, 1728792000, 5)
,(224, 1741489200, 6)
,(224, 1760241600, 5)
,(224, 1773543600, 6)
,(224, 1791691200, 5)
,(224, 1804993200, 6)
,(224, 1823140800, 5)
,(224, 1836442800, 6)
,(224, 1855195200, 5)
,(224, 1867892400, 6)
,(224, 1886644800, 5)
,(224, 1899342000, 6)
,(224, 1918094400, 5)
,(224, 1930791600, 6)
,(224, 1949544000, 5)
,(224, 1962846000, 6)
,(224, 1980993600, 5)
,(224, 1994295600, 6)
,(224, 2012443200, 5)
,(224, 2025745200, 6)
,(224, 2044497600, 5)
,(224, 2057194800, 6)
,(224, 2075947200, 5)
,(224, 2088644400, 6)
,(224, 2107396800, 5)
,(224, 2120698800, 6)
,(224, 2138846400, 5)
;
INSERT INTO  oceanbase.__all_tenant_time_zone_transition_type (Time_zone_id, Transition_type_id, Offset, Is_DST, Abbreviation) VALUES
 (224, 0, 0, 0, 'zzz')
,(224, 1, -14400, 0, 'ART')
,(224, 2, -10800, 1, 'ARST')
,(224, 3, -7200, 1, 'ARST')
,(224, 4, -10800, 0, 'ART')
,(224, 5, -10800, 1, 'CLST')
,(224, 6, -14400, 0, 'CLT')
,(224, 7, -14400, 0, 'CLT')
;
INSERT INTO oceanbase.__all_tenant_time_zone (Time_zone_id, Use_leap_seconds) VALUES (225, 'N');
INSERT INTO  oceanbase.__all_tenant_time_zone_name (Name, Time_zone_id) VALUES ('Antarctica/Rothera', 225);
INSERT INTO  oceanbase.__all_tenant_time_zone_transition (Time_zone_id, Transition_time, Transition_type_id) VALUES
 (225, 218246400, 1)
;
INSERT INTO  oceanbase.__all_tenant_time_zone_transition_type (Time_zone_id, Transition_type_id, Offset, Is_DST, Abbreviation) VALUES
 (225, 0, 0, 0, 'zzz')
,(225, 1, -10800, 0, 'ROTT')
;
INSERT INTO oceanbase.__all_tenant_time_zone (Time_zone_id, Use_leap_seconds) VALUES (226, 'N');
INSERT INTO  oceanbase.__all_tenant_time_zone_name (Name, Time_zone_id) VALUES ('Antarctica/South_Pole', 226);
INSERT INTO  oceanbase.__all_tenant_time_zone_transition (Time_zone_id, Transition_time, Transition_type_id) VALUES
 (226, -441849600, 3)
,(226, 152632800, 1)
,(226, 162309600, 2)
,(226, 183477600, 1)
,(226, 194968800, 2)
,(226, 215532000, 1)
,(226, 226418400, 2)
,(226, 246981600, 1)
,(226, 257868000, 2)
,(226, 278431200, 1)
,(226, 289317600, 2)
,(226, 309880800, 1)
,(226, 320767200, 2)
,(226, 341330400, 1)
,(226, 352216800, 2)
,(226, 372780000, 1)
,(226, 384271200, 2)
,(226, 404834400, 1)
,(226, 415720800, 2)
,(226, 436284000, 1)
,(226, 447170400, 2)
,(226, 467733600, 1)
,(226, 478620000, 2)
,(226, 499183200, 1)
,(226, 510069600, 2)
,(226, 530632800, 1)
,(226, 541519200, 2)
,(226, 562082400, 1)
,(226, 573573600, 2)
,(226, 594136800, 1)
,(226, 605023200, 2)
,(226, 623772000, 1)
,(226, 637682400, 2)
,(226, 655221600, 1)
,(226, 669132000, 2)
,(226, 686671200, 1)
,(226, 700581600, 2)
,(226, 718120800, 1)
,(226, 732636000, 2)
,(226, 749570400, 1)
,(226, 764085600, 2)
,(226, 781020000, 1)
,(226, 795535200, 2)
,(226, 812469600, 1)
,(226, 826984800, 2)
,(226, 844524000, 1)
,(226, 858434400, 2)
,(226, 875973600, 1)
,(226, 889884000, 2)
,(226, 907423200, 1)
,(226, 921938400, 2)
,(226, 938872800, 1)
,(226, 953388000, 2)
,(226, 970322400, 1)
,(226, 984837600, 2)
,(226, 1002376800, 1)
,(226, 1016287200, 2)
,(226, 1033826400, 1)
,(226, 1047736800, 2)
,(226, 1065276000, 1)
,(226, 1079791200, 2)
,(226, 1096725600, 1)
,(226, 1111240800, 2)
,(226, 1128175200, 1)
,(226, 1142690400, 2)
,(226, 1159624800, 1)
,(226, 1174140000, 2)
,(226, 1191074400, 1)
,(226, 1207404000, 2)
,(226, 1222524000, 1)
,(226, 1238853600, 2)
,(226, 1253973600, 1)
,(226, 1270303200, 2)
,(226, 1285423200, 1)
,(226, 1301752800, 2)
,(226, 1316872800, 1)
,(226, 1333202400, 2)
,(226, 1348927200, 1)
,(226, 1365256800, 2)
,(226, 1380376800, 1)
,(226, 1396706400, 2)
,(226, 1411826400, 1)
,(226, 1428156000, 2)
,(226, 1443276000, 1)
,(226, 1459605600, 2)
,(226, 1474725600, 1)
,(226, 1491055200, 2)
,(226, 1506175200, 1)
,(226, 1522504800, 2)
,(226, 1538229600, 1)
,(226, 1554559200, 2)
,(226, 1569679200, 1)
,(226, 1586008800, 2)
,(226, 1601128800, 1)
,(226, 1617458400, 2)
,(226, 1632578400, 1)
,(226, 1648908000, 2)
,(226, 1664028000, 1)
,(226, 1680357600, 2)
,(226, 1695477600, 1)
,(226, 1712412000, 2)
,(226, 1727532000, 1)
,(226, 1743861600, 2)
,(226, 1758981600, 1)
,(226, 1775311200, 2)
,(226, 1790431200, 1)
,(226, 1806760800, 2)
,(226, 1821880800, 1)
,(226, 1838210400, 2)
,(226, 1853330400, 1)
,(226, 1869660000, 2)
,(226, 1885384800, 1)
,(226, 1901714400, 2)
,(226, 1916834400, 1)
,(226, 1933164000, 2)
,(226, 1948284000, 1)
,(226, 1964613600, 2)
,(226, 1979733600, 1)
,(226, 1996063200, 2)
,(226, 2011183200, 1)
,(226, 2027512800, 2)
,(226, 2042632800, 1)
,(226, 2058962400, 2)
,(226, 2074687200, 1)
,(226, 2091016800, 2)
,(226, 2106136800, 1)
,(226, 2122466400, 2)
,(226, 2137586400, 1)
;
INSERT INTO  oceanbase.__all_tenant_time_zone_transition_type (Time_zone_id, Transition_type_id, Offset, Is_DST, Abbreviation) VALUES
 (226, 0, 0, 0, 'zzz')
,(226, 1, 46800, 1, 'NZDT')
,(226, 2, 43200, 0, 'NZST')
,(226, 3, 43200, 0, 'NZST')
;
INSERT INTO oceanbase.__all_tenant_time_zone (Time_zone_id, Use_leap_seconds) VALUES (227, 'N');
INSERT INTO  oceanbase.__all_tenant_time_zone_name (Name, Time_zone_id) VALUES ('Antarctica/Syowa', 227);
INSERT INTO  oceanbase.__all_tenant_time_zone_transition (Time_zone_id, Transition_time, Transition_type_id) VALUES
 (227, -407808000, 1)
;
INSERT INTO  oceanbase.__all_tenant_time_zone_transition_type (Time_zone_id, Transition_type_id, Offset, Is_DST, Abbreviation) VALUES
 (227, 0, 0, 0, 'zzz')
,(227, 1, 10800, 0, 'SYOT')
;
INSERT INTO oceanbase.__all_tenant_time_zone (Time_zone_id, Use_leap_seconds) VALUES (228, 'N');
INSERT INTO  oceanbase.__all_tenant_time_zone_name (Name, Time_zone_id) VALUES ('Antarctica/Vostok', 228);
INSERT INTO  oceanbase.__all_tenant_time_zone_transition (Time_zone_id, Transition_time, Transition_type_id) VALUES
 (228, -380073600, 1)
;
INSERT INTO  oceanbase.__all_tenant_time_zone_transition_type (Time_zone_id, Transition_type_id, Offset, Is_DST, Abbreviation) VALUES
 (228, 0, 0, 0, 'zzz')
,(228, 1, 21600, 0, 'VOST')
;
INSERT INTO oceanbase.__all_tenant_time_zone (Time_zone_id, Use_leap_seconds) VALUES (229, 'N');
INSERT INTO  oceanbase.__all_tenant_time_zone_name (Name, Time_zone_id) VALUES ('Arctic/Longyearbyen', 229);
INSERT INTO  oceanbase.__all_tenant_time_zone_transition (Time_zone_id, Transition_time, Transition_type_id) VALUES
 (229, -1691884800, 0)
,(229, -1680573600, 1)
,(229, -927511200, 0)
,(229, -857257200, 2)
,(229, -844556400, 3)
,(229, -828226800, 2)
,(229, -812502000, 3)
,(229, -796777200, 2)
,(229, -781052400, 3)
,(229, -765327600, 2)
,(229, -340844400, 3)
,(229, -324514800, 2)
,(229, -308790000, 3)
,(229, -293065200, 2)
,(229, -277340400, 3)
,(229, -261615600, 2)
,(229, -245890800, 3)
,(229, -230166000, 2)
,(229, -214441200, 3)
,(229, -198716400, 2)
,(229, -182991600, 3)
,(229, -166662000, 2)
,(229, -147913200, 3)
,(229, -135212400, 2)
,(229, 315529200, 1)
,(229, 323830800, 4)
,(229, 338950800, 5)
,(229, 354675600, 4)
,(229, 370400400, 5)
,(229, 386125200, 4)
,(229, 401850000, 5)
,(229, 417574800, 4)
,(229, 433299600, 5)
,(229, 449024400, 4)
,(229, 465354000, 5)
,(229, 481078800, 4)
,(229, 496803600, 5)
,(229, 512528400, 4)
,(229, 528253200, 5)
,(229, 543978000, 4)
,(229, 559702800, 5)
,(229, 575427600, 4)
,(229, 591152400, 5)
,(229, 606877200, 4)
,(229, 622602000, 5)
,(229, 638326800, 4)
,(229, 654656400, 5)
,(229, 670381200, 4)
,(229, 686106000, 5)
,(229, 701830800, 4)
,(229, 717555600, 5)
,(229, 733280400, 4)
,(229, 749005200, 5)
,(229, 764730000, 4)
,(229, 780454800, 5)
,(229, 796179600, 4)
,(229, 811904400, 5)
,(229, 828234000, 4)
,(229, 846378000, 5)
,(229, 859683600, 4)
,(229, 877827600, 5)
,(229, 891133200, 4)
,(229, 909277200, 5)
,(229, 922582800, 4)
,(229, 941331600, 5)
,(229, 954032400, 4)
,(229, 972781200, 5)
,(229, 985482000, 4)
,(229, 1004230800, 5)
,(229, 1017536400, 4)
,(229, 1035680400, 5)
,(229, 1048986000, 4)
,(229, 1067130000, 5)
,(229, 1080435600, 4)
,(229, 1099184400, 5)
,(229, 1111885200, 4)
,(229, 1130634000, 5)
,(229, 1143334800, 4)
,(229, 1162083600, 5)
,(229, 1174784400, 4)
,(229, 1193533200, 5)
,(229, 1206838800, 4)
,(229, 1224982800, 5)
,(229, 1238288400, 4)
,(229, 1256432400, 5)
,(229, 1269738000, 4)
,(229, 1288486800, 5)
,(229, 1301187600, 4)
,(229, 1319936400, 5)
,(229, 1332637200, 4)
,(229, 1351386000, 5)
,(229, 1364691600, 4)
,(229, 1382835600, 5)
,(229, 1396141200, 4)
,(229, 1414285200, 5)
,(229, 1427590800, 4)
,(229, 1445734800, 5)
,(229, 1459040400, 4)
,(229, 1477789200, 5)
,(229, 1490490000, 4)
,(229, 1509238800, 5)
,(229, 1521939600, 4)
,(229, 1540688400, 5)
,(229, 1553994000, 4)
,(229, 1572138000, 5)
,(229, 1585443600, 4)
,(229, 1603587600, 5)
,(229, 1616893200, 4)
,(229, 1635642000, 5)
,(229, 1648342800, 4)
,(229, 1667091600, 5)
,(229, 1679792400, 4)
,(229, 1698541200, 5)
,(229, 1711846800, 4)
,(229, 1729990800, 5)
,(229, 1743296400, 4)
,(229, 1761440400, 5)
,(229, 1774746000, 4)
,(229, 1792890000, 5)
,(229, 1806195600, 4)
,(229, 1824944400, 5)
,(229, 1837645200, 4)
,(229, 1856394000, 5)
,(229, 1869094800, 4)
,(229, 1887843600, 5)
,(229, 1901149200, 4)
,(229, 1919293200, 5)
,(229, 1932598800, 4)
,(229, 1950742800, 5)
,(229, 1964048400, 4)
,(229, 1982797200, 5)
,(229, 1995498000, 4)
,(229, 2014246800, 5)
,(229, 2026947600, 4)
,(229, 2045696400, 5)
,(229, 2058397200, 4)
,(229, 2077146000, 5)
,(229, 2090451600, 4)
,(229, 2108595600, 5)
,(229, 2121901200, 4)
,(229, 2140045200, 5)
;
INSERT INTO  oceanbase.__all_tenant_time_zone_transition_type (Time_zone_id, Transition_type_id, Offset, Is_DST, Abbreviation) VALUES
 (229, 0, 7200, 1, 'CEST')
,(229, 1, 3600, 0, 'CET')
,(229, 2, 3600, 0, 'CET')
,(229, 3, 7200, 1, 'CEST')
,(229, 4, 7200, 1, 'CEST')
,(229, 5, 3600, 0, 'CET')
;
INSERT INTO oceanbase.__all_tenant_time_zone (Time_zone_id, Use_leap_seconds) VALUES (230, 'N');
INSERT INTO  oceanbase.__all_tenant_time_zone_name (Name, Time_zone_id) VALUES ('Asia/Aden', 230);
INSERT INTO  oceanbase.__all_tenant_time_zone_transition (Time_zone_id, Transition_time, Transition_type_id) VALUES
 (230, -631162848, 1)
;
INSERT INTO  oceanbase.__all_tenant_time_zone_transition_type (Time_zone_id, Transition_type_id, Offset, Is_DST, Abbreviation) VALUES
 (230, 0, 10848, 0, 'LMT')
,(230, 1, 10800, 0, 'AST')
;
INSERT INTO oceanbase.__all_tenant_time_zone (Time_zone_id, Use_leap_seconds) VALUES (231, 'N');
INSERT INTO  oceanbase.__all_tenant_time_zone_name (Name, Time_zone_id) VALUES ('Asia/Almaty', 231);
INSERT INTO  oceanbase.__all_tenant_time_zone_transition (Time_zone_id, Transition_time, Transition_type_id) VALUES
 (231, -1441170468, 1)
,(231, -1247547600, 3)
,(231, 354909600, 2)
,(231, 370717200, 3)
,(231, 386445600, 2)
,(231, 402253200, 3)
,(231, 417981600, 2)
,(231, 433789200, 3)
,(231, 449604000, 2)
,(231, 465336000, 4)
,(231, 481060800, 5)
,(231, 496785600, 4)
,(231, 512510400, 5)
,(231, 528235200, 4)
,(231, 543960000, 5)
,(231, 559684800, 4)
,(231, 575409600, 5)
,(231, 591134400, 4)
,(231, 606859200, 5)
,(231, 622584000, 4)
,(231, 638308800, 5)
,(231, 654638400, 4)
,(231, 662666400, 3)
,(231, 701802000, 2)
,(231, 717523200, 3)
,(231, 733262400, 5)
,(231, 748987200, 4)
,(231, 764712000, 5)
,(231, 780436800, 4)
,(231, 796161600, 5)
,(231, 811886400, 4)
,(231, 828216000, 5)
,(231, 846360000, 4)
,(231, 859665600, 5)
,(231, 877809600, 4)
,(231, 891115200, 5)
,(231, 909259200, 4)
,(231, 922564800, 5)
,(231, 941313600, 4)
,(231, 954014400, 5)
,(231, 972763200, 4)
,(231, 985464000, 5)
,(231, 1004212800, 4)
,(231, 1017518400, 5)
,(231, 1035662400, 4)
,(231, 1048968000, 5)
,(231, 1067112000, 4)
,(231, 1080417600, 5)
,(231, 1099166400, 4)
,(231, 1110823200, 3)
;
INSERT INTO  oceanbase.__all_tenant_time_zone_transition_type (Time_zone_id, Transition_type_id, Offset, Is_DST, Abbreviation) VALUES
 (231, 0, 18468, 0, 'LMT')
,(231, 1, 18000, 0, 'ALMT')
,(231, 2, 25200, 1, 'ALMST')
,(231, 3, 21600, 0, 'ALMT')
,(231, 4, 21600, 0, 'ALMT')
,(231, 5, 25200, 1, 'ALMST')
;
INSERT INTO oceanbase.__all_tenant_time_zone (Time_zone_id, Use_leap_seconds) VALUES (232, 'N');
INSERT INTO  oceanbase.__all_tenant_time_zone_name (Name, Time_zone_id) VALUES ('Asia/Amman', 232);
INSERT INTO  oceanbase.__all_tenant_time_zone_transition (Time_zone_id, Transition_time, Transition_type_id) VALUES
 (232, -1230776624, 2)
,(232, 108165600, 1)
,(232, 118270800, 2)
,(232, 136591200, 1)
,(232, 149806800, 2)
,(232, 168127200, 1)
,(232, 181342800, 2)
,(232, 199749600, 1)
,(232, 215643600, 2)
,(232, 231285600, 1)
,(232, 244501200, 2)
,(232, 262735200, 1)
,(232, 275950800, 2)
,(232, 481154400, 1)
,(232, 496962000, 2)
,(232, 512949600, 1)
,(232, 528670800, 2)
,(232, 544399200, 1)
,(232, 560120400, 2)
,(232, 575848800, 1)
,(232, 592174800, 2)
,(232, 610581600, 1)
,(232, 623624400, 2)
,(232, 641167200, 1)
,(232, 655074000, 2)
,(232, 671839200, 1)
,(232, 685918800, 2)
,(232, 702856800, 1)
,(232, 717973200, 2)
,(232, 733701600, 1)
,(232, 749422800, 2)
,(232, 765151200, 1)
,(232, 779662800, 2)
,(232, 797205600, 1)
,(232, 811116000, 3)
,(232, 828655200, 1)
,(232, 843170400, 3)
,(232, 860104800, 1)
,(232, 874620000, 3)
,(232, 891554400, 1)
,(232, 906069600, 3)
,(232, 930780000, 4)
,(232, 938124000, 3)
,(232, 954367200, 4)
,(232, 970178400, 3)
,(232, 985816800, 4)
,(232, 1001628000, 3)
,(232, 1017352800, 1)
,(232, 1033077600, 3)
,(232, 1048802400, 1)
,(232, 1066946400, 3)
,(232, 1080252000, 1)
,(232, 1097791200, 3)
,(232, 1112306400, 1)
,(232, 1128031200, 3)
,(232, 1143756000, 1)
,(232, 1161900000, 3)
,(232, 1175205600, 1)
,(232, 1193349600, 3)
,(232, 1206655200, 1)
,(232, 1225404000, 3)
,(232, 1238104800, 1)
,(232, 1256853600, 3)
,(232, 1269554400, 1)
,(232, 1288303200, 3)
,(232, 1301608800, 1)
,(232, 1319752800, 3)
,(232, 1333058400, 1)
,(232, 1351202400, 3)
,(232, 1364508000, 1)
,(232, 1382652000, 3)
,(232, 1395957600, 1)
,(232, 1414706400, 3)
,(232, 1427407200, 1)
,(232, 1446156000, 3)
,(232, 1459461600, 1)
,(232, 1477605600, 3)
,(232, 1490911200, 1)
,(232, 1509055200, 3)
,(232, 1522360800, 1)
,(232, 1540504800, 3)
,(232, 1553810400, 1)
,(232, 1571954400, 3)
,(232, 1585260000, 1)
,(232, 1604008800, 3)
,(232, 1616709600, 1)
,(232, 1635458400, 3)
,(232, 1648764000, 1)
,(232, 1666908000, 3)
,(232, 1680213600, 1)
,(232, 1698357600, 3)
,(232, 1711663200, 1)
,(232, 1729807200, 3)
,(232, 1743112800, 1)
,(232, 1761861600, 3)
,(232, 1774562400, 1)
,(232, 1793311200, 3)
,(232, 1806012000, 1)
,(232, 1824760800, 3)
,(232, 1838066400, 1)
,(232, 1856210400, 3)
,(232, 1869516000, 1)
,(232, 1887660000, 3)
,(232, 1900965600, 1)
,(232, 1919109600, 3)
,(232, 1932415200, 1)
,(232, 1951164000, 3)
,(232, 1963864800, 1)
,(232, 1982613600, 3)
,(232, 1995919200, 1)
,(232, 2014063200, 3)
,(232, 2027368800, 1)
,(232, 2045512800, 3)
,(232, 2058818400, 1)
,(232, 2076962400, 3)
,(232, 2090268000, 1)
,(232, 2109016800, 3)
,(232, 2121717600, 1)
,(232, 2140466400, 3)
;
INSERT INTO  oceanbase.__all_tenant_time_zone_transition_type (Time_zone_id, Transition_type_id, Offset, Is_DST, Abbreviation) VALUES
 (232, 0, 8624, 0, 'LMT')
,(232, 1, 10800, 1, 'EEST')
,(232, 2, 7200, 0, 'EET')
,(232, 3, 7200, 0, 'EET')
,(232, 4, 10800, 1, 'EEST')
;
INSERT INTO oceanbase.__all_tenant_time_zone (Time_zone_id, Use_leap_seconds) VALUES (233, 'N');
INSERT INTO  oceanbase.__all_tenant_time_zone_name (Name, Time_zone_id) VALUES ('Asia/Anadyr', 233);
INSERT INTO  oceanbase.__all_tenant_time_zone_transition (Time_zone_id, Transition_time, Transition_type_id) VALUES
 (233, -1441194596, 1)
,(233, -1247572800, 3)
,(233, 354884400, 2)
,(233, 370692000, 3)
,(233, 386420400, 4)
,(233, 402231600, 1)
,(233, 417960000, 4)
,(233, 433767600, 1)
,(233, 449582400, 4)
,(233, 465314400, 5)
,(233, 481039200, 6)
,(233, 496764000, 5)
,(233, 512488800, 6)
,(233, 528213600, 5)
,(233, 543938400, 6)
,(233, 559663200, 5)
,(233, 575388000, 6)
,(233, 591112800, 5)
,(233, 606837600, 6)
,(233, 622562400, 5)
,(233, 638287200, 6)
,(233, 654616800, 5)
,(233, 670341600, 7)
,(233, 686070000, 8)
,(233, 695746800, 5)
,(233, 701780400, 4)
,(233, 717501600, 1)
,(233, 733240800, 6)
,(233, 748965600, 5)
,(233, 764690400, 6)
,(233, 780415200, 5)
,(233, 796140000, 6)
,(233, 811864800, 5)
,(233, 828194400, 6)
,(233, 846338400, 5)
,(233, 859644000, 6)
,(233, 877788000, 5)
,(233, 891093600, 6)
,(233, 909237600, 5)
,(233, 922543200, 6)
,(233, 941292000, 5)
,(233, 953992800, 6)
,(233, 972741600, 5)
,(233, 985442400, 6)
,(233, 1004191200, 5)
,(233, 1017496800, 6)
,(233, 1035640800, 5)
,(233, 1048946400, 6)
,(233, 1067090400, 5)
,(233, 1080396000, 6)
,(233, 1099144800, 5)
,(233, 1111845600, 6)
,(233, 1130594400, 5)
,(233, 1143295200, 6)
,(233, 1162044000, 5)
,(233, 1174744800, 6)
,(233, 1193493600, 5)
,(233, 1206799200, 6)
,(233, 1224943200, 5)
,(233, 1238248800, 6)
,(233, 1256392800, 5)
,(233, 1269698400, 7)
,(233, 1288450800, 8)
,(233, 1301151600, 5)
;
INSERT INTO  oceanbase.__all_tenant_time_zone_transition_type (Time_zone_id, Transition_type_id, Offset, Is_DST, Abbreviation) VALUES
 (233, 0, 42596, 0, 'LMT')
,(233, 1, 43200, 0, 'ANAT')
,(233, 2, 50400, 1, 'ANAST')
,(233, 3, 46800, 0, 'ANAT')
,(233, 4, 46800, 1, 'ANAST')
,(233, 5, 43200, 0, 'ANAT')
,(233, 6, 46800, 1, 'ANAST')
,(233, 7, 43200, 1, 'ANAST')
,(233, 8, 39600, 0, 'ANAT')
;
INSERT INTO oceanbase.__all_tenant_time_zone (Time_zone_id, Use_leap_seconds) VALUES (234, 'N');
INSERT INTO  oceanbase.__all_tenant_time_zone_name (Name, Time_zone_id) VALUES ('Asia/Aqtau', 234);
INSERT INTO  oceanbase.__all_tenant_time_zone_transition (Time_zone_id, Transition_time, Transition_type_id) VALUES
 (234, -1441164064, 1)
,(234, -1247544000, 2)
,(234, -220942800, 3)
,(234, 370724400, 4)
,(234, 386445600, 5)
,(234, 402256800, 3)
,(234, 417985200, 5)
,(234, 433792800, 3)
,(234, 449607600, 5)
,(234, 465339600, 6)
,(234, 481064400, 7)
,(234, 496789200, 6)
,(234, 512514000, 7)
,(234, 528238800, 6)
,(234, 543963600, 7)
,(234, 559688400, 6)
,(234, 575413200, 7)
,(234, 591138000, 6)
,(234, 606862800, 7)
,(234, 622587600, 6)
,(234, 638312400, 7)
,(234, 654642000, 6)
,(234, 662670000, 3)
,(234, 692823600, 9)
,(234, 701805600, 8)
,(234, 717526800, 9)
,(234, 733266000, 10)
,(234, 748990800, 11)
,(234, 764715600, 10)
,(234, 780440400, 11)
,(234, 796165200, 12)
,(234, 811893600, 13)
,(234, 828223200, 12)
,(234, 846367200, 13)
,(234, 859672800, 12)
,(234, 877816800, 13)
,(234, 891122400, 12)
,(234, 909266400, 13)
,(234, 922572000, 12)
,(234, 941320800, 13)
,(234, 954021600, 12)
,(234, 972770400, 13)
,(234, 985471200, 12)
,(234, 1004220000, 13)
,(234, 1017525600, 12)
,(234, 1035669600, 13)
,(234, 1048975200, 12)
,(234, 1067119200, 13)
,(234, 1080424800, 12)
,(234, 1099173600, 13)
,(234, 1110830400, 9)
;
INSERT INTO  oceanbase.__all_tenant_time_zone_transition_type (Time_zone_id, Transition_type_id, Offset, Is_DST, Abbreviation) VALUES
 (234, 0, 12064, 0, 'LMT')
,(234, 1, 14400, 0, 'FORT')
,(234, 2, 18000, 0, 'FORT')
,(234, 3, 18000, 0, 'SHET')
,(234, 4, 21600, 0, 'SHET')
,(234, 5, 21600, 1, 'SHEST')
,(234, 6, 18000, 0, 'SHET')
,(234, 7, 21600, 1, 'SHEST')
,(234, 8, 21600, 1, 'AQTST')
,(234, 9, 18000, 0, 'AQTT')
,(234, 10, 21600, 1, 'AQTST')
,(234, 11, 18000, 0, 'AQTT')
,(234, 12, 18000, 1, 'AQTST')
,(234, 13, 14400, 0, 'AQTT')
,(234, 14, 14400, 0, 'AQTT')
;
INSERT INTO oceanbase.__all_tenant_time_zone (Time_zone_id, Use_leap_seconds) VALUES (235, 'N');
INSERT INTO  oceanbase.__all_tenant_time_zone_name (Name, Time_zone_id) VALUES ('Asia/Aqtobe', 235);
INSERT INTO  oceanbase.__all_tenant_time_zone_transition (Time_zone_id, Transition_time, Transition_type_id) VALUES
 (235, -1441165720, 1)
,(235, -1247544000, 2)
,(235, 354913200, 3)
,(235, 370720800, 4)
,(235, 386445600, 3)
,(235, 402256800, 2)
,(235, 417985200, 3)
,(235, 433792800, 2)
,(235, 449607600, 3)
,(235, 465339600, 5)
,(235, 481064400, 6)
,(235, 496789200, 5)
,(235, 512514000, 6)
,(235, 528238800, 5)
,(235, 543963600, 6)
,(235, 559688400, 5)
,(235, 575413200, 6)
,(235, 591138000, 5)
,(235, 606862800, 6)
,(235, 622587600, 5)
,(235, 638312400, 6)
,(235, 654642000, 5)
,(235, 662670000, 2)
,(235, 692823600, 8)
,(235, 701805600, 7)
,(235, 717526800, 8)
,(235, 733266000, 9)
,(235, 748990800, 10)
,(235, 764715600, 9)
,(235, 780440400, 10)
,(235, 796165200, 9)
,(235, 811890000, 10)
,(235, 828219600, 9)
,(235, 846363600, 10)
,(235, 859669200, 9)
,(235, 877813200, 10)
,(235, 891118800, 9)
,(235, 909262800, 10)
,(235, 922568400, 9)
,(235, 941317200, 10)
,(235, 954018000, 9)
,(235, 972766800, 10)
,(235, 985467600, 9)
,(235, 1004216400, 10)
,(235, 1017522000, 9)
,(235, 1035666000, 10)
,(235, 1048971600, 9)
,(235, 1067115600, 10)
,(235, 1080421200, 9)
,(235, 1099170000, 10)
,(235, 1110826800, 8)
;
INSERT INTO  oceanbase.__all_tenant_time_zone_transition_type (Time_zone_id, Transition_type_id, Offset, Is_DST, Abbreviation) VALUES
 (235, 0, 13720, 0, 'LMT')
,(235, 1, 14400, 0, 'AKTT')
,(235, 2, 18000, 0, 'AKTT')
,(235, 3, 21600, 1, 'AKTST')
,(235, 4, 21600, 0, 'AKTT')
,(235, 5, 18000, 0, 'AKTT')
,(235, 6, 21600, 1, 'AKTST')
,(235, 7, 21600, 1, 'AQTST')
,(235, 8, 18000, 0, 'AQTT')
,(235, 9, 21600, 1, 'AQTST')
,(235, 10, 18000, 0, 'AQTT')
;
INSERT INTO oceanbase.__all_tenant_time_zone (Time_zone_id, Use_leap_seconds) VALUES (236, 'N');
INSERT INTO  oceanbase.__all_tenant_time_zone_name (Name, Time_zone_id) VALUES ('Asia/Ashgabat', 236);
INSERT INTO  oceanbase.__all_tenant_time_zone_transition (Time_zone_id, Transition_time, Transition_type_id) VALUES
 (236, -1441166012, 1)
,(236, -1247544000, 3)
,(236, 354913200, 2)
,(236, 370720800, 3)
,(236, 386449200, 2)
,(236, 402256800, 3)
,(236, 417985200, 2)
,(236, 433792800, 3)
,(236, 449607600, 2)
,(236, 465339600, 4)
,(236, 481064400, 5)
,(236, 496789200, 4)
,(236, 512514000, 5)
,(236, 528238800, 4)
,(236, 543963600, 5)
,(236, 559688400, 4)
,(236, 575413200, 5)
,(236, 591138000, 4)
,(236, 606862800, 5)
,(236, 622587600, 4)
,(236, 638312400, 5)
,(236, 654642000, 4)
,(236, 670366800, 6)
,(236, 686095200, 7)
,(236, 688507200, 8)
,(236, 695772000, 9)
;
INSERT INTO  oceanbase.__all_tenant_time_zone_transition_type (Time_zone_id, Transition_type_id, Offset, Is_DST, Abbreviation) VALUES
 (236, 0, 14012, 0, 'LMT')
,(236, 1, 14400, 0, 'ASHT')
,(236, 2, 21600, 1, 'ASHST')
,(236, 3, 18000, 0, 'ASHT')
,(236, 4, 18000, 0, 'ASHT')
,(236, 5, 21600, 1, 'ASHST')
,(236, 6, 18000, 1, 'ASHST')
,(236, 7, 14400, 0, 'ASHT')
,(236, 8, 14400, 0, 'TMT')
,(236, 9, 18000, 0, 'TMT')
;
INSERT INTO oceanbase.__all_tenant_time_zone (Time_zone_id, Use_leap_seconds) VALUES (237, 'N');
INSERT INTO  oceanbase.__all_tenant_time_zone_name (Name, Time_zone_id) VALUES ('Asia/Ashkhabad', 237);
INSERT INTO  oceanbase.__all_tenant_time_zone_transition (Time_zone_id, Transition_time, Transition_type_id) VALUES
 (237, -1441166012, 1)
,(237, -1247544000, 3)
,(237, 354913200, 2)
,(237, 370720800, 3)
,(237, 386449200, 2)
,(237, 402256800, 3)
,(237, 417985200, 2)
,(237, 433792800, 3)
,(237, 449607600, 2)
,(237, 465339600, 4)
,(237, 481064400, 5)
,(237, 496789200, 4)
,(237, 512514000, 5)
,(237, 528238800, 4)
,(237, 543963600, 5)
,(237, 559688400, 4)
,(237, 575413200, 5)
,(237, 591138000, 4)
,(237, 606862800, 5)
,(237, 622587600, 4)
,(237, 638312400, 5)
,(237, 654642000, 4)
,(237, 670366800, 6)
,(237, 686095200, 7)
,(237, 688507200, 8)
,(237, 695772000, 9)
;
INSERT INTO  oceanbase.__all_tenant_time_zone_transition_type (Time_zone_id, Transition_type_id, Offset, Is_DST, Abbreviation) VALUES
 (237, 0, 14012, 0, 'LMT')
,(237, 1, 14400, 0, 'ASHT')
,(237, 2, 21600, 1, 'ASHST')
,(237, 3, 18000, 0, 'ASHT')
,(237, 4, 18000, 0, 'ASHT')
,(237, 5, 21600, 1, 'ASHST')
,(237, 6, 18000, 1, 'ASHST')
,(237, 7, 14400, 0, 'ASHT')
,(237, 8, 14400, 0, 'TMT')
,(237, 9, 18000, 0, 'TMT')
;
INSERT INTO oceanbase.__all_tenant_time_zone (Time_zone_id, Use_leap_seconds) VALUES (238, 'N');
INSERT INTO  oceanbase.__all_tenant_time_zone_name (Name, Time_zone_id) VALUES ('Asia/Baghdad', 238);
INSERT INTO  oceanbase.__all_tenant_time_zone_transition (Time_zone_id, Transition_time, Transition_type_id) VALUES
 (238, -1641005856, 1)
,(238, 389048400, 2)
,(238, 402264000, 1)
,(238, 417906000, 2)
,(238, 433800000, 1)
,(238, 449614800, 2)
,(238, 465422400, 1)
,(238, 481150800, 2)
,(238, 496792800, 3)
,(238, 512517600, 4)
,(238, 528242400, 3)
,(238, 543967200, 4)
,(238, 559692000, 3)
,(238, 575416800, 4)
,(238, 591141600, 3)
,(238, 606866400, 4)
,(238, 622591200, 3)
,(238, 638316000, 4)
,(238, 654645600, 3)
,(238, 670464000, 4)
,(238, 686275200, 3)
,(238, 702086400, 4)
,(238, 717897600, 3)
,(238, 733622400, 4)
,(238, 749433600, 3)
,(238, 765158400, 4)
,(238, 780969600, 3)
,(238, 796694400, 4)
,(238, 812505600, 3)
,(238, 828316800, 4)
,(238, 844128000, 3)
,(238, 859852800, 4)
,(238, 875664000, 3)
,(238, 891388800, 4)
,(238, 907200000, 3)
,(238, 922924800, 4)
,(238, 938736000, 3)
,(238, 954547200, 4)
,(238, 970358400, 3)
,(238, 986083200, 4)
,(238, 1001894400, 3)
,(238, 1017619200, 4)
,(238, 1033430400, 3)
,(238, 1049155200, 4)
,(238, 1064966400, 3)
,(238, 1080777600, 4)
,(238, 1096588800, 3)
,(238, 1112313600, 4)
,(238, 1128124800, 3)
,(238, 1143849600, 4)
,(238, 1159660800, 3)
,(238, 1175385600, 4)
,(238, 1191196800, 3)
;
INSERT INTO  oceanbase.__all_tenant_time_zone_transition_type (Time_zone_id, Transition_type_id, Offset, Is_DST, Abbreviation) VALUES
 (238, 0, 10656, 0, 'BMT')
,(238, 1, 10800, 0, 'AST')
,(238, 2, 14400, 1, 'ADT')
,(238, 3, 10800, 0, 'AST')
,(238, 4, 14400, 1, 'ADT')
;
INSERT INTO oceanbase.__all_tenant_time_zone (Time_zone_id, Use_leap_seconds) VALUES (239, 'N');
INSERT INTO  oceanbase.__all_tenant_time_zone_name (Name, Time_zone_id) VALUES ('Asia/Bahrain', 239);
INSERT INTO  oceanbase.__all_tenant_time_zone_transition (Time_zone_id, Transition_time, Transition_type_id) VALUES
 (239, -1577935340, 1)
,(239, 76190400, 2)
;
INSERT INTO  oceanbase.__all_tenant_time_zone_transition_type (Time_zone_id, Transition_type_id, Offset, Is_DST, Abbreviation) VALUES
 (239, 0, 12140, 0, 'LMT')
,(239, 1, 14400, 0, 'GST')
,(239, 2, 10800, 0, 'AST')
;
INSERT INTO oceanbase.__all_tenant_time_zone (Time_zone_id, Use_leap_seconds) VALUES (240, 'N');
INSERT INTO  oceanbase.__all_tenant_time_zone_name (Name, Time_zone_id) VALUES ('Asia/Baku', 240);
INSERT INTO  oceanbase.__all_tenant_time_zone_transition (Time_zone_id, Transition_time, Transition_type_id) VALUES
 (240, -1441163964, 1)
,(240, -405140400, 3)
,(240, 354916800, 2)
,(240, 370724400, 3)
,(240, 386452800, 2)
,(240, 402260400, 3)
,(240, 417988800, 2)
,(240, 433796400, 3)
,(240, 449611200, 2)
,(240, 465343200, 4)
,(240, 481068000, 5)
,(240, 496792800, 4)
,(240, 512517600, 5)
,(240, 528242400, 4)
,(240, 543967200, 5)
,(240, 559692000, 4)
,(240, 575416800, 5)
,(240, 591141600, 4)
,(240, 606866400, 5)
,(240, 622591200, 4)
,(240, 638316000, 5)
,(240, 654645600, 4)
,(240, 670370400, 6)
,(240, 683496000, 8)
,(240, 686098800, 7)
,(240, 701812800, 8)
,(240, 717534000, 9)
,(240, 828234000, 10)
,(240, 846378000, 11)
,(240, 852062400, 9)
,(240, 859680000, 12)
,(240, 877824000, 9)
,(240, 891129600, 12)
,(240, 909273600, 9)
,(240, 922579200, 12)
,(240, 941328000, 9)
,(240, 954028800, 12)
,(240, 972777600, 9)
,(240, 985478400, 12)
,(240, 1004227200, 9)
,(240, 1017532800, 12)
,(240, 1035676800, 9)
,(240, 1048982400, 12)
,(240, 1067126400, 9)
,(240, 1080432000, 12)
,(240, 1099180800, 9)
,(240, 1111881600, 12)
,(240, 1130630400, 9)
,(240, 1143331200, 12)
,(240, 1162080000, 9)
,(240, 1174780800, 12)
,(240, 1193529600, 9)
,(240, 1206835200, 12)
,(240, 1224979200, 9)
,(240, 1238284800, 12)
,(240, 1256428800, 9)
,(240, 1269734400, 12)
,(240, 1288483200, 9)
,(240, 1301184000, 12)
,(240, 1319932800, 9)
,(240, 1332633600, 12)
,(240, 1351382400, 9)
,(240, 1364688000, 12)
,(240, 1382832000, 9)
,(240, 1396137600, 12)
,(240, 1414281600, 9)
,(240, 1427587200, 12)
,(240, 1445731200, 9)
,(240, 1459036800, 12)
,(240, 1477785600, 9)
,(240, 1490486400, 12)
,(240, 1509235200, 9)
,(240, 1521936000, 12)
,(240, 1540684800, 9)
,(240, 1553990400, 12)
,(240, 1572134400, 9)
,(240, 1585440000, 12)
,(240, 1603584000, 9)
,(240, 1616889600, 12)
,(240, 1635638400, 9)
,(240, 1648339200, 12)
,(240, 1667088000, 9)
,(240, 1679788800, 12)
,(240, 1698537600, 9)
,(240, 1711843200, 12)
,(240, 1729987200, 9)
,(240, 1743292800, 12)
,(240, 1761436800, 9)
,(240, 1774742400, 12)
,(240, 1792886400, 9)
,(240, 1806192000, 12)
,(240, 1824940800, 9)
,(240, 1837641600, 12)
,(240, 1856390400, 9)
,(240, 1869091200, 12)
,(240, 1887840000, 9)
,(240, 1901145600, 12)
,(240, 1919289600, 9)
,(240, 1932595200, 12)
,(240, 1950739200, 9)
,(240, 1964044800, 12)
,(240, 1982793600, 9)
,(240, 1995494400, 12)
,(240, 2014243200, 9)
,(240, 2026944000, 12)
,(240, 2045692800, 9)
,(240, 2058393600, 12)
,(240, 2077142400, 9)
,(240, 2090448000, 12)
,(240, 2108592000, 9)
,(240, 2121897600, 12)
,(240, 2140041600, 9)
;
INSERT INTO  oceanbase.__all_tenant_time_zone_transition_type (Time_zone_id, Transition_type_id, Offset, Is_DST, Abbreviation) VALUES
 (240, 0, 11964, 0, 'LMT')
,(240, 1, 10800, 0, 'BAKT')
,(240, 2, 18000, 1, 'BAKST')
,(240, 3, 14400, 0, 'BAKT')
,(240, 4, 14400, 0, 'BAKT')
,(240, 5, 18000, 1, 'BAKST')
,(240, 6, 14400, 1, 'BAKST')
,(240, 7, 10800, 0, 'AZT')
,(240, 8, 14400, 1, 'AZST')
,(240, 9, 14400, 0, 'AZT')
,(240, 10, 18000, 1, 'AZST')
,(240, 11, 14400, 0, 'AZT')
,(240, 12, 18000, 1, 'AZST')
;
INSERT INTO oceanbase.__all_tenant_time_zone (Time_zone_id, Use_leap_seconds) VALUES (241, 'N');
INSERT INTO  oceanbase.__all_tenant_time_zone_name (Name, Time_zone_id) VALUES ('Asia/Bangkok', 241);
INSERT INTO  oceanbase.__all_tenant_time_zone_transition (Time_zone_id, Transition_time, Transition_type_id) VALUES
 (241, -1570084924, 1)
;
INSERT INTO  oceanbase.__all_tenant_time_zone_transition_type (Time_zone_id, Transition_type_id, Offset, Is_DST, Abbreviation) VALUES
 (241, 0, 24124, 0, 'BMT')
,(241, 1, 25200, 0, 'ICT')
;
INSERT INTO oceanbase.__all_tenant_time_zone (Time_zone_id, Use_leap_seconds) VALUES (242, 'N');
INSERT INTO  oceanbase.__all_tenant_time_zone_name (Name, Time_zone_id) VALUES ('Asia/Beirut', 242);
INSERT INTO  oceanbase.__all_tenant_time_zone_transition (Time_zone_id, Transition_time, Transition_type_id) VALUES
 (242, -1570413600, 0)
,(242, -1552186800, 1)
,(242, -1538359200, 0)
,(242, -1522551600, 1)
,(242, -1507514400, 0)
,(242, -1490583600, 1)
,(242, -1473645600, 0)
,(242, -1460948400, 1)
,(242, -399866400, 0)
,(242, -386650800, 1)
,(242, -368330400, 0)
,(242, -355114800, 1)
,(242, -336794400, 0)
,(242, -323578800, 1)
,(242, -305172000, 0)
,(242, -291956400, 1)
,(242, -273636000, 0)
,(242, -260420400, 1)
,(242, 78012000, 0)
,(242, 86734800, 1)
,(242, 105055200, 0)
,(242, 118270800, 1)
,(242, 136591200, 0)
,(242, 149806800, 1)
,(242, 168127200, 0)
,(242, 181342800, 1)
,(242, 199749600, 0)
,(242, 212965200, 1)
,(242, 231285600, 0)
,(242, 244501200, 1)
,(242, 262735200, 0)
,(242, 275950800, 1)
,(242, 452210400, 0)
,(242, 466722000, 1)
,(242, 483746400, 0)
,(242, 498258000, 1)
,(242, 515282400, 0)
,(242, 529794000, 1)
,(242, 546818400, 0)
,(242, 561330000, 1)
,(242, 581119200, 0)
,(242, 592952400, 1)
,(242, 610754400, 0)
,(242, 624488400, 1)
,(242, 641512800, 0)
,(242, 656024400, 1)
,(242, 673048800, 0)
,(242, 687560400, 1)
,(242, 704671200, 0)
,(242, 718146000, 1)
,(242, 733269600, 0)
,(242, 748990800, 1)
,(242, 764719200, 0)
,(242, 780440400, 1)
,(242, 796168800, 0)
,(242, 811890000, 1)
,(242, 828223200, 0)
,(242, 843944400, 1)
,(242, 859672800, 0)
,(242, 875394000, 1)
,(242, 891122400, 0)
,(242, 906843600, 1)
,(242, 922572000, 0)
,(242, 941317200, 1)
,(242, 954021600, 0)
,(242, 972766800, 1)
,(242, 985471200, 0)
,(242, 1004216400, 1)
,(242, 1017525600, 0)
,(242, 1035666000, 1)
,(242, 1048975200, 0)
,(242, 1067115600, 1)
,(242, 1080424800, 0)
,(242, 1099170000, 1)
,(242, 1111874400, 0)
,(242, 1130619600, 1)
,(242, 1143324000, 0)
,(242, 1162069200, 1)
,(242, 1174773600, 0)
,(242, 1193518800, 1)
,(242, 1206828000, 0)
,(242, 1224968400, 1)
,(242, 1238277600, 0)
,(242, 1256418000, 1)
,(242, 1269727200, 0)
,(242, 1288472400, 1)
,(242, 1301176800, 0)
,(242, 1319922000, 1)
,(242, 1332626400, 0)
,(242, 1351371600, 1)
,(242, 1364680800, 0)
,(242, 1382821200, 1)
,(242, 1396130400, 0)
,(242, 1414270800, 1)
,(242, 1427580000, 0)
,(242, 1445720400, 1)
,(242, 1459029600, 0)
,(242, 1477774800, 1)
,(242, 1490479200, 0)
,(242, 1509224400, 1)
,(242, 1521928800, 0)
,(242, 1540674000, 1)
,(242, 1553983200, 0)
,(242, 1572123600, 1)
,(242, 1585432800, 0)
,(242, 1603573200, 1)
,(242, 1616882400, 0)
,(242, 1635627600, 1)
,(242, 1648332000, 0)
,(242, 1667077200, 1)
,(242, 1679781600, 0)
,(242, 1698526800, 1)
,(242, 1711836000, 0)
,(242, 1729976400, 1)
,(242, 1743285600, 0)
,(242, 1761426000, 1)
,(242, 1774735200, 0)
,(242, 1792875600, 1)
,(242, 1806184800, 0)
,(242, 1824930000, 1)
,(242, 1837634400, 0)
,(242, 1856379600, 1)
,(242, 1869084000, 0)
,(242, 1887829200, 1)
,(242, 1901138400, 0)
,(242, 1919278800, 1)
,(242, 1932588000, 0)
,(242, 1950728400, 1)
,(242, 1964037600, 0)
,(242, 1982782800, 1)
,(242, 1995487200, 0)
,(242, 2014232400, 1)
,(242, 2026936800, 0)
,(242, 2045682000, 1)
,(242, 2058386400, 0)
,(242, 2077131600, 1)
,(242, 2090440800, 0)
,(242, 2108581200, 1)
,(242, 2121890400, 0)
,(242, 2140030800, 1)
;
INSERT INTO  oceanbase.__all_tenant_time_zone_transition_type (Time_zone_id, Transition_type_id, Offset, Is_DST, Abbreviation) VALUES
 (242, 0, 10800, 1, 'EEST')
,(242, 1, 7200, 0, 'EET')
;
INSERT INTO oceanbase.__all_tenant_time_zone (Time_zone_id, Use_leap_seconds) VALUES (243, 'N');
INSERT INTO  oceanbase.__all_tenant_time_zone_name (Name, Time_zone_id) VALUES ('Asia/Bishkek', 243);
INSERT INTO  oceanbase.__all_tenant_time_zone_transition (Time_zone_id, Transition_time, Transition_type_id) VALUES
 (243, -1441169904, 1)
,(243, -1247547600, 3)
,(243, 354909600, 2)
,(243, 370717200, 3)
,(243, 386445600, 2)
,(243, 402253200, 3)
,(243, 417981600, 2)
,(243, 433789200, 3)
,(243, 449604000, 2)
,(243, 465336000, 4)
,(243, 481060800, 5)
,(243, 496785600, 4)
,(243, 512510400, 5)
,(243, 528235200, 4)
,(243, 543960000, 5)
,(243, 559684800, 4)
,(243, 575409600, 5)
,(243, 591134400, 4)
,(243, 606859200, 5)
,(243, 622584000, 4)
,(243, 638308800, 5)
,(243, 654638400, 4)
,(243, 670363200, 6)
,(243, 683582400, 8)
,(243, 703018800, 7)
,(243, 717530400, 8)
,(243, 734468400, 7)
,(243, 748980000, 8)
,(243, 765918000, 7)
,(243, 780429600, 8)
,(243, 797367600, 7)
,(243, 811879200, 8)
,(243, 828817200, 7)
,(243, 843933600, 8)
,(243, 859671000, 9)
,(243, 877811400, 8)
,(243, 891120600, 9)
,(243, 909261000, 8)
,(243, 922570200, 9)
,(243, 941315400, 8)
,(243, 954019800, 9)
,(243, 972765000, 8)
,(243, 985469400, 9)
,(243, 1004214600, 8)
,(243, 1017523800, 9)
,(243, 1035664200, 8)
,(243, 1048973400, 9)
,(243, 1067113800, 8)
,(243, 1080423000, 9)
,(243, 1099168200, 8)
,(243, 1111872600, 9)
,(243, 1123783200, 10)
;
INSERT INTO  oceanbase.__all_tenant_time_zone_transition_type (Time_zone_id, Transition_type_id, Offset, Is_DST, Abbreviation) VALUES
 (243, 0, 17904, 0, 'LMT')
,(243, 1, 18000, 0, 'FRUT')
,(243, 2, 25200, 1, 'FRUST')
,(243, 3, 21600, 0, 'FRUT')
,(243, 4, 21600, 0, 'FRUT')
,(243, 5, 25200, 1, 'FRUST')
,(243, 6, 21600, 1, 'FRUST')
,(243, 7, 21600, 1, 'KGST')
,(243, 8, 18000, 0, 'KGT')
,(243, 9, 21600, 1, 'KGST')
,(243, 10, 21600, 0, 'KGT')
;
INSERT INTO oceanbase.__all_tenant_time_zone (Time_zone_id, Use_leap_seconds) VALUES (244, 'N');
INSERT INTO  oceanbase.__all_tenant_time_zone_name (Name, Time_zone_id) VALUES ('Asia/Brunei', 244);
INSERT INTO  oceanbase.__all_tenant_time_zone_transition (Time_zone_id, Transition_time, Transition_type_id) VALUES
 (244, -1383464380, 1)
,(244, -1167636600, 2)
;
INSERT INTO  oceanbase.__all_tenant_time_zone_transition_type (Time_zone_id, Transition_type_id, Offset, Is_DST, Abbreviation) VALUES
 (244, 0, 27580, 0, 'LMT')
,(244, 1, 27000, 0, 'BNT')
,(244, 2, 28800, 0, 'BNT')
;
INSERT INTO oceanbase.__all_tenant_time_zone (Time_zone_id, Use_leap_seconds) VALUES (245, 'N');
INSERT INTO  oceanbase.__all_tenant_time_zone_name (Name, Time_zone_id) VALUES ('Asia/Calcutta', 245);
INSERT INTO  oceanbase.__all_tenant_time_zone_transition (Time_zone_id, Transition_time, Transition_type_id) VALUES
 (245, -891582800, 1)
,(245, -872058600, 2)
,(245, -862637400, 3)
,(245, -764145000, 2)
;
INSERT INTO  oceanbase.__all_tenant_time_zone_transition_type (Time_zone_id, Transition_type_id, Offset, Is_DST, Abbreviation) VALUES
 (245, 0, 21200, 0, 'HMT')
,(245, 1, 23400, 0, 'BURT')
,(245, 2, 19800, 0, 'IST')
,(245, 3, 23400, 1, 'IST')
;
INSERT INTO oceanbase.__all_tenant_time_zone (Time_zone_id, Use_leap_seconds) VALUES (246, 'N');
INSERT INTO  oceanbase.__all_tenant_time_zone_name (Name, Time_zone_id) VALUES ('Asia/Choibalsan', 246);
INSERT INTO  oceanbase.__all_tenant_time_zone_transition (Time_zone_id, Transition_time, Transition_type_id) VALUES
 (246, -2032933080, 1)
,(246, 252435600, 2)
,(246, 417974400, 4)
,(246, 433778400, 3)
,(246, 449593200, 4)
,(246, 465314400, 3)
,(246, 481042800, 4)
,(246, 496764000, 3)
,(246, 512492400, 4)
,(246, 528213600, 3)
,(246, 543942000, 4)
,(246, 559663200, 3)
,(246, 575391600, 4)
,(246, 591112800, 3)
,(246, 606841200, 4)
,(246, 622562400, 3)
,(246, 638290800, 4)
,(246, 654616800, 3)
,(246, 670345200, 4)
,(246, 686066400, 3)
,(246, 701794800, 4)
,(246, 717516000, 3)
,(246, 733244400, 4)
,(246, 748965600, 3)
,(246, 764694000, 4)
,(246, 780415200, 3)
,(246, 796143600, 4)
,(246, 811864800, 3)
,(246, 828198000, 4)
,(246, 843919200, 3)
,(246, 859647600, 4)
,(246, 875368800, 3)
,(246, 891097200, 4)
,(246, 906818400, 3)
,(246, 988390800, 4)
,(246, 1001692800, 3)
,(246, 1017421200, 4)
,(246, 1033142400, 3)
,(246, 1048870800, 4)
,(246, 1064592000, 3)
,(246, 1080320400, 4)
,(246, 1096041600, 3)
,(246, 1111770000, 4)
,(246, 1127491200, 3)
,(246, 1143219600, 4)
,(246, 1159545600, 3)
,(246, 1206889200, 5)
;
INSERT INTO  oceanbase.__all_tenant_time_zone_transition_type (Time_zone_id, Transition_type_id, Offset, Is_DST, Abbreviation) VALUES
 (246, 0, 27480, 0, 'LMT')
,(246, 1, 25200, 0, 'ULAT')
,(246, 2, 28800, 0, 'ULAT')
,(246, 3, 32400, 0, 'CHOT')
,(246, 4, 36000, 1, 'CHOST')
,(246, 5, 28800, 0, 'CHOT')
;
INSERT INTO oceanbase.__all_tenant_time_zone (Time_zone_id, Use_leap_seconds) VALUES (247, 'N');
INSERT INTO  oceanbase.__all_tenant_time_zone_name (Name, Time_zone_id) VALUES ('Asia/Chongqing', 247);
INSERT INTO  oceanbase.__all_tenant_time_zone_transition (Time_zone_id, Transition_time, Transition_type_id) VALUES
 (247, -1325487980, 1)
,(247, 325962000, 3)
,(247, 515520000, 2)
,(247, 527007600, 3)
,(247, 545155200, 2)
,(247, 558457200, 3)
,(247, 576604800, 2)
,(247, 589906800, 3)
,(247, 608659200, 2)
,(247, 621961200, 3)
,(247, 640108800, 2)
,(247, 653410800, 3)
,(247, 671558400, 2)
,(247, 684860400, 3)
;
INSERT INTO  oceanbase.__all_tenant_time_zone_transition_type (Time_zone_id, Transition_type_id, Offset, Is_DST, Abbreviation) VALUES
 (247, 0, 25580, 0, 'LMT')
,(247, 1, 25200, 0, 'LONT')
,(247, 2, 32400, 1, 'CDT')
,(247, 3, 28800, 0, 'CST')
;
INSERT INTO oceanbase.__all_tenant_time_zone (Time_zone_id, Use_leap_seconds) VALUES (248, 'N');
INSERT INTO  oceanbase.__all_tenant_time_zone_name (Name, Time_zone_id) VALUES ('Asia/Chungking', 248);
INSERT INTO  oceanbase.__all_tenant_time_zone_transition (Time_zone_id, Transition_time, Transition_type_id) VALUES
 (248, -1325487980, 1)
,(248, 325962000, 3)
,(248, 515520000, 2)
,(248, 527007600, 3)
,(248, 545155200, 2)
,(248, 558457200, 3)
,(248, 576604800, 2)
,(248, 589906800, 3)
,(248, 608659200, 2)
,(248, 621961200, 3)
,(248, 640108800, 2)
,(248, 653410800, 3)
,(248, 671558400, 2)
,(248, 684860400, 3)
;
INSERT INTO  oceanbase.__all_tenant_time_zone_transition_type (Time_zone_id, Transition_type_id, Offset, Is_DST, Abbreviation) VALUES
 (248, 0, 25580, 0, 'LMT')
,(248, 1, 25200, 0, 'LONT')
,(248, 2, 32400, 1, 'CDT')
,(248, 3, 28800, 0, 'CST')
;
INSERT INTO oceanbase.__all_tenant_time_zone (Time_zone_id, Use_leap_seconds) VALUES (249, 'N');
INSERT INTO  oceanbase.__all_tenant_time_zone_name (Name, Time_zone_id) VALUES ('Asia/Colombo', 249);
INSERT INTO  oceanbase.__all_tenant_time_zone_transition (Time_zone_id, Transition_time, Transition_type_id) VALUES
 (249, -2019705572, 1)
,(249, -883287000, 2)
,(249, -862639200, 3)
,(249, -764051400, 1)
,(249, 832962600, 4)
,(249, 846266400, 5)
,(249, 1145039400, 1)
;
INSERT INTO  oceanbase.__all_tenant_time_zone_transition_type (Time_zone_id, Transition_type_id, Offset, Is_DST, Abbreviation) VALUES
 (249, 0, 19172, 0, 'MMT')
,(249, 1, 19800, 0, 'IST')
,(249, 2, 21600, 1, 'IHST')
,(249, 3, 23400, 1, 'IST')
,(249, 4, 23400, 0, 'LKT')
,(249, 5, 21600, 0, 'LKT')
;
INSERT INTO oceanbase.__all_tenant_time_zone (Time_zone_id, Use_leap_seconds) VALUES (250, 'N');
INSERT INTO  oceanbase.__all_tenant_time_zone_name (Name, Time_zone_id) VALUES ('Asia/Dacca', 250);
INSERT INTO  oceanbase.__all_tenant_time_zone_transition (Time_zone_id, Transition_time, Transition_type_id) VALUES
 (250, -891582800, 1)
,(250, -872058600, 2)
,(250, -862637400, 1)
,(250, -576138600, 3)
,(250, 38772000, 4)
,(250, 1245430800, 5)
,(250, 1262278740, 4)
;
INSERT INTO  oceanbase.__all_tenant_time_zone_transition_type (Time_zone_id, Transition_type_id, Offset, Is_DST, Abbreviation) VALUES
 (250, 0, 21200, 0, 'HMT')
,(250, 1, 23400, 0, 'BURT')
,(250, 2, 19800, 0, 'IST')
,(250, 3, 21600, 0, 'DACT')
,(250, 4, 21600, 0, 'BDT')
,(250, 5, 25200, 1, 'BDST')
;
INSERT INTO oceanbase.__all_tenant_time_zone (Time_zone_id, Use_leap_seconds) VALUES (251, 'N');
INSERT INTO  oceanbase.__all_tenant_time_zone_name (Name, Time_zone_id) VALUES ('Asia/Damascus', 251);
INSERT INTO  oceanbase.__all_tenant_time_zone_transition (Time_zone_id, Transition_time, Transition_type_id) VALUES
 (251, -1577931912, 2)
,(251, -1568592000, 1)
,(251, -1554080400, 2)
,(251, -1537142400, 1)
,(251, -1522630800, 2)
,(251, -1505692800, 1)
,(251, -1491181200, 2)
,(251, -1474243200, 1)
,(251, -1459126800, 2)
,(251, -242265600, 1)
,(251, -228877200, 2)
,(251, -210556800, 1)
,(251, -197427600, 2)
,(251, -178934400, 1)
,(251, -165718800, 2)
,(251, -147398400, 1)
,(251, -134269200, 2)
,(251, -116467200, 1)
,(251, -102646800, 2)
,(251, -84326400, 1)
,(251, -71110800, 2)
,(251, -52704000, 1)
,(251, -39488400, 2)
,(251, -21168000, 1)
,(251, -7952400, 2)
,(251, 10368000, 1)
,(251, 23583600, 2)
,(251, 41904000, 1)
,(251, 55119600, 2)
,(251, 73526400, 1)
,(251, 86742000, 2)
,(251, 105062400, 1)
,(251, 118278000, 2)
,(251, 136598400, 1)
,(251, 149814000, 2)
,(251, 168134400, 1)
,(251, 181350000, 2)
,(251, 199756800, 1)
,(251, 212972400, 2)
,(251, 231292800, 1)
,(251, 241916400, 2)
,(251, 262828800, 1)
,(251, 273452400, 2)
,(251, 418694400, 1)
,(251, 433810800, 2)
,(251, 450316800, 1)
,(251, 465433200, 2)
,(251, 508896000, 1)
,(251, 529196400, 2)
,(251, 541555200, 1)
,(251, 562633200, 2)
,(251, 574387200, 1)
,(251, 594255600, 2)
,(251, 607305600, 1)
,(251, 623199600, 2)
,(251, 638928000, 1)
,(251, 654649200, 2)
,(251, 670456800, 1)
,(251, 686264400, 2)
,(251, 702684000, 1)
,(251, 717886800, 2)
,(251, 733096800, 1)
,(251, 748904400, 2)
,(251, 765151200, 1)
,(251, 780958800, 2)
,(251, 796687200, 1)
,(251, 812494800, 2)
,(251, 828309600, 1)
,(251, 844117200, 2)
,(251, 859759200, 1)
,(251, 875653200, 2)
,(251, 891208800, 1)
,(251, 907189200, 2)
,(251, 922917600, 1)
,(251, 938725200, 2)
,(251, 954540000, 1)
,(251, 970347600, 2)
,(251, 986076000, 1)
,(251, 1001883600, 2)
,(251, 1017612000, 1)
,(251, 1033419600, 2)
,(251, 1049148000, 1)
,(251, 1064955600, 2)
,(251, 1080770400, 1)
,(251, 1096578000, 2)
,(251, 1112306400, 1)
,(251, 1128114000, 2)
,(251, 1143842400, 1)
,(251, 1158872400, 2)
,(251, 1175205600, 1)
,(251, 1193950800, 2)
,(251, 1207260000, 1)
,(251, 1225486800, 2)
,(251, 1238104800, 1)
,(251, 1256850000, 2)
,(251, 1270159200, 1)
,(251, 1288299600, 2)
,(251, 1301608800, 1)
,(251, 1319749200, 2)
,(251, 1333663200, 1)
,(251, 1351198800, 2)
,(251, 1365112800, 1)
,(251, 1382648400, 2)
,(251, 1396562400, 1)
,(251, 1414702800, 2)
,(251, 1428012000, 1)
,(251, 1446152400, 2)
,(251, 1459461600, 1)
,(251, 1477602000, 2)
,(251, 1491516000, 1)
,(251, 1509051600, 2)
,(251, 1522965600, 1)
,(251, 1540501200, 2)
,(251, 1554415200, 1)
,(251, 1571950800, 2)
,(251, 1585864800, 1)
,(251, 1604005200, 2)
,(251, 1617314400, 1)
,(251, 1635454800, 2)
,(251, 1648764000, 1)
,(251, 1666904400, 2)
,(251, 1680818400, 1)
,(251, 1698354000, 2)
,(251, 1712268000, 1)
,(251, 1729803600, 2)
,(251, 1743717600, 1)
,(251, 1761858000, 2)
,(251, 1775167200, 1)
,(251, 1793307600, 2)
,(251, 1806616800, 1)
,(251, 1824757200, 2)
,(251, 1838671200, 1)
,(251, 1856206800, 2)
,(251, 1870120800, 1)
,(251, 1887656400, 2)
,(251, 1901570400, 1)
,(251, 1919106000, 2)
,(251, 1933020000, 1)
,(251, 1951160400, 2)
,(251, 1964469600, 1)
,(251, 1982610000, 2)
,(251, 1995919200, 1)
,(251, 2014059600, 2)
,(251, 2027973600, 1)
,(251, 2045509200, 2)
,(251, 2059423200, 1)
,(251, 2076958800, 2)
,(251, 2090872800, 1)
,(251, 2109013200, 2)
,(251, 2122322400, 1)
,(251, 2140462800, 2)
;
INSERT INTO  oceanbase.__all_tenant_time_zone_transition_type (Time_zone_id, Transition_type_id, Offset, Is_DST, Abbreviation) VALUES
 (251, 0, 8712, 0, 'LMT')
,(251, 1, 10800, 1, 'EEST')
,(251, 2, 7200, 0, 'EET')
;
INSERT INTO oceanbase.__all_tenant_time_zone (Time_zone_id, Use_leap_seconds) VALUES (252, 'N');
INSERT INTO  oceanbase.__all_tenant_time_zone_name (Name, Time_zone_id) VALUES ('Asia/Dhaka', 252);
INSERT INTO  oceanbase.__all_tenant_time_zone_transition (Time_zone_id, Transition_time, Transition_type_id) VALUES
 (252, -891582800, 1)
,(252, -872058600, 2)
,(252, -862637400, 1)
,(252, -576138600, 3)
,(252, 38772000, 4)
,(252, 1245430800, 5)
,(252, 1262278740, 4)
;
INSERT INTO  oceanbase.__all_tenant_time_zone_transition_type (Time_zone_id, Transition_type_id, Offset, Is_DST, Abbreviation) VALUES
 (252, 0, 21200, 0, 'HMT')
,(252, 1, 23400, 0, 'BURT')
,(252, 2, 19800, 0, 'IST')
,(252, 3, 21600, 0, 'DACT')
,(252, 4, 21600, 0, 'BDT')
,(252, 5, 25200, 1, 'BDST')
;
INSERT INTO oceanbase.__all_tenant_time_zone (Time_zone_id, Use_leap_seconds) VALUES (253, 'N');
INSERT INTO  oceanbase.__all_tenant_time_zone_name (Name, Time_zone_id) VALUES ('Asia/Dili', 253);
INSERT INTO  oceanbase.__all_tenant_time_zone_transition (Time_zone_id, Transition_time, Transition_type_id) VALUES
 (253, -1830414140, 1)
,(253, -879152400, 2)
,(253, -766054800, 3)
,(253, 199897200, 4)
,(253, 969120000, 3)
;
INSERT INTO  oceanbase.__all_tenant_time_zone_transition_type (Time_zone_id, Transition_type_id, Offset, Is_DST, Abbreviation) VALUES
 (253, 0, 30140, 0, 'LMT')
,(253, 1, 28800, 0, 'TLT')
,(253, 2, 32400, 0, 'JST')
,(253, 3, 32400, 0, 'TLT')
,(253, 4, 28800, 0, 'CIT')
;
INSERT INTO oceanbase.__all_tenant_time_zone (Time_zone_id, Use_leap_seconds) VALUES (254, 'N');
INSERT INTO  oceanbase.__all_tenant_time_zone_name (Name, Time_zone_id) VALUES ('Asia/Dubai', 254);
INSERT INTO  oceanbase.__all_tenant_time_zone_transition (Time_zone_id, Transition_time, Transition_type_id) VALUES
 (254, -1577936472, 1)
;
INSERT INTO  oceanbase.__all_tenant_time_zone_transition_type (Time_zone_id, Transition_type_id, Offset, Is_DST, Abbreviation) VALUES
 (254, 0, 13272, 0, 'LMT')
,(254, 1, 14400, 0, 'GST')
;
INSERT INTO oceanbase.__all_tenant_time_zone (Time_zone_id, Use_leap_seconds) VALUES (255, 'N');
INSERT INTO  oceanbase.__all_tenant_time_zone_name (Name, Time_zone_id) VALUES ('Asia/Dushanbe', 255);
INSERT INTO  oceanbase.__all_tenant_time_zone_transition (Time_zone_id, Transition_time, Transition_type_id) VALUES
 (255, -1441168512, 1)
,(255, -1247547600, 3)
,(255, 354909600, 2)
,(255, 370717200, 3)
,(255, 386445600, 2)
,(255, 402253200, 3)
,(255, 417981600, 2)
,(255, 433789200, 3)
,(255, 449604000, 2)
,(255, 465336000, 4)
,(255, 481060800, 5)
,(255, 496785600, 4)
,(255, 512510400, 5)
,(255, 528235200, 4)
,(255, 543960000, 5)
,(255, 559684800, 4)
,(255, 575409600, 5)
,(255, 591134400, 4)
,(255, 606859200, 5)
,(255, 622584000, 4)
,(255, 638308800, 5)
,(255, 654638400, 4)
,(255, 670363200, 6)
,(255, 684363600, 7)
;
INSERT INTO  oceanbase.__all_tenant_time_zone_transition_type (Time_zone_id, Transition_type_id, Offset, Is_DST, Abbreviation) VALUES
 (255, 0, 16512, 0, 'LMT')
,(255, 1, 18000, 0, 'DUST')
,(255, 2, 25200, 1, 'DUSST')
,(255, 3, 21600, 0, 'DUST')
,(255, 4, 21600, 0, 'DUST')
,(255, 5, 25200, 1, 'DUSST')
,(255, 6, 21600, 1, 'DUSST')
,(255, 7, 18000, 0, 'TJT')
;
INSERT INTO oceanbase.__all_tenant_time_zone (Time_zone_id, Use_leap_seconds) VALUES (256, 'N');
INSERT INTO  oceanbase.__all_tenant_time_zone_name (Name, Time_zone_id) VALUES ('Asia/Gaza', 256);
INSERT INTO  oceanbase.__all_tenant_time_zone_transition (Time_zone_id, Transition_time, Transition_type_id) VALUES
 (256, -933645600, 0)
,(256, -857358000, 1)
,(256, -844300800, 0)
,(256, -825822000, 1)
,(256, -812685600, 0)
,(256, -794199600, 1)
,(256, -779853600, 0)
,(256, -762656400, 1)
,(256, -748310400, 0)
,(256, -731127600, 1)
,(256, -399088800, 2)
,(256, -386650800, 1)
,(256, -368330400, 2)
,(256, -355114800, 1)
,(256, -336790800, 2)
,(256, -323654400, 1)
,(256, -305168400, 2)
,(256, -292032000, 1)
,(256, -273632400, 2)
,(256, -260496000, 1)
,(256, -242096400, 2)
,(256, -228960000, 1)
,(256, -210560400, 2)
,(256, -197424000, 1)
,(256, -178938000, 2)
,(256, -165801600, 1)
,(256, -147402000, 2)
,(256, -134265600, 1)
,(256, -115866000, 2)
,(256, -102643200, 1)
,(256, -84330000, 2)
,(256, -81313200, 4)
,(256, 142380000, 3)
,(256, 150843600, 4)
,(256, 167176800, 3)
,(256, 178664400, 4)
,(256, 482277600, 3)
,(256, 495579600, 4)
,(256, 516751200, 3)
,(256, 526424400, 4)
,(256, 545436000, 3)
,(256, 558478800, 4)
,(256, 576540000, 3)
,(256, 589237200, 4)
,(256, 609890400, 3)
,(256, 620773200, 4)
,(256, 638316000, 3)
,(256, 651618000, 4)
,(256, 669765600, 3)
,(256, 683672400, 4)
,(256, 701820000, 3)
,(256, 715726800, 4)
,(256, 733701600, 3)
,(256, 747176400, 4)
,(256, 765151200, 3)
,(256, 778021200, 4)
,(256, 796600800, 3)
,(256, 810075600, 4)
,(256, 820447200, 1)
,(256, 828655200, 2)
,(256, 843170400, 5)
,(256, 860104800, 2)
,(256, 874620000, 5)
,(256, 891554400, 2)
,(256, 906069600, 5)
,(256, 915141600, 1)
,(256, 924213600, 2)
,(256, 939934800, 1)
,(256, 956268000, 2)
,(256, 971989200, 1)
,(256, 987717600, 2)
,(256, 1003438800, 1)
,(256, 1019167200, 2)
,(256, 1034888400, 1)
,(256, 1050616800, 2)
,(256, 1066338000, 1)
,(256, 1082066400, 2)
,(256, 1096581600, 1)
,(256, 1113516000, 2)
,(256, 1128380400, 1)
,(256, 1143842400, 2)
,(256, 1158872400, 1)
,(256, 1175378400, 2)
,(256, 1189638000, 1)
,(256, 1207000800, 2)
,(256, 1219957200, 1)
,(256, 1238104800, 2)
,(256, 1252018800, 1)
,(256, 1269640860, 2)
,(256, 1281474000, 1)
,(256, 1301738460, 2)
,(256, 1312146000, 1)
;
INSERT INTO  oceanbase.__all_tenant_time_zone_transition_type (Time_zone_id, Transition_type_id, Offset, Is_DST, Abbreviation) VALUES
 (256, 0, 10800, 1, 'EET')
,(256, 1, 7200, 0, 'EET')
,(256, 2, 10800, 1, 'EEST')
,(256, 3, 10800, 1, 'IDT')
,(256, 4, 7200, 0, 'IST')
,(256, 5, 7200, 0, 'EET')
;
INSERT INTO oceanbase.__all_tenant_time_zone (Time_zone_id, Use_leap_seconds) VALUES (257, 'N');
INSERT INTO  oceanbase.__all_tenant_time_zone_name (Name, Time_zone_id) VALUES ('Asia/Harbin', 257);
INSERT INTO  oceanbase.__all_tenant_time_zone_transition (Time_zone_id, Transition_time, Transition_type_id) VALUES
 (257, -1325492804, 1)
,(257, -1194078600, 2)
,(257, -946800000, 3)
,(257, -115894800, 1)
,(257, 325956600, 2)
,(257, 515520000, 4)
,(257, 527007600, 2)
,(257, 545155200, 4)
,(257, 558457200, 2)
,(257, 576604800, 4)
,(257, 589906800, 2)
,(257, 608659200, 4)
,(257, 621961200, 2)
,(257, 640108800, 4)
,(257, 653410800, 2)
,(257, 671558400, 4)
,(257, 684860400, 2)
;
INSERT INTO  oceanbase.__all_tenant_time_zone_transition_type (Time_zone_id, Transition_type_id, Offset, Is_DST, Abbreviation) VALUES
 (257, 0, 30404, 0, 'LMT')
,(257, 1, 30600, 0, 'CHAT')
,(257, 2, 28800, 0, 'CST')
,(257, 3, 32400, 0, 'CHAT')
,(257, 4, 32400, 1, 'CDT')
;
INSERT INTO oceanbase.__all_tenant_time_zone (Time_zone_id, Use_leap_seconds) VALUES (258, 'N');
INSERT INTO  oceanbase.__all_tenant_time_zone_name (Name, Time_zone_id) VALUES ('Asia/Hebron', 258);
INSERT INTO  oceanbase.__all_tenant_time_zone_transition (Time_zone_id, Transition_time, Transition_type_id) VALUES
 (258, -933645600, 0)
,(258, -857358000, 1)
,(258, -844300800, 0)
,(258, -825822000, 1)
,(258, -812685600, 0)
,(258, -794199600, 1)
,(258, -779853600, 0)
,(258, -762656400, 1)
,(258, -748310400, 0)
,(258, -731127600, 1)
,(258, -399088800, 2)
,(258, -386650800, 1)
,(258, -368330400, 2)
,(258, -355114800, 1)
,(258, -336790800, 2)
,(258, -323654400, 1)
,(258, -305168400, 2)
,(258, -292032000, 1)
,(258, -273632400, 2)
,(258, -260496000, 1)
,(258, -242096400, 2)
,(258, -228960000, 1)
,(258, -210560400, 2)
,(258, -197424000, 1)
,(258, -178938000, 2)
,(258, -165801600, 1)
,(258, -147402000, 2)
,(258, -134265600, 1)
,(258, -115866000, 2)
,(258, -102643200, 1)
,(258, -84330000, 2)
,(258, -81313200, 4)
,(258, 142380000, 3)
,(258, 150843600, 4)
,(258, 167176800, 3)
,(258, 178664400, 4)
,(258, 482277600, 3)
,(258, 495579600, 4)
,(258, 516751200, 3)
,(258, 526424400, 4)
,(258, 545436000, 3)
,(258, 558478800, 4)
,(258, 576540000, 3)
,(258, 589237200, 4)
,(258, 609890400, 3)
,(258, 620773200, 4)
,(258, 638316000, 3)
,(258, 651618000, 4)
,(258, 669765600, 3)
,(258, 683672400, 4)
,(258, 701820000, 3)
,(258, 715726800, 4)
,(258, 733701600, 3)
,(258, 747176400, 4)
,(258, 765151200, 3)
,(258, 778021200, 4)
,(258, 796600800, 3)
,(258, 810075600, 4)
,(258, 820447200, 1)
,(258, 828655200, 2)
,(258, 843170400, 5)
,(258, 860104800, 2)
,(258, 874620000, 5)
,(258, 891554400, 2)
,(258, 906069600, 5)
,(258, 915141600, 1)
,(258, 924213600, 2)
,(258, 939934800, 1)
,(258, 956268000, 2)
,(258, 971989200, 1)
,(258, 987717600, 2)
,(258, 1003438800, 1)
,(258, 1019167200, 2)
,(258, 1034888400, 1)
,(258, 1050616800, 2)
,(258, 1066338000, 1)
,(258, 1082066400, 2)
,(258, 1096581600, 1)
,(258, 1113516000, 2)
,(258, 1128380400, 1)
,(258, 1143842400, 2)
,(258, 1158872400, 1)
,(258, 1175378400, 2)
,(258, 1189638000, 1)
,(258, 1207000800, 2)
,(258, 1220216400, 1)
,(258, 1238104800, 2)
,(258, 1252018800, 1)
,(258, 1269640860, 2)
,(258, 1281474000, 1)
,(258, 1301652060, 2)
,(258, 1312146000, 1)
,(258, 1314655200, 2)
,(258, 1317340800, 1)
;
INSERT INTO  oceanbase.__all_tenant_time_zone_transition_type (Time_zone_id, Transition_type_id, Offset, Is_DST, Abbreviation) VALUES
 (258, 0, 10800, 1, 'EET')
,(258, 1, 7200, 0, 'EET')
,(258, 2, 10800, 1, 'EEST')
,(258, 3, 10800, 1, 'IDT')
,(258, 4, 7200, 0, 'IST')
,(258, 5, 7200, 0, 'EET')
;
INSERT INTO oceanbase.__all_tenant_time_zone (Time_zone_id, Use_leap_seconds) VALUES (259, 'N');
INSERT INTO  oceanbase.__all_tenant_time_zone_name (Name, Time_zone_id) VALUES ('Asia/Ho_Chi_Minh', 259);
INSERT INTO  oceanbase.__all_tenant_time_zone_transition (Time_zone_id, Transition_time, Transition_type_id) VALUES
 (259, -2005974400, 1)
,(259, -1855983920, 2)
,(259, -1819954800, 3)
,(259, -1220428800, 2)
;
INSERT INTO  oceanbase.__all_tenant_time_zone_transition_type (Time_zone_id, Transition_type_id, Offset, Is_DST, Abbreviation) VALUES
 (259, 0, 25600, 0, 'LMT')
,(259, 1, 25580, 0, 'SMT')
,(259, 2, 25200, 0, 'ICT')
,(259, 3, 28800, 0, 'ICT')
;
INSERT INTO oceanbase.__all_tenant_time_zone (Time_zone_id, Use_leap_seconds) VALUES (260, 'N');
INSERT INTO  oceanbase.__all_tenant_time_zone_name (Name, Time_zone_id) VALUES ('Asia/Hong_Kong', 260);
INSERT INTO  oceanbase.__all_tenant_time_zone_transition (Time_zone_id, Transition_time, Transition_type_id) VALUES
 (260, -2056692996, 2)
,(260, -907389000, 1)
,(260, -891667800, 2)
,(260, -884246400, 3)
,(260, -766746000, 2)
,(260, -747981000, 1)
,(260, -728544600, 2)
,(260, -717049800, 1)
,(260, -694503000, 2)
,(260, -683785800, 1)
,(260, -668064600, 2)
,(260, -654755400, 1)
,(260, -636615000, 2)
,(260, -623305800, 1)
,(260, -605165400, 2)
,(260, -591856200, 1)
,(260, -573715800, 2)
,(260, -559801800, 1)
,(260, -542352600, 2)
,(260, -528352200, 1)
,(260, -510211800, 2)
,(260, -498112200, 1)
,(260, -478762200, 2)
,(260, -466662600, 1)
,(260, -446707800, 2)
,(260, -435213000, 1)
,(260, -415258200, 2)
,(260, -403158600, 1)
,(260, -383808600, 2)
,(260, -371709000, 1)
,(260, -352359000, 2)
,(260, -340259400, 1)
,(260, -320909400, 2)
,(260, -308809800, 1)
,(260, -288855000, 2)
,(260, -277360200, 1)
,(260, -257405400, 2)
,(260, -245910600, 1)
,(260, -225955800, 2)
,(260, -213856200, 1)
,(260, -194506200, 2)
,(260, -182406600, 1)
,(260, -163056600, 2)
,(260, -148537800, 1)
,(260, -132816600, 2)
,(260, -117088200, 1)
,(260, -101367000, 2)
,(260, -85638600, 1)
,(260, -69312600, 2)
,(260, -53584200, 1)
,(260, -37863000, 2)
,(260, -22134600, 1)
,(260, -6413400, 2)
,(260, 9315000, 1)
,(260, 25036200, 2)
,(260, 40764600, 1)
,(260, 56485800, 2)
,(260, 72214200, 1)
,(260, 88540200, 2)
,(260, 104268600, 1)
,(260, 119989800, 2)
,(260, 126041400, 1)
,(260, 151439400, 2)
,(260, 167167800, 1)
,(260, 182889000, 2)
,(260, 198617400, 1)
,(260, 214338600, 2)
,(260, 295385400, 1)
,(260, 309292200, 2)
;
INSERT INTO  oceanbase.__all_tenant_time_zone_transition_type (Time_zone_id, Transition_type_id, Offset, Is_DST, Abbreviation) VALUES
 (260, 0, 27396, 0, 'LMT')
,(260, 1, 32400, 1, 'HKST')
,(260, 2, 28800, 0, 'HKT')
,(260, 3, 32400, 0, 'JST')
;
INSERT INTO oceanbase.__all_tenant_time_zone (Time_zone_id, Use_leap_seconds) VALUES (261, 'N');
INSERT INTO  oceanbase.__all_tenant_time_zone_name (Name, Time_zone_id) VALUES ('Asia/Hovd', 261);
INSERT INTO  oceanbase.__all_tenant_time_zone_transition (Time_zone_id, Transition_time, Transition_type_id) VALUES
 (261, -2032927596, 1)
,(261, 252439200, 3)
,(261, 417978000, 2)
,(261, 433785600, 3)
,(261, 449600400, 2)
,(261, 465321600, 3)
,(261, 481050000, 2)
,(261, 496771200, 3)
,(261, 512499600, 2)
,(261, 528220800, 3)
,(261, 543949200, 2)
,(261, 559670400, 3)
,(261, 575398800, 2)
,(261, 591120000, 3)
,(261, 606848400, 2)
,(261, 622569600, 3)
,(261, 638298000, 2)
,(261, 654624000, 3)
,(261, 670352400, 2)
,(261, 686073600, 3)
,(261, 701802000, 2)
,(261, 717523200, 3)
,(261, 733251600, 2)
,(261, 748972800, 3)
,(261, 764701200, 2)
,(261, 780422400, 3)
,(261, 796150800, 2)
,(261, 811872000, 3)
,(261, 828205200, 2)
,(261, 843926400, 3)
,(261, 859654800, 2)
,(261, 875376000, 3)
,(261, 891104400, 2)
,(261, 906825600, 3)
,(261, 988398000, 2)
,(261, 1001700000, 3)
,(261, 1017428400, 2)
,(261, 1033149600, 3)
,(261, 1048878000, 2)
,(261, 1064599200, 3)
,(261, 1080327600, 2)
,(261, 1096048800, 3)
,(261, 1111777200, 2)
,(261, 1127498400, 3)
,(261, 1143226800, 2)
,(261, 1159552800, 3)
;
INSERT INTO  oceanbase.__all_tenant_time_zone_transition_type (Time_zone_id, Transition_type_id, Offset, Is_DST, Abbreviation) VALUES
 (261, 0, 21996, 0, 'LMT')
,(261, 1, 21600, 0, 'HOVT')
,(261, 2, 28800, 1, 'HOVST')
,(261, 3, 25200, 0, 'HOVT')
;
INSERT INTO oceanbase.__all_tenant_time_zone (Time_zone_id, Use_leap_seconds) VALUES (262, 'N');
INSERT INTO  oceanbase.__all_tenant_time_zone_name (Name, Time_zone_id) VALUES ('Asia/Irkutsk', 262);
INSERT INTO  oceanbase.__all_tenant_time_zone_transition (Time_zone_id, Transition_time, Transition_type_id) VALUES
 (262, -1575874640, 1)
,(262, -1247554800, 3)
,(262, 354902400, 2)
,(262, 370710000, 3)
,(262, 386438400, 2)
,(262, 402246000, 3)
,(262, 417974400, 2)
,(262, 433782000, 3)
,(262, 449596800, 2)
,(262, 465328800, 4)
,(262, 481053600, 5)
,(262, 496778400, 4)
,(262, 512503200, 5)
,(262, 528228000, 4)
,(262, 543952800, 5)
,(262, 559677600, 4)
,(262, 575402400, 5)
,(262, 591127200, 4)
,(262, 606852000, 5)
,(262, 622576800, 4)
,(262, 638301600, 5)
,(262, 654631200, 4)
,(262, 670356000, 6)
,(262, 686084400, 7)
,(262, 695761200, 4)
,(262, 701794800, 2)
,(262, 717516000, 3)
,(262, 733255200, 5)
,(262, 748980000, 4)
,(262, 764704800, 5)
,(262, 780429600, 4)
,(262, 796154400, 5)
,(262, 811879200, 4)
,(262, 828208800, 5)
,(262, 846352800, 4)
,(262, 859658400, 5)
,(262, 877802400, 4)
,(262, 891108000, 5)
,(262, 909252000, 4)
,(262, 922557600, 5)
,(262, 941306400, 4)
,(262, 954007200, 5)
,(262, 972756000, 4)
,(262, 985456800, 5)
,(262, 1004205600, 4)
,(262, 1017511200, 5)
,(262, 1035655200, 4)
,(262, 1048960800, 5)
,(262, 1067104800, 4)
,(262, 1080410400, 5)
,(262, 1099159200, 4)
,(262, 1111860000, 5)
,(262, 1130608800, 4)
,(262, 1143309600, 5)
,(262, 1162058400, 4)
,(262, 1174759200, 5)
,(262, 1193508000, 4)
,(262, 1206813600, 5)
,(262, 1224957600, 4)
,(262, 1238263200, 5)
,(262, 1256407200, 4)
,(262, 1269712800, 5)
,(262, 1288461600, 4)
,(262, 1301162400, 8)
;
INSERT INTO  oceanbase.__all_tenant_time_zone_transition_type (Time_zone_id, Transition_type_id, Offset, Is_DST, Abbreviation) VALUES
 (262, 0, 25040, 0, 'IMT')
,(262, 1, 25200, 0, 'IRKT')
,(262, 2, 32400, 1, 'IRKST')
,(262, 3, 28800, 0, 'IRKT')
,(262, 4, 28800, 0, 'IRKT')
,(262, 5, 32400, 1, 'IRKST')
,(262, 6, 28800, 1, 'IRKST')
,(262, 7, 25200, 0, 'IRKT')
,(262, 8, 32400, 0, 'IRKT')
;
INSERT INTO oceanbase.__all_tenant_time_zone (Time_zone_id, Use_leap_seconds) VALUES (263, 'N');
INSERT INTO  oceanbase.__all_tenant_time_zone_name (Name, Time_zone_id) VALUES ('Asia/Istanbul', 263);
INSERT INTO  oceanbase.__all_tenant_time_zone_transition (Time_zone_id, Transition_time, Transition_type_id) VALUES
 (263, -1869875816, 2)
,(263, -1693706400, 1)
,(263, -1680490800, 2)
,(263, -1570413600, 1)
,(263, -1552186800, 2)
,(263, -1538359200, 1)
,(263, -1522551600, 2)
,(263, -1507514400, 1)
,(263, -1490583600, 2)
,(263, -1440208800, 1)
,(263, -1428030000, 2)
,(263, -1409709600, 1)
,(263, -1396494000, 2)
,(263, -931140000, 1)
,(263, -922762800, 2)
,(263, -917834400, 1)
,(263, -892436400, 2)
,(263, -875844000, 1)
,(263, -857358000, 2)
,(263, -781063200, 1)
,(263, -764737200, 2)
,(263, -744343200, 1)
,(263, -733806000, 2)
,(263, -716436000, 1)
,(263, -701924400, 2)
,(263, -684986400, 1)
,(263, -670474800, 2)
,(263, -654141600, 1)
,(263, -639025200, 2)
,(263, -621828000, 1)
,(263, -606970800, 2)
,(263, -590032800, 1)
,(263, -575434800, 2)
,(263, -235620000, 1)
,(263, -228279600, 2)
,(263, -177732000, 1)
,(263, -165726000, 2)
,(263, 10533600, 1)
,(263, 23835600, 2)
,(263, 41983200, 1)
,(263, 55285200, 2)
,(263, 74037600, 1)
,(263, 87339600, 2)
,(263, 107910000, 1)
,(263, 121219200, 2)
,(263, 133920000, 1)
,(263, 152676000, 2)
,(263, 165362400, 1)
,(263, 183502800, 2)
,(263, 202428000, 1)
,(263, 215557200, 2)
,(263, 228866400, 1)
,(263, 245797200, 2)
,(263, 260316000, 1)
,(263, 277246800, 3)
,(263, 308779200, 4)
,(263, 323827200, 3)
,(263, 340228800, 4)
,(263, 354672000, 3)
,(263, 371678400, 4)
,(263, 386121600, 3)
,(263, 403128000, 4)
,(263, 428446800, 3)
,(263, 433886400, 4)
,(263, 482792400, 1)
,(263, 496702800, 2)
,(263, 512524800, 5)
,(263, 528249600, 6)
,(263, 543974400, 5)
,(263, 559699200, 6)
,(263, 575424000, 5)
,(263, 591148800, 6)
,(263, 606873600, 5)
,(263, 622598400, 6)
,(263, 638323200, 5)
,(263, 654652800, 6)
,(263, 670374000, 5)
,(263, 686098800, 6)
,(263, 701823600, 5)
,(263, 717548400, 6)
,(263, 733273200, 5)
,(263, 748998000, 6)
,(263, 764722800, 5)
,(263, 780447600, 6)
,(263, 796172400, 5)
,(263, 811897200, 6)
,(263, 828226800, 5)
,(263, 846370800, 6)
,(263, 859676400, 5)
,(263, 877820400, 6)
,(263, 891126000, 5)
,(263, 909270000, 6)
,(263, 922575600, 5)
,(263, 941324400, 6)
,(263, 954025200, 5)
,(263, 972774000, 6)
,(263, 985474800, 5)
,(263, 1004223600, 6)
,(263, 1017529200, 5)
,(263, 1035673200, 6)
,(263, 1048978800, 5)
,(263, 1067122800, 6)
,(263, 1080428400, 5)
,(263, 1099177200, 6)
,(263, 1111878000, 5)
,(263, 1130626800, 6)
,(263, 1143327600, 5)
,(263, 1162076400, 6)
,(263, 1167602400, 2)
,(263, 1174784400, 7)
,(263, 1193533200, 8)
,(263, 1206838800, 7)
,(263, 1224982800, 8)
,(263, 1238288400, 7)
,(263, 1256432400, 8)
,(263, 1269738000, 7)
,(263, 1288486800, 8)
,(263, 1301274000, 7)
,(263, 1319936400, 8)
,(263, 1332637200, 7)
,(263, 1351386000, 8)
,(263, 1364691600, 7)
,(263, 1382835600, 8)
,(263, 1396141200, 7)
,(263, 1414285200, 8)
,(263, 1427590800, 7)
,(263, 1445734800, 8)
,(263, 1459040400, 7)
,(263, 1477789200, 8)
,(263, 1490490000, 7)
,(263, 1509238800, 8)
,(263, 1521939600, 7)
,(263, 1540688400, 8)
,(263, 1553994000, 7)
,(263, 1572138000, 8)
,(263, 1585443600, 7)
,(263, 1603587600, 8)
,(263, 1616893200, 7)
,(263, 1635642000, 8)
,(263, 1648342800, 7)
,(263, 1667091600, 8)
,(263, 1679792400, 7)
,(263, 1698541200, 8)
,(263, 1711846800, 7)
,(263, 1729990800, 8)
,(263, 1743296400, 7)
,(263, 1761440400, 8)
,(263, 1774746000, 7)
,(263, 1792890000, 8)
,(263, 1806195600, 7)
,(263, 1824944400, 8)
,(263, 1837645200, 7)
,(263, 1856394000, 8)
,(263, 1869094800, 7)
,(263, 1887843600, 8)
,(263, 1901149200, 7)
,(263, 1919293200, 8)
,(263, 1932598800, 7)
,(263, 1950742800, 8)
,(263, 1964048400, 7)
,(263, 1982797200, 8)
,(263, 1995498000, 7)
,(263, 2014246800, 8)
,(263, 2026947600, 7)
,(263, 2045696400, 8)
,(263, 2058397200, 7)
,(263, 2077146000, 8)
,(263, 2090451600, 7)
,(263, 2108595600, 8)
,(263, 2121901200, 7)
,(263, 2140045200, 8)
;
INSERT INTO  oceanbase.__all_tenant_time_zone_transition_type (Time_zone_id, Transition_type_id, Offset, Is_DST, Abbreviation) VALUES
 (263, 0, 7016, 0, 'IMT')
,(263, 1, 10800, 1, 'EEST')
,(263, 2, 7200, 0, 'EET')
,(263, 3, 14400, 1, 'TRST')
,(263, 4, 10800, 0, 'TRT')
,(263, 5, 10800, 1, 'EEST')
,(263, 6, 7200, 0, 'EET')
,(263, 7, 10800, 1, 'EEST')
,(263, 8, 7200, 0, 'EET')
;
INSERT INTO oceanbase.__all_tenant_time_zone (Time_zone_id, Use_leap_seconds) VALUES (264, 'N');
INSERT INTO  oceanbase.__all_tenant_time_zone_name (Name, Time_zone_id) VALUES ('Asia/Jakarta', 264);
INSERT INTO  oceanbase.__all_tenant_time_zone_transition (Time_zone_id, Transition_time, Transition_type_id) VALUES
 (264, -1451719200, 1)
,(264, -1172906400, 2)
,(264, -876641400, 3)
,(264, -766054800, 2)
,(264, -683883000, 4)
,(264, -620812800, 2)
,(264, -189415800, 5)
;
INSERT INTO  oceanbase.__all_tenant_time_zone_transition_type (Time_zone_id, Transition_type_id, Offset, Is_DST, Abbreviation) VALUES
 (264, 0, 25632, 0, 'JMT')
,(264, 1, 26400, 0, 'JAVT')
,(264, 2, 27000, 0, 'WIT')
,(264, 3, 32400, 0, 'JST')
,(264, 4, 28800, 0, 'WIT')
,(264, 5, 25200, 0, 'WIT')
;
INSERT INTO oceanbase.__all_tenant_time_zone (Time_zone_id, Use_leap_seconds) VALUES (265, 'N');
INSERT INTO  oceanbase.__all_tenant_time_zone_name (Name, Time_zone_id) VALUES ('Asia/Jayapura', 265);
INSERT INTO  oceanbase.__all_tenant_time_zone_transition (Time_zone_id, Transition_time, Transition_type_id) VALUES
 (265, -1172913768, 1)
,(265, -799491600, 2)
,(265, -189423000, 1)
;
INSERT INTO  oceanbase.__all_tenant_time_zone_transition_type (Time_zone_id, Transition_type_id, Offset, Is_DST, Abbreviation) VALUES
 (265, 0, 33768, 0, 'LMT')
,(265, 1, 32400, 0, 'EIT')
,(265, 2, 34200, 0, 'CST')
;
INSERT INTO oceanbase.__all_tenant_time_zone (Time_zone_id, Use_leap_seconds) VALUES (266, 'N');
INSERT INTO  oceanbase.__all_tenant_time_zone_name (Name, Time_zone_id) VALUES ('Asia/Jerusalem', 266);
INSERT INTO  oceanbase.__all_tenant_time_zone_transition (Time_zone_id, Transition_time, Transition_type_id) VALUES
 (266, -1641003640, 2)
,(266, -933645600, 1)
,(266, -857358000, 2)
,(266, -844300800, 1)
,(266, -825822000, 2)
,(266, -812685600, 1)
,(266, -794199600, 2)
,(266, -779853600, 1)
,(266, -762656400, 2)
,(266, -748310400, 1)
,(266, -731127600, 2)
,(266, -681962400, 3)
,(266, -673243200, 1)
,(266, -667962000, 2)
,(266, -652327200, 1)
,(266, -636426000, 2)
,(266, -622087200, 1)
,(266, -608947200, 2)
,(266, -591847200, 1)
,(266, -572486400, 2)
,(266, -558576000, 1)
,(266, -542851200, 2)
,(266, -527731200, 1)
,(266, -514425600, 2)
,(266, -490845600, 1)
,(266, -482986800, 2)
,(266, -459475200, 1)
,(266, -451537200, 2)
,(266, -428551200, 1)
,(266, -418262400, 2)
,(266, -400032000, 1)
,(266, -387428400, 2)
,(266, 142380000, 1)
,(266, 150843600, 2)
,(266, 167176800, 1)
,(266, 178664400, 2)
,(266, 482277600, 1)
,(266, 495579600, 2)
,(266, 516751200, 1)
,(266, 526424400, 2)
,(266, 545436000, 1)
,(266, 558478800, 2)
,(266, 576540000, 1)
,(266, 589237200, 2)
,(266, 609890400, 1)
,(266, 620773200, 2)
,(266, 638316000, 1)
,(266, 651618000, 2)
,(266, 669765600, 1)
,(266, 683672400, 2)
,(266, 701820000, 1)
,(266, 715726800, 2)
,(266, 733701600, 1)
,(266, 747176400, 2)
,(266, 765151200, 1)
,(266, 778021200, 2)
,(266, 796600800, 1)
,(266, 810075600, 2)
,(266, 826840800, 1)
,(266, 842821200, 2)
,(266, 858895200, 1)
,(266, 874184400, 2)
,(266, 890344800, 1)
,(266, 905029200, 2)
,(266, 923011200, 1)
,(266, 936313200, 2)
,(266, 955670400, 1)
,(266, 970783200, 2)
,(266, 986770800, 1)
,(266, 1001282400, 2)
,(266, 1017356400, 1)
,(266, 1033941600, 2)
,(266, 1048806000, 1)
,(266, 1065132000, 2)
,(266, 1081292400, 1)
,(266, 1095804000, 2)
,(266, 1112313600, 1)
,(266, 1128812400, 2)
,(266, 1143763200, 1)
,(266, 1159657200, 2)
,(266, 1175212800, 1)
,(266, 1189897200, 2)
,(266, 1206662400, 1)
,(266, 1223161200, 2)
,(266, 1238112000, 1)
,(266, 1254006000, 2)
,(266, 1269561600, 1)
,(266, 1284246000, 2)
,(266, 1301616000, 1)
,(266, 1317510000, 2)
,(266, 1333065600, 1)
,(266, 1348354800, 2)
,(266, 1364515200, 1)
,(266, 1378594800, 2)
,(266, 1395964800, 1)
,(266, 1411858800, 2)
,(266, 1427414400, 1)
,(266, 1442703600, 2)
,(266, 1459468800, 1)
,(266, 1475967600, 2)
,(266, 1490918400, 1)
,(266, 1506207600, 2)
,(266, 1522368000, 1)
,(266, 1537052400, 2)
,(266, 1553817600, 1)
,(266, 1570316400, 2)
,(266, 1585267200, 1)
,(266, 1601161200, 2)
,(266, 1616716800, 1)
,(266, 1631401200, 2)
,(266, 1648771200, 1)
,(266, 1664665200, 2)
,(266, 1680220800, 1)
,(266, 1695510000, 2)
,(266, 1711670400, 1)
,(266, 1728169200, 2)
,(266, 1743120000, 1)
,(266, 1759014000, 2)
,(266, 1774569600, 1)
,(266, 1789858800, 2)
,(266, 1806019200, 1)
,(266, 1823122800, 2)
,(266, 1838073600, 1)
,(266, 1853362800, 2)
,(266, 1869523200, 1)
,(266, 1884207600, 2)
,(266, 1900972800, 1)
,(266, 1917471600, 2)
,(266, 1932422400, 1)
,(266, 1947711600, 2)
,(266, 1963872000, 1)
,(266, 1978556400, 2)
,(266, 1995926400, 1)
,(266, 2011820400, 2)
,(266, 2027376000, 1)
,(266, 2042060400, 2)
,(266, 2058825600, 1)
,(266, 2075324400, 2)
,(266, 2090275200, 1)
,(266, 2106169200, 2)
,(266, 2121724800, 1)
,(266, 2136409200, 2)
;
INSERT INTO  oceanbase.__all_tenant_time_zone_transition_type (Time_zone_id, Transition_type_id, Offset, Is_DST, Abbreviation) VALUES
 (266, 0, 8440, 0, 'JMT')
,(266, 1, 10800, 1, 'IDT')
,(266, 2, 7200, 0, 'IST')
,(266, 3, 14400, 1, 'IDDT')
;
INSERT INTO oceanbase.__all_tenant_time_zone (Time_zone_id, Use_leap_seconds) VALUES (267, 'N');
INSERT INTO  oceanbase.__all_tenant_time_zone_name (Name, Time_zone_id) VALUES ('Asia/Kabul', 267);
INSERT INTO  oceanbase.__all_tenant_time_zone_transition (Time_zone_id, Transition_time, Transition_type_id) VALUES
 (267, -788932800, 1)
;
INSERT INTO  oceanbase.__all_tenant_time_zone_transition_type (Time_zone_id, Transition_type_id, Offset, Is_DST, Abbreviation) VALUES
 (267, 0, 14400, 0, 'AFT')
,(267, 1, 16200, 0, 'AFT')
;
INSERT INTO oceanbase.__all_tenant_time_zone (Time_zone_id, Use_leap_seconds) VALUES (268, 'N');
INSERT INTO  oceanbase.__all_tenant_time_zone_name (Name, Time_zone_id) VALUES ('Asia/Kamchatka', 268);
INSERT INTO  oceanbase.__all_tenant_time_zone_transition (Time_zone_id, Transition_time, Transition_type_id) VALUES
 (268, -1487759676, 1)
,(268, -1247569200, 3)
,(268, 354888000, 2)
,(268, 370695600, 3)
,(268, 386424000, 2)
,(268, 402231600, 3)
,(268, 417960000, 2)
,(268, 433767600, 3)
,(268, 449582400, 2)
,(268, 465314400, 4)
,(268, 481039200, 5)
,(268, 496764000, 4)
,(268, 512488800, 5)
,(268, 528213600, 4)
,(268, 543938400, 5)
,(268, 559663200, 4)
,(268, 575388000, 5)
,(268, 591112800, 4)
,(268, 606837600, 5)
,(268, 622562400, 4)
,(268, 638287200, 5)
,(268, 654616800, 4)
,(268, 670341600, 6)
,(268, 686070000, 7)
,(268, 695746800, 4)
,(268, 701780400, 2)
,(268, 717501600, 3)
,(268, 733240800, 5)
,(268, 748965600, 4)
,(268, 764690400, 5)
,(268, 780415200, 4)
,(268, 796140000, 5)
,(268, 811864800, 4)
,(268, 828194400, 5)
,(268, 846338400, 4)
,(268, 859644000, 5)
,(268, 877788000, 4)
,(268, 891093600, 5)
,(268, 909237600, 4)
,(268, 922543200, 5)
,(268, 941292000, 4)
,(268, 953992800, 5)
,(268, 972741600, 4)
,(268, 985442400, 5)
,(268, 1004191200, 4)
,(268, 1017496800, 5)
,(268, 1035640800, 4)
,(268, 1048946400, 5)
,(268, 1067090400, 4)
,(268, 1080396000, 5)
,(268, 1099144800, 4)
,(268, 1111845600, 5)
,(268, 1130594400, 4)
,(268, 1143295200, 5)
,(268, 1162044000, 4)
,(268, 1174744800, 5)
,(268, 1193493600, 4)
,(268, 1206799200, 5)
,(268, 1224943200, 4)
,(268, 1238248800, 5)
,(268, 1256392800, 4)
,(268, 1269698400, 6)
,(268, 1288450800, 7)
,(268, 1301151600, 4)
;
INSERT INTO  oceanbase.__all_tenant_time_zone_transition_type (Time_zone_id, Transition_type_id, Offset, Is_DST, Abbreviation) VALUES
 (268, 0, 38076, 0, 'LMT')
,(268, 1, 39600, 0, 'PETT')
,(268, 2, 46800, 1, 'PETST')
,(268, 3, 43200, 0, 'PETT')
,(268, 4, 43200, 0, 'PETT')
,(268, 5, 46800, 1, 'PETST')
,(268, 6, 43200, 1, 'PETST')
,(268, 7, 39600, 0, 'PETT')
;
INSERT INTO oceanbase.__all_tenant_time_zone (Time_zone_id, Use_leap_seconds) VALUES (269, 'N');
INSERT INTO  oceanbase.__all_tenant_time_zone_name (Name, Time_zone_id) VALUES ('Asia/Karachi', 269);
INSERT INTO  oceanbase.__all_tenant_time_zone_transition (Time_zone_id, Transition_time, Transition_type_id) VALUES
 (269, -1988166492, 1)
,(269, -862637400, 2)
,(269, -764145000, 1)
,(269, -576135000, 3)
,(269, 38775600, 5)
,(269, 1018119660, 4)
,(269, 1033840860, 5)
,(269, 1212260400, 4)
,(269, 1225476000, 5)
,(269, 1239735600, 4)
,(269, 1257012000, 5)
;
INSERT INTO  oceanbase.__all_tenant_time_zone_transition_type (Time_zone_id, Transition_type_id, Offset, Is_DST, Abbreviation) VALUES
 (269, 0, 16092, 0, 'LMT')
,(269, 1, 19800, 0, 'IST')
,(269, 2, 23400, 1, 'IST')
,(269, 3, 18000, 0, 'KART')
,(269, 4, 21600, 1, 'PKST')
,(269, 5, 18000, 0, 'PKT')
;
INSERT INTO oceanbase.__all_tenant_time_zone (Time_zone_id, Use_leap_seconds) VALUES (270, 'N');
INSERT INTO  oceanbase.__all_tenant_time_zone_name (Name, Time_zone_id) VALUES ('Asia/Kashgar', 270);
INSERT INTO  oceanbase.__all_tenant_time_zone_transition (Time_zone_id, Transition_time, Transition_type_id) VALUES
 (270, -1325480636, 1)
,(270, -946791000, 2)
,(270, 325969200, 4)
,(270, 515520000, 3)
,(270, 527007600, 4)
,(270, 545155200, 3)
,(270, 558457200, 4)
,(270, 576604800, 3)
,(270, 589906800, 4)
,(270, 608659200, 3)
,(270, 621961200, 4)
,(270, 640108800, 3)
,(270, 653410800, 4)
,(270, 671558400, 3)
,(270, 684860400, 4)
;
INSERT INTO  oceanbase.__all_tenant_time_zone_transition_type (Time_zone_id, Transition_type_id, Offset, Is_DST, Abbreviation) VALUES
 (270, 0, 18236, 0, 'LMT')
,(270, 1, 19800, 0, 'KAST')
,(270, 2, 18000, 0, 'KAST')
,(270, 3, 32400, 1, 'CDT')
,(270, 4, 28800, 0, 'CST')
;
INSERT INTO oceanbase.__all_tenant_time_zone (Time_zone_id, Use_leap_seconds) VALUES (271, 'N');
INSERT INTO  oceanbase.__all_tenant_time_zone_name (Name, Time_zone_id) VALUES ('Asia/Kathmandu', 271);
INSERT INTO  oceanbase.__all_tenant_time_zone_transition (Time_zone_id, Transition_time, Transition_type_id) VALUES
 (271, -1577943676, 1)
,(271, 504901800, 2)
;
INSERT INTO  oceanbase.__all_tenant_time_zone_transition_type (Time_zone_id, Transition_type_id, Offset, Is_DST, Abbreviation) VALUES
 (271, 0, 20476, 0, 'LMT')
,(271, 1, 19800, 0, 'IST')
,(271, 2, 20700, 0, 'NPT')
;
INSERT INTO oceanbase.__all_tenant_time_zone (Time_zone_id, Use_leap_seconds) VALUES (272, 'N');
INSERT INTO  oceanbase.__all_tenant_time_zone_name (Name, Time_zone_id) VALUES ('Asia/Katmandu', 272);
INSERT INTO  oceanbase.__all_tenant_time_zone_transition (Time_zone_id, Transition_time, Transition_type_id) VALUES
 (272, -1577943676, 1)
,(272, 504901800, 2)
;
INSERT INTO  oceanbase.__all_tenant_time_zone_transition_type (Time_zone_id, Transition_type_id, Offset, Is_DST, Abbreviation) VALUES
 (272, 0, 20476, 0, 'LMT')
,(272, 1, 19800, 0, 'IST')
,(272, 2, 20700, 0, 'NPT')
;
INSERT INTO oceanbase.__all_tenant_time_zone (Time_zone_id, Use_leap_seconds) VALUES (273, 'N');
INSERT INTO  oceanbase.__all_tenant_time_zone_name (Name, Time_zone_id) VALUES ('Asia/Kolkata', 273);
INSERT INTO  oceanbase.__all_tenant_time_zone_transition (Time_zone_id, Transition_time, Transition_type_id) VALUES
 (273, -891582800, 1)
,(273, -872058600, 2)
,(273, -862637400, 3)
,(273, -764145000, 2)
;
INSERT INTO  oceanbase.__all_tenant_time_zone_transition_type (Time_zone_id, Transition_type_id, Offset, Is_DST, Abbreviation) VALUES
 (273, 0, 21200, 0, 'HMT')
,(273, 1, 23400, 0, 'BURT')
,(273, 2, 19800, 0, 'IST')
,(273, 3, 23400, 1, 'IST')
;
INSERT INTO oceanbase.__all_tenant_time_zone (Time_zone_id, Use_leap_seconds) VALUES (274, 'N');
INSERT INTO  oceanbase.__all_tenant_time_zone_name (Name, Time_zone_id) VALUES ('Asia/Krasnoyarsk', 274);
INSERT INTO  oceanbase.__all_tenant_time_zone_transition (Time_zone_id, Transition_time, Transition_type_id) VALUES
 (274, -1577513480, 1)
,(274, -1247551200, 3)
,(274, 354906000, 2)
,(274, 370713600, 3)
,(274, 386442000, 2)
,(274, 402249600, 3)
,(274, 417978000, 2)
,(274, 433785600, 3)
,(274, 449600400, 2)
,(274, 465332400, 4)
,(274, 481057200, 5)
,(274, 496782000, 4)
,(274, 512506800, 5)
,(274, 528231600, 4)
,(274, 543956400, 5)
,(274, 559681200, 4)
,(274, 575406000, 5)
,(274, 591130800, 4)
,(274, 606855600, 5)
,(274, 622580400, 4)
,(274, 638305200, 5)
,(274, 654634800, 4)
,(274, 670359600, 6)
,(274, 686088000, 7)
,(274, 695764800, 4)
,(274, 701798400, 2)
,(274, 717519600, 3)
,(274, 733258800, 5)
,(274, 748983600, 4)
,(274, 764708400, 5)
,(274, 780433200, 4)
,(274, 796158000, 5)
,(274, 811882800, 4)
,(274, 828212400, 5)
,(274, 846356400, 4)
,(274, 859662000, 5)
,(274, 877806000, 4)
,(274, 891111600, 5)
,(274, 909255600, 4)
,(274, 922561200, 5)
,(274, 941310000, 4)
,(274, 954010800, 5)
,(274, 972759600, 4)
,(274, 985460400, 5)
,(274, 1004209200, 4)
,(274, 1017514800, 5)
,(274, 1035658800, 4)
,(274, 1048964400, 5)
,(274, 1067108400, 4)
,(274, 1080414000, 5)
,(274, 1099162800, 4)
,(274, 1111863600, 5)
,(274, 1130612400, 4)
,(274, 1143313200, 5)
,(274, 1162062000, 4)
,(274, 1174762800, 5)
,(274, 1193511600, 4)
,(274, 1206817200, 5)
,(274, 1224961200, 4)
,(274, 1238266800, 5)
,(274, 1256410800, 4)
,(274, 1269716400, 5)
,(274, 1288465200, 4)
,(274, 1301166000, 8)
;
INSERT INTO  oceanbase.__all_tenant_time_zone_transition_type (Time_zone_id, Transition_type_id, Offset, Is_DST, Abbreviation) VALUES
 (274, 0, 22280, 0, 'LMT')
,(274, 1, 21600, 0, 'KRAT')
,(274, 2, 28800, 1, 'KRAST')
,(274, 3, 25200, 0, 'KRAT')
,(274, 4, 25200, 0, 'KRAT')
,(274, 5, 28800, 1, 'KRAST')
,(274, 6, 25200, 1, 'KRAST')
,(274, 7, 21600, 0, 'KRAT')
,(274, 8, 28800, 0, 'KRAT')
;
INSERT INTO oceanbase.__all_tenant_time_zone (Time_zone_id, Use_leap_seconds) VALUES (275, 'N');
INSERT INTO  oceanbase.__all_tenant_time_zone_name (Name, Time_zone_id) VALUES ('Asia/Kuala_Lumpur', 275);
INSERT INTO  oceanbase.__all_tenant_time_zone_transition (Time_zone_id, Transition_time, Transition_type_id) VALUES
 (275, -2038200925, 1)
,(275, -1167634800, 2)
,(275, -1073028000, 3)
,(275, -894180000, 4)
,(275, -879665400, 5)
,(275, -767005200, 4)
,(275, 378664200, 6)
;
INSERT INTO  oceanbase.__all_tenant_time_zone_transition_type (Time_zone_id, Transition_type_id, Offset, Is_DST, Abbreviation) VALUES
 (275, 0, 24925, 0, 'SMT')
,(275, 1, 25200, 0, 'MALT')
,(275, 2, 26400, 1, 'MALST')
,(275, 3, 26400, 0, 'MALT')
,(275, 4, 27000, 0, 'MALT')
,(275, 5, 32400, 0, 'JST')
,(275, 6, 28800, 0, 'MYT')
;
INSERT INTO oceanbase.__all_tenant_time_zone (Time_zone_id, Use_leap_seconds) VALUES (276, 'N');
INSERT INTO  oceanbase.__all_tenant_time_zone_name (Name, Time_zone_id) VALUES ('Asia/Kuching', 276);
INSERT INTO  oceanbase.__all_tenant_time_zone_transition (Time_zone_id, Transition_time, Transition_type_id) VALUES
 (276, -1383463280, 1)
,(276, -1167636600, 3)
,(276, -1082448000, 2)
,(276, -1074586800, 3)
,(276, -1050825600, 2)
,(276, -1042964400, 3)
,(276, -1019289600, 2)
,(276, -1011428400, 3)
,(276, -987753600, 2)
,(276, -979892400, 3)
,(276, -956217600, 2)
,(276, -948356400, 3)
,(276, -924595200, 2)
,(276, -916734000, 3)
,(276, -893059200, 2)
,(276, -885198000, 3)
,(276, -879667200, 4)
,(276, -767005200, 3)
,(276, 378662400, 5)
;
INSERT INTO  oceanbase.__all_tenant_time_zone_transition_type (Time_zone_id, Transition_type_id, Offset, Is_DST, Abbreviation) VALUES
 (276, 0, 26480, 0, 'LMT')
,(276, 1, 27000, 0, 'BORT')
,(276, 2, 30000, 1, 'BORTST')
,(276, 3, 28800, 0, 'BORT')
,(276, 4, 32400, 0, 'JST')
,(276, 5, 28800, 0, 'MYT')
;
INSERT INTO oceanbase.__all_tenant_time_zone (Time_zone_id, Use_leap_seconds) VALUES (277, 'N');
INSERT INTO  oceanbase.__all_tenant_time_zone_name (Name, Time_zone_id) VALUES ('Asia/Kuwait', 277);
INSERT INTO  oceanbase.__all_tenant_time_zone_transition (Time_zone_id, Transition_time, Transition_type_id) VALUES
 (277, -631163516, 1)
;
INSERT INTO  oceanbase.__all_tenant_time_zone_transition_type (Time_zone_id, Transition_type_id, Offset, Is_DST, Abbreviation) VALUES
 (277, 0, 11516, 0, 'LMT')
,(277, 1, 10800, 0, 'AST')
;
INSERT INTO oceanbase.__all_tenant_time_zone (Time_zone_id, Use_leap_seconds) VALUES (278, 'N');
INSERT INTO  oceanbase.__all_tenant_time_zone_name (Name, Time_zone_id) VALUES ('Asia/Macao', 278);
INSERT INTO  oceanbase.__all_tenant_time_zone_transition (Time_zone_id, Transition_time, Transition_type_id) VALUES
 (278, -1830411260, 2)
,(278, -277360200, 1)
,(278, -257405400, 2)
,(278, -245910600, 1)
,(278, -225955800, 2)
,(278, -214473600, 1)
,(278, -194506200, 2)
,(278, -182406600, 1)
,(278, -163056600, 2)
,(278, -150969600, 1)
,(278, -131619600, 2)
,(278, -117088200, 1)
,(278, -101367000, 2)
,(278, -85638600, 1)
,(278, -69312600, 2)
,(278, -53584200, 1)
,(278, -37863000, 2)
,(278, -22134600, 1)
,(278, -6413400, 2)
,(278, 9315000, 1)
,(278, 25036200, 2)
,(278, 40764600, 1)
,(278, 56485800, 2)
,(278, 72201600, 1)
,(278, 87922800, 2)
,(278, 103651200, 1)
,(278, 119977200, 2)
,(278, 135705600, 1)
,(278, 151439400, 2)
,(278, 167167800, 1)
,(278, 182889000, 2)
,(278, 198617400, 1)
,(278, 214338600, 2)
,(278, 230067000, 1)
,(278, 245788200, 2)
,(278, 261504000, 1)
,(278, 277225200, 2)
,(278, 292953600, 1)
,(278, 309279600, 2)
,(278, 325008000, 1)
,(278, 340729200, 2)
,(278, 945619200, 3)
;
INSERT INTO  oceanbase.__all_tenant_time_zone_transition_type (Time_zone_id, Transition_type_id, Offset, Is_DST, Abbreviation) VALUES
 (278, 0, 27260, 0, 'LMT')
,(278, 1, 32400, 1, 'MOST')
,(278, 2, 28800, 0, 'MOT')
,(278, 3, 28800, 0, 'CST')
;
INSERT INTO oceanbase.__all_tenant_time_zone (Time_zone_id, Use_leap_seconds) VALUES (279, 'N');
INSERT INTO  oceanbase.__all_tenant_time_zone_name (Name, Time_zone_id) VALUES ('Asia/Macau', 279);
INSERT INTO  oceanbase.__all_tenant_time_zone_transition (Time_zone_id, Transition_time, Transition_type_id) VALUES
 (279, -1830411260, 2)
,(279, -277360200, 1)
,(279, -257405400, 2)
,(279, -245910600, 1)
,(279, -225955800, 2)
,(279, -214473600, 1)
,(279, -194506200, 2)
,(279, -182406600, 1)
,(279, -163056600, 2)
,(279, -150969600, 1)
,(279, -131619600, 2)
,(279, -117088200, 1)
,(279, -101367000, 2)
,(279, -85638600, 1)
,(279, -69312600, 2)
,(279, -53584200, 1)
,(279, -37863000, 2)
,(279, -22134600, 1)
,(279, -6413400, 2)
,(279, 9315000, 1)
,(279, 25036200, 2)
,(279, 40764600, 1)
,(279, 56485800, 2)
,(279, 72201600, 1)
,(279, 87922800, 2)
,(279, 103651200, 1)
,(279, 119977200, 2)
,(279, 135705600, 1)
,(279, 151439400, 2)
,(279, 167167800, 1)
,(279, 182889000, 2)
,(279, 198617400, 1)
,(279, 214338600, 2)
,(279, 230067000, 1)
,(279, 245788200, 2)
,(279, 261504000, 1)
,(279, 277225200, 2)
,(279, 292953600, 1)
,(279, 309279600, 2)
,(279, 325008000, 1)
,(279, 340729200, 2)
,(279, 945619200, 3)
;
INSERT INTO  oceanbase.__all_tenant_time_zone_transition_type (Time_zone_id, Transition_type_id, Offset, Is_DST, Abbreviation) VALUES
 (279, 0, 27260, 0, 'LMT')
,(279, 1, 32400, 1, 'MOST')
,(279, 2, 28800, 0, 'MOT')
,(279, 3, 28800, 0, 'CST')
;
INSERT INTO oceanbase.__all_tenant_time_zone (Time_zone_id, Use_leap_seconds) VALUES (280, 'N');
INSERT INTO  oceanbase.__all_tenant_time_zone_name (Name, Time_zone_id) VALUES ('Asia/Magadan', 280);
INSERT INTO  oceanbase.__all_tenant_time_zone_transition (Time_zone_id, Transition_time, Transition_type_id) VALUES
 (280, -1441188192, 1)
,(280, -1247565600, 3)
,(280, 354891600, 2)
,(280, 370699200, 3)
,(280, 386427600, 2)
,(280, 402235200, 3)
,(280, 417963600, 2)
,(280, 433771200, 3)
,(280, 449586000, 2)
,(280, 465318000, 4)
,(280, 481042800, 5)
,(280, 496767600, 4)
,(280, 512492400, 5)
,(280, 528217200, 4)
,(280, 543942000, 5)
,(280, 559666800, 4)
,(280, 575391600, 5)
,(280, 591116400, 4)
,(280, 606841200, 5)
,(280, 622566000, 4)
,(280, 638290800, 5)
,(280, 654620400, 4)
,(280, 670345200, 6)
,(280, 686073600, 7)
,(280, 695750400, 4)
,(280, 701784000, 2)
,(280, 717505200, 3)
,(280, 733244400, 5)
,(280, 748969200, 4)
,(280, 764694000, 5)
,(280, 780418800, 4)
,(280, 796143600, 5)
,(280, 811868400, 4)
,(280, 828198000, 5)
,(280, 846342000, 4)
,(280, 859647600, 5)
,(280, 877791600, 4)
,(280, 891097200, 5)
,(280, 909241200, 4)
,(280, 922546800, 5)
,(280, 941295600, 4)
,(280, 953996400, 5)
,(280, 972745200, 4)
,(280, 985446000, 5)
,(280, 1004194800, 4)
,(280, 1017500400, 5)
,(280, 1035644400, 4)
,(280, 1048950000, 5)
,(280, 1067094000, 4)
,(280, 1080399600, 5)
,(280, 1099148400, 4)
,(280, 1111849200, 5)
,(280, 1130598000, 4)
,(280, 1143298800, 5)
,(280, 1162047600, 4)
,(280, 1174748400, 5)
,(280, 1193497200, 4)
,(280, 1206802800, 5)
,(280, 1224946800, 4)
,(280, 1238252400, 5)
,(280, 1256396400, 4)
,(280, 1269702000, 5)
,(280, 1288450800, 4)
,(280, 1301151600, 8)
;
INSERT INTO  oceanbase.__all_tenant_time_zone_transition_type (Time_zone_id, Transition_type_id, Offset, Is_DST, Abbreviation) VALUES
 (280, 0, 36192, 0, 'LMT')
,(280, 1, 36000, 0, 'MAGT')
,(280, 2, 43200, 1, 'MAGST')
,(280, 3, 39600, 0, 'MAGT')
,(280, 4, 39600, 0, 'MAGT')
,(280, 5, 43200, 1, 'MAGST')
,(280, 6, 39600, 1, 'MAGST')
,(280, 7, 36000, 0, 'MAGT')
,(280, 8, 43200, 0, 'MAGT')
;
INSERT INTO oceanbase.__all_tenant_time_zone (Time_zone_id, Use_leap_seconds) VALUES (281, 'N');
INSERT INTO  oceanbase.__all_tenant_time_zone_name (Name, Time_zone_id) VALUES ('Asia/Makassar', 281);
INSERT INTO  oceanbase.__all_tenant_time_zone_transition (Time_zone_id, Transition_time, Transition_type_id) VALUES
 (281, -1577951856, 1)
,(281, -1172908656, 2)
,(281, -880272000, 3)
,(281, -766054800, 2)
;
INSERT INTO  oceanbase.__all_tenant_time_zone_transition_type (Time_zone_id, Transition_type_id, Offset, Is_DST, Abbreviation) VALUES
 (281, 0, 28656, 0, 'LMT')
,(281, 1, 28656, 0, 'MMT')
,(281, 2, 28800, 0, 'CIT')
,(281, 3, 32400, 0, 'JST')
;
INSERT INTO oceanbase.__all_tenant_time_zone (Time_zone_id, Use_leap_seconds) VALUES (282, 'N');
INSERT INTO  oceanbase.__all_tenant_time_zone_name (Name, Time_zone_id) VALUES ('Asia/Manila', 282);
INSERT INTO  oceanbase.__all_tenant_time_zone_transition (Time_zone_id, Transition_time, Transition_type_id) VALUES
 (282, -1046678400, 0)
,(282, -1038733200, 1)
,(282, -873273600, 2)
,(282, -794221200, 1)
,(282, -496224000, 0)
,(282, -489315600, 1)
,(282, 259344000, 0)
,(282, 275151600, 1)
;
INSERT INTO  oceanbase.__all_tenant_time_zone_transition_type (Time_zone_id, Transition_type_id, Offset, Is_DST, Abbreviation) VALUES
 (282, 0, 32400, 1, 'PHST')
,(282, 1, 28800, 0, 'PHT')
,(282, 2, 32400, 0, 'JST')
;
INSERT INTO oceanbase.__all_tenant_time_zone (Time_zone_id, Use_leap_seconds) VALUES (283, 'N');
INSERT INTO  oceanbase.__all_tenant_time_zone_name (Name, Time_zone_id) VALUES ('Asia/Muscat', 283);
INSERT INTO  oceanbase.__all_tenant_time_zone_transition (Time_zone_id, Transition_time, Transition_type_id) VALUES
 (283, -1577937260, 1)
;
INSERT INTO  oceanbase.__all_tenant_time_zone_transition_type (Time_zone_id, Transition_type_id, Offset, Is_DST, Abbreviation) VALUES
 (283, 0, 14060, 0, 'LMT')
,(283, 1, 14400, 0, 'GST')
;
INSERT INTO oceanbase.__all_tenant_time_zone (Time_zone_id, Use_leap_seconds) VALUES (284, 'N');
INSERT INTO  oceanbase.__all_tenant_time_zone_name (Name, Time_zone_id) VALUES ('Asia/Nicosia', 284);
INSERT INTO  oceanbase.__all_tenant_time_zone_transition (Time_zone_id, Transition_time, Transition_type_id) VALUES
 (284, -1518920008, 2)
,(284, 166572000, 1)
,(284, 182293200, 2)
,(284, 200959200, 1)
,(284, 213829200, 2)
,(284, 228866400, 1)
,(284, 243982800, 2)
,(284, 260316000, 1)
,(284, 276123600, 2)
,(284, 291765600, 1)
,(284, 307486800, 2)
,(284, 323820000, 1)
,(284, 338936400, 2)
,(284, 354664800, 1)
,(284, 370386000, 2)
,(284, 386114400, 1)
,(284, 401835600, 2)
,(284, 417564000, 1)
,(284, 433285200, 2)
,(284, 449013600, 1)
,(284, 465339600, 2)
,(284, 481068000, 1)
,(284, 496789200, 2)
,(284, 512517600, 1)
,(284, 528238800, 2)
,(284, 543967200, 1)
,(284, 559688400, 2)
,(284, 575416800, 1)
,(284, 591138000, 2)
,(284, 606866400, 1)
,(284, 622587600, 2)
,(284, 638316000, 1)
,(284, 654642000, 2)
,(284, 670370400, 1)
,(284, 686091600, 2)
,(284, 701820000, 1)
,(284, 717541200, 2)
,(284, 733269600, 1)
,(284, 748990800, 2)
,(284, 764719200, 1)
,(284, 780440400, 2)
,(284, 796168800, 1)
,(284, 811890000, 2)
,(284, 828223200, 1)
,(284, 843944400, 2)
,(284, 859672800, 1)
,(284, 875394000, 2)
,(284, 891122400, 1)
,(284, 909277200, 3)
,(284, 922582800, 4)
,(284, 941331600, 3)
,(284, 954032400, 4)
,(284, 972781200, 3)
,(284, 985482000, 4)
,(284, 1004230800, 3)
,(284, 1017536400, 4)
,(284, 1035680400, 3)
,(284, 1048986000, 4)
,(284, 1067130000, 3)
,(284, 1080435600, 4)
,(284, 1099184400, 3)
,(284, 1111885200, 4)
,(284, 1130634000, 3)
,(284, 1143334800, 4)
,(284, 1162083600, 3)
,(284, 1174784400, 4)
,(284, 1193533200, 3)
,(284, 1206838800, 4)
,(284, 1224982800, 3)
,(284, 1238288400, 4)
,(284, 1256432400, 3)
,(284, 1269738000, 4)
,(284, 1288486800, 3)
,(284, 1301187600, 4)
,(284, 1319936400, 3)
,(284, 1332637200, 4)
,(284, 1351386000, 3)
,(284, 1364691600, 4)
,(284, 1382835600, 3)
,(284, 1396141200, 4)
,(284, 1414285200, 3)
,(284, 1427590800, 4)
,(284, 1445734800, 3)
,(284, 1459040400, 4)
,(284, 1477789200, 3)
,(284, 1490490000, 4)
,(284, 1509238800, 3)
,(284, 1521939600, 4)
,(284, 1540688400, 3)
,(284, 1553994000, 4)
,(284, 1572138000, 3)
,(284, 1585443600, 4)
,(284, 1603587600, 3)
,(284, 1616893200, 4)
,(284, 1635642000, 3)
,(284, 1648342800, 4)
,(284, 1667091600, 3)
,(284, 1679792400, 4)
,(284, 1698541200, 3)
,(284, 1711846800, 4)
,(284, 1729990800, 3)
,(284, 1743296400, 4)
,(284, 1761440400, 3)
,(284, 1774746000, 4)
,(284, 1792890000, 3)
,(284, 1806195600, 4)
,(284, 1824944400, 3)
,(284, 1837645200, 4)
,(284, 1856394000, 3)
,(284, 1869094800, 4)
,(284, 1887843600, 3)
,(284, 1901149200, 4)
,(284, 1919293200, 3)
,(284, 1932598800, 4)
,(284, 1950742800, 3)
,(284, 1964048400, 4)
,(284, 1982797200, 3)
,(284, 1995498000, 4)
,(284, 2014246800, 3)
,(284, 2026947600, 4)
,(284, 2045696400, 3)
,(284, 2058397200, 4)
,(284, 2077146000, 3)
,(284, 2090451600, 4)
,(284, 2108595600, 3)
,(284, 2121901200, 4)
,(284, 2140045200, 3)
;
INSERT INTO  oceanbase.__all_tenant_time_zone_transition_type (Time_zone_id, Transition_type_id, Offset, Is_DST, Abbreviation) VALUES
 (284, 0, 8008, 0, 'LMT')
,(284, 1, 10800, 1, 'EEST')
,(284, 2, 7200, 0, 'EET')
,(284, 3, 7200, 0, 'EET')
,(284, 4, 10800, 1, 'EEST')
;
INSERT INTO oceanbase.__all_tenant_time_zone (Time_zone_id, Use_leap_seconds) VALUES (285, 'N');
INSERT INTO  oceanbase.__all_tenant_time_zone_name (Name, Time_zone_id) VALUES ('Asia/Novokuznetsk', 285);
INSERT INTO  oceanbase.__all_tenant_time_zone_transition (Time_zone_id, Transition_time, Transition_type_id) VALUES
 (285, -1577512128, 1)
,(285, -1247551200, 3)
,(285, 354906000, 2)
,(285, 370713600, 3)
,(285, 386442000, 2)
,(285, 402249600, 3)
,(285, 417978000, 2)
,(285, 433785600, 3)
,(285, 449600400, 2)
,(285, 465332400, 4)
,(285, 481057200, 5)
,(285, 496782000, 4)
,(285, 512506800, 5)
,(285, 528231600, 4)
,(285, 543956400, 5)
,(285, 559681200, 4)
,(285, 575406000, 5)
,(285, 591130800, 4)
,(285, 606855600, 5)
,(285, 622580400, 4)
,(285, 638305200, 5)
,(285, 654634800, 4)
,(285, 670359600, 6)
,(285, 686088000, 7)
,(285, 695764800, 4)
,(285, 701798400, 2)
,(285, 717519600, 3)
,(285, 733258800, 5)
,(285, 748983600, 4)
,(285, 764708400, 5)
,(285, 780433200, 4)
,(285, 796158000, 5)
,(285, 811882800, 4)
,(285, 828212400, 5)
,(285, 846356400, 4)
,(285, 859662000, 5)
,(285, 877806000, 4)
,(285, 891111600, 5)
,(285, 909255600, 4)
,(285, 922561200, 5)
,(285, 941310000, 4)
,(285, 954010800, 5)
,(285, 972759600, 4)
,(285, 985460400, 5)
,(285, 1004209200, 4)
,(285, 1017514800, 5)
,(285, 1035658800, 4)
,(285, 1048964400, 5)
,(285, 1067108400, 4)
,(285, 1080414000, 5)
,(285, 1099162800, 4)
,(285, 1111863600, 5)
,(285, 1130612400, 4)
,(285, 1143313200, 5)
,(285, 1162062000, 4)
,(285, 1174762800, 5)
,(285, 1193511600, 4)
,(285, 1206817200, 5)
,(285, 1224961200, 4)
,(285, 1238266800, 5)
,(285, 1256410800, 4)
,(285, 1269716400, 8)
,(285, 1288468800, 9)
,(285, 1301169600, 10)
;
INSERT INTO  oceanbase.__all_tenant_time_zone_transition_type (Time_zone_id, Transition_type_id, Offset, Is_DST, Abbreviation) VALUES
 (285, 0, 20928, 0, 'NMT')
,(285, 1, 21600, 0, 'KRAT')
,(285, 2, 28800, 1, 'KRAST')
,(285, 3, 25200, 0, 'KRAT')
,(285, 4, 25200, 0, 'KRAT')
,(285, 5, 28800, 1, 'KRAST')
,(285, 6, 25200, 1, 'KRAST')
,(285, 7, 21600, 0, 'KRAT')
,(285, 8, 25200, 1, 'OMSST')
,(285, 9, 21600, 0, 'OMST')
,(285, 10, 25200, 0, 'OMST')
;
INSERT INTO oceanbase.__all_tenant_time_zone (Time_zone_id, Use_leap_seconds) VALUES (286, 'N');
INSERT INTO  oceanbase.__all_tenant_time_zone_name (Name, Time_zone_id) VALUES ('Asia/Novosibirsk', 286);
INSERT INTO  oceanbase.__all_tenant_time_zone_transition (Time_zone_id, Transition_time, Transition_type_id) VALUES
 (286, -1579476700, 1)
,(286, -1247551200, 3)
,(286, 354906000, 2)
,(286, 370713600, 3)
,(286, 386442000, 2)
,(286, 402249600, 3)
,(286, 417978000, 2)
,(286, 433785600, 3)
,(286, 449600400, 2)
,(286, 465332400, 4)
,(286, 481057200, 5)
,(286, 496782000, 4)
,(286, 512506800, 5)
,(286, 528231600, 4)
,(286, 543956400, 5)
,(286, 559681200, 4)
,(286, 575406000, 5)
,(286, 591130800, 4)
,(286, 606855600, 5)
,(286, 622580400, 4)
,(286, 638305200, 5)
,(286, 654634800, 4)
,(286, 670359600, 6)
,(286, 686088000, 7)
,(286, 695764800, 4)
,(286, 701798400, 2)
,(286, 717519600, 3)
,(286, 733258800, 5)
,(286, 738086400, 8)
,(286, 748987200, 7)
,(286, 764712000, 6)
,(286, 780436800, 7)
,(286, 796161600, 6)
,(286, 811886400, 7)
,(286, 828216000, 6)
,(286, 846360000, 7)
,(286, 859665600, 6)
,(286, 877809600, 7)
,(286, 891115200, 6)
,(286, 909259200, 7)
,(286, 922564800, 6)
,(286, 941313600, 7)
,(286, 954014400, 6)
,(286, 972763200, 7)
,(286, 985464000, 6)
,(286, 1004212800, 7)
,(286, 1017518400, 6)
,(286, 1035662400, 7)
,(286, 1048968000, 6)
,(286, 1067112000, 7)
,(286, 1080417600, 6)
,(286, 1099166400, 7)
,(286, 1111867200, 6)
,(286, 1130616000, 7)
,(286, 1143316800, 6)
,(286, 1162065600, 7)
,(286, 1174766400, 6)
,(286, 1193515200, 7)
,(286, 1206820800, 6)
,(286, 1224964800, 7)
,(286, 1238270400, 6)
,(286, 1256414400, 7)
,(286, 1269720000, 6)
,(286, 1288468800, 7)
,(286, 1301169600, 4)
;
INSERT INTO  oceanbase.__all_tenant_time_zone_transition_type (Time_zone_id, Transition_type_id, Offset, Is_DST, Abbreviation) VALUES
 (286, 0, 19900, 0, 'LMT')
,(286, 1, 21600, 0, 'NOVT')
,(286, 2, 28800, 1, 'NOVST')
,(286, 3, 25200, 0, 'NOVT')
,(286, 4, 25200, 0, 'NOVT')
,(286, 5, 28800, 1, 'NOVST')
,(286, 6, 25200, 1, 'NOVST')
,(286, 7, 21600, 0, 'NOVT')
,(286, 8, 25200, 1, 'NOVST')
;
INSERT INTO oceanbase.__all_tenant_time_zone (Time_zone_id, Use_leap_seconds) VALUES (287, 'N');
INSERT INTO  oceanbase.__all_tenant_time_zone_name (Name, Time_zone_id) VALUES ('Asia/Omsk', 287);
INSERT INTO  oceanbase.__all_tenant_time_zone_transition (Time_zone_id, Transition_time, Transition_type_id) VALUES
 (287, -1582088016, 1)
,(287, -1247547600, 3)
,(287, 354909600, 2)
,(287, 370717200, 3)
,(287, 386445600, 2)
,(287, 402253200, 3)
,(287, 417981600, 2)
,(287, 433789200, 3)
,(287, 449604000, 2)
,(287, 465336000, 4)
,(287, 481060800, 5)
,(287, 496785600, 4)
,(287, 512510400, 5)
,(287, 528235200, 4)
,(287, 543960000, 5)
,(287, 559684800, 4)
,(287, 575409600, 5)
,(287, 591134400, 4)
,(287, 606859200, 5)
,(287, 622584000, 4)
,(287, 638308800, 5)
,(287, 654638400, 4)
,(287, 670363200, 6)
,(287, 686091600, 7)
,(287, 695768400, 4)
,(287, 701802000, 2)
,(287, 717523200, 3)
,(287, 733262400, 5)
,(287, 748987200, 4)
,(287, 764712000, 5)
,(287, 780436800, 4)
,(287, 796161600, 5)
,(287, 811886400, 4)
,(287, 828216000, 5)
,(287, 846360000, 4)
,(287, 859665600, 5)
,(287, 877809600, 4)
,(287, 891115200, 5)
,(287, 909259200, 4)
,(287, 922564800, 5)
,(287, 941313600, 4)
,(287, 954014400, 5)
,(287, 972763200, 4)
,(287, 985464000, 5)
,(287, 1004212800, 4)
,(287, 1017518400, 5)
,(287, 1035662400, 4)
,(287, 1048968000, 5)
,(287, 1067112000, 4)
,(287, 1080417600, 5)
,(287, 1099166400, 4)
,(287, 1111867200, 5)
,(287, 1130616000, 4)
,(287, 1143316800, 5)
,(287, 1162065600, 4)
,(287, 1174766400, 5)
,(287, 1193515200, 4)
,(287, 1206820800, 5)
,(287, 1224964800, 4)
,(287, 1238270400, 5)
,(287, 1256414400, 4)
,(287, 1269720000, 5)
,(287, 1288468800, 4)
,(287, 1301169600, 8)
;
INSERT INTO  oceanbase.__all_tenant_time_zone_transition_type (Time_zone_id, Transition_type_id, Offset, Is_DST, Abbreviation) VALUES
 (287, 0, 17616, 0, 'LMT')
,(287, 1, 18000, 0, 'OMST')
,(287, 2, 25200, 1, 'OMSST')
,(287, 3, 21600, 0, 'OMST')
,(287, 4, 21600, 0, 'OMST')
,(287, 5, 25200, 1, 'OMSST')
,(287, 6, 21600, 1, 'OMSST')
,(287, 7, 18000, 0, 'OMST')
,(287, 8, 25200, 0, 'OMST')
;
INSERT INTO oceanbase.__all_tenant_time_zone (Time_zone_id, Use_leap_seconds) VALUES (288, 'N');
INSERT INTO  oceanbase.__all_tenant_time_zone_name (Name, Time_zone_id) VALUES ('Asia/Oral', 288);
INSERT INTO  oceanbase.__all_tenant_time_zone_transition (Time_zone_id, Transition_time, Transition_type_id) VALUES
 (288, -1441164324, 1)
,(288, -1247544000, 2)
,(288, 354913200, 3)
,(288, 370720800, 4)
,(288, 386445600, 3)
,(288, 402256800, 2)
,(288, 417985200, 3)
,(288, 433792800, 2)
,(288, 449607600, 3)
,(288, 465339600, 5)
,(288, 481064400, 6)
,(288, 496789200, 5)
,(288, 512514000, 6)
,(288, 528238800, 5)
,(288, 543963600, 6)
,(288, 559688400, 5)
,(288, 575413200, 6)
,(288, 591138000, 5)
,(288, 606862800, 7)
,(288, 622591200, 8)
,(288, 638316000, 7)
,(288, 654645600, 8)
,(288, 662673600, 1)
,(288, 692827200, 10)
,(288, 701809200, 9)
,(288, 717530400, 10)
,(288, 733269600, 11)
,(288, 748994400, 12)
,(288, 764719200, 11)
,(288, 780444000, 12)
,(288, 796168800, 11)
,(288, 811893600, 12)
,(288, 828223200, 11)
,(288, 846367200, 12)
,(288, 859672800, 11)
,(288, 877816800, 12)
,(288, 891122400, 11)
,(288, 909266400, 12)
,(288, 922572000, 11)
,(288, 941320800, 12)
,(288, 954021600, 11)
,(288, 972770400, 12)
,(288, 985471200, 11)
,(288, 1004220000, 12)
,(288, 1017525600, 11)
,(288, 1035669600, 12)
,(288, 1048975200, 11)
,(288, 1067119200, 12)
,(288, 1080424800, 11)
,(288, 1099173600, 12)
,(288, 1110830400, 13)
;
INSERT INTO  oceanbase.__all_tenant_time_zone_transition_type (Time_zone_id, Transition_type_id, Offset, Is_DST, Abbreviation) VALUES
 (288, 0, 12324, 0, 'LMT')
,(288, 1, 14400, 0, 'URAT')
,(288, 2, 18000, 0, 'URAT')
,(288, 3, 21600, 1, 'URAST')
,(288, 4, 21600, 0, 'URAT')
,(288, 5, 18000, 0, 'URAT')
,(288, 6, 21600, 1, 'URAST')
,(288, 7, 18000, 1, 'URAST')
,(288, 8, 14400, 0, 'URAT')
,(288, 9, 18000, 1, 'ORAST')
,(288, 10, 14400, 0, 'ORAT')
,(288, 11, 18000, 1, 'ORAST')
,(288, 12, 14400, 0, 'ORAT')
,(288, 13, 18000, 0, 'ORAT')
;
INSERT INTO oceanbase.__all_tenant_time_zone (Time_zone_id, Use_leap_seconds) VALUES (289, 'N');
INSERT INTO  oceanbase.__all_tenant_time_zone_name (Name, Time_zone_id) VALUES ('Asia/Phnom_Penh', 289);
INSERT INTO  oceanbase.__all_tenant_time_zone_transition (Time_zone_id, Transition_time, Transition_type_id) VALUES
 (289, -2005973980, 1)
,(289, -1855983920, 2)
,(289, -1819954800, 3)
,(289, -1220428800, 2)
;
INSERT INTO  oceanbase.__all_tenant_time_zone_transition_type (Time_zone_id, Transition_type_id, Offset, Is_DST, Abbreviation) VALUES
 (289, 0, 25180, 0, 'LMT')
,(289, 1, 25580, 0, 'SMT')
,(289, 2, 25200, 0, 'ICT')
,(289, 3, 28800, 0, 'ICT')
;
INSERT INTO oceanbase.__all_tenant_time_zone (Time_zone_id, Use_leap_seconds) VALUES (290, 'N');
INSERT INTO  oceanbase.__all_tenant_time_zone_name (Name, Time_zone_id) VALUES ('Asia/Pontianak', 290);
INSERT INTO  oceanbase.__all_tenant_time_zone_transition (Time_zone_id, Transition_time, Transition_type_id) VALUES
 (290, -1946186240, 1)
,(290, -1172906240, 2)
,(290, -881220600, 3)
,(290, -766054800, 2)
,(290, -683883000, 4)
,(290, -620812800, 2)
,(290, -189415800, 5)
,(290, 567964800, 6)
;
INSERT INTO  oceanbase.__all_tenant_time_zone_transition_type (Time_zone_id, Transition_type_id, Offset, Is_DST, Abbreviation) VALUES
 (290, 0, 26240, 0, 'LMT')
,(290, 1, 26240, 0, 'PMT')
,(290, 2, 27000, 0, 'WIT')
,(290, 3, 32400, 0, 'JST')
,(290, 4, 28800, 0, 'WIT')
,(290, 5, 28800, 0, 'CIT')
,(290, 6, 25200, 0, 'WIT')
;
INSERT INTO oceanbase.__all_tenant_time_zone (Time_zone_id, Use_leap_seconds) VALUES (291, 'N');
INSERT INTO  oceanbase.__all_tenant_time_zone_name (Name, Time_zone_id) VALUES ('Asia/Pyongyang', 291);
INSERT INTO  oceanbase.__all_tenant_time_zone_transition (Time_zone_id, Transition_time, Transition_type_id) VALUES
 (291, -2053931400, 1)
,(291, -1325494800, 0)
,(291, -1199262600, 1)
,(291, -498128400, 2)
,(291, -264931200, 1)
;
INSERT INTO  oceanbase.__all_tenant_time_zone_transition_type (Time_zone_id, Transition_type_id, Offset, Is_DST, Abbreviation) VALUES
 (291, 0, 30600, 0, 'KST')
,(291, 1, 32400, 0, 'KST')
,(291, 2, 28800, 0, 'KST')
;
INSERT INTO oceanbase.__all_tenant_time_zone (Time_zone_id, Use_leap_seconds) VALUES (292, 'N');
INSERT INTO  oceanbase.__all_tenant_time_zone_name (Name, Time_zone_id) VALUES ('Asia/Qatar', 292);
INSERT INTO  oceanbase.__all_tenant_time_zone_transition (Time_zone_id, Transition_time, Transition_type_id) VALUES
 (292, -1577935568, 1)
,(292, 76190400, 2)
;
INSERT INTO  oceanbase.__all_tenant_time_zone_transition_type (Time_zone_id, Transition_type_id, Offset, Is_DST, Abbreviation) VALUES
 (292, 0, 12368, 0, 'LMT')
,(292, 1, 14400, 0, 'GST')
,(292, 2, 10800, 0, 'AST')
;
INSERT INTO oceanbase.__all_tenant_time_zone (Time_zone_id, Use_leap_seconds) VALUES (293, 'N');
INSERT INTO  oceanbase.__all_tenant_time_zone_name (Name, Time_zone_id) VALUES ('Asia/Qyzylorda', 293);
INSERT INTO  oceanbase.__all_tenant_time_zone_transition (Time_zone_id, Transition_time, Transition_type_id) VALUES
 (293, -1441167712, 1)
,(293, -1247544000, 2)
,(293, 354913200, 3)
,(293, 370720800, 4)
,(293, 386445600, 3)
,(293, 402256800, 2)
,(293, 417985200, 3)
,(293, 433792800, 2)
,(293, 449607600, 3)
,(293, 465339600, 5)
,(293, 481064400, 6)
,(293, 496789200, 5)
,(293, 512514000, 6)
,(293, 528238800, 5)
,(293, 543963600, 6)
,(293, 559688400, 5)
,(293, 575413200, 6)
,(293, 591138000, 5)
,(293, 606862800, 6)
,(293, 622587600, 5)
,(293, 638312400, 6)
,(293, 654642000, 5)
,(293, 662670000, 2)
,(293, 692823600, 7)
,(293, 695768400, 9)
,(293, 701802000, 8)
,(293, 717523200, 9)
,(293, 733262400, 10)
,(293, 748987200, 11)
,(293, 764712000, 10)
,(293, 780436800, 11)
,(293, 796161600, 10)
,(293, 811886400, 11)
,(293, 828216000, 10)
,(293, 846360000, 11)
,(293, 859665600, 10)
,(293, 877809600, 11)
,(293, 891115200, 10)
,(293, 909259200, 11)
,(293, 922564800, 10)
,(293, 941313600, 11)
,(293, 954014400, 10)
,(293, 972763200, 11)
,(293, 985464000, 10)
,(293, 1004212800, 11)
,(293, 1017518400, 10)
,(293, 1035662400, 11)
,(293, 1048968000, 10)
,(293, 1067112000, 11)
,(293, 1080417600, 10)
,(293, 1099166400, 11)
,(293, 1110823200, 9)
;
INSERT INTO  oceanbase.__all_tenant_time_zone_transition_type (Time_zone_id, Transition_type_id, Offset, Is_DST, Abbreviation) VALUES
 (293, 0, 15712, 0, 'LMT')
,(293, 1, 14400, 0, 'KIZT')
,(293, 2, 18000, 0, 'KIZT')
,(293, 3, 21600, 1, 'KIZST')
,(293, 4, 21600, 0, 'KIZT')
,(293, 5, 18000, 0, 'KIZT')
,(293, 6, 21600, 1, 'KIZST')
,(293, 7, 18000, 0, 'QYZT')
,(293, 8, 25200, 1, 'QYZST')
,(293, 9, 21600, 0, 'QYZT')
,(293, 10, 25200, 1, 'QYZST')
,(293, 11, 21600, 0, 'QYZT')
;
INSERT INTO oceanbase.__all_tenant_time_zone (Time_zone_id, Use_leap_seconds) VALUES (294, 'N');
INSERT INTO  oceanbase.__all_tenant_time_zone_name (Name, Time_zone_id) VALUES ('Asia/Rangoon', 294);
INSERT INTO  oceanbase.__all_tenant_time_zone_transition (Time_zone_id, Transition_time, Transition_type_id) VALUES
 (294, -1577946276, 1)
,(294, -873268200, 2)
,(294, -778410000, 3)
;
INSERT INTO  oceanbase.__all_tenant_time_zone_transition_type (Time_zone_id, Transition_type_id, Offset, Is_DST, Abbreviation) VALUES
 (294, 0, 23076, 0, 'RMT')
,(294, 1, 23400, 0, 'BURT')
,(294, 2, 32400, 0, 'JST')
,(294, 3, 23400, 0, 'MMT')
;
INSERT INTO oceanbase.__all_tenant_time_zone (Time_zone_id, Use_leap_seconds) VALUES (295, 'N');
INSERT INTO  oceanbase.__all_tenant_time_zone_name (Name, Time_zone_id) VALUES ('Asia/Riyadh', 295);
INSERT INTO  oceanbase.__all_tenant_time_zone_transition (Time_zone_id, Transition_time, Transition_type_id) VALUES
 (295, -631163212, 1)
;
INSERT INTO  oceanbase.__all_tenant_time_zone_transition_type (Time_zone_id, Transition_type_id, Offset, Is_DST, Abbreviation) VALUES
 (295, 0, 11212, 0, 'LMT')
,(295, 1, 10800, 0, 'AST')
;
INSERT INTO oceanbase.__all_tenant_time_zone (Time_zone_id, Use_leap_seconds) VALUES (296, 'N');
INSERT INTO  oceanbase.__all_tenant_time_zone_name (Name, Time_zone_id) VALUES ('Asia/Saigon', 296);
INSERT INTO  oceanbase.__all_tenant_time_zone_transition (Time_zone_id, Transition_time, Transition_type_id) VALUES
 (296, -2005974400, 1)
,(296, -1855983920, 2)
,(296, -1819954800, 3)
,(296, -1220428800, 2)
;
INSERT INTO  oceanbase.__all_tenant_time_zone_transition_type (Time_zone_id, Transition_type_id, Offset, Is_DST, Abbreviation) VALUES
 (296, 0, 25600, 0, 'LMT')
,(296, 1, 25580, 0, 'SMT')
,(296, 2, 25200, 0, 'ICT')
,(296, 3, 28800, 0, 'ICT')
;
INSERT INTO oceanbase.__all_tenant_time_zone (Time_zone_id, Use_leap_seconds) VALUES (297, 'N');
INSERT INTO  oceanbase.__all_tenant_time_zone_name (Name, Time_zone_id) VALUES ('Asia/Sakhalin', 297);
INSERT INTO  oceanbase.__all_tenant_time_zone_transition (Time_zone_id, Transition_time, Transition_type_id) VALUES
 (297, -2031039048, 1)
,(297, -1009875600, 2)
,(297, -768560400, 4)
,(297, 354891600, 3)
,(297, 370699200, 4)
,(297, 386427600, 3)
,(297, 402235200, 4)
,(297, 417963600, 3)
,(297, 433771200, 4)
,(297, 449586000, 3)
,(297, 465318000, 5)
,(297, 481042800, 6)
,(297, 496767600, 5)
,(297, 512492400, 6)
,(297, 528217200, 5)
,(297, 543942000, 6)
,(297, 559666800, 5)
,(297, 575391600, 6)
,(297, 591116400, 5)
,(297, 606841200, 6)
,(297, 622566000, 5)
,(297, 638290800, 6)
,(297, 654620400, 5)
,(297, 670345200, 7)
,(297, 686073600, 8)
,(297, 695750400, 5)
,(297, 701784000, 3)
,(297, 717505200, 4)
,(297, 733244400, 6)
,(297, 748969200, 5)
,(297, 764694000, 6)
,(297, 780418800, 5)
,(297, 796143600, 6)
,(297, 811868400, 5)
,(297, 828198000, 6)
,(297, 846342000, 5)
,(297, 859647600, 7)
,(297, 877795200, 8)
,(297, 891100800, 7)
,(297, 909244800, 8)
,(297, 922550400, 7)
,(297, 941299200, 8)
,(297, 954000000, 7)
,(297, 972748800, 8)
,(297, 985449600, 7)
,(297, 1004198400, 8)
,(297, 1017504000, 7)
,(297, 1035648000, 8)
,(297, 1048953600, 7)
,(297, 1067097600, 8)
,(297, 1080403200, 7)
,(297, 1099152000, 8)
,(297, 1111852800, 7)
,(297, 1130601600, 8)
,(297, 1143302400, 7)
,(297, 1162051200, 8)
,(297, 1174752000, 7)
,(297, 1193500800, 8)
,(297, 1206806400, 7)
,(297, 1224950400, 8)
,(297, 1238256000, 7)
,(297, 1256400000, 8)
,(297, 1269705600, 7)
,(297, 1288454400, 8)
,(297, 1301155200, 5)
;
INSERT INTO  oceanbase.__all_tenant_time_zone_transition_type (Time_zone_id, Transition_type_id, Offset, Is_DST, Abbreviation) VALUES
 (297, 0, 34248, 0, 'LMT')
,(297, 1, 32400, 0, 'CJT')
,(297, 2, 32400, 0, 'JST')
,(297, 3, 43200, 1, 'SAKST')
,(297, 4, 39600, 0, 'SAKT')
,(297, 5, 39600, 0, 'SAKT')
,(297, 6, 43200, 1, 'SAKST')
,(297, 7, 39600, 1, 'SAKST')
,(297, 8, 36000, 0, 'SAKT')
;
INSERT INTO oceanbase.__all_tenant_time_zone (Time_zone_id, Use_leap_seconds) VALUES (298, 'N');
INSERT INTO  oceanbase.__all_tenant_time_zone_name (Name, Time_zone_id) VALUES ('Asia/Samarkand', 298);
INSERT INTO  oceanbase.__all_tenant_time_zone_transition (Time_zone_id, Transition_time, Transition_type_id) VALUES
 (298, -1441168032, 1)
,(298, -1247544000, 2)
,(298, 354913200, 3)
,(298, 370720800, 4)
,(298, 386445600, 3)
,(298, 402256800, 2)
,(298, 417985200, 3)
,(298, 433792800, 2)
,(298, 449607600, 3)
,(298, 465339600, 5)
,(298, 481064400, 6)
,(298, 496789200, 5)
,(298, 512514000, 6)
,(298, 528238800, 5)
,(298, 543963600, 6)
,(298, 559688400, 5)
,(298, 575413200, 6)
,(298, 591138000, 5)
,(298, 606862800, 6)
,(298, 622587600, 5)
,(298, 638312400, 6)
,(298, 654642000, 5)
,(298, 670366800, 6)
,(298, 683661600, 8)
,(298, 686091600, 7)
,(298, 694206000, 9)
;
INSERT INTO  oceanbase.__all_tenant_time_zone_transition_type (Time_zone_id, Transition_type_id, Offset, Is_DST, Abbreviation) VALUES
 (298, 0, 16032, 0, 'LMT')
,(298, 1, 14400, 0, 'SAMT')
,(298, 2, 18000, 0, 'SAMT')
,(298, 3, 21600, 1, 'SAMST')
,(298, 4, 21600, 0, 'TAST')
,(298, 5, 18000, 0, 'SAMT')
,(298, 6, 21600, 1, 'SAMST')
,(298, 7, 18000, 0, 'UZT')
,(298, 8, 21600, 1, 'UZST')
,(298, 9, 18000, 0, 'UZT')
;
INSERT INTO oceanbase.__all_tenant_time_zone (Time_zone_id, Use_leap_seconds) VALUES (299, 'N');
INSERT INTO  oceanbase.__all_tenant_time_zone_name (Name, Time_zone_id) VALUES ('Asia/Seoul', 299);
INSERT INTO  oceanbase.__all_tenant_time_zone_transition (Time_zone_id, Transition_time, Transition_type_id) VALUES
 (299, -2053931400, 1)
,(299, -1325494800, 0)
,(299, -1199262600, 1)
,(299, -498128400, 3)
,(299, -303984000, 2)
,(299, -293533200, 3)
,(299, -264931200, 0)
,(299, -39515400, 1)
,(299, 547570800, 4)
,(299, 560872800, 1)
,(299, 579020400, 4)
,(299, 592322400, 1)
;
INSERT INTO  oceanbase.__all_tenant_time_zone_transition_type (Time_zone_id, Transition_type_id, Offset, Is_DST, Abbreviation) VALUES
 (299, 0, 30600, 0, 'KST')
,(299, 1, 32400, 0, 'KST')
,(299, 2, 32400, 1, 'KDT')
,(299, 3, 28800, 0, 'KST')
,(299, 4, 36000, 1, 'KDT')
;
INSERT INTO oceanbase.__all_tenant_time_zone (Time_zone_id, Use_leap_seconds) VALUES (300, 'N');
INSERT INTO  oceanbase.__all_tenant_time_zone_name (Name, Time_zone_id) VALUES ('Asia/Shanghai', 300);
INSERT INTO  oceanbase.__all_tenant_time_zone_transition (Time_zone_id, Transition_time, Transition_type_id) VALUES
 (300, -1325491552, 2)
,(300, -933494400, 1)
,(300, -923130000, 2)
,(300, -908784000, 1)
,(300, -891594000, 2)
,(300, 515520000, 1)
,(300, 527007600, 2)
,(300, 545155200, 1)
,(300, 558457200, 2)
,(300, 576604800, 1)
,(300, 589906800, 2)
,(300, 608659200, 1)
,(300, 621961200, 2)
,(300, 640108800, 1)
,(300, 653410800, 2)
,(300, 671558400, 1)
,(300, 684860400, 2)
;
INSERT INTO  oceanbase.__all_tenant_time_zone_transition_type (Time_zone_id, Transition_type_id, Offset, Is_DST, Abbreviation) VALUES
 (300, 0, 29152, 0, 'LMT')
,(300, 1, 32400, 1, 'CDT')
,(300, 2, 28800, 0, 'CST')
;
INSERT INTO oceanbase.__all_tenant_time_zone (Time_zone_id, Use_leap_seconds) VALUES (301, 'N');
INSERT INTO  oceanbase.__all_tenant_time_zone_name (Name, Time_zone_id) VALUES ('Asia/Singapore', 301);
INSERT INTO  oceanbase.__all_tenant_time_zone_transition (Time_zone_id, Transition_time, Transition_type_id) VALUES
 (301, -2038200925, 1)
,(301, -1167634800, 2)
,(301, -1073028000, 3)
,(301, -894180000, 4)
,(301, -879665400, 5)
,(301, -767005200, 4)
,(301, -138785400, 6)
,(301, 378664200, 7)
;
INSERT INTO  oceanbase.__all_tenant_time_zone_transition_type (Time_zone_id, Transition_type_id, Offset, Is_DST, Abbreviation) VALUES
 (301, 0, 24925, 0, 'SMT')
,(301, 1, 25200, 0, 'MALT')
,(301, 2, 26400, 1, 'MALST')
,(301, 3, 26400, 0, 'MALT')
,(301, 4, 27000, 0, 'MALT')
,(301, 5, 32400, 0, 'JST')
,(301, 6, 27000, 0, 'SGT')
,(301, 7, 28800, 0, 'SGT')
;
INSERT INTO oceanbase.__all_tenant_time_zone (Time_zone_id, Use_leap_seconds) VALUES (302, 'N');
INSERT INTO  oceanbase.__all_tenant_time_zone_name (Name, Time_zone_id) VALUES ('Asia/Taipei', 302);
INSERT INTO  oceanbase.__all_tenant_time_zone_transition (Time_zone_id, Transition_time, Transition_type_id) VALUES
 (302, -778579200, 0)
,(302, -765363600, 1)
,(302, -747043200, 0)
,(302, -733827600, 1)
,(302, -715507200, 0)
,(302, -702291600, 1)
,(302, -683884800, 0)
,(302, -670669200, 1)
,(302, -652348800, 0)
,(302, -639133200, 1)
,(302, -620812800, 0)
,(302, -607597200, 1)
,(302, -589276800, 0)
,(302, -576061200, 1)
,(302, -562924800, 0)
,(302, -541760400, 1)
,(302, -528710400, 0)
,(302, -510224400, 1)
,(302, -497174400, 0)
,(302, -478688400, 1)
,(302, -465638400, 0)
,(302, -449830800, 1)
,(302, -434016000, 0)
,(302, -418208400, 1)
,(302, -402480000, 0)
,(302, -386672400, 1)
,(302, -370944000, 0)
,(302, -355136400, 1)
,(302, -339408000, 0)
,(302, -323600400, 1)
,(302, -302515200, 0)
,(302, -291978000, 1)
,(302, -270979200, 0)
,(302, -260442000, 1)
,(302, 133977600, 0)
,(302, 149785200, 1)
,(302, 165513600, 0)
,(302, 181321200, 1)
,(302, 299520000, 0)
,(302, 307465200, 1)
;
INSERT INTO  oceanbase.__all_tenant_time_zone_transition_type (Time_zone_id, Transition_type_id, Offset, Is_DST, Abbreviation) VALUES
 (302, 0, 32400, 1, 'CDT')
,(302, 1, 28800, 0, 'CST')
;
INSERT INTO oceanbase.__all_tenant_time_zone (Time_zone_id, Use_leap_seconds) VALUES (303, 'N');
INSERT INTO  oceanbase.__all_tenant_time_zone_name (Name, Time_zone_id) VALUES ('Asia/Tashkent', 303);
INSERT INTO  oceanbase.__all_tenant_time_zone_transition (Time_zone_id, Transition_time, Transition_type_id) VALUES
 (303, -1441168632, 1)
,(303, -1247547600, 3)
,(303, 354909600, 2)
,(303, 370717200, 3)
,(303, 386445600, 2)
,(303, 402253200, 3)
,(303, 417981600, 2)
,(303, 433789200, 3)
,(303, 449604000, 2)
,(303, 465336000, 4)
,(303, 481060800, 5)
,(303, 496785600, 4)
,(303, 512510400, 5)
,(303, 528235200, 4)
,(303, 543960000, 5)
,(303, 559684800, 4)
,(303, 575409600, 5)
,(303, 591134400, 4)
,(303, 606859200, 5)
,(303, 622584000, 4)
,(303, 638308800, 5)
,(303, 654638400, 4)
,(303, 670363200, 6)
,(303, 683661600, 8)
,(303, 686091600, 7)
,(303, 694206000, 9)
;
INSERT INTO  oceanbase.__all_tenant_time_zone_transition_type (Time_zone_id, Transition_type_id, Offset, Is_DST, Abbreviation) VALUES
 (303, 0, 16632, 0, 'LMT')
,(303, 1, 18000, 0, 'TAST')
,(303, 2, 25200, 1, 'TASST')
,(303, 3, 21600, 0, 'TAST')
,(303, 4, 21600, 0, 'TAST')
,(303, 5, 25200, 1, 'TASST')
,(303, 6, 21600, 1, 'TASST')
,(303, 7, 18000, 0, 'UZT')
,(303, 8, 21600, 1, 'UZST')
,(303, 9, 18000, 0, 'UZT')
;
INSERT INTO oceanbase.__all_tenant_time_zone (Time_zone_id, Use_leap_seconds) VALUES (304, 'N');
INSERT INTO  oceanbase.__all_tenant_time_zone_name (Name, Time_zone_id) VALUES ('Asia/Tbilisi', 304);
INSERT INTO  oceanbase.__all_tenant_time_zone_transition (Time_zone_id, Transition_time, Transition_type_id) VALUES
 (304, -1441162756, 1)
,(304, -405140400, 3)
,(304, 354916800, 2)
,(304, 370724400, 3)
,(304, 386452800, 2)
,(304, 402260400, 3)
,(304, 417988800, 2)
,(304, 433796400, 3)
,(304, 449611200, 2)
,(304, 465343200, 4)
,(304, 481068000, 5)
,(304, 496792800, 4)
,(304, 512517600, 5)
,(304, 528242400, 4)
,(304, 543967200, 5)
,(304, 559692000, 4)
,(304, 575416800, 5)
,(304, 591141600, 4)
,(304, 606866400, 5)
,(304, 622591200, 4)
,(304, 638316000, 5)
,(304, 654645600, 4)
,(304, 670370400, 6)
,(304, 671140800, 8)
,(304, 686098800, 7)
,(304, 694213200, 9)
,(304, 701816400, 8)
,(304, 717537600, 9)
,(304, 733266000, 8)
,(304, 748987200, 9)
,(304, 764715600, 8)
,(304, 780436800, 11)
,(304, 796161600, 10)
,(304, 811882800, 11)
,(304, 828216000, 10)
,(304, 859662000, 10)
,(304, 877806000, 11)
,(304, 891115200, 10)
,(304, 909255600, 11)
,(304, 922564800, 10)
,(304, 941310000, 11)
,(304, 954014400, 10)
,(304, 972759600, 11)
,(304, 985464000, 10)
,(304, 1004209200, 11)
,(304, 1017518400, 10)
,(304, 1035658800, 11)
,(304, 1048968000, 10)
,(304, 1067108400, 11)
,(304, 1080417600, 10)
,(304, 1088276400, 8)
,(304, 1099177200, 7)
,(304, 1111878000, 11)
;
INSERT INTO  oceanbase.__all_tenant_time_zone_transition_type (Time_zone_id, Transition_type_id, Offset, Is_DST, Abbreviation) VALUES
 (304, 0, 10756, 0, 'TBMT')
,(304, 1, 10800, 0, 'TBIT')
,(304, 2, 18000, 1, 'TBIST')
,(304, 3, 14400, 0, 'TBIT')
,(304, 4, 14400, 0, 'TBIT')
,(304, 5, 18000, 1, 'TBIST')
,(304, 6, 14400, 1, 'TBIST')
,(304, 7, 10800, 0, 'GET')
,(304, 8, 14400, 1, 'GEST')
,(304, 9, 10800, 0, 'GET')
,(304, 10, 18000, 1, 'GEST')
,(304, 11, 14400, 0, 'GET')
;
INSERT INTO oceanbase.__all_tenant_time_zone (Time_zone_id, Use_leap_seconds) VALUES (305, 'N');
INSERT INTO  oceanbase.__all_tenant_time_zone_name (Name, Time_zone_id) VALUES ('Asia/Tehran', 305);
INSERT INTO  oceanbase.__all_tenant_time_zone_transition (Time_zone_id, Transition_time, Transition_type_id) VALUES
 (305, -1704165944, 1)
,(305, -757394744, 2)
,(305, 247177800, 4)
,(305, 259272000, 3)
,(305, 277758000, 4)
,(305, 283982400, 2)
,(305, 290809800, 5)
,(305, 306531000, 2)
,(305, 322432200, 5)
,(305, 338499000, 2)
,(305, 673216200, 5)
,(305, 685481400, 2)
,(305, 701209800, 5)
,(305, 717103800, 2)
,(305, 732745800, 5)
,(305, 748639800, 2)
,(305, 764281800, 5)
,(305, 780175800, 2)
,(305, 795817800, 5)
,(305, 811711800, 2)
,(305, 827353800, 5)
,(305, 843247800, 2)
,(305, 858976200, 5)
,(305, 874870200, 2)
,(305, 890512200, 5)
,(305, 906406200, 2)
,(305, 922048200, 5)
,(305, 937942200, 2)
,(305, 953584200, 5)
,(305, 969478200, 2)
,(305, 985206600, 5)
,(305, 1001100600, 2)
,(305, 1016742600, 5)
,(305, 1032636600, 2)
,(305, 1048278600, 5)
,(305, 1064172600, 2)
,(305, 1079814600, 5)
,(305, 1095708600, 2)
,(305, 1111437000, 5)
,(305, 1127331000, 2)
,(305, 1206045000, 5)
,(305, 1221939000, 2)
,(305, 1237667400, 5)
,(305, 1253561400, 2)
,(305, 1269203400, 5)
,(305, 1285097400, 2)
,(305, 1300739400, 5)
,(305, 1316633400, 2)
,(305, 1332275400, 5)
,(305, 1348169400, 2)
,(305, 1363897800, 5)
,(305, 1379791800, 2)
,(305, 1395433800, 5)
,(305, 1411327800, 2)
,(305, 1426969800, 5)
,(305, 1442863800, 2)
,(305, 1458505800, 5)
,(305, 1474399800, 2)
,(305, 1490128200, 5)
,(305, 1506022200, 2)
,(305, 1521664200, 5)
,(305, 1537558200, 2)
,(305, 1553200200, 5)
,(305, 1569094200, 2)
,(305, 1584736200, 5)
,(305, 1600630200, 2)
,(305, 1616358600, 5)
,(305, 1632252600, 2)
,(305, 1647894600, 5)
,(305, 1663788600, 2)
,(305, 1679430600, 5)
,(305, 1695324600, 2)
,(305, 1710966600, 5)
,(305, 1726860600, 2)
,(305, 1742589000, 5)
,(305, 1758483000, 2)
,(305, 1774125000, 5)
,(305, 1790019000, 2)
,(305, 1805661000, 5)
,(305, 1821555000, 2)
,(305, 1837197000, 5)
,(305, 1853091000, 2)
,(305, 1868733000, 5)
,(305, 1884627000, 2)
,(305, 1900355400, 5)
,(305, 1916249400, 2)
,(305, 1931891400, 5)
,(305, 1947785400, 2)
,(305, 1963427400, 5)
,(305, 1979321400, 2)
,(305, 1994963400, 5)
,(305, 2010857400, 2)
,(305, 2026585800, 5)
,(305, 2042479800, 2)
,(305, 2058121800, 5)
,(305, 2074015800, 2)
,(305, 2089657800, 5)
,(305, 2105551800, 2)
,(305, 2121193800, 5)
,(305, 2137087800, 2)
;
INSERT INTO  oceanbase.__all_tenant_time_zone_transition_type (Time_zone_id, Transition_type_id, Offset, Is_DST, Abbreviation) VALUES
 (305, 0, 12344, 0, 'LMT')
,(305, 1, 12344, 0, 'TMT')
,(305, 2, 12600, 0, 'IRST')
,(305, 3, 18000, 1, 'IRDT')
,(305, 4, 14400, 0, 'IRST')
,(305, 5, 16200, 1, 'IRDT')
;
INSERT INTO oceanbase.__all_tenant_time_zone (Time_zone_id, Use_leap_seconds) VALUES (306, 'N');
INSERT INTO  oceanbase.__all_tenant_time_zone_name (Name, Time_zone_id) VALUES ('Asia/Tel_Aviv', 306);
INSERT INTO  oceanbase.__all_tenant_time_zone_transition (Time_zone_id, Transition_time, Transition_type_id) VALUES
 (306, -1641003640, 2)
,(306, -933645600, 1)
,(306, -857358000, 2)
,(306, -844300800, 1)
,(306, -825822000, 2)
,(306, -812685600, 1)
,(306, -794199600, 2)
,(306, -779853600, 1)
,(306, -762656400, 2)
,(306, -748310400, 1)
,(306, -731127600, 2)
,(306, -681962400, 3)
,(306, -673243200, 1)
,(306, -667962000, 2)
,(306, -652327200, 1)
,(306, -636426000, 2)
,(306, -622087200, 1)
,(306, -608947200, 2)
,(306, -591847200, 1)
,(306, -572486400, 2)
,(306, -558576000, 1)
,(306, -542851200, 2)
,(306, -527731200, 1)
,(306, -514425600, 2)
,(306, -490845600, 1)
,(306, -482986800, 2)
,(306, -459475200, 1)
,(306, -451537200, 2)
,(306, -428551200, 1)
,(306, -418262400, 2)
,(306, -400032000, 1)
,(306, -387428400, 2)
,(306, 142380000, 1)
,(306, 150843600, 2)
,(306, 167176800, 1)
,(306, 178664400, 2)
,(306, 482277600, 1)
,(306, 495579600, 2)
,(306, 516751200, 1)
,(306, 526424400, 2)
,(306, 545436000, 1)
,(306, 558478800, 2)
,(306, 576540000, 1)
,(306, 589237200, 2)
,(306, 609890400, 1)
,(306, 620773200, 2)
,(306, 638316000, 1)
,(306, 651618000, 2)
,(306, 669765600, 1)
,(306, 683672400, 2)
,(306, 701820000, 1)
,(306, 715726800, 2)
,(306, 733701600, 1)
,(306, 747176400, 2)
,(306, 765151200, 1)
,(306, 778021200, 2)
,(306, 796600800, 1)
,(306, 810075600, 2)
,(306, 826840800, 1)
,(306, 842821200, 2)
,(306, 858895200, 1)
,(306, 874184400, 2)
,(306, 890344800, 1)
,(306, 905029200, 2)
,(306, 923011200, 1)
,(306, 936313200, 2)
,(306, 955670400, 1)
,(306, 970783200, 2)
,(306, 986770800, 1)
,(306, 1001282400, 2)
,(306, 1017356400, 1)
,(306, 1033941600, 2)
,(306, 1048806000, 1)
,(306, 1065132000, 2)
,(306, 1081292400, 1)
,(306, 1095804000, 2)
,(306, 1112313600, 1)
,(306, 1128812400, 2)
,(306, 1143763200, 1)
,(306, 1159657200, 2)
,(306, 1175212800, 1)
,(306, 1189897200, 2)
,(306, 1206662400, 1)
,(306, 1223161200, 2)
,(306, 1238112000, 1)
,(306, 1254006000, 2)
,(306, 1269561600, 1)
,(306, 1284246000, 2)
,(306, 1301616000, 1)
,(306, 1317510000, 2)
,(306, 1333065600, 1)
,(306, 1348354800, 2)
,(306, 1364515200, 1)
,(306, 1378594800, 2)
,(306, 1395964800, 1)
,(306, 1411858800, 2)
,(306, 1427414400, 1)
,(306, 1442703600, 2)
,(306, 1459468800, 1)
,(306, 1475967600, 2)
,(306, 1490918400, 1)
,(306, 1506207600, 2)
,(306, 1522368000, 1)
,(306, 1537052400, 2)
,(306, 1553817600, 1)
,(306, 1570316400, 2)
,(306, 1585267200, 1)
,(306, 1601161200, 2)
,(306, 1616716800, 1)
,(306, 1631401200, 2)
,(306, 1648771200, 1)
,(306, 1664665200, 2)
,(306, 1680220800, 1)
,(306, 1695510000, 2)
,(306, 1711670400, 1)
,(306, 1728169200, 2)
,(306, 1743120000, 1)
,(306, 1759014000, 2)
,(306, 1774569600, 1)
,(306, 1789858800, 2)
,(306, 1806019200, 1)
,(306, 1823122800, 2)
,(306, 1838073600, 1)
,(306, 1853362800, 2)
,(306, 1869523200, 1)
,(306, 1884207600, 2)
,(306, 1900972800, 1)
,(306, 1917471600, 2)
,(306, 1932422400, 1)
,(306, 1947711600, 2)
,(306, 1963872000, 1)
,(306, 1978556400, 2)
,(306, 1995926400, 1)
,(306, 2011820400, 2)
,(306, 2027376000, 1)
,(306, 2042060400, 2)
,(306, 2058825600, 1)
,(306, 2075324400, 2)
,(306, 2090275200, 1)
,(306, 2106169200, 2)
,(306, 2121724800, 1)
,(306, 2136409200, 2)
;
INSERT INTO  oceanbase.__all_tenant_time_zone_transition_type (Time_zone_id, Transition_type_id, Offset, Is_DST, Abbreviation) VALUES
 (306, 0, 8440, 0, 'JMT')
,(306, 1, 10800, 1, 'IDT')
,(306, 2, 7200, 0, 'IST')
,(306, 3, 14400, 1, 'IDDT')
;
INSERT INTO oceanbase.__all_tenant_time_zone (Time_zone_id, Use_leap_seconds) VALUES (307, 'N');
INSERT INTO  oceanbase.__all_tenant_time_zone_name (Name, Time_zone_id) VALUES ('Asia/Thimbu', 307);
INSERT INTO  oceanbase.__all_tenant_time_zone_transition (Time_zone_id, Transition_time, Transition_type_id) VALUES
 (307, -706341516, 1)
,(307, 560025000, 2)
;
INSERT INTO  oceanbase.__all_tenant_time_zone_transition_type (Time_zone_id, Transition_type_id, Offset, Is_DST, Abbreviation) VALUES
 (307, 0, 21516, 0, 'LMT')
,(307, 1, 19800, 0, 'IST')
,(307, 2, 21600, 0, 'BTT')
;
INSERT INTO oceanbase.__all_tenant_time_zone (Time_zone_id, Use_leap_seconds) VALUES (308, 'N');
INSERT INTO  oceanbase.__all_tenant_time_zone_name (Name, Time_zone_id) VALUES ('Asia/Thimphu', 308);
INSERT INTO  oceanbase.__all_tenant_time_zone_transition (Time_zone_id, Transition_time, Transition_type_id) VALUES
 (308, -706341516, 1)
,(308, 560025000, 2)
;
INSERT INTO  oceanbase.__all_tenant_time_zone_transition_type (Time_zone_id, Transition_type_id, Offset, Is_DST, Abbreviation) VALUES
 (308, 0, 21516, 0, 'LMT')
,(308, 1, 19800, 0, 'IST')
,(308, 2, 21600, 0, 'BTT')
;
INSERT INTO oceanbase.__all_tenant_time_zone (Time_zone_id, Use_leap_seconds) VALUES (309, 'N');
INSERT INTO  oceanbase.__all_tenant_time_zone_name (Name, Time_zone_id) VALUES ('Asia/Tokyo', 309);
INSERT INTO  oceanbase.__all_tenant_time_zone_transition (Time_zone_id, Transition_time, Transition_type_id) VALUES
 (309, -1009875600, 2)
,(309, -683794800, 1)
,(309, -672393600, 2)
,(309, -654764400, 1)
,(309, -640944000, 2)
,(309, -620290800, 1)
,(309, -609494400, 2)
,(309, -588841200, 1)
,(309, -578044800, 2)
;
INSERT INTO  oceanbase.__all_tenant_time_zone_transition_type (Time_zone_id, Transition_type_id, Offset, Is_DST, Abbreviation) VALUES
 (309, 0, 32400, 0, 'CJT')
,(309, 1, 36000, 1, 'JDT')
,(309, 2, 32400, 0, 'JST')
;
INSERT INTO oceanbase.__all_tenant_time_zone (Time_zone_id, Use_leap_seconds) VALUES (310, 'N');
INSERT INTO  oceanbase.__all_tenant_time_zone_name (Name, Time_zone_id) VALUES ('Asia/Ujung_Pandang', 310);
INSERT INTO  oceanbase.__all_tenant_time_zone_transition (Time_zone_id, Transition_time, Transition_type_id) VALUES
 (310, -1577951856, 1)
,(310, -1172908656, 2)
,(310, -880272000, 3)
,(310, -766054800, 2)
;
INSERT INTO  oceanbase.__all_tenant_time_zone_transition_type (Time_zone_id, Transition_type_id, Offset, Is_DST, Abbreviation) VALUES
 (310, 0, 28656, 0, 'LMT')
,(310, 1, 28656, 0, 'MMT')
,(310, 2, 28800, 0, 'CIT')
,(310, 3, 32400, 0, 'JST')
;
INSERT INTO oceanbase.__all_tenant_time_zone (Time_zone_id, Use_leap_seconds) VALUES (311, 'N');
INSERT INTO  oceanbase.__all_tenant_time_zone_name (Name, Time_zone_id) VALUES ('Asia/Ulaanbaatar', 311);
INSERT INTO  oceanbase.__all_tenant_time_zone_transition (Time_zone_id, Transition_time, Transition_type_id) VALUES
 (311, -2032931252, 1)
,(311, 252435600, 3)
,(311, 417974400, 2)
,(311, 433782000, 3)
,(311, 449596800, 2)
,(311, 465318000, 3)
,(311, 481046400, 2)
,(311, 496767600, 3)
,(311, 512496000, 2)
,(311, 528217200, 3)
,(311, 543945600, 2)
,(311, 559666800, 3)
,(311, 575395200, 2)
,(311, 591116400, 3)
,(311, 606844800, 2)
,(311, 622566000, 3)
,(311, 638294400, 2)
,(311, 654620400, 3)
,(311, 670348800, 2)
,(311, 686070000, 3)
,(311, 701798400, 2)
,(311, 717519600, 3)
,(311, 733248000, 2)
,(311, 748969200, 3)
,(311, 764697600, 2)
,(311, 780418800, 3)
,(311, 796147200, 2)
,(311, 811868400, 3)
,(311, 828201600, 2)
,(311, 843922800, 3)
,(311, 859651200, 2)
,(311, 875372400, 3)
,(311, 891100800, 2)
,(311, 906822000, 3)
,(311, 988394400, 2)
,(311, 1001696400, 3)
,(311, 1017424800, 2)
,(311, 1033146000, 3)
,(311, 1048874400, 2)
,(311, 1064595600, 3)
,(311, 1080324000, 2)
,(311, 1096045200, 3)
,(311, 1111773600, 2)
,(311, 1127494800, 3)
,(311, 1143223200, 2)
,(311, 1159549200, 3)
;
INSERT INTO  oceanbase.__all_tenant_time_zone_transition_type (Time_zone_id, Transition_type_id, Offset, Is_DST, Abbreviation) VALUES
 (311, 0, 25652, 0, 'LMT')
,(311, 1, 25200, 0, 'ULAT')
,(311, 2, 32400, 1, 'ULAST')
,(311, 3, 28800, 0, 'ULAT')
;
INSERT INTO oceanbase.__all_tenant_time_zone (Time_zone_id, Use_leap_seconds) VALUES (312, 'N');
INSERT INTO  oceanbase.__all_tenant_time_zone_name (Name, Time_zone_id) VALUES ('Asia/Ulan_Bator', 312);
INSERT INTO  oceanbase.__all_tenant_time_zone_transition (Time_zone_id, Transition_time, Transition_type_id) VALUES
 (312, -2032931252, 1)
,(312, 252435600, 3)
,(312, 417974400, 2)
,(312, 433782000, 3)
,(312, 449596800, 2)
,(312, 465318000, 3)
,(312, 481046400, 2)
,(312, 496767600, 3)
,(312, 512496000, 2)
,(312, 528217200, 3)
,(312, 543945600, 2)
,(312, 559666800, 3)
,(312, 575395200, 2)
,(312, 591116400, 3)
,(312, 606844800, 2)
,(312, 622566000, 3)
,(312, 638294400, 2)
,(312, 654620400, 3)
,(312, 670348800, 2)
,(312, 686070000, 3)
,(312, 701798400, 2)
,(312, 717519600, 3)
,(312, 733248000, 2)
,(312, 748969200, 3)
,(312, 764697600, 2)
,(312, 780418800, 3)
,(312, 796147200, 2)
,(312, 811868400, 3)
,(312, 828201600, 2)
,(312, 843922800, 3)
,(312, 859651200, 2)
,(312, 875372400, 3)
,(312, 891100800, 2)
,(312, 906822000, 3)
,(312, 988394400, 2)
,(312, 1001696400, 3)
,(312, 1017424800, 2)
,(312, 1033146000, 3)
,(312, 1048874400, 2)
,(312, 1064595600, 3)
,(312, 1080324000, 2)
,(312, 1096045200, 3)
,(312, 1111773600, 2)
,(312, 1127494800, 3)
,(312, 1143223200, 2)
,(312, 1159549200, 3)
;
INSERT INTO  oceanbase.__all_tenant_time_zone_transition_type (Time_zone_id, Transition_type_id, Offset, Is_DST, Abbreviation) VALUES
 (312, 0, 25652, 0, 'LMT')
,(312, 1, 25200, 0, 'ULAT')
,(312, 2, 32400, 1, 'ULAST')
,(312, 3, 28800, 0, 'ULAT')
;
INSERT INTO oceanbase.__all_tenant_time_zone (Time_zone_id, Use_leap_seconds) VALUES (313, 'N');
INSERT INTO  oceanbase.__all_tenant_time_zone_name (Name, Time_zone_id) VALUES ('Asia/Urumqi', 313);
INSERT INTO  oceanbase.__all_tenant_time_zone_transition (Time_zone_id, Transition_time, Transition_type_id) VALUES
 (313, -1325483420, 1)
,(313, 325965600, 3)
,(313, 515520000, 2)
,(313, 527007600, 3)
,(313, 545155200, 2)
,(313, 558457200, 3)
,(313, 576604800, 2)
,(313, 589906800, 3)
,(313, 608659200, 2)
,(313, 621961200, 3)
,(313, 640108800, 2)
,(313, 653410800, 3)
,(313, 671558400, 2)
,(313, 684860400, 3)
;
INSERT INTO  oceanbase.__all_tenant_time_zone_transition_type (Time_zone_id, Transition_type_id, Offset, Is_DST, Abbreviation) VALUES
 (313, 0, 21020, 0, 'LMT')
,(313, 1, 21600, 0, 'URUT')
,(313, 2, 32400, 1, 'CDT')
,(313, 3, 28800, 0, 'CST')
;
INSERT INTO oceanbase.__all_tenant_time_zone (Time_zone_id, Use_leap_seconds) VALUES (314, 'N');
INSERT INTO  oceanbase.__all_tenant_time_zone_name (Name, Time_zone_id) VALUES ('Asia/Vientiane', 314);
INSERT INTO  oceanbase.__all_tenant_time_zone_transition (Time_zone_id, Transition_time, Transition_type_id) VALUES
 (314, -2005973424, 1)
,(314, -1855983920, 2)
,(314, -1819954800, 3)
,(314, -1220428800, 2)
;
INSERT INTO  oceanbase.__all_tenant_time_zone_transition_type (Time_zone_id, Transition_type_id, Offset, Is_DST, Abbreviation) VALUES
 (314, 0, 24624, 0, 'LMT')
,(314, 1, 25580, 0, 'SMT')
,(314, 2, 25200, 0, 'ICT')
,(314, 3, 28800, 0, 'ICT')
;
INSERT INTO oceanbase.__all_tenant_time_zone (Time_zone_id, Use_leap_seconds) VALUES (315, 'N');
INSERT INTO  oceanbase.__all_tenant_time_zone_name (Name, Time_zone_id) VALUES ('Asia/Vladivostok', 315);
INSERT INTO  oceanbase.__all_tenant_time_zone_transition (Time_zone_id, Transition_time, Transition_type_id) VALUES
 (315, -1487321264, 1)
,(315, -1247562000, 3)
,(315, 354895200, 2)
,(315, 370702800, 3)
,(315, 386431200, 2)
,(315, 402238800, 3)
,(315, 417967200, 2)
,(315, 433774800, 3)
,(315, 449589600, 2)
,(315, 465321600, 4)
,(315, 481046400, 5)
,(315, 496771200, 4)
,(315, 512496000, 5)
,(315, 528220800, 4)
,(315, 543945600, 5)
,(315, 559670400, 4)
,(315, 575395200, 5)
,(315, 591120000, 4)
,(315, 606844800, 5)
,(315, 622569600, 4)
,(315, 638294400, 5)
,(315, 654624000, 4)
,(315, 670348800, 6)
,(315, 686077200, 7)
,(315, 695754000, 4)
,(315, 701787600, 2)
,(315, 717508800, 3)
,(315, 733248000, 5)
,(315, 748972800, 4)
,(315, 764697600, 5)
,(315, 780422400, 4)
,(315, 796147200, 5)
,(315, 811872000, 4)
,(315, 828201600, 5)
,(315, 846345600, 4)
,(315, 859651200, 5)
,(315, 877795200, 4)
,(315, 891100800, 5)
,(315, 909244800, 4)
,(315, 922550400, 5)
,(315, 941299200, 4)
,(315, 954000000, 5)
,(315, 972748800, 4)
,(315, 985449600, 5)
,(315, 1004198400, 4)
,(315, 1017504000, 5)
,(315, 1035648000, 4)
,(315, 1048953600, 5)
,(315, 1067097600, 4)
,(315, 1080403200, 5)
,(315, 1099152000, 4)
,(315, 1111852800, 5)
,(315, 1130601600, 4)
,(315, 1143302400, 5)
,(315, 1162051200, 4)
,(315, 1174752000, 5)
,(315, 1193500800, 4)
,(315, 1206806400, 5)
,(315, 1224950400, 4)
,(315, 1238256000, 5)
,(315, 1256400000, 4)
,(315, 1269705600, 5)
,(315, 1288454400, 4)
,(315, 1301155200, 8)
;
INSERT INTO  oceanbase.__all_tenant_time_zone_transition_type (Time_zone_id, Transition_type_id, Offset, Is_DST, Abbreviation) VALUES
 (315, 0, 31664, 0, 'LMT')
,(315, 1, 32400, 0, 'VLAT')
,(315, 2, 39600, 1, 'VLAST')
,(315, 3, 36000, 0, 'VLAT')
,(315, 4, 36000, 0, 'VLAT')
,(315, 5, 39600, 1, 'VLAST')
,(315, 6, 36000, 1, 'VLASST')
,(315, 7, 32400, 0, 'VLAST')
,(315, 8, 39600, 0, 'VLAT')
;
INSERT INTO oceanbase.__all_tenant_time_zone (Time_zone_id, Use_leap_seconds) VALUES (316, 'N');
INSERT INTO  oceanbase.__all_tenant_time_zone_name (Name, Time_zone_id) VALUES ('Asia/Yakutsk', 316);
INSERT INTO  oceanbase.__all_tenant_time_zone_transition (Time_zone_id, Transition_time, Transition_type_id) VALUES
 (316, -1579423120, 1)
,(316, -1247558400, 3)
,(316, 354898800, 2)
,(316, 370706400, 3)
,(316, 386434800, 2)
,(316, 402242400, 3)
,(316, 417970800, 2)
,(316, 433778400, 3)
,(316, 449593200, 2)
,(316, 465325200, 4)
,(316, 481050000, 5)
,(316, 496774800, 4)
,(316, 512499600, 5)
,(316, 528224400, 4)
,(316, 543949200, 5)
,(316, 559674000, 4)
,(316, 575398800, 5)
,(316, 591123600, 4)
,(316, 606848400, 5)
,(316, 622573200, 4)
,(316, 638298000, 5)
,(316, 654627600, 4)
,(316, 670352400, 6)
,(316, 686080800, 7)
,(316, 695757600, 4)
,(316, 701791200, 2)
,(316, 717512400, 3)
,(316, 733251600, 5)
,(316, 748976400, 4)
,(316, 764701200, 5)
,(316, 780426000, 4)
,(316, 796150800, 5)
,(316, 811875600, 4)
,(316, 828205200, 5)
,(316, 846349200, 4)
,(316, 859654800, 5)
,(316, 877798800, 4)
,(316, 891104400, 5)
,(316, 909248400, 4)
,(316, 922554000, 5)
,(316, 941302800, 4)
,(316, 954003600, 5)
,(316, 972752400, 4)
,(316, 985453200, 5)
,(316, 1004202000, 4)
,(316, 1017507600, 5)
,(316, 1035651600, 4)
,(316, 1048957200, 5)
,(316, 1067101200, 4)
,(316, 1080406800, 5)
,(316, 1099155600, 4)
,(316, 1111856400, 5)
,(316, 1130605200, 4)
,(316, 1143306000, 5)
,(316, 1162054800, 4)
,(316, 1174755600, 5)
,(316, 1193504400, 4)
,(316, 1206810000, 5)
,(316, 1224954000, 4)
,(316, 1238259600, 5)
,(316, 1256403600, 4)
,(316, 1269709200, 5)
,(316, 1288458000, 4)
,(316, 1301158800, 8)
;
INSERT INTO  oceanbase.__all_tenant_time_zone_transition_type (Time_zone_id, Transition_type_id, Offset, Is_DST, Abbreviation) VALUES
 (316, 0, 31120, 0, 'LMT')
,(316, 1, 28800, 0, 'YAKT')
,(316, 2, 36000, 1, 'YAKST')
,(316, 3, 32400, 0, 'YAKT')
,(316, 4, 32400, 0, 'YAKT')
,(316, 5, 36000, 1, 'YAKST')
,(316, 6, 32400, 1, 'YAKST')
,(316, 7, 28800, 0, 'YAKT')
,(316, 8, 36000, 0, 'YAKT')
;
INSERT INTO oceanbase.__all_tenant_time_zone (Time_zone_id, Use_leap_seconds) VALUES (317, 'N');
INSERT INTO  oceanbase.__all_tenant_time_zone_name (Name, Time_zone_id) VALUES ('Asia/Yekaterinburg', 317);
INSERT INTO  oceanbase.__all_tenant_time_zone_transition (Time_zone_id, Transition_time, Transition_type_id) VALUES
 (317, -1592611344, 1)
,(317, -1247544000, 3)
,(317, 354913200, 2)
,(317, 370720800, 3)
,(317, 386449200, 2)
,(317, 402256800, 3)
,(317, 417985200, 2)
,(317, 433792800, 3)
,(317, 449607600, 2)
,(317, 465339600, 4)
,(317, 481064400, 5)
,(317, 496789200, 4)
,(317, 512514000, 5)
,(317, 528238800, 4)
,(317, 543963600, 5)
,(317, 559688400, 4)
,(317, 575413200, 5)
,(317, 591138000, 4)
,(317, 606862800, 5)
,(317, 622587600, 4)
,(317, 638312400, 5)
,(317, 654642000, 4)
,(317, 670366800, 6)
,(317, 686095200, 7)
,(317, 695772000, 11)
,(317, 701805600, 8)
,(317, 717526800, 9)
,(317, 733266000, 10)
,(317, 748990800, 11)
,(317, 764715600, 10)
,(317, 780440400, 11)
,(317, 796165200, 10)
,(317, 811890000, 11)
,(317, 828219600, 10)
,(317, 846363600, 11)
,(317, 859669200, 10)
,(317, 877813200, 11)
,(317, 891118800, 10)
,(317, 909262800, 11)
,(317, 922568400, 10)
,(317, 941317200, 11)
,(317, 954018000, 10)
,(317, 972766800, 11)
,(317, 985467600, 10)
,(317, 1004216400, 11)
,(317, 1017522000, 10)
,(317, 1035666000, 11)
,(317, 1048971600, 10)
,(317, 1067115600, 11)
,(317, 1080421200, 10)
,(317, 1099170000, 11)
,(317, 1111870800, 10)
,(317, 1130619600, 11)
,(317, 1143320400, 10)
,(317, 1162069200, 11)
,(317, 1174770000, 10)
,(317, 1193518800, 11)
,(317, 1206824400, 10)
,(317, 1224968400, 11)
,(317, 1238274000, 10)
,(317, 1256418000, 11)
,(317, 1269723600, 10)
,(317, 1288472400, 11)
,(317, 1301173200, 12)
;
INSERT INTO  oceanbase.__all_tenant_time_zone_transition_type (Time_zone_id, Transition_type_id, Offset, Is_DST, Abbreviation) VALUES
 (317, 0, 14544, 0, 'LMT')
,(317, 1, 14400, 0, 'SVET')
,(317, 2, 21600, 1, 'SVEST')
,(317, 3, 18000, 0, 'SVET')
,(317, 4, 18000, 0, 'SVET')
,(317, 5, 21600, 1, 'SVEST')
,(317, 6, 18000, 1, 'SVEST')
,(317, 7, 14400, 0, 'SVET')
,(317, 8, 21600, 1, 'YEKST')
,(317, 9, 18000, 0, 'YEKT')
,(317, 10, 21600, 1, 'YEKST')
,(317, 11, 18000, 0, 'YEKT')
,(317, 12, 21600, 0, 'YEKT')
;
INSERT INTO oceanbase.__all_tenant_time_zone (Time_zone_id, Use_leap_seconds) VALUES (318, 'N');
INSERT INTO  oceanbase.__all_tenant_time_zone_name (Name, Time_zone_id) VALUES ('Asia/Yerevan', 318);
INSERT INTO  oceanbase.__all_tenant_time_zone_transition (Time_zone_id, Transition_time, Transition_type_id) VALUES
 (318, -1441162680, 1)
,(318, -405140400, 3)
,(318, 354916800, 2)
,(318, 370724400, 3)
,(318, 386452800, 2)
,(318, 402260400, 3)
,(318, 417988800, 2)
,(318, 433796400, 3)
,(318, 449611200, 2)
,(318, 465343200, 4)
,(318, 481068000, 5)
,(318, 496792800, 4)
,(318, 512517600, 5)
,(318, 528242400, 4)
,(318, 543967200, 5)
,(318, 559692000, 4)
,(318, 575416800, 5)
,(318, 591141600, 4)
,(318, 606866400, 5)
,(318, 622591200, 4)
,(318, 638316000, 5)
,(318, 654645600, 4)
,(318, 670370400, 6)
,(318, 685569600, 8)
,(318, 686098800, 7)
,(318, 701812800, 8)
,(318, 717534000, 9)
,(318, 733273200, 10)
,(318, 748998000, 7)
,(318, 764722800, 10)
,(318, 780447600, 7)
,(318, 796172400, 10)
,(318, 811897200, 11)
,(318, 852062400, 13)
,(318, 859672800, 12)
,(318, 877816800, 11)
,(318, 891122400, 12)
,(318, 909266400, 11)
,(318, 922572000, 12)
,(318, 941320800, 11)
,(318, 954021600, 12)
,(318, 972770400, 11)
,(318, 985471200, 12)
,(318, 1004220000, 11)
,(318, 1017525600, 12)
,(318, 1035669600, 11)
,(318, 1048975200, 12)
,(318, 1067119200, 11)
,(318, 1080424800, 12)
,(318, 1099173600, 11)
,(318, 1111874400, 12)
,(318, 1130623200, 11)
,(318, 1143324000, 12)
,(318, 1162072800, 11)
,(318, 1174773600, 12)
,(318, 1193522400, 11)
,(318, 1206828000, 12)
,(318, 1224972000, 11)
,(318, 1238277600, 12)
,(318, 1256421600, 11)
,(318, 1269727200, 12)
,(318, 1288476000, 11)
,(318, 1301176800, 12)
,(318, 1319925600, 11)
,(318, 1332626400, 12)
,(318, 1351375200, 11)
,(318, 1364680800, 12)
,(318, 1382824800, 11)
,(318, 1396130400, 12)
,(318, 1414274400, 11)
,(318, 1427580000, 12)
,(318, 1445724000, 11)
,(318, 1459029600, 12)
,(318, 1477778400, 11)
,(318, 1490479200, 12)
,(318, 1509228000, 11)
,(318, 1521928800, 12)
,(318, 1540677600, 11)
,(318, 1553983200, 12)
,(318, 1572127200, 11)
,(318, 1585432800, 12)
,(318, 1603576800, 11)
,(318, 1616882400, 12)
,(318, 1635631200, 11)
,(318, 1648332000, 12)
,(318, 1667080800, 11)
,(318, 1679781600, 12)
,(318, 1698530400, 11)
,(318, 1711836000, 12)
,(318, 1729980000, 11)
,(318, 1743285600, 12)
,(318, 1761429600, 11)
,(318, 1774735200, 12)
,(318, 1792879200, 11)
,(318, 1806184800, 12)
,(318, 1824933600, 11)
,(318, 1837634400, 12)
,(318, 1856383200, 11)
,(318, 1869084000, 12)
,(318, 1887832800, 11)
,(318, 1901138400, 12)
,(318, 1919282400, 11)
,(318, 1932588000, 12)
,(318, 1950732000, 11)
,(318, 1964037600, 12)
,(318, 1982786400, 11)
,(318, 1995487200, 12)
,(318, 2014236000, 11)
,(318, 2026936800, 12)
,(318, 2045685600, 11)
,(318, 2058386400, 12)
,(318, 2077135200, 11)
,(318, 2090440800, 12)
,(318, 2108584800, 11)
,(318, 2121890400, 12)
,(318, 2140034400, 11)
;
INSERT INTO  oceanbase.__all_tenant_time_zone_transition_type (Time_zone_id, Transition_type_id, Offset, Is_DST, Abbreviation) VALUES
 (318, 0, 10680, 0, 'LMT')
,(318, 1, 10800, 0, 'YERT')
,(318, 2, 18000, 1, 'YERST')
,(318, 3, 14400, 0, 'YERT')
,(318, 4, 14400, 0, 'YERT')
,(318, 5, 18000, 1, 'YERST')
,(318, 6, 14400, 1, 'YERST')
,(318, 7, 10800, 0, 'AMT')
,(318, 8, 14400, 1, 'AMST')
,(318, 9, 10800, 0, 'AMT')
,(318, 10, 14400, 1, 'AMST')
,(318, 11, 14400, 0, 'AMT')
,(318, 12, 18000, 1, 'AMST')
,(318, 13, 14400, 0, 'AMT')
;
INSERT INTO oceanbase.__all_tenant_time_zone (Time_zone_id, Use_leap_seconds) VALUES (319, 'N');
INSERT INTO  oceanbase.__all_tenant_time_zone_name (Name, Time_zone_id) VALUES ('Atlantic/Azores', 319);
INSERT INTO  oceanbase.__all_tenant_time_zone_transition (Time_zone_id, Transition_time, Transition_type_id) VALUES
 (319, -1849557928, 2)
,(319, -1689548400, 1)
,(319, -1677794400, 2)
,(319, -1667430000, 3)
,(319, -1647730800, 4)
,(319, -1635807600, 3)
,(319, -1616194800, 4)
,(319, -1604358000, 3)
,(319, -1584658800, 4)
,(319, -1572735600, 3)
,(319, -1553036400, 4)
,(319, -1541199600, 3)
,(319, -1521500400, 4)
,(319, -1442444400, 3)
,(319, -1426806000, 4)
,(319, -1379286000, 3)
,(319, -1364770800, 4)
,(319, -1348441200, 3)
,(319, -1333321200, 4)
,(319, -1316386800, 3)
,(319, -1301266800, 4)
,(319, -1284332400, 3)
,(319, -1269817200, 4)
,(319, -1221433200, 3)
,(319, -1206918000, 4)
,(319, -1191193200, 3)
,(319, -1175468400, 4)
,(319, -1127689200, 3)
,(319, -1111964400, 4)
,(319, -1096844400, 3)
,(319, -1080514800, 4)
,(319, -1063580400, 3)
,(319, -1049065200, 4)
,(319, -1033340400, 3)
,(319, -1017615600, 4)
,(319, -1002495600, 3)
,(319, -986166000, 4)
,(319, -969231600, 3)
,(319, -950482800, 4)
,(319, -942015600, 3)
,(319, -922662000, 4)
,(319, -906937200, 3)
,(319, -891126000, 4)
,(319, -877302000, 3)
,(319, -873676800, 5)
,(319, -864000000, 3)
,(319, -857948400, 4)
,(319, -845852400, 3)
,(319, -842832000, 5)
,(319, -831340800, 3)
,(319, -825894000, 4)
,(319, -814402800, 3)
,(319, -810777600, 5)
,(319, -799891200, 3)
,(319, -794444400, 4)
,(319, -782953200, 3)
,(319, -779328000, 5)
,(319, -768441600, 3)
,(319, -762994800, 4)
,(319, -749084400, 3)
,(319, -733359600, 4)
,(319, -717624000, 3)
,(319, -701899200, 4)
,(319, -686174400, 3)
,(319, -670449600, 4)
,(319, -654724800, 3)
,(319, -639000000, 4)
,(319, -591825600, 3)
,(319, -575496000, 4)
,(319, -559771200, 3)
,(319, -544046400, 4)
,(319, -528321600, 3)
,(319, -512596800, 4)
,(319, -496872000, 3)
,(319, -481147200, 4)
,(319, -465422400, 3)
,(319, -449697600, 4)
,(319, -433972800, 3)
,(319, -417643200, 4)
,(319, -401918400, 3)
,(319, -386193600, 4)
,(319, -370468800, 3)
,(319, -354744000, 4)
,(319, -339019200, 3)
,(319, -323294400, 4)
,(319, -307569600, 3)
,(319, -291844800, 4)
,(319, -276120000, 3)
,(319, -260395200, 4)
,(319, -244670400, 3)
,(319, -228340800, 4)
,(319, -212616000, 3)
,(319, -196891200, 4)
,(319, -181166400, 3)
,(319, -165441600, 4)
,(319, -149716800, 3)
,(319, -133992000, 4)
,(319, -118267200, 8)
,(319, 228272400, 6)
,(319, 243997200, 7)
,(319, 260326800, 6)
,(319, 276051600, 7)
,(319, 291776400, 6)
,(319, 307504800, 7)
,(319, 323226000, 6)
,(319, 338954400, 7)
,(319, 354679200, 6)
,(319, 370404000, 7)
,(319, 386128800, 6)
,(319, 401853600, 7)
,(319, 417582000, 6)
,(319, 433303200, 7)
,(319, 449028000, 6)
,(319, 465357600, 7)
,(319, 481082400, 6)
,(319, 496807200, 7)
,(319, 512532000, 6)
,(319, 528256800, 7)
,(319, 543981600, 6)
,(319, 559706400, 7)
,(319, 575431200, 6)
,(319, 591156000, 7)
,(319, 606880800, 6)
,(319, 622605600, 7)
,(319, 638330400, 6)
,(319, 654660000, 7)
,(319, 670384800, 6)
,(319, 686109600, 7)
,(319, 701834400, 6)
,(319, 717559200, 9)
,(319, 733280400, 10)
,(319, 749005200, 11)
,(319, 764730000, 10)
,(319, 780454800, 11)
,(319, 796179600, 10)
,(319, 811904400, 11)
,(319, 828234000, 10)
,(319, 846378000, 11)
,(319, 859683600, 10)
,(319, 877827600, 11)
,(319, 891133200, 10)
,(319, 909277200, 11)
,(319, 922582800, 10)
,(319, 941331600, 11)
,(319, 954032400, 10)
,(319, 972781200, 11)
,(319, 985482000, 10)
,(319, 1004230800, 11)
,(319, 1017536400, 10)
,(319, 1035680400, 11)
,(319, 1048986000, 10)
,(319, 1067130000, 11)
,(319, 1080435600, 10)
,(319, 1099184400, 11)
,(319, 1111885200, 10)
,(319, 1130634000, 11)
,(319, 1143334800, 10)
,(319, 1162083600, 11)
,(319, 1174784400, 10)
,(319, 1193533200, 11)
,(319, 1206838800, 10)
,(319, 1224982800, 11)
,(319, 1238288400, 10)
,(319, 1256432400, 11)
,(319, 1269738000, 10)
,(319, 1288486800, 11)
,(319, 1301187600, 10)
,(319, 1319936400, 11)
,(319, 1332637200, 10)
,(319, 1351386000, 11)
,(319, 1364691600, 10)
,(319, 1382835600, 11)
,(319, 1396141200, 10)
,(319, 1414285200, 11)
,(319, 1427590800, 10)
,(319, 1445734800, 11)
,(319, 1459040400, 10)
,(319, 1477789200, 11)
,(319, 1490490000, 10)
,(319, 1509238800, 11)
,(319, 1521939600, 10)
,(319, 1540688400, 11)
,(319, 1553994000, 10)
,(319, 1572138000, 11)
,(319, 1585443600, 10)
,(319, 1603587600, 11)
,(319, 1616893200, 10)
,(319, 1635642000, 11)
,(319, 1648342800, 10)
,(319, 1667091600, 11)
,(319, 1679792400, 10)
,(319, 1698541200, 11)
,(319, 1711846800, 10)
,(319, 1729990800, 11)
,(319, 1743296400, 10)
,(319, 1761440400, 11)
,(319, 1774746000, 10)
,(319, 1792890000, 11)
,(319, 1806195600, 10)
,(319, 1824944400, 11)
,(319, 1837645200, 10)
,(319, 1856394000, 11)
,(319, 1869094800, 10)
,(319, 1887843600, 11)
,(319, 1901149200, 10)
,(319, 1919293200, 11)
,(319, 1932598800, 10)
,(319, 1950742800, 11)
,(319, 1964048400, 10)
,(319, 1982797200, 11)
,(319, 1995498000, 10)
,(319, 2014246800, 11)
,(319, 2026947600, 10)
,(319, 2045696400, 11)
,(319, 2058397200, 10)
,(319, 2077146000, 11)
,(319, 2090451600, 10)
,(319, 2108595600, 11)
,(319, 2121901200, 10)
,(319, 2140045200, 11)
;
INSERT INTO  oceanbase.__all_tenant_time_zone_transition_type (Time_zone_id, Transition_type_id, Offset, Is_DST, Abbreviation) VALUES
 (319, 0, -6872, 0, 'HMT')
,(319, 1, -3600, 1, 'AZOST')
,(319, 2, -7200, 0, 'AZOT')
,(319, 3, -3600, 1, 'AZOST')
,(319, 4, -7200, 0, 'AZOT')
,(319, 5, 0, 1, 'AZOMT')
,(319, 6, 0, 1, 'AZOST')
,(319, 7, -3600, 0, 'AZOT')
,(319, 8, -3600, 0, 'AZOT')
,(319, 9, 0, 0, 'WET')
,(319, 10, 0, 1, 'AZOST')
,(319, 11, -3600, 0, 'AZOT')
;
INSERT INTO oceanbase.__all_tenant_time_zone (Time_zone_id, Use_leap_seconds) VALUES (320, 'N');
INSERT INTO  oceanbase.__all_tenant_time_zone_name (Name, Time_zone_id) VALUES ('Atlantic/Bermuda', 320);
INSERT INTO  oceanbase.__all_tenant_time_zone_transition (Time_zone_id, Transition_time, Transition_type_id) VALUES
 (320, -1262281256, 1)
,(320, 136360800, 2)
,(320, 152082000, 1)
,(320, 167810400, 2)
,(320, 183531600, 1)
,(320, 199260000, 2)
,(320, 215586000, 1)
,(320, 230709600, 2)
,(320, 247035600, 1)
,(320, 262764000, 2)
,(320, 278485200, 1)
,(320, 294213600, 2)
,(320, 309934800, 1)
,(320, 325663200, 2)
,(320, 341384400, 1)
,(320, 357112800, 2)
,(320, 372834000, 1)
,(320, 388562400, 2)
,(320, 404888400, 1)
,(320, 420012000, 2)
,(320, 436338000, 1)
,(320, 452066400, 2)
,(320, 467787600, 1)
,(320, 483516000, 2)
,(320, 499237200, 1)
,(320, 514965600, 2)
,(320, 530686800, 1)
,(320, 544600800, 2)
,(320, 562136400, 1)
,(320, 576050400, 2)
,(320, 594190800, 1)
,(320, 607500000, 2)
,(320, 625640400, 1)
,(320, 638949600, 2)
,(320, 657090000, 1)
,(320, 671004000, 2)
,(320, 688539600, 1)
,(320, 702453600, 2)
,(320, 719989200, 1)
,(320, 733903200, 2)
,(320, 752043600, 1)
,(320, 765352800, 2)
,(320, 783493200, 1)
,(320, 796802400, 2)
,(320, 814942800, 1)
,(320, 828856800, 2)
,(320, 846392400, 1)
,(320, 860306400, 2)
,(320, 877842000, 1)
,(320, 891756000, 2)
,(320, 909291600, 1)
,(320, 923205600, 2)
,(320, 941346000, 1)
,(320, 954655200, 2)
,(320, 972795600, 1)
,(320, 986104800, 2)
,(320, 1004245200, 1)
,(320, 1018159200, 2)
,(320, 1035694800, 1)
,(320, 1049608800, 2)
,(320, 1067144400, 1)
,(320, 1081058400, 2)
,(320, 1099198800, 1)
,(320, 1112508000, 2)
,(320, 1130648400, 1)
,(320, 1143957600, 2)
,(320, 1162098000, 1)
,(320, 1173592800, 2)
,(320, 1194152400, 1)
,(320, 1205042400, 2)
,(320, 1225602000, 1)
,(320, 1236492000, 2)
,(320, 1257051600, 1)
,(320, 1268546400, 2)
,(320, 1289106000, 1)
,(320, 1299996000, 2)
,(320, 1320555600, 1)
,(320, 1331445600, 2)
,(320, 1352005200, 1)
,(320, 1362895200, 2)
,(320, 1383454800, 1)
,(320, 1394344800, 2)
,(320, 1414904400, 1)
,(320, 1425794400, 2)
,(320, 1446354000, 1)
,(320, 1457848800, 2)
,(320, 1478408400, 1)
,(320, 1489298400, 2)
,(320, 1509858000, 1)
,(320, 1520748000, 2)
,(320, 1541307600, 1)
,(320, 1552197600, 2)
,(320, 1572757200, 1)
,(320, 1583647200, 2)
,(320, 1604206800, 1)
,(320, 1615701600, 2)
,(320, 1636261200, 1)
,(320, 1647151200, 2)
,(320, 1667710800, 1)
,(320, 1678600800, 2)
,(320, 1699160400, 1)
,(320, 1710050400, 2)
,(320, 1730610000, 1)
,(320, 1741500000, 2)
,(320, 1762059600, 1)
,(320, 1772949600, 2)
,(320, 1793509200, 1)
,(320, 1805004000, 2)
,(320, 1825563600, 1)
,(320, 1836453600, 2)
,(320, 1857013200, 1)
,(320, 1867903200, 2)
,(320, 1888462800, 1)
,(320, 1899352800, 2)
,(320, 1919912400, 1)
,(320, 1930802400, 2)
,(320, 1951362000, 1)
,(320, 1962856800, 2)
,(320, 1983416400, 1)
,(320, 1994306400, 2)
,(320, 2014866000, 1)
,(320, 2025756000, 2)
,(320, 2046315600, 1)
,(320, 2057205600, 2)
,(320, 2077765200, 1)
,(320, 2088655200, 2)
,(320, 2109214800, 1)
,(320, 2120104800, 2)
,(320, 2140664400, 1)
;
INSERT INTO  oceanbase.__all_tenant_time_zone_transition_type (Time_zone_id, Transition_type_id, Offset, Is_DST, Abbreviation) VALUES
 (320, 0, -15544, 0, 'LMT')
,(320, 1, -14400, 0, 'AST')
,(320, 2, -10800, 1, 'ADT')
;
INSERT INTO oceanbase.__all_tenant_time_zone (Time_zone_id, Use_leap_seconds) VALUES (321, 'N');
INSERT INTO  oceanbase.__all_tenant_time_zone_name (Name, Time_zone_id) VALUES ('Atlantic/Canary', 321);
INSERT INTO  oceanbase.__all_tenant_time_zone_transition (Time_zone_id, Transition_time, Transition_type_id) VALUES
 (321, -1509663504, 1)
,(321, -733874400, 2)
,(321, 323827200, 3)
,(321, 338950800, 4)
,(321, 354675600, 5)
,(321, 370400400, 4)
,(321, 386125200, 5)
,(321, 401850000, 4)
,(321, 417574800, 5)
,(321, 433299600, 4)
,(321, 449024400, 5)
,(321, 465354000, 4)
,(321, 481078800, 5)
,(321, 496803600, 4)
,(321, 512528400, 5)
,(321, 528253200, 4)
,(321, 543978000, 5)
,(321, 559702800, 4)
,(321, 575427600, 5)
,(321, 591152400, 4)
,(321, 606877200, 5)
,(321, 622602000, 4)
,(321, 638326800, 5)
,(321, 654656400, 4)
,(321, 670381200, 5)
,(321, 686106000, 4)
,(321, 701830800, 5)
,(321, 717555600, 4)
,(321, 733280400, 5)
,(321, 749005200, 4)
,(321, 764730000, 5)
,(321, 780454800, 4)
,(321, 796179600, 5)
,(321, 811904400, 4)
,(321, 828234000, 5)
,(321, 846378000, 4)
,(321, 859683600, 5)
,(321, 877827600, 4)
,(321, 891133200, 5)
,(321, 909277200, 4)
,(321, 922582800, 5)
,(321, 941331600, 4)
,(321, 954032400, 5)
,(321, 972781200, 4)
,(321, 985482000, 5)
,(321, 1004230800, 4)
,(321, 1017536400, 5)
,(321, 1035680400, 4)
,(321, 1048986000, 5)
,(321, 1067130000, 4)
,(321, 1080435600, 5)
,(321, 1099184400, 4)
,(321, 1111885200, 5)
,(321, 1130634000, 4)
,(321, 1143334800, 5)
,(321, 1162083600, 4)
,(321, 1174784400, 5)
,(321, 1193533200, 4)
,(321, 1206838800, 5)
,(321, 1224982800, 4)
,(321, 1238288400, 5)
,(321, 1256432400, 4)
,(321, 1269738000, 5)
,(321, 1288486800, 4)
,(321, 1301187600, 5)
,(321, 1319936400, 4)
,(321, 1332637200, 5)
,(321, 1351386000, 4)
,(321, 1364691600, 5)
,(321, 1382835600, 4)
,(321, 1396141200, 5)
,(321, 1414285200, 4)
,(321, 1427590800, 5)
,(321, 1445734800, 4)
,(321, 1459040400, 5)
,(321, 1477789200, 4)
,(321, 1490490000, 5)
,(321, 1509238800, 4)
,(321, 1521939600, 5)
,(321, 1540688400, 4)
,(321, 1553994000, 5)
,(321, 1572138000, 4)
,(321, 1585443600, 5)
,(321, 1603587600, 4)
,(321, 1616893200, 5)
,(321, 1635642000, 4)
,(321, 1648342800, 5)
,(321, 1667091600, 4)
,(321, 1679792400, 5)
,(321, 1698541200, 4)
,(321, 1711846800, 5)
,(321, 1729990800, 4)
,(321, 1743296400, 5)
,(321, 1761440400, 4)
,(321, 1774746000, 5)
,(321, 1792890000, 4)
,(321, 1806195600, 5)
,(321, 1824944400, 4)
,(321, 1837645200, 5)
,(321, 1856394000, 4)
,(321, 1869094800, 5)
,(321, 1887843600, 4)
,(321, 1901149200, 5)
,(321, 1919293200, 4)
,(321, 1932598800, 5)
,(321, 1950742800, 4)
,(321, 1964048400, 5)
,(321, 1982797200, 4)
,(321, 1995498000, 5)
,(321, 2014246800, 4)
,(321, 2026947600, 5)
,(321, 2045696400, 4)
,(321, 2058397200, 5)
,(321, 2077146000, 4)
,(321, 2090451600, 5)
,(321, 2108595600, 4)
,(321, 2121901200, 5)
,(321, 2140045200, 4)
;
INSERT INTO  oceanbase.__all_tenant_time_zone_transition_type (Time_zone_id, Transition_type_id, Offset, Is_DST, Abbreviation) VALUES
 (321, 0, -3696, 0, 'LMT')
,(321, 1, -3600, 0, 'CANT')
,(321, 2, 0, 0, 'WET')
,(321, 3, 3600, 1, 'WEST')
,(321, 4, 0, 0, 'WET')
,(321, 5, 3600, 1, 'WEST')
;
INSERT INTO oceanbase.__all_tenant_time_zone (Time_zone_id, Use_leap_seconds) VALUES (322, 'N');
INSERT INTO  oceanbase.__all_tenant_time_zone_name (Name, Time_zone_id) VALUES ('Atlantic/Cape_Verde', 322);
INSERT INTO  oceanbase.__all_tenant_time_zone_transition (Time_zone_id, Transition_time, Transition_type_id) VALUES
 (322, -1988144756, 1)
,(322, -862610400, 2)
,(322, -764118000, 1)
,(322, 186120000, 3)
;
INSERT INTO  oceanbase.__all_tenant_time_zone_transition_type (Time_zone_id, Transition_type_id, Offset, Is_DST, Abbreviation) VALUES
 (322, 0, -5644, 0, 'LMT')
,(322, 1, -7200, 0, 'CVT')
,(322, 2, -3600, 1, 'CVST')
,(322, 3, -3600, 0, 'CVT')
;
INSERT INTO oceanbase.__all_tenant_time_zone (Time_zone_id, Use_leap_seconds) VALUES (323, 'N');
INSERT INTO  oceanbase.__all_tenant_time_zone_name (Name, Time_zone_id) VALUES ('Atlantic/Faeroe', 323);
INSERT INTO  oceanbase.__all_tenant_time_zone_transition (Time_zone_id, Transition_time, Transition_type_id) VALUES
 (323, -1955748776, 1)
,(323, 354675600, 2)
,(323, 370400400, 3)
,(323, 386125200, 2)
,(323, 401850000, 3)
,(323, 417574800, 2)
,(323, 433299600, 3)
,(323, 449024400, 2)
,(323, 465354000, 3)
,(323, 481078800, 2)
,(323, 496803600, 3)
,(323, 512528400, 2)
,(323, 528253200, 3)
,(323, 543978000, 2)
,(323, 559702800, 3)
,(323, 575427600, 2)
,(323, 591152400, 3)
,(323, 606877200, 2)
,(323, 622602000, 3)
,(323, 638326800, 2)
,(323, 654656400, 3)
,(323, 670381200, 2)
,(323, 686106000, 3)
,(323, 701830800, 2)
,(323, 717555600, 3)
,(323, 733280400, 2)
,(323, 749005200, 3)
,(323, 764730000, 2)
,(323, 780454800, 3)
,(323, 796179600, 2)
,(323, 811904400, 3)
,(323, 828234000, 2)
,(323, 846378000, 3)
,(323, 859683600, 2)
,(323, 877827600, 3)
,(323, 891133200, 2)
,(323, 909277200, 3)
,(323, 922582800, 2)
,(323, 941331600, 3)
,(323, 954032400, 2)
,(323, 972781200, 3)
,(323, 985482000, 2)
,(323, 1004230800, 3)
,(323, 1017536400, 2)
,(323, 1035680400, 3)
,(323, 1048986000, 2)
,(323, 1067130000, 3)
,(323, 1080435600, 2)
,(323, 1099184400, 3)
,(323, 1111885200, 2)
,(323, 1130634000, 3)
,(323, 1143334800, 2)
,(323, 1162083600, 3)
,(323, 1174784400, 2)
,(323, 1193533200, 3)
,(323, 1206838800, 2)
,(323, 1224982800, 3)
,(323, 1238288400, 2)
,(323, 1256432400, 3)
,(323, 1269738000, 2)
,(323, 1288486800, 3)
,(323, 1301187600, 2)
,(323, 1319936400, 3)
,(323, 1332637200, 2)
,(323, 1351386000, 3)
,(323, 1364691600, 2)
,(323, 1382835600, 3)
,(323, 1396141200, 2)
,(323, 1414285200, 3)
,(323, 1427590800, 2)
,(323, 1445734800, 3)
,(323, 1459040400, 2)
,(323, 1477789200, 3)
,(323, 1490490000, 2)
,(323, 1509238800, 3)
,(323, 1521939600, 2)
,(323, 1540688400, 3)
,(323, 1553994000, 2)
,(323, 1572138000, 3)
,(323, 1585443600, 2)
,(323, 1603587600, 3)
,(323, 1616893200, 2)
,(323, 1635642000, 3)
,(323, 1648342800, 2)
,(323, 1667091600, 3)
,(323, 1679792400, 2)
,(323, 1698541200, 3)
,(323, 1711846800, 2)
,(323, 1729990800, 3)
,(323, 1743296400, 2)
,(323, 1761440400, 3)
,(323, 1774746000, 2)
,(323, 1792890000, 3)
,(323, 1806195600, 2)
,(323, 1824944400, 3)
,(323, 1837645200, 2)
,(323, 1856394000, 3)
,(323, 1869094800, 2)
,(323, 1887843600, 3)
,(323, 1901149200, 2)
,(323, 1919293200, 3)
,(323, 1932598800, 2)
,(323, 1950742800, 3)
,(323, 1964048400, 2)
,(323, 1982797200, 3)
,(323, 1995498000, 2)
,(323, 2014246800, 3)
,(323, 2026947600, 2)
,(323, 2045696400, 3)
,(323, 2058397200, 2)
,(323, 2077146000, 3)
,(323, 2090451600, 2)
,(323, 2108595600, 3)
,(323, 2121901200, 2)
,(323, 2140045200, 3)
;
INSERT INTO  oceanbase.__all_tenant_time_zone_transition_type (Time_zone_id, Transition_type_id, Offset, Is_DST, Abbreviation) VALUES
 (323, 0, -1624, 0, 'LMT')
,(323, 1, 0, 0, 'WET')
,(323, 2, 3600, 1, 'WEST')
,(323, 3, 0, 0, 'WET')
;
INSERT INTO oceanbase.__all_tenant_time_zone (Time_zone_id, Use_leap_seconds) VALUES (324, 'N');
INSERT INTO  oceanbase.__all_tenant_time_zone_name (Name, Time_zone_id) VALUES ('Atlantic/Faroe', 324);
INSERT INTO  oceanbase.__all_tenant_time_zone_transition (Time_zone_id, Transition_time, Transition_type_id) VALUES
 (324, -1955748776, 1)
,(324, 354675600, 2)
,(324, 370400400, 3)
,(324, 386125200, 2)
,(324, 401850000, 3)
,(324, 417574800, 2)
,(324, 433299600, 3)
,(324, 449024400, 2)
,(324, 465354000, 3)
,(324, 481078800, 2)
,(324, 496803600, 3)
,(324, 512528400, 2)
,(324, 528253200, 3)
,(324, 543978000, 2)
,(324, 559702800, 3)
,(324, 575427600, 2)
,(324, 591152400, 3)
,(324, 606877200, 2)
,(324, 622602000, 3)
,(324, 638326800, 2)
,(324, 654656400, 3)
,(324, 670381200, 2)
,(324, 686106000, 3)
,(324, 701830800, 2)
,(324, 717555600, 3)
,(324, 733280400, 2)
,(324, 749005200, 3)
,(324, 764730000, 2)
,(324, 780454800, 3)
,(324, 796179600, 2)
,(324, 811904400, 3)
,(324, 828234000, 2)
,(324, 846378000, 3)
,(324, 859683600, 2)
,(324, 877827600, 3)
,(324, 891133200, 2)
,(324, 909277200, 3)
,(324, 922582800, 2)
,(324, 941331600, 3)
,(324, 954032400, 2)
,(324, 972781200, 3)
,(324, 985482000, 2)
,(324, 1004230800, 3)
,(324, 1017536400, 2)
,(324, 1035680400, 3)
,(324, 1048986000, 2)
,(324, 1067130000, 3)
,(324, 1080435600, 2)
,(324, 1099184400, 3)
,(324, 1111885200, 2)
,(324, 1130634000, 3)
,(324, 1143334800, 2)
,(324, 1162083600, 3)
,(324, 1174784400, 2)
,(324, 1193533200, 3)
,(324, 1206838800, 2)
,(324, 1224982800, 3)
,(324, 1238288400, 2)
,(324, 1256432400, 3)
,(324, 1269738000, 2)
,(324, 1288486800, 3)
,(324, 1301187600, 2)
,(324, 1319936400, 3)
,(324, 1332637200, 2)
,(324, 1351386000, 3)
,(324, 1364691600, 2)
,(324, 1382835600, 3)
,(324, 1396141200, 2)
,(324, 1414285200, 3)
,(324, 1427590800, 2)
,(324, 1445734800, 3)
,(324, 1459040400, 2)
,(324, 1477789200, 3)
,(324, 1490490000, 2)
,(324, 1509238800, 3)
,(324, 1521939600, 2)
,(324, 1540688400, 3)
,(324, 1553994000, 2)
,(324, 1572138000, 3)
,(324, 1585443600, 2)
,(324, 1603587600, 3)
,(324, 1616893200, 2)
,(324, 1635642000, 3)
,(324, 1648342800, 2)
,(324, 1667091600, 3)
,(324, 1679792400, 2)
,(324, 1698541200, 3)
,(324, 1711846800, 2)
,(324, 1729990800, 3)
,(324, 1743296400, 2)
,(324, 1761440400, 3)
,(324, 1774746000, 2)
,(324, 1792890000, 3)
,(324, 1806195600, 2)
,(324, 1824944400, 3)
,(324, 1837645200, 2)
,(324, 1856394000, 3)
,(324, 1869094800, 2)
,(324, 1887843600, 3)
,(324, 1901149200, 2)
,(324, 1919293200, 3)
,(324, 1932598800, 2)
,(324, 1950742800, 3)
,(324, 1964048400, 2)
,(324, 1982797200, 3)
,(324, 1995498000, 2)
,(324, 2014246800, 3)
,(324, 2026947600, 2)
,(324, 2045696400, 3)
,(324, 2058397200, 2)
,(324, 2077146000, 3)
,(324, 2090451600, 2)
,(324, 2108595600, 3)
,(324, 2121901200, 2)
,(324, 2140045200, 3)
;
INSERT INTO  oceanbase.__all_tenant_time_zone_transition_type (Time_zone_id, Transition_type_id, Offset, Is_DST, Abbreviation) VALUES
 (324, 0, -1624, 0, 'LMT')
,(324, 1, 0, 0, 'WET')
,(324, 2, 3600, 1, 'WEST')
,(324, 3, 0, 0, 'WET')
;
INSERT INTO oceanbase.__all_tenant_time_zone (Time_zone_id, Use_leap_seconds) VALUES (325, 'N');
INSERT INTO  oceanbase.__all_tenant_time_zone_name (Name, Time_zone_id) VALUES ('Atlantic/Jan_Mayen', 325);
INSERT INTO  oceanbase.__all_tenant_time_zone_transition (Time_zone_id, Transition_time, Transition_type_id) VALUES
 (325, -1691884800, 0)
,(325, -1680573600, 1)
,(325, -927511200, 0)
,(325, -857257200, 2)
,(325, -844556400, 3)
,(325, -828226800, 2)
,(325, -812502000, 3)
,(325, -796777200, 2)
,(325, -781052400, 3)
,(325, -765327600, 2)
,(325, -340844400, 3)
,(325, -324514800, 2)
,(325, -308790000, 3)
,(325, -293065200, 2)
,(325, -277340400, 3)
,(325, -261615600, 2)
,(325, -245890800, 3)
,(325, -230166000, 2)
,(325, -214441200, 3)
,(325, -198716400, 2)
,(325, -182991600, 3)
,(325, -166662000, 2)
,(325, -147913200, 3)
,(325, -135212400, 2)
,(325, 315529200, 1)
,(325, 323830800, 4)
,(325, 338950800, 5)
,(325, 354675600, 4)
,(325, 370400400, 5)
,(325, 386125200, 4)
,(325, 401850000, 5)
,(325, 417574800, 4)
,(325, 433299600, 5)
,(325, 449024400, 4)
,(325, 465354000, 5)
,(325, 481078800, 4)
,(325, 496803600, 5)
,(325, 512528400, 4)
,(325, 528253200, 5)
,(325, 543978000, 4)
,(325, 559702800, 5)
,(325, 575427600, 4)
,(325, 591152400, 5)
,(325, 606877200, 4)
,(325, 622602000, 5)
,(325, 638326800, 4)
,(325, 654656400, 5)
,(325, 670381200, 4)
,(325, 686106000, 5)
,(325, 701830800, 4)
,(325, 717555600, 5)
,(325, 733280400, 4)
,(325, 749005200, 5)
,(325, 764730000, 4)
,(325, 780454800, 5)
,(325, 796179600, 4)
,(325, 811904400, 5)
,(325, 828234000, 4)
,(325, 846378000, 5)
,(325, 859683600, 4)
,(325, 877827600, 5)
,(325, 891133200, 4)
,(325, 909277200, 5)
,(325, 922582800, 4)
,(325, 941331600, 5)
,(325, 954032400, 4)
,(325, 972781200, 5)
,(325, 985482000, 4)
,(325, 1004230800, 5)
,(325, 1017536400, 4)
,(325, 1035680400, 5)
,(325, 1048986000, 4)
,(325, 1067130000, 5)
,(325, 1080435600, 4)
,(325, 1099184400, 5)
,(325, 1111885200, 4)
,(325, 1130634000, 5)
,(325, 1143334800, 4)
,(325, 1162083600, 5)
,(325, 1174784400, 4)
,(325, 1193533200, 5)
,(325, 1206838800, 4)
,(325, 1224982800, 5)
,(325, 1238288400, 4)
,(325, 1256432400, 5)
,(325, 1269738000, 4)
,(325, 1288486800, 5)
,(325, 1301187600, 4)
,(325, 1319936400, 5)
,(325, 1332637200, 4)
,(325, 1351386000, 5)
,(325, 1364691600, 4)
,(325, 1382835600, 5)
,(325, 1396141200, 4)
,(325, 1414285200, 5)
,(325, 1427590800, 4)
,(325, 1445734800, 5)
,(325, 1459040400, 4)
,(325, 1477789200, 5)
,(325, 1490490000, 4)
,(325, 1509238800, 5)
,(325, 1521939600, 4)
,(325, 1540688400, 5)
,(325, 1553994000, 4)
,(325, 1572138000, 5)
,(325, 1585443600, 4)
,(325, 1603587600, 5)
,(325, 1616893200, 4)
,(325, 1635642000, 5)
,(325, 1648342800, 4)
,(325, 1667091600, 5)
,(325, 1679792400, 4)
,(325, 1698541200, 5)
,(325, 1711846800, 4)
,(325, 1729990800, 5)
,(325, 1743296400, 4)
,(325, 1761440400, 5)
,(325, 1774746000, 4)
,(325, 1792890000, 5)
,(325, 1806195600, 4)
,(325, 1824944400, 5)
,(325, 1837645200, 4)
,(325, 1856394000, 5)
,(325, 1869094800, 4)
,(325, 1887843600, 5)
,(325, 1901149200, 4)
,(325, 1919293200, 5)
,(325, 1932598800, 4)
,(325, 1950742800, 5)
,(325, 1964048400, 4)
,(325, 1982797200, 5)
,(325, 1995498000, 4)
,(325, 2014246800, 5)
,(325, 2026947600, 4)
,(325, 2045696400, 5)
,(325, 2058397200, 4)
,(325, 2077146000, 5)
,(325, 2090451600, 4)
,(325, 2108595600, 5)
,(325, 2121901200, 4)
,(325, 2140045200, 5)
;
INSERT INTO  oceanbase.__all_tenant_time_zone_transition_type (Time_zone_id, Transition_type_id, Offset, Is_DST, Abbreviation) VALUES
 (325, 0, 7200, 1, 'CEST')
,(325, 1, 3600, 0, 'CET')
,(325, 2, 3600, 0, 'CET')
,(325, 3, 7200, 1, 'CEST')
,(325, 4, 7200, 1, 'CEST')
,(325, 5, 3600, 0, 'CET')
;
INSERT INTO oceanbase.__all_tenant_time_zone (Time_zone_id, Use_leap_seconds) VALUES (326, 'N');
INSERT INTO  oceanbase.__all_tenant_time_zone_name (Name, Time_zone_id) VALUES ('Atlantic/Madeira', 326);
INSERT INTO  oceanbase.__all_tenant_time_zone_transition (Time_zone_id, Transition_time, Transition_type_id) VALUES
 (326, -1849560744, 2)
,(326, -1689552000, 1)
,(326, -1677798000, 2)
,(326, -1667433600, 3)
,(326, -1647734400, 4)
,(326, -1635811200, 3)
,(326, -1616198400, 4)
,(326, -1604361600, 3)
,(326, -1584662400, 4)
,(326, -1572739200, 3)
,(326, -1553040000, 4)
,(326, -1541203200, 3)
,(326, -1521504000, 4)
,(326, -1442448000, 3)
,(326, -1426809600, 4)
,(326, -1379289600, 3)
,(326, -1364774400, 4)
,(326, -1348444800, 3)
,(326, -1333324800, 4)
,(326, -1316390400, 3)
,(326, -1301270400, 4)
,(326, -1284336000, 3)
,(326, -1269820800, 4)
,(326, -1221436800, 3)
,(326, -1206921600, 4)
,(326, -1191196800, 3)
,(326, -1175472000, 4)
,(326, -1127692800, 3)
,(326, -1111968000, 4)
,(326, -1096848000, 3)
,(326, -1080518400, 4)
,(326, -1063584000, 3)
,(326, -1049068800, 4)
,(326, -1033344000, 3)
,(326, -1017619200, 4)
,(326, -1002499200, 3)
,(326, -986169600, 4)
,(326, -969235200, 3)
,(326, -950486400, 4)
,(326, -942019200, 3)
,(326, -922665600, 4)
,(326, -906940800, 3)
,(326, -891129600, 4)
,(326, -877305600, 3)
,(326, -873680400, 5)
,(326, -864003600, 3)
,(326, -857952000, 4)
,(326, -845856000, 3)
,(326, -842835600, 5)
,(326, -831344400, 3)
,(326, -825897600, 4)
,(326, -814406400, 3)
,(326, -810781200, 5)
,(326, -799894800, 3)
,(326, -794448000, 4)
,(326, -782956800, 3)
,(326, -779331600, 5)
,(326, -768445200, 3)
,(326, -762998400, 4)
,(326, -749088000, 3)
,(326, -733363200, 4)
,(326, -717627600, 3)
,(326, -701902800, 4)
,(326, -686178000, 3)
,(326, -670453200, 4)
,(326, -654728400, 3)
,(326, -639003600, 4)
,(326, -591829200, 3)
,(326, -575499600, 4)
,(326, -559774800, 3)
,(326, -544050000, 4)
,(326, -528325200, 3)
,(326, -512600400, 4)
,(326, -496875600, 3)
,(326, -481150800, 4)
,(326, -465426000, 3)
,(326, -449701200, 4)
,(326, -433976400, 3)
,(326, -417646800, 4)
,(326, -401922000, 3)
,(326, -386197200, 4)
,(326, -370472400, 3)
,(326, -354747600, 4)
,(326, -339022800, 3)
,(326, -323298000, 4)
,(326, -307573200, 3)
,(326, -291848400, 4)
,(326, -276123600, 3)
,(326, -260398800, 4)
,(326, -244674000, 3)
,(326, -228344400, 4)
,(326, -212619600, 3)
,(326, -196894800, 4)
,(326, -181170000, 3)
,(326, -165445200, 4)
,(326, -149720400, 3)
,(326, -133995600, 4)
,(326, -118270800, 8)
,(326, 228268800, 6)
,(326, 243993600, 7)
,(326, 260323200, 6)
,(326, 276048000, 7)
,(326, 291772800, 6)
,(326, 307501200, 7)
,(326, 323222400, 6)
,(326, 338950800, 7)
,(326, 354675600, 6)
,(326, 370400400, 7)
,(326, 386125200, 6)
,(326, 401850000, 7)
,(326, 417578400, 6)
,(326, 433299600, 9)
,(326, 449024400, 10)
,(326, 465354000, 9)
,(326, 481078800, 10)
,(326, 496803600, 9)
,(326, 512528400, 10)
,(326, 528253200, 9)
,(326, 543978000, 10)
,(326, 559702800, 9)
,(326, 575427600, 10)
,(326, 591152400, 9)
,(326, 606877200, 10)
,(326, 622602000, 9)
,(326, 638326800, 10)
,(326, 654656400, 9)
,(326, 670381200, 10)
,(326, 686106000, 9)
,(326, 701830800, 10)
,(326, 717555600, 9)
,(326, 733280400, 10)
,(326, 749005200, 9)
,(326, 764730000, 10)
,(326, 780454800, 9)
,(326, 796179600, 10)
,(326, 811904400, 9)
,(326, 828234000, 10)
,(326, 846378000, 9)
,(326, 859683600, 10)
,(326, 877827600, 9)
,(326, 891133200, 10)
,(326, 909277200, 9)
,(326, 922582800, 10)
,(326, 941331600, 9)
,(326, 954032400, 10)
,(326, 972781200, 9)
,(326, 985482000, 10)
,(326, 1004230800, 9)
,(326, 1017536400, 10)
,(326, 1035680400, 9)
,(326, 1048986000, 10)
,(326, 1067130000, 9)
,(326, 1080435600, 10)
,(326, 1099184400, 9)
,(326, 1111885200, 10)
,(326, 1130634000, 9)
,(326, 1143334800, 10)
,(326, 1162083600, 9)
,(326, 1174784400, 10)
,(326, 1193533200, 9)
,(326, 1206838800, 10)
,(326, 1224982800, 9)
,(326, 1238288400, 10)
,(326, 1256432400, 9)
,(326, 1269738000, 10)
,(326, 1288486800, 9)
,(326, 1301187600, 10)
,(326, 1319936400, 9)
,(326, 1332637200, 10)
,(326, 1351386000, 9)
,(326, 1364691600, 10)
,(326, 1382835600, 9)
,(326, 1396141200, 10)
,(326, 1414285200, 9)
,(326, 1427590800, 10)
,(326, 1445734800, 9)
,(326, 1459040400, 10)
,(326, 1477789200, 9)
,(326, 1490490000, 10)
,(326, 1509238800, 9)
,(326, 1521939600, 10)
,(326, 1540688400, 9)
,(326, 1553994000, 10)
,(326, 1572138000, 9)
,(326, 1585443600, 10)
,(326, 1603587600, 9)
,(326, 1616893200, 10)
,(326, 1635642000, 9)
,(326, 1648342800, 10)
,(326, 1667091600, 9)
,(326, 1679792400, 10)
,(326, 1698541200, 9)
,(326, 1711846800, 10)
,(326, 1729990800, 9)
,(326, 1743296400, 10)
,(326, 1761440400, 9)
,(326, 1774746000, 10)
,(326, 1792890000, 9)
,(326, 1806195600, 10)
,(326, 1824944400, 9)
,(326, 1837645200, 10)
,(326, 1856394000, 9)
,(326, 1869094800, 10)
,(326, 1887843600, 9)
,(326, 1901149200, 10)
,(326, 1919293200, 9)
,(326, 1932598800, 10)
,(326, 1950742800, 9)
,(326, 1964048400, 10)
,(326, 1982797200, 9)
,(326, 1995498000, 10)
,(326, 2014246800, 9)
,(326, 2026947600, 10)
,(326, 2045696400, 9)
,(326, 2058397200, 10)
,(326, 2077146000, 9)
,(326, 2090451600, 10)
,(326, 2108595600, 9)
,(326, 2121901200, 10)
,(326, 2140045200, 9)
;
INSERT INTO  oceanbase.__all_tenant_time_zone_transition_type (Time_zone_id, Transition_type_id, Offset, Is_DST, Abbreviation) VALUES
 (326, 0, -4056, 0, 'FMT')
,(326, 1, 0, 1, 'MADST')
,(326, 2, -3600, 0, 'MADT')
,(326, 3, 0, 1, 'MADST')
,(326, 4, -3600, 0, 'MADT')
,(326, 5, 3600, 1, 'MADMT')
,(326, 6, 3600, 1, 'WEST')
,(326, 7, 0, 0, 'WET')
,(326, 8, 0, 0, 'WET')
,(326, 9, 0, 0, 'WET')
,(326, 10, 3600, 1, 'WEST')
;
INSERT INTO oceanbase.__all_tenant_time_zone (Time_zone_id, Use_leap_seconds) VALUES (327, 'N');
INSERT INTO  oceanbase.__all_tenant_time_zone_name (Name, Time_zone_id) VALUES ('Atlantic/Reykjavik', 327);
INSERT INTO  oceanbase.__all_tenant_time_zone_transition (Time_zone_id, Transition_time, Transition_type_id) VALUES
 (327, -1956609132, 2)
,(327, -1668211200, 1)
,(327, -1647212400, 2)
,(327, -1636675200, 1)
,(327, -1613430000, 2)
,(327, -968025600, 1)
,(327, -949615200, 2)
,(327, -942008400, 1)
,(327, -920239200, 2)
,(327, -909957600, 3)
,(327, -888789600, 4)
,(327, -877903200, 3)
,(327, -857944800, 4)
,(327, -846453600, 3)
,(327, -826495200, 4)
,(327, -815004000, 3)
,(327, -795045600, 4)
,(327, -783554400, 3)
,(327, -762991200, 4)
,(327, -752104800, 3)
,(327, -731541600, 4)
,(327, -717631200, 3)
,(327, -700092000, 4)
,(327, -686181600, 3)
,(327, -668642400, 4)
,(327, -654732000, 3)
,(327, -636588000, 4)
,(327, -623282400, 3)
,(327, -605743200, 4)
,(327, -591832800, 3)
,(327, -573688800, 4)
,(327, -559778400, 3)
,(327, -542239200, 4)
,(327, -528328800, 3)
,(327, -510789600, 4)
,(327, -496879200, 3)
,(327, -479340000, 4)
,(327, -465429600, 3)
,(327, -447890400, 4)
,(327, -433980000, 3)
,(327, -415836000, 4)
,(327, -401925600, 3)
,(327, -384386400, 4)
,(327, -370476000, 3)
,(327, -352936800, 4)
,(327, -339026400, 3)
,(327, -321487200, 4)
,(327, -307576800, 3)
,(327, -290037600, 4)
,(327, -276127200, 3)
,(327, -258588000, 4)
,(327, -244677600, 3)
,(327, -226533600, 4)
,(327, -212623200, 3)
,(327, -195084000, 4)
,(327, -181173600, 3)
,(327, -163634400, 4)
,(327, -149724000, 3)
,(327, -132184800, 4)
,(327, -118274400, 3)
,(327, -100735200, 4)
,(327, -86824800, 3)
,(327, -68680800, 4)
,(327, -54770400, 5)
;
INSERT INTO  oceanbase.__all_tenant_time_zone_transition_type (Time_zone_id, Transition_type_id, Offset, Is_DST, Abbreviation) VALUES
 (327, 0, -5268, 0, 'RMT')
,(327, 1, 0, 1, 'ISST')
,(327, 2, -3600, 0, 'IST')
,(327, 3, 0, 1, 'ISST')
,(327, 4, -3600, 0, 'IST')
,(327, 5, 0, 0, 'GMT')
;
INSERT INTO oceanbase.__all_tenant_time_zone (Time_zone_id, Use_leap_seconds) VALUES (328, 'N');
INSERT INTO  oceanbase.__all_tenant_time_zone_name (Name, Time_zone_id) VALUES ('Atlantic/South_Georgia', 328);
INSERT INTO  oceanbase.__all_tenant_time_zone_transition_type (Time_zone_id, Transition_type_id, Offset, Is_DST, Abbreviation) VALUES
 (328, 0, -7200, 0, 'GST')
;
INSERT INTO oceanbase.__all_tenant_time_zone (Time_zone_id, Use_leap_seconds) VALUES (329, 'N');
INSERT INTO  oceanbase.__all_tenant_time_zone_name (Name, Time_zone_id) VALUES ('Atlantic/St_Helena', 329);
INSERT INTO  oceanbase.__all_tenant_time_zone_transition (Time_zone_id, Transition_time, Transition_type_id) VALUES
 (329, -599614632, 1)
;
INSERT INTO  oceanbase.__all_tenant_time_zone_transition_type (Time_zone_id, Transition_type_id, Offset, Is_DST, Abbreviation) VALUES
 (329, 0, -1368, 0, 'JMT')
,(329, 1, 0, 0, 'GMT')
;
INSERT INTO oceanbase.__all_tenant_time_zone (Time_zone_id, Use_leap_seconds) VALUES (330, 'N');
INSERT INTO  oceanbase.__all_tenant_time_zone_name (Name, Time_zone_id) VALUES ('Atlantic/Stanley', 330);
INSERT INTO  oceanbase.__all_tenant_time_zone_transition (Time_zone_id, Transition_time, Transition_type_id) VALUES
 (330, -1824235716, 2)
,(330, -1018209600, 1)
,(330, -1003093200, 2)
,(330, -986760000, 1)
,(330, -971643600, 2)
,(330, -954705600, 1)
,(330, -939589200, 2)
,(330, -923256000, 1)
,(330, -908139600, 2)
,(330, -891806400, 1)
,(330, -876690000, 2)
,(330, -860356800, 1)
,(330, -852066000, 2)
,(330, 420609600, 4)
,(330, 433306800, 3)
,(330, 452052000, 4)
,(330, 464151600, 3)
,(330, 483501600, 4)
,(330, 495601200, 1)
,(330, 514350000, 2)
,(330, 527054400, 1)
,(330, 545799600, 2)
,(330, 558504000, 1)
,(330, 577249200, 2)
,(330, 589953600, 1)
,(330, 608698800, 2)
,(330, 621403200, 1)
,(330, 640753200, 2)
,(330, 652852800, 1)
,(330, 672202800, 2)
,(330, 684907200, 1)
,(330, 703652400, 2)
,(330, 716356800, 1)
,(330, 735102000, 2)
,(330, 747806400, 1)
,(330, 766551600, 2)
,(330, 779256000, 1)
,(330, 798001200, 2)
,(330, 810705600, 1)
,(330, 830055600, 2)
,(330, 842760000, 1)
,(330, 861505200, 2)
,(330, 874209600, 1)
,(330, 892954800, 2)
,(330, 905659200, 1)
,(330, 924404400, 2)
,(330, 937108800, 1)
,(330, 955854000, 2)
,(330, 968558400, 1)
,(330, 987310800, 2)
,(330, 999410400, 1)
,(330, 1019365200, 2)
,(330, 1030860000, 1)
,(330, 1050814800, 2)
,(330, 1062914400, 1)
,(330, 1082264400, 2)
,(330, 1094364000, 1)
,(330, 1113714000, 2)
,(330, 1125813600, 1)
,(330, 1145163600, 2)
,(330, 1157263200, 1)
,(330, 1176613200, 2)
,(330, 1188712800, 1)
,(330, 1208667600, 2)
,(330, 1220767200, 1)
,(330, 1240117200, 2)
,(330, 1252216800, 1)
,(330, 1271566800, 2)
,(330, 1283666400, 1)
,(330, 1334466000, 2)
,(330, 1346565600, 1)
,(330, 1366520400, 2)
,(330, 1378015200, 1)
,(330, 1397970000, 2)
,(330, 1410069600, 1)
,(330, 1429419600, 2)
,(330, 1441519200, 1)
,(330, 1460869200, 2)
,(330, 1472968800, 1)
,(330, 1492318800, 2)
,(330, 1504418400, 1)
,(330, 1523768400, 2)
,(330, 1535868000, 1)
,(330, 1555822800, 2)
,(330, 1567317600, 1)
,(330, 1587272400, 2)
,(330, 1599372000, 1)
,(330, 1618722000, 2)
,(330, 1630821600, 1)
,(330, 1650171600, 2)
,(330, 1662271200, 1)
,(330, 1681621200, 2)
,(330, 1693720800, 1)
,(330, 1713675600, 2)
,(330, 1725170400, 1)
,(330, 1745125200, 2)
,(330, 1757224800, 1)
,(330, 1776574800, 2)
,(330, 1788674400, 1)
,(330, 1808024400, 2)
,(330, 1820124000, 1)
,(330, 1839474000, 2)
,(330, 1851573600, 1)
,(330, 1870923600, 2)
,(330, 1883023200, 1)
,(330, 1902978000, 2)
,(330, 1914472800, 1)
,(330, 1934427600, 2)
,(330, 1946527200, 1)
,(330, 1965877200, 2)
,(330, 1977976800, 1)
,(330, 1997326800, 2)
,(330, 2009426400, 1)
,(330, 2028776400, 2)
,(330, 2040876000, 1)
,(330, 2060226000, 2)
,(330, 2072325600, 1)
,(330, 2092280400, 2)
,(330, 2104380000, 1)
,(330, 2123730000, 2)
,(330, 2135829600, 1)
;
INSERT INTO  oceanbase.__all_tenant_time_zone_transition_type (Time_zone_id, Transition_type_id, Offset, Is_DST, Abbreviation) VALUES
 (330, 0, -13884, 0, 'SMT')
,(330, 1, -10800, 1, 'FKST')
,(330, 2, -14400, 0, 'FKT')
,(330, 3, -7200, 1, 'FKST')
,(330, 4, -10800, 0, 'FKT')
;
INSERT INTO oceanbase.__all_tenant_time_zone (Time_zone_id, Use_leap_seconds) VALUES (331, 'N');
INSERT INTO  oceanbase.__all_tenant_time_zone_name (Name, Time_zone_id) VALUES ('Australia/ACT', 331);
INSERT INTO  oceanbase.__all_tenant_time_zone_transition (Time_zone_id, Transition_time, Transition_type_id) VALUES
 (331, -1672567140, 0)
,(331, -1665392400, 1)
,(331, -883641600, 0)
,(331, -876128400, 1)
,(331, -860400000, 0)
,(331, -844678800, 1)
,(331, -828345600, 0)
,(331, -813229200, 1)
,(331, 57686400, 2)
,(331, 67968000, 3)
,(331, 89136000, 2)
,(331, 100022400, 3)
,(331, 120585600, 2)
,(331, 131472000, 3)
,(331, 152035200, 2)
,(331, 162921600, 3)
,(331, 183484800, 2)
,(331, 194976000, 3)
,(331, 215539200, 2)
,(331, 226425600, 3)
,(331, 246988800, 2)
,(331, 257875200, 3)
,(331, 278438400, 2)
,(331, 289324800, 3)
,(331, 309888000, 2)
,(331, 320774400, 3)
,(331, 341337600, 2)
,(331, 352224000, 3)
,(331, 372787200, 2)
,(331, 386697600, 3)
,(331, 404841600, 2)
,(331, 415728000, 3)
,(331, 436291200, 2)
,(331, 447177600, 3)
,(331, 467740800, 2)
,(331, 478627200, 3)
,(331, 499190400, 2)
,(331, 511286400, 3)
,(331, 530035200, 2)
,(331, 542736000, 3)
,(331, 562089600, 2)
,(331, 574790400, 3)
,(331, 594144000, 2)
,(331, 606240000, 3)
,(331, 625593600, 2)
,(331, 636480000, 3)
,(331, 657043200, 2)
,(331, 667929600, 3)
,(331, 688492800, 2)
,(331, 699379200, 3)
,(331, 719942400, 2)
,(331, 731433600, 3)
,(331, 751996800, 2)
,(331, 762883200, 3)
,(331, 783446400, 2)
,(331, 794332800, 3)
,(331, 814896000, 2)
,(331, 828201600, 3)
,(331, 846345600, 2)
,(331, 859651200, 3)
,(331, 877795200, 2)
,(331, 891100800, 3)
,(331, 909244800, 2)
,(331, 922550400, 3)
,(331, 941299200, 2)
,(331, 954000000, 3)
,(331, 967305600, 2)
,(331, 985449600, 3)
,(331, 1004198400, 2)
,(331, 1017504000, 3)
,(331, 1035648000, 2)
,(331, 1048953600, 3)
,(331, 1067097600, 2)
,(331, 1080403200, 3)
,(331, 1099152000, 2)
,(331, 1111852800, 3)
,(331, 1130601600, 2)
,(331, 1143907200, 3)
,(331, 1162051200, 2)
,(331, 1174752000, 3)
,(331, 1193500800, 2)
,(331, 1207411200, 3)
,(331, 1223136000, 2)
,(331, 1238860800, 3)
,(331, 1254585600, 2)
,(331, 1270310400, 3)
,(331, 1286035200, 2)
,(331, 1301760000, 3)
,(331, 1317484800, 2)
,(331, 1333209600, 3)
,(331, 1349539200, 2)
,(331, 1365264000, 3)
,(331, 1380988800, 2)
,(331, 1396713600, 3)
,(331, 1412438400, 2)
,(331, 1428163200, 3)
,(331, 1443888000, 2)
,(331, 1459612800, 3)
,(331, 1475337600, 2)
,(331, 1491062400, 3)
,(331, 1506787200, 2)
,(331, 1522512000, 3)
,(331, 1538841600, 2)
,(331, 1554566400, 3)
,(331, 1570291200, 2)
,(331, 1586016000, 3)
,(331, 1601740800, 2)
,(331, 1617465600, 3)
,(331, 1633190400, 2)
,(331, 1648915200, 3)
,(331, 1664640000, 2)
,(331, 1680364800, 3)
,(331, 1696089600, 2)
,(331, 1712419200, 3)
,(331, 1728144000, 2)
,(331, 1743868800, 3)
,(331, 1759593600, 2)
,(331, 1775318400, 3)
,(331, 1791043200, 2)
,(331, 1806768000, 3)
,(331, 1822492800, 2)
,(331, 1838217600, 3)
,(331, 1853942400, 2)
,(331, 1869667200, 3)
,(331, 1885996800, 2)
,(331, 1901721600, 3)
,(331, 1917446400, 2)
,(331, 1933171200, 3)
,(331, 1948896000, 2)
,(331, 1964620800, 3)
,(331, 1980345600, 2)
,(331, 1996070400, 3)
,(331, 2011795200, 2)
,(331, 2027520000, 3)
,(331, 2043244800, 2)
,(331, 2058969600, 3)
,(331, 2075299200, 2)
,(331, 2091024000, 3)
,(331, 2106748800, 2)
,(331, 2122473600, 3)
,(331, 2138198400, 2)
;
INSERT INTO  oceanbase.__all_tenant_time_zone_transition_type (Time_zone_id, Transition_type_id, Offset, Is_DST, Abbreviation) VALUES
 (331, 0, 39600, 1, 'EST')
,(331, 1, 36000, 0, 'EST')
,(331, 2, 39600, 1, 'EST')
,(331, 3, 36000, 0, 'EST')
;
INSERT INTO oceanbase.__all_tenant_time_zone (Time_zone_id, Use_leap_seconds) VALUES (332, 'N');
INSERT INTO  oceanbase.__all_tenant_time_zone_name (Name, Time_zone_id) VALUES ('Australia/Adelaide', 332);
INSERT INTO  oceanbase.__all_tenant_time_zone_transition (Time_zone_id, Transition_time, Transition_type_id) VALUES
 (332, -1672565340, 0)
,(332, -1665390600, 1)
,(332, -883639800, 0)
,(332, -876126600, 1)
,(332, -860398200, 0)
,(332, -844677000, 1)
,(332, -828343800, 0)
,(332, -813227400, 1)
,(332, 57688200, 2)
,(332, 67969800, 3)
,(332, 89137800, 2)
,(332, 100024200, 3)
,(332, 120587400, 2)
,(332, 131473800, 3)
,(332, 152037000, 2)
,(332, 162923400, 3)
,(332, 183486600, 2)
,(332, 194977800, 3)
,(332, 215541000, 2)
,(332, 226427400, 3)
,(332, 246990600, 2)
,(332, 257877000, 3)
,(332, 278440200, 2)
,(332, 289326600, 3)
,(332, 309889800, 2)
,(332, 320776200, 3)
,(332, 341339400, 2)
,(332, 352225800, 3)
,(332, 372789000, 2)
,(332, 384280200, 3)
,(332, 404843400, 2)
,(332, 415729800, 3)
,(332, 436293000, 2)
,(332, 447179400, 3)
,(332, 467742600, 2)
,(332, 478629000, 3)
,(332, 499192200, 2)
,(332, 511288200, 3)
,(332, 530037000, 2)
,(332, 542737800, 3)
,(332, 562091400, 2)
,(332, 574792200, 3)
,(332, 594145800, 2)
,(332, 606241800, 3)
,(332, 625595400, 2)
,(332, 637691400, 3)
,(332, 657045000, 2)
,(332, 667931400, 3)
,(332, 688494600, 2)
,(332, 701195400, 3)
,(332, 719944200, 2)
,(332, 731435400, 3)
,(332, 751998600, 2)
,(332, 764094600, 3)
,(332, 783448200, 2)
,(332, 796149000, 3)
,(332, 814897800, 2)
,(332, 828203400, 3)
,(332, 846347400, 2)
,(332, 859653000, 3)
,(332, 877797000, 2)
,(332, 891102600, 3)
,(332, 909246600, 2)
,(332, 922552200, 3)
,(332, 941301000, 2)
,(332, 954001800, 3)
,(332, 972750600, 2)
,(332, 985451400, 3)
,(332, 1004200200, 2)
,(332, 1017505800, 3)
,(332, 1035649800, 2)
,(332, 1048955400, 3)
,(332, 1067099400, 2)
,(332, 1080405000, 3)
,(332, 1099153800, 2)
,(332, 1111854600, 3)
,(332, 1130603400, 2)
,(332, 1143909000, 3)
,(332, 1162053000, 2)
,(332, 1174753800, 3)
,(332, 1193502600, 2)
,(332, 1207413000, 3)
,(332, 1223137800, 2)
,(332, 1238862600, 3)
,(332, 1254587400, 2)
,(332, 1270312200, 3)
,(332, 1286037000, 2)
,(332, 1301761800, 3)
,(332, 1317486600, 2)
,(332, 1333211400, 3)
,(332, 1349541000, 2)
,(332, 1365265800, 3)
,(332, 1380990600, 2)
,(332, 1396715400, 3)
,(332, 1412440200, 2)
,(332, 1428165000, 3)
,(332, 1443889800, 2)
,(332, 1459614600, 3)
,(332, 1475339400, 2)
,(332, 1491064200, 3)
,(332, 1506789000, 2)
,(332, 1522513800, 3)
,(332, 1538843400, 2)
,(332, 1554568200, 3)
,(332, 1570293000, 2)
,(332, 1586017800, 3)
,(332, 1601742600, 2)
,(332, 1617467400, 3)
,(332, 1633192200, 2)
,(332, 1648917000, 3)
,(332, 1664641800, 2)
,(332, 1680366600, 3)
,(332, 1696091400, 2)
,(332, 1712421000, 3)
,(332, 1728145800, 2)
,(332, 1743870600, 3)
,(332, 1759595400, 2)
,(332, 1775320200, 3)
,(332, 1791045000, 2)
,(332, 1806769800, 3)
,(332, 1822494600, 2)
,(332, 1838219400, 3)
,(332, 1853944200, 2)
,(332, 1869669000, 3)
,(332, 1885998600, 2)
,(332, 1901723400, 3)
,(332, 1917448200, 2)
,(332, 1933173000, 3)
,(332, 1948897800, 2)
,(332, 1964622600, 3)
,(332, 1980347400, 2)
,(332, 1996072200, 3)
,(332, 2011797000, 2)
,(332, 2027521800, 3)
,(332, 2043246600, 2)
,(332, 2058971400, 3)
,(332, 2075301000, 2)
,(332, 2091025800, 3)
,(332, 2106750600, 2)
,(332, 2122475400, 3)
,(332, 2138200200, 2)
;
INSERT INTO  oceanbase.__all_tenant_time_zone_transition_type (Time_zone_id, Transition_type_id, Offset, Is_DST, Abbreviation) VALUES
 (332, 0, 37800, 1, 'CST')
,(332, 1, 34200, 0, 'CST')
,(332, 2, 37800, 1, 'CST')
,(332, 3, 34200, 0, 'CST')
;
INSERT INTO oceanbase.__all_tenant_time_zone (Time_zone_id, Use_leap_seconds) VALUES (333, 'N');
INSERT INTO  oceanbase.__all_tenant_time_zone_name (Name, Time_zone_id) VALUES ('Australia/Brisbane', 333);
INSERT INTO  oceanbase.__all_tenant_time_zone_transition (Time_zone_id, Transition_time, Transition_type_id) VALUES
 (333, -1672567140, 0)
,(333, -1665392400, 1)
,(333, -883641600, 0)
,(333, -876128400, 1)
,(333, -860400000, 0)
,(333, -844678800, 1)
,(333, -828345600, 0)
,(333, -813229200, 1)
,(333, 57686400, 2)
,(333, 67968000, 3)
,(333, 625593600, 2)
,(333, 636480000, 3)
,(333, 657043200, 2)
,(333, 667929600, 3)
,(333, 688492800, 2)
,(333, 699379200, 3)
;
INSERT INTO  oceanbase.__all_tenant_time_zone_transition_type (Time_zone_id, Transition_type_id, Offset, Is_DST, Abbreviation) VALUES
 (333, 0, 39600, 1, 'EST')
,(333, 1, 36000, 0, 'EST')
,(333, 2, 39600, 1, 'EST')
,(333, 3, 36000, 0, 'EST')
;
INSERT INTO oceanbase.__all_tenant_time_zone (Time_zone_id, Use_leap_seconds) VALUES (334, 'N');
INSERT INTO  oceanbase.__all_tenant_time_zone_name (Name, Time_zone_id) VALUES ('Australia/Broken_Hill', 334);
INSERT INTO  oceanbase.__all_tenant_time_zone_transition (Time_zone_id, Transition_time, Transition_type_id) VALUES
 (334, -1672565340, 0)
,(334, -1665390600, 1)
,(334, -883639800, 0)
,(334, -876126600, 1)
,(334, -860398200, 0)
,(334, -844677000, 1)
,(334, -828343800, 0)
,(334, -813227400, 1)
,(334, 57688200, 2)
,(334, 67969800, 3)
,(334, 89137800, 2)
,(334, 100024200, 3)
,(334, 120587400, 2)
,(334, 131473800, 3)
,(334, 152037000, 2)
,(334, 162923400, 3)
,(334, 183486600, 2)
,(334, 194977800, 3)
,(334, 215541000, 2)
,(334, 226427400, 3)
,(334, 246990600, 2)
,(334, 257877000, 3)
,(334, 278440200, 2)
,(334, 289326600, 3)
,(334, 309889800, 2)
,(334, 320776200, 3)
,(334, 341339400, 2)
,(334, 352225800, 3)
,(334, 372789000, 2)
,(334, 386699400, 3)
,(334, 404843400, 2)
,(334, 415729800, 3)
,(334, 436293000, 2)
,(334, 447179400, 3)
,(334, 467742600, 2)
,(334, 478629000, 3)
,(334, 499192200, 2)
,(334, 511288200, 3)
,(334, 530037000, 2)
,(334, 542737800, 3)
,(334, 562091400, 2)
,(334, 574792200, 3)
,(334, 594145800, 2)
,(334, 606241800, 3)
,(334, 625595400, 2)
,(334, 636481800, 3)
,(334, 657045000, 2)
,(334, 667931400, 3)
,(334, 688494600, 2)
,(334, 699381000, 3)
,(334, 719944200, 2)
,(334, 731435400, 3)
,(334, 751998600, 2)
,(334, 762885000, 3)
,(334, 783448200, 2)
,(334, 794334600, 3)
,(334, 814897800, 2)
,(334, 828203400, 3)
,(334, 846347400, 2)
,(334, 859653000, 3)
,(334, 877797000, 2)
,(334, 891102600, 3)
,(334, 909246600, 2)
,(334, 922552200, 3)
,(334, 941301000, 2)
,(334, 946647000, 0)
,(334, 954001800, 3)
,(334, 972750600, 2)
,(334, 985451400, 3)
,(334, 1004200200, 2)
,(334, 1017505800, 3)
,(334, 1035649800, 2)
,(334, 1048955400, 3)
,(334, 1067099400, 2)
,(334, 1080405000, 3)
,(334, 1099153800, 2)
,(334, 1111854600, 3)
,(334, 1130603400, 2)
,(334, 1143909000, 3)
,(334, 1162053000, 2)
,(334, 1174753800, 3)
,(334, 1193502600, 2)
,(334, 1207413000, 3)
,(334, 1223137800, 2)
,(334, 1238862600, 3)
,(334, 1254587400, 2)
,(334, 1270312200, 3)
,(334, 1286037000, 2)
,(334, 1301761800, 3)
,(334, 1317486600, 2)
,(334, 1333211400, 3)
,(334, 1349541000, 2)
,(334, 1365265800, 3)
,(334, 1380990600, 2)
,(334, 1396715400, 3)
,(334, 1412440200, 2)
,(334, 1428165000, 3)
,(334, 1443889800, 2)
,(334, 1459614600, 3)
,(334, 1475339400, 2)
,(334, 1491064200, 3)
,(334, 1506789000, 2)
,(334, 1522513800, 3)
,(334, 1538843400, 2)
,(334, 1554568200, 3)
,(334, 1570293000, 2)
,(334, 1586017800, 3)
,(334, 1601742600, 2)
,(334, 1617467400, 3)
,(334, 1633192200, 2)
,(334, 1648917000, 3)
,(334, 1664641800, 2)
,(334, 1680366600, 3)
,(334, 1696091400, 2)
,(334, 1712421000, 3)
,(334, 1728145800, 2)
,(334, 1743870600, 3)
,(334, 1759595400, 2)
,(334, 1775320200, 3)
,(334, 1791045000, 2)
,(334, 1806769800, 3)
,(334, 1822494600, 2)
,(334, 1838219400, 3)
,(334, 1853944200, 2)
,(334, 1869669000, 3)
,(334, 1885998600, 2)
,(334, 1901723400, 3)
,(334, 1917448200, 2)
,(334, 1933173000, 3)
,(334, 1948897800, 2)
,(334, 1964622600, 3)
,(334, 1980347400, 2)
,(334, 1996072200, 3)
,(334, 2011797000, 2)
,(334, 2027521800, 3)
,(334, 2043246600, 2)
,(334, 2058971400, 3)
,(334, 2075301000, 2)
,(334, 2091025800, 3)
,(334, 2106750600, 2)
,(334, 2122475400, 3)
,(334, 2138200200, 2)
;
INSERT INTO  oceanbase.__all_tenant_time_zone_transition_type (Time_zone_id, Transition_type_id, Offset, Is_DST, Abbreviation) VALUES
 (334, 0, 37800, 1, 'CST')
,(334, 1, 34200, 0, 'CST')
,(334, 2, 37800, 1, 'CST')
,(334, 3, 34200, 0, 'CST')
;
INSERT INTO oceanbase.__all_tenant_time_zone (Time_zone_id, Use_leap_seconds) VALUES (335, 'N');
INSERT INTO  oceanbase.__all_tenant_time_zone_name (Name, Time_zone_id) VALUES ('Australia/Canberra', 335);
INSERT INTO  oceanbase.__all_tenant_time_zone_transition (Time_zone_id, Transition_time, Transition_type_id) VALUES
 (335, -1672567140, 0)
,(335, -1665392400, 1)
,(335, -883641600, 0)
,(335, -876128400, 1)
,(335, -860400000, 0)
,(335, -844678800, 1)
,(335, -828345600, 0)
,(335, -813229200, 1)
,(335, 57686400, 2)
,(335, 67968000, 3)
,(335, 89136000, 2)
,(335, 100022400, 3)
,(335, 120585600, 2)
,(335, 131472000, 3)
,(335, 152035200, 2)
,(335, 162921600, 3)
,(335, 183484800, 2)
,(335, 194976000, 3)
,(335, 215539200, 2)
,(335, 226425600, 3)
,(335, 246988800, 2)
,(335, 257875200, 3)
,(335, 278438400, 2)
,(335, 289324800, 3)
,(335, 309888000, 2)
,(335, 320774400, 3)
,(335, 341337600, 2)
,(335, 352224000, 3)
,(335, 372787200, 2)
,(335, 386697600, 3)
,(335, 404841600, 2)
,(335, 415728000, 3)
,(335, 436291200, 2)
,(335, 447177600, 3)
,(335, 467740800, 2)
,(335, 478627200, 3)
,(335, 499190400, 2)
,(335, 511286400, 3)
,(335, 530035200, 2)
,(335, 542736000, 3)
,(335, 562089600, 2)
,(335, 574790400, 3)
,(335, 594144000, 2)
,(335, 606240000, 3)
,(335, 625593600, 2)
,(335, 636480000, 3)
,(335, 657043200, 2)
,(335, 667929600, 3)
,(335, 688492800, 2)
,(335, 699379200, 3)
,(335, 719942400, 2)
,(335, 731433600, 3)
,(335, 751996800, 2)
,(335, 762883200, 3)
,(335, 783446400, 2)
,(335, 794332800, 3)
,(335, 814896000, 2)
,(335, 828201600, 3)
,(335, 846345600, 2)
,(335, 859651200, 3)
,(335, 877795200, 2)
,(335, 891100800, 3)
,(335, 909244800, 2)
,(335, 922550400, 3)
,(335, 941299200, 2)
,(335, 954000000, 3)
,(335, 967305600, 2)
,(335, 985449600, 3)
,(335, 1004198400, 2)
,(335, 1017504000, 3)
,(335, 1035648000, 2)
,(335, 1048953600, 3)
,(335, 1067097600, 2)
,(335, 1080403200, 3)
,(335, 1099152000, 2)
,(335, 1111852800, 3)
,(335, 1130601600, 2)
,(335, 1143907200, 3)
,(335, 1162051200, 2)
,(335, 1174752000, 3)
,(335, 1193500800, 2)
,(335, 1207411200, 3)
,(335, 1223136000, 2)
,(335, 1238860800, 3)
,(335, 1254585600, 2)
,(335, 1270310400, 3)
,(335, 1286035200, 2)
,(335, 1301760000, 3)
,(335, 1317484800, 2)
,(335, 1333209600, 3)
,(335, 1349539200, 2)
,(335, 1365264000, 3)
,(335, 1380988800, 2)
,(335, 1396713600, 3)
,(335, 1412438400, 2)
,(335, 1428163200, 3)
,(335, 1443888000, 2)
,(335, 1459612800, 3)
,(335, 1475337600, 2)
,(335, 1491062400, 3)
,(335, 1506787200, 2)
,(335, 1522512000, 3)
,(335, 1538841600, 2)
,(335, 1554566400, 3)
,(335, 1570291200, 2)
,(335, 1586016000, 3)
,(335, 1601740800, 2)
,(335, 1617465600, 3)
,(335, 1633190400, 2)
,(335, 1648915200, 3)
,(335, 1664640000, 2)
,(335, 1680364800, 3)
,(335, 1696089600, 2)
,(335, 1712419200, 3)
,(335, 1728144000, 2)
,(335, 1743868800, 3)
,(335, 1759593600, 2)
,(335, 1775318400, 3)
,(335, 1791043200, 2)
,(335, 1806768000, 3)
,(335, 1822492800, 2)
,(335, 1838217600, 3)
,(335, 1853942400, 2)
,(335, 1869667200, 3)
,(335, 1885996800, 2)
,(335, 1901721600, 3)
,(335, 1917446400, 2)
,(335, 1933171200, 3)
,(335, 1948896000, 2)
,(335, 1964620800, 3)
,(335, 1980345600, 2)
,(335, 1996070400, 3)
,(335, 2011795200, 2)
,(335, 2027520000, 3)
,(335, 2043244800, 2)
,(335, 2058969600, 3)
,(335, 2075299200, 2)
,(335, 2091024000, 3)
,(335, 2106748800, 2)
,(335, 2122473600, 3)
,(335, 2138198400, 2)
;
INSERT INTO  oceanbase.__all_tenant_time_zone_transition_type (Time_zone_id, Transition_type_id, Offset, Is_DST, Abbreviation) VALUES
 (335, 0, 39600, 1, 'EST')
,(335, 1, 36000, 0, 'EST')
,(335, 2, 39600, 1, 'EST')
,(335, 3, 36000, 0, 'EST')
;
INSERT INTO oceanbase.__all_tenant_time_zone (Time_zone_id, Use_leap_seconds) VALUES (336, 'N');
INSERT INTO  oceanbase.__all_tenant_time_zone_name (Name, Time_zone_id) VALUES ('Australia/Currie', 336);
INSERT INTO  oceanbase.__all_tenant_time_zone_transition (Time_zone_id, Transition_time, Transition_type_id) VALUES
 (336, -1680508800, 1)
,(336, -1665392400, 0)
,(336, -883641600, 1)
,(336, -876128400, 0)
,(336, -860400000, 1)
,(336, -844678800, 0)
,(336, -828345600, 1)
,(336, -813229200, 0)
,(336, 57686400, 2)
,(336, 67968000, 3)
,(336, 89136000, 2)
,(336, 100022400, 3)
,(336, 120585600, 2)
,(336, 131472000, 3)
,(336, 152035200, 2)
,(336, 162921600, 3)
,(336, 183484800, 2)
,(336, 194976000, 3)
,(336, 215539200, 2)
,(336, 226425600, 3)
,(336, 246988800, 2)
,(336, 257875200, 3)
,(336, 278438400, 2)
,(336, 289324800, 3)
,(336, 309888000, 2)
,(336, 320774400, 3)
,(336, 341337600, 2)
,(336, 352224000, 3)
,(336, 372787200, 2)
,(336, 386092800, 3)
,(336, 404841600, 2)
,(336, 417542400, 3)
,(336, 436291200, 2)
,(336, 447177600, 3)
,(336, 467740800, 2)
,(336, 478627200, 3)
,(336, 499190400, 2)
,(336, 510076800, 3)
,(336, 530035200, 2)
,(336, 542736000, 3)
,(336, 562089600, 2)
,(336, 574790400, 3)
,(336, 594144000, 2)
,(336, 606240000, 3)
,(336, 625593600, 2)
,(336, 637689600, 3)
,(336, 657043200, 2)
,(336, 670348800, 3)
,(336, 686678400, 2)
,(336, 701798400, 3)
,(336, 718128000, 2)
,(336, 733248000, 3)
,(336, 749577600, 2)
,(336, 764697600, 3)
,(336, 781027200, 2)
,(336, 796147200, 3)
,(336, 812476800, 2)
,(336, 828201600, 3)
,(336, 844531200, 2)
,(336, 859651200, 3)
,(336, 875980800, 2)
,(336, 891100800, 3)
,(336, 907430400, 2)
,(336, 922550400, 3)
,(336, 938880000, 2)
,(336, 954000000, 3)
,(336, 967305600, 2)
,(336, 985449600, 3)
,(336, 1002384000, 2)
,(336, 1017504000, 3)
,(336, 1033833600, 2)
,(336, 1048953600, 3)
,(336, 1065283200, 2)
,(336, 1080403200, 3)
,(336, 1096732800, 2)
,(336, 1111852800, 3)
,(336, 1128182400, 2)
,(336, 1143907200, 3)
,(336, 1159632000, 2)
,(336, 1174752000, 3)
,(336, 1191686400, 2)
,(336, 1207411200, 3)
,(336, 1223136000, 2)
,(336, 1238860800, 3)
,(336, 1254585600, 2)
,(336, 1270310400, 3)
,(336, 1286035200, 2)
,(336, 1301760000, 3)
,(336, 1317484800, 2)
,(336, 1333209600, 3)
,(336, 1349539200, 2)
,(336, 1365264000, 3)
,(336, 1380988800, 2)
,(336, 1396713600, 3)
,(336, 1412438400, 2)
,(336, 1428163200, 3)
,(336, 1443888000, 2)
,(336, 1459612800, 3)
,(336, 1475337600, 2)
,(336, 1491062400, 3)
,(336, 1506787200, 2)
,(336, 1522512000, 3)
,(336, 1538841600, 2)
,(336, 1554566400, 3)
,(336, 1570291200, 2)
,(336, 1586016000, 3)
,(336, 1601740800, 2)
,(336, 1617465600, 3)
,(336, 1633190400, 2)
,(336, 1648915200, 3)
,(336, 1664640000, 2)
,(336, 1680364800, 3)
,(336, 1696089600, 2)
,(336, 1712419200, 3)
,(336, 1728144000, 2)
,(336, 1743868800, 3)
,(336, 1759593600, 2)
,(336, 1775318400, 3)
,(336, 1791043200, 2)
,(336, 1806768000, 3)
,(336, 1822492800, 2)
,(336, 1838217600, 3)
,(336, 1853942400, 2)
,(336, 1869667200, 3)
,(336, 1885996800, 2)
,(336, 1901721600, 3)
,(336, 1917446400, 2)
,(336, 1933171200, 3)
,(336, 1948896000, 2)
,(336, 1964620800, 3)
,(336, 1980345600, 2)
,(336, 1996070400, 3)
,(336, 2011795200, 2)
,(336, 2027520000, 3)
,(336, 2043244800, 2)
,(336, 2058969600, 3)
,(336, 2075299200, 2)
,(336, 2091024000, 3)
,(336, 2106748800, 2)
,(336, 2122473600, 3)
,(336, 2138198400, 2)
;
INSERT INTO  oceanbase.__all_tenant_time_zone_transition_type (Time_zone_id, Transition_type_id, Offset, Is_DST, Abbreviation) VALUES
 (336, 0, 36000, 0, 'EST')
,(336, 1, 39600, 1, 'EST')
,(336, 2, 39600, 1, 'EST')
,(336, 3, 36000, 0, 'EST')
;
INSERT INTO oceanbase.__all_tenant_time_zone (Time_zone_id, Use_leap_seconds) VALUES (337, 'N');
INSERT INTO  oceanbase.__all_tenant_time_zone_name (Name, Time_zone_id) VALUES ('Australia/Darwin', 337);
INSERT INTO  oceanbase.__all_tenant_time_zone_transition (Time_zone_id, Transition_time, Transition_type_id) VALUES
 (337, -1672565340, 0)
,(337, -1665390600, 1)
,(337, -883639800, 0)
,(337, -876126600, 1)
,(337, -860398200, 0)
,(337, -844677000, 1)
,(337, -828343800, 0)
,(337, -813227400, 1)
;
INSERT INTO  oceanbase.__all_tenant_time_zone_transition_type (Time_zone_id, Transition_type_id, Offset, Is_DST, Abbreviation) VALUES
 (337, 0, 37800, 1, 'CST')
,(337, 1, 34200, 0, 'CST')
;
INSERT INTO oceanbase.__all_tenant_time_zone (Time_zone_id, Use_leap_seconds) VALUES (338, 'N');
INSERT INTO  oceanbase.__all_tenant_time_zone_name (Name, Time_zone_id) VALUES ('Australia/Eucla', 338);
INSERT INTO  oceanbase.__all_tenant_time_zone_transition (Time_zone_id, Transition_time, Transition_type_id) VALUES
 (338, -1672562640, 0)
,(338, -1665387900, 1)
,(338, -883637100, 0)
,(338, -876123900, 1)
,(338, -860395500, 0)
,(338, -844674300, 1)
,(338, 152039700, 2)
,(338, 162926100, 3)
,(338, 436295700, 2)
,(338, 447182100, 3)
,(338, 690311700, 2)
,(338, 699383700, 3)
,(338, 1165079700, 2)
,(338, 1174756500, 3)
,(338, 1193505300, 2)
,(338, 1206810900, 3)
,(338, 1224954900, 2)
,(338, 1238260500, 3)
;
INSERT INTO  oceanbase.__all_tenant_time_zone_transition_type (Time_zone_id, Transition_type_id, Offset, Is_DST, Abbreviation) VALUES
 (338, 0, 35100, 1, 'CWST')
,(338, 1, 31500, 0, 'CWST')
,(338, 2, 35100, 1, 'CWST')
,(338, 3, 31500, 0, 'CWST')
;
INSERT INTO oceanbase.__all_tenant_time_zone (Time_zone_id, Use_leap_seconds) VALUES (339, 'N');
INSERT INTO  oceanbase.__all_tenant_time_zone_name (Name, Time_zone_id) VALUES ('Australia/Hobart', 339);
INSERT INTO  oceanbase.__all_tenant_time_zone_transition (Time_zone_id, Transition_time, Transition_type_id) VALUES
 (339, -1680508800, 1)
,(339, -1665392400, 0)
,(339, -883641600, 1)
,(339, -876128400, 0)
,(339, -860400000, 1)
,(339, -844678800, 0)
,(339, -828345600, 1)
,(339, -813229200, 0)
,(339, -71136000, 2)
,(339, -55411200, 3)
,(339, -37267200, 2)
,(339, -25776000, 3)
,(339, -5817600, 2)
,(339, 5673600, 3)
,(339, 25632000, 2)
,(339, 37728000, 3)
,(339, 57686400, 2)
,(339, 67968000, 3)
,(339, 89136000, 2)
,(339, 100022400, 3)
,(339, 120585600, 2)
,(339, 131472000, 3)
,(339, 152035200, 2)
,(339, 162921600, 3)
,(339, 183484800, 2)
,(339, 194976000, 3)
,(339, 215539200, 2)
,(339, 226425600, 3)
,(339, 246988800, 2)
,(339, 257875200, 3)
,(339, 278438400, 2)
,(339, 289324800, 3)
,(339, 309888000, 2)
,(339, 320774400, 3)
,(339, 341337600, 2)
,(339, 352224000, 3)
,(339, 372787200, 2)
,(339, 386092800, 3)
,(339, 404841600, 2)
,(339, 417542400, 3)
,(339, 436291200, 2)
,(339, 447177600, 3)
,(339, 467740800, 2)
,(339, 478627200, 3)
,(339, 499190400, 2)
,(339, 510076800, 3)
,(339, 530035200, 2)
,(339, 542736000, 3)
,(339, 562089600, 2)
,(339, 574790400, 3)
,(339, 594144000, 2)
,(339, 606240000, 3)
,(339, 625593600, 2)
,(339, 637689600, 3)
,(339, 657043200, 2)
,(339, 670348800, 3)
,(339, 686678400, 2)
,(339, 701798400, 3)
,(339, 718128000, 2)
,(339, 733248000, 3)
,(339, 749577600, 2)
,(339, 764697600, 3)
,(339, 781027200, 2)
,(339, 796147200, 3)
,(339, 812476800, 2)
,(339, 828201600, 3)
,(339, 844531200, 2)
,(339, 859651200, 3)
,(339, 875980800, 2)
,(339, 891100800, 3)
,(339, 907430400, 2)
,(339, 922550400, 3)
,(339, 938880000, 2)
,(339, 954000000, 3)
,(339, 967305600, 2)
,(339, 985449600, 3)
,(339, 1002384000, 2)
,(339, 1017504000, 3)
,(339, 1033833600, 2)
,(339, 1048953600, 3)
,(339, 1065283200, 2)
,(339, 1080403200, 3)
,(339, 1096732800, 2)
,(339, 1111852800, 3)
,(339, 1128182400, 2)
,(339, 1143907200, 3)
,(339, 1159632000, 2)
,(339, 1174752000, 3)
,(339, 1191686400, 2)
,(339, 1207411200, 3)
,(339, 1223136000, 2)
,(339, 1238860800, 3)
,(339, 1254585600, 2)
,(339, 1270310400, 3)
,(339, 1286035200, 2)
,(339, 1301760000, 3)
,(339, 1317484800, 2)
,(339, 1333209600, 3)
,(339, 1349539200, 2)
,(339, 1365264000, 3)
,(339, 1380988800, 2)
,(339, 1396713600, 3)
,(339, 1412438400, 2)
,(339, 1428163200, 3)
,(339, 1443888000, 2)
,(339, 1459612800, 3)
,(339, 1475337600, 2)
,(339, 1491062400, 3)
,(339, 1506787200, 2)
,(339, 1522512000, 3)
,(339, 1538841600, 2)
,(339, 1554566400, 3)
,(339, 1570291200, 2)
,(339, 1586016000, 3)
,(339, 1601740800, 2)
,(339, 1617465600, 3)
,(339, 1633190400, 2)
,(339, 1648915200, 3)
,(339, 1664640000, 2)
,(339, 1680364800, 3)
,(339, 1696089600, 2)
,(339, 1712419200, 3)
,(339, 1728144000, 2)
,(339, 1743868800, 3)
,(339, 1759593600, 2)
,(339, 1775318400, 3)
,(339, 1791043200, 2)
,(339, 1806768000, 3)
,(339, 1822492800, 2)
,(339, 1838217600, 3)
,(339, 1853942400, 2)
,(339, 1869667200, 3)
,(339, 1885996800, 2)
,(339, 1901721600, 3)
,(339, 1917446400, 2)
,(339, 1933171200, 3)
,(339, 1948896000, 2)
,(339, 1964620800, 3)
,(339, 1980345600, 2)
,(339, 1996070400, 3)
,(339, 2011795200, 2)
,(339, 2027520000, 3)
,(339, 2043244800, 2)
,(339, 2058969600, 3)
,(339, 2075299200, 2)
,(339, 2091024000, 3)
,(339, 2106748800, 2)
,(339, 2122473600, 3)
,(339, 2138198400, 2)
;
INSERT INTO  oceanbase.__all_tenant_time_zone_transition_type (Time_zone_id, Transition_type_id, Offset, Is_DST, Abbreviation) VALUES
 (339, 0, 36000, 0, 'EST')
,(339, 1, 39600, 1, 'EST')
,(339, 2, 39600, 1, 'EST')
,(339, 3, 36000, 0, 'EST')
;
INSERT INTO oceanbase.__all_tenant_time_zone (Time_zone_id, Use_leap_seconds) VALUES (340, 'N');
INSERT INTO  oceanbase.__all_tenant_time_zone_name (Name, Time_zone_id) VALUES ('Australia/LHI', 340);
INSERT INTO  oceanbase.__all_tenant_time_zone_transition (Time_zone_id, Transition_time, Transition_type_id) VALUES
 (340, 352216800, 2)
,(340, 372785400, 1)
,(340, 384273000, 2)
,(340, 404839800, 1)
,(340, 415722600, 2)
,(340, 436289400, 1)
,(340, 447172200, 2)
,(340, 467739000, 1)
,(340, 478621800, 2)
,(340, 499188600, 3)
,(340, 511282800, 2)
,(340, 530033400, 3)
,(340, 542732400, 2)
,(340, 562087800, 3)
,(340, 574786800, 2)
,(340, 594142200, 3)
,(340, 606236400, 2)
,(340, 625591800, 3)
,(340, 636476400, 2)
,(340, 657041400, 3)
,(340, 667926000, 2)
,(340, 688491000, 3)
,(340, 699375600, 2)
,(340, 719940600, 3)
,(340, 731430000, 2)
,(340, 751995000, 3)
,(340, 762879600, 2)
,(340, 783444600, 3)
,(340, 794329200, 2)
,(340, 814894200, 3)
,(340, 828198000, 2)
,(340, 846343800, 3)
,(340, 859647600, 2)
,(340, 877793400, 3)
,(340, 891097200, 2)
,(340, 909243000, 3)
,(340, 922546800, 2)
,(340, 941297400, 3)
,(340, 953996400, 2)
,(340, 967303800, 3)
,(340, 985446000, 2)
,(340, 1004196600, 3)
,(340, 1017500400, 2)
,(340, 1035646200, 3)
,(340, 1048950000, 2)
,(340, 1067095800, 3)
,(340, 1080399600, 2)
,(340, 1099150200, 3)
,(340, 1111849200, 2)
,(340, 1130599800, 3)
,(340, 1143903600, 2)
,(340, 1162049400, 3)
,(340, 1174748400, 2)
,(340, 1193499000, 3)
,(340, 1207407600, 2)
,(340, 1223134200, 3)
,(340, 1238857200, 2)
,(340, 1254583800, 3)
,(340, 1270306800, 2)
,(340, 1286033400, 3)
,(340, 1301756400, 2)
,(340, 1317483000, 3)
,(340, 1333206000, 2)
,(340, 1349537400, 3)
,(340, 1365260400, 2)
,(340, 1380987000, 3)
,(340, 1396710000, 2)
,(340, 1412436600, 3)
,(340, 1428159600, 2)
,(340, 1443886200, 3)
,(340, 1459609200, 2)
,(340, 1475335800, 3)
,(340, 1491058800, 2)
,(340, 1506785400, 3)
,(340, 1522508400, 2)
,(340, 1538839800, 3)
,(340, 1554562800, 2)
,(340, 1570289400, 3)
,(340, 1586012400, 2)
,(340, 1601739000, 3)
,(340, 1617462000, 2)
,(340, 1633188600, 3)
,(340, 1648911600, 2)
,(340, 1664638200, 3)
,(340, 1680361200, 2)
,(340, 1696087800, 3)
,(340, 1712415600, 2)
,(340, 1728142200, 3)
,(340, 1743865200, 2)
,(340, 1759591800, 3)
,(340, 1775314800, 2)
,(340, 1791041400, 3)
,(340, 1806764400, 2)
,(340, 1822491000, 3)
,(340, 1838214000, 2)
,(340, 1853940600, 3)
,(340, 1869663600, 2)
,(340, 1885995000, 3)
,(340, 1901718000, 2)
,(340, 1917444600, 3)
,(340, 1933167600, 2)
,(340, 1948894200, 3)
,(340, 1964617200, 2)
,(340, 1980343800, 3)
,(340, 1996066800, 2)
,(340, 2011793400, 3)
,(340, 2027516400, 2)
,(340, 2043243000, 3)
,(340, 2058966000, 2)
,(340, 2075297400, 3)
,(340, 2091020400, 2)
,(340, 2106747000, 3)
,(340, 2122470000, 2)
,(340, 2138196600, 3)
;
INSERT INTO  oceanbase.__all_tenant_time_zone_transition_type (Time_zone_id, Transition_type_id, Offset, Is_DST, Abbreviation) VALUES
 (340, 0, 36000, 0, 'EST')
,(340, 1, 41400, 1, 'LHST')
,(340, 2, 37800, 0, 'LHST')
,(340, 3, 39600, 1, 'LHST')
;
INSERT INTO oceanbase.__all_tenant_time_zone (Time_zone_id, Use_leap_seconds) VALUES (341, 'N');
INSERT INTO  oceanbase.__all_tenant_time_zone_name (Name, Time_zone_id) VALUES ('Australia/Lindeman', 341);
INSERT INTO  oceanbase.__all_tenant_time_zone_transition (Time_zone_id, Transition_time, Transition_type_id) VALUES
 (341, -1672567140, 0)
,(341, -1665392400, 1)
,(341, -883641600, 0)
,(341, -876128400, 1)
,(341, -860400000, 0)
,(341, -844678800, 1)
,(341, -828345600, 0)
,(341, -813229200, 1)
,(341, 57686400, 2)
,(341, 67968000, 3)
,(341, 625593600, 2)
,(341, 636480000, 3)
,(341, 657043200, 2)
,(341, 667929600, 3)
,(341, 688492800, 2)
,(341, 699379200, 3)
,(341, 709912800, 1)
,(341, 719942400, 2)
,(341, 731433600, 3)
,(341, 751996800, 2)
,(341, 762883200, 3)
;
INSERT INTO  oceanbase.__all_tenant_time_zone_transition_type (Time_zone_id, Transition_type_id, Offset, Is_DST, Abbreviation) VALUES
 (341, 0, 39600, 1, 'EST')
,(341, 1, 36000, 0, 'EST')
,(341, 2, 39600, 1, 'EST')
,(341, 3, 36000, 0, 'EST')
;
INSERT INTO oceanbase.__all_tenant_time_zone (Time_zone_id, Use_leap_seconds) VALUES (342, 'N');
INSERT INTO  oceanbase.__all_tenant_time_zone_name (Name, Time_zone_id) VALUES ('Australia/Lord_Howe', 342);
INSERT INTO  oceanbase.__all_tenant_time_zone_transition (Time_zone_id, Transition_time, Transition_type_id) VALUES
 (342, 352216800, 2)
,(342, 372785400, 1)
,(342, 384273000, 2)
,(342, 404839800, 1)
,(342, 415722600, 2)
,(342, 436289400, 1)
,(342, 447172200, 2)
,(342, 467739000, 1)
,(342, 478621800, 2)
,(342, 499188600, 3)
,(342, 511282800, 2)
,(342, 530033400, 3)
,(342, 542732400, 2)
,(342, 562087800, 3)
,(342, 574786800, 2)
,(342, 594142200, 3)
,(342, 606236400, 2)
,(342, 625591800, 3)
,(342, 636476400, 2)
,(342, 657041400, 3)
,(342, 667926000, 2)
,(342, 688491000, 3)
,(342, 699375600, 2)
,(342, 719940600, 3)
,(342, 731430000, 2)
,(342, 751995000, 3)
,(342, 762879600, 2)
,(342, 783444600, 3)
,(342, 794329200, 2)
,(342, 814894200, 3)
,(342, 828198000, 2)
,(342, 846343800, 3)
,(342, 859647600, 2)
,(342, 877793400, 3)
,(342, 891097200, 2)
,(342, 909243000, 3)
,(342, 922546800, 2)
,(342, 941297400, 3)
,(342, 953996400, 2)
,(342, 967303800, 3)
,(342, 985446000, 2)
,(342, 1004196600, 3)
,(342, 1017500400, 2)
,(342, 1035646200, 3)
,(342, 1048950000, 2)
,(342, 1067095800, 3)
,(342, 1080399600, 2)
,(342, 1099150200, 3)
,(342, 1111849200, 2)
,(342, 1130599800, 3)
,(342, 1143903600, 2)
,(342, 1162049400, 3)
,(342, 1174748400, 2)
,(342, 1193499000, 3)
,(342, 1207407600, 2)
,(342, 1223134200, 3)
,(342, 1238857200, 2)
,(342, 1254583800, 3)
,(342, 1270306800, 2)
,(342, 1286033400, 3)
,(342, 1301756400, 2)
,(342, 1317483000, 3)
,(342, 1333206000, 2)
,(342, 1349537400, 3)
,(342, 1365260400, 2)
,(342, 1380987000, 3)
,(342, 1396710000, 2)
,(342, 1412436600, 3)
,(342, 1428159600, 2)
,(342, 1443886200, 3)
,(342, 1459609200, 2)
,(342, 1475335800, 3)
,(342, 1491058800, 2)
,(342, 1506785400, 3)
,(342, 1522508400, 2)
,(342, 1538839800, 3)
,(342, 1554562800, 2)
,(342, 1570289400, 3)
,(342, 1586012400, 2)
,(342, 1601739000, 3)
,(342, 1617462000, 2)
,(342, 1633188600, 3)
,(342, 1648911600, 2)
,(342, 1664638200, 3)
,(342, 1680361200, 2)
,(342, 1696087800, 3)
,(342, 1712415600, 2)
,(342, 1728142200, 3)
,(342, 1743865200, 2)
,(342, 1759591800, 3)
,(342, 1775314800, 2)
,(342, 1791041400, 3)
,(342, 1806764400, 2)
,(342, 1822491000, 3)
,(342, 1838214000, 2)
,(342, 1853940600, 3)
,(342, 1869663600, 2)
,(342, 1885995000, 3)
,(342, 1901718000, 2)
,(342, 1917444600, 3)
,(342, 1933167600, 2)
,(342, 1948894200, 3)
,(342, 1964617200, 2)
,(342, 1980343800, 3)
,(342, 1996066800, 2)
,(342, 2011793400, 3)
,(342, 2027516400, 2)
,(342, 2043243000, 3)
,(342, 2058966000, 2)
,(342, 2075297400, 3)
,(342, 2091020400, 2)
,(342, 2106747000, 3)
,(342, 2122470000, 2)
,(342, 2138196600, 3)
;
INSERT INTO  oceanbase.__all_tenant_time_zone_transition_type (Time_zone_id, Transition_type_id, Offset, Is_DST, Abbreviation) VALUES
 (342, 0, 36000, 0, 'EST')
,(342, 1, 41400, 1, 'LHST')
,(342, 2, 37800, 0, 'LHST')
,(342, 3, 39600, 1, 'LHST')
;
INSERT INTO oceanbase.__all_tenant_time_zone (Time_zone_id, Use_leap_seconds) VALUES (343, 'N');
INSERT INTO  oceanbase.__all_tenant_time_zone_name (Name, Time_zone_id) VALUES ('Australia/Melbourne', 343);
INSERT INTO  oceanbase.__all_tenant_time_zone_transition (Time_zone_id, Transition_time, Transition_type_id) VALUES
 (343, -1672567140, 0)
,(343, -1665392400, 1)
,(343, -883641600, 0)
,(343, -876128400, 1)
,(343, -860400000, 0)
,(343, -844678800, 1)
,(343, -828345600, 0)
,(343, -813229200, 1)
,(343, 57686400, 2)
,(343, 67968000, 3)
,(343, 89136000, 2)
,(343, 100022400, 3)
,(343, 120585600, 2)
,(343, 131472000, 3)
,(343, 152035200, 2)
,(343, 162921600, 3)
,(343, 183484800, 2)
,(343, 194976000, 3)
,(343, 215539200, 2)
,(343, 226425600, 3)
,(343, 246988800, 2)
,(343, 257875200, 3)
,(343, 278438400, 2)
,(343, 289324800, 3)
,(343, 309888000, 2)
,(343, 320774400, 3)
,(343, 341337600, 2)
,(343, 352224000, 3)
,(343, 372787200, 2)
,(343, 384278400, 3)
,(343, 404841600, 2)
,(343, 415728000, 3)
,(343, 436291200, 2)
,(343, 447177600, 3)
,(343, 467740800, 2)
,(343, 478627200, 3)
,(343, 499190400, 2)
,(343, 511286400, 3)
,(343, 530035200, 2)
,(343, 542736000, 3)
,(343, 561484800, 2)
,(343, 574790400, 3)
,(343, 594144000, 2)
,(343, 606240000, 3)
,(343, 625593600, 2)
,(343, 637689600, 3)
,(343, 657043200, 2)
,(343, 667929600, 3)
,(343, 688492800, 2)
,(343, 699379200, 3)
,(343, 719942400, 2)
,(343, 731433600, 3)
,(343, 751996800, 2)
,(343, 762883200, 3)
,(343, 783446400, 2)
,(343, 796147200, 3)
,(343, 814896000, 2)
,(343, 828201600, 3)
,(343, 846345600, 2)
,(343, 859651200, 3)
,(343, 877795200, 2)
,(343, 891100800, 3)
,(343, 909244800, 2)
,(343, 922550400, 3)
,(343, 941299200, 2)
,(343, 954000000, 3)
,(343, 967305600, 2)
,(343, 985449600, 3)
,(343, 1004198400, 2)
,(343, 1017504000, 3)
,(343, 1035648000, 2)
,(343, 1048953600, 3)
,(343, 1067097600, 2)
,(343, 1080403200, 3)
,(343, 1099152000, 2)
,(343, 1111852800, 3)
,(343, 1130601600, 2)
,(343, 1143907200, 3)
,(343, 1162051200, 2)
,(343, 1174752000, 3)
,(343, 1193500800, 2)
,(343, 1207411200, 3)
,(343, 1223136000, 2)
,(343, 1238860800, 3)
,(343, 1254585600, 2)
,(343, 1270310400, 3)
,(343, 1286035200, 2)
,(343, 1301760000, 3)
,(343, 1317484800, 2)
,(343, 1333209600, 3)
,(343, 1349539200, 2)
,(343, 1365264000, 3)
,(343, 1380988800, 2)
,(343, 1396713600, 3)
,(343, 1412438400, 2)
,(343, 1428163200, 3)
,(343, 1443888000, 2)
,(343, 1459612800, 3)
,(343, 1475337600, 2)
,(343, 1491062400, 3)
,(343, 1506787200, 2)
,(343, 1522512000, 3)
,(343, 1538841600, 2)
,(343, 1554566400, 3)
,(343, 1570291200, 2)
,(343, 1586016000, 3)
,(343, 1601740800, 2)
,(343, 1617465600, 3)
,(343, 1633190400, 2)
,(343, 1648915200, 3)
,(343, 1664640000, 2)
,(343, 1680364800, 3)
,(343, 1696089600, 2)
,(343, 1712419200, 3)
,(343, 1728144000, 2)
,(343, 1743868800, 3)
,(343, 1759593600, 2)
,(343, 1775318400, 3)
,(343, 1791043200, 2)
,(343, 1806768000, 3)
,(343, 1822492800, 2)
,(343, 1838217600, 3)
,(343, 1853942400, 2)
,(343, 1869667200, 3)
,(343, 1885996800, 2)
,(343, 1901721600, 3)
,(343, 1917446400, 2)
,(343, 1933171200, 3)
,(343, 1948896000, 2)
,(343, 1964620800, 3)
,(343, 1980345600, 2)
,(343, 1996070400, 3)
,(343, 2011795200, 2)
,(343, 2027520000, 3)
,(343, 2043244800, 2)
,(343, 2058969600, 3)
,(343, 2075299200, 2)
,(343, 2091024000, 3)
,(343, 2106748800, 2)
,(343, 2122473600, 3)
,(343, 2138198400, 2)
;
INSERT INTO  oceanbase.__all_tenant_time_zone_transition_type (Time_zone_id, Transition_type_id, Offset, Is_DST, Abbreviation) VALUES
 (343, 0, 39600, 1, 'EST')
,(343, 1, 36000, 0, 'EST')
,(343, 2, 39600, 1, 'EST')
,(343, 3, 36000, 0, 'EST')
;
INSERT INTO oceanbase.__all_tenant_time_zone (Time_zone_id, Use_leap_seconds) VALUES (344, 'N');
INSERT INTO  oceanbase.__all_tenant_time_zone_name (Name, Time_zone_id) VALUES ('Australia/NSW', 344);
INSERT INTO  oceanbase.__all_tenant_time_zone_transition (Time_zone_id, Transition_time, Transition_type_id) VALUES
 (344, -1672567140, 0)
,(344, -1665392400, 1)
,(344, -883641600, 0)
,(344, -876128400, 1)
,(344, -860400000, 0)
,(344, -844678800, 1)
,(344, -828345600, 0)
,(344, -813229200, 1)
,(344, 57686400, 2)
,(344, 67968000, 3)
,(344, 89136000, 2)
,(344, 100022400, 3)
,(344, 120585600, 2)
,(344, 131472000, 3)
,(344, 152035200, 2)
,(344, 162921600, 3)
,(344, 183484800, 2)
,(344, 194976000, 3)
,(344, 215539200, 2)
,(344, 226425600, 3)
,(344, 246988800, 2)
,(344, 257875200, 3)
,(344, 278438400, 2)
,(344, 289324800, 3)
,(344, 309888000, 2)
,(344, 320774400, 3)
,(344, 341337600, 2)
,(344, 352224000, 3)
,(344, 372787200, 2)
,(344, 386697600, 3)
,(344, 404841600, 2)
,(344, 415728000, 3)
,(344, 436291200, 2)
,(344, 447177600, 3)
,(344, 467740800, 2)
,(344, 478627200, 3)
,(344, 499190400, 2)
,(344, 511286400, 3)
,(344, 530035200, 2)
,(344, 542736000, 3)
,(344, 562089600, 2)
,(344, 574790400, 3)
,(344, 594144000, 2)
,(344, 606240000, 3)
,(344, 625593600, 2)
,(344, 636480000, 3)
,(344, 657043200, 2)
,(344, 667929600, 3)
,(344, 688492800, 2)
,(344, 699379200, 3)
,(344, 719942400, 2)
,(344, 731433600, 3)
,(344, 751996800, 2)
,(344, 762883200, 3)
,(344, 783446400, 2)
,(344, 794332800, 3)
,(344, 814896000, 2)
,(344, 828201600, 3)
,(344, 846345600, 2)
,(344, 859651200, 3)
,(344, 877795200, 2)
,(344, 891100800, 3)
,(344, 909244800, 2)
,(344, 922550400, 3)
,(344, 941299200, 2)
,(344, 954000000, 3)
,(344, 967305600, 2)
,(344, 985449600, 3)
,(344, 1004198400, 2)
,(344, 1017504000, 3)
,(344, 1035648000, 2)
,(344, 1048953600, 3)
,(344, 1067097600, 2)
,(344, 1080403200, 3)
,(344, 1099152000, 2)
,(344, 1111852800, 3)
,(344, 1130601600, 2)
,(344, 1143907200, 3)
,(344, 1162051200, 2)
,(344, 1174752000, 3)
,(344, 1193500800, 2)
,(344, 1207411200, 3)
,(344, 1223136000, 2)
,(344, 1238860800, 3)
,(344, 1254585600, 2)
,(344, 1270310400, 3)
,(344, 1286035200, 2)
,(344, 1301760000, 3)
,(344, 1317484800, 2)
,(344, 1333209600, 3)
,(344, 1349539200, 2)
,(344, 1365264000, 3)
,(344, 1380988800, 2)
,(344, 1396713600, 3)
,(344, 1412438400, 2)
,(344, 1428163200, 3)
,(344, 1443888000, 2)
,(344, 1459612800, 3)
,(344, 1475337600, 2)
,(344, 1491062400, 3)
,(344, 1506787200, 2)
,(344, 1522512000, 3)
,(344, 1538841600, 2)
,(344, 1554566400, 3)
,(344, 1570291200, 2)
,(344, 1586016000, 3)
,(344, 1601740800, 2)
,(344, 1617465600, 3)
,(344, 1633190400, 2)
,(344, 1648915200, 3)
,(344, 1664640000, 2)
,(344, 1680364800, 3)
,(344, 1696089600, 2)
,(344, 1712419200, 3)
,(344, 1728144000, 2)
,(344, 1743868800, 3)
,(344, 1759593600, 2)
,(344, 1775318400, 3)
,(344, 1791043200, 2)
,(344, 1806768000, 3)
,(344, 1822492800, 2)
,(344, 1838217600, 3)
,(344, 1853942400, 2)
,(344, 1869667200, 3)
,(344, 1885996800, 2)
,(344, 1901721600, 3)
,(344, 1917446400, 2)
,(344, 1933171200, 3)
,(344, 1948896000, 2)
,(344, 1964620800, 3)
,(344, 1980345600, 2)
,(344, 1996070400, 3)
,(344, 2011795200, 2)
,(344, 2027520000, 3)
,(344, 2043244800, 2)
,(344, 2058969600, 3)
,(344, 2075299200, 2)
,(344, 2091024000, 3)
,(344, 2106748800, 2)
,(344, 2122473600, 3)
,(344, 2138198400, 2)
;
INSERT INTO  oceanbase.__all_tenant_time_zone_transition_type (Time_zone_id, Transition_type_id, Offset, Is_DST, Abbreviation) VALUES
 (344, 0, 39600, 1, 'EST')
,(344, 1, 36000, 0, 'EST')
,(344, 2, 39600, 1, 'EST')
,(344, 3, 36000, 0, 'EST')
;
INSERT INTO oceanbase.__all_tenant_time_zone (Time_zone_id, Use_leap_seconds) VALUES (345, 'N');
INSERT INTO  oceanbase.__all_tenant_time_zone_name (Name, Time_zone_id) VALUES ('Australia/North', 345);
INSERT INTO  oceanbase.__all_tenant_time_zone_transition (Time_zone_id, Transition_time, Transition_type_id) VALUES
 (345, -1672565340, 0)
,(345, -1665390600, 1)
,(345, -883639800, 0)
,(345, -876126600, 1)
,(345, -860398200, 0)
,(345, -844677000, 1)
,(345, -828343800, 0)
,(345, -813227400, 1)
;
INSERT INTO  oceanbase.__all_tenant_time_zone_transition_type (Time_zone_id, Transition_type_id, Offset, Is_DST, Abbreviation) VALUES
 (345, 0, 37800, 1, 'CST')
,(345, 1, 34200, 0, 'CST')
;
INSERT INTO oceanbase.__all_tenant_time_zone (Time_zone_id, Use_leap_seconds) VALUES (346, 'N');
INSERT INTO  oceanbase.__all_tenant_time_zone_name (Name, Time_zone_id) VALUES ('Australia/Perth', 346);
INSERT INTO  oceanbase.__all_tenant_time_zone_transition (Time_zone_id, Transition_time, Transition_type_id) VALUES
 (346, -1672559940, 0)
,(346, -1665385200, 1)
,(346, -883634400, 0)
,(346, -876121200, 1)
,(346, -860392800, 0)
,(346, -844671600, 1)
,(346, 152042400, 2)
,(346, 162928800, 3)
,(346, 436298400, 2)
,(346, 447184800, 3)
,(346, 690314400, 2)
,(346, 699386400, 3)
,(346, 1165082400, 2)
,(346, 1174759200, 3)
,(346, 1193508000, 2)
,(346, 1206813600, 3)
,(346, 1224957600, 2)
,(346, 1238263200, 3)
;
INSERT INTO  oceanbase.__all_tenant_time_zone_transition_type (Time_zone_id, Transition_type_id, Offset, Is_DST, Abbreviation) VALUES
 (346, 0, 32400, 1, 'WST')
,(346, 1, 28800, 0, 'WST')
,(346, 2, 32400, 1, 'WST')
,(346, 3, 28800, 0, 'WST')
;
INSERT INTO oceanbase.__all_tenant_time_zone (Time_zone_id, Use_leap_seconds) VALUES (347, 'N');
INSERT INTO  oceanbase.__all_tenant_time_zone_name (Name, Time_zone_id) VALUES ('Australia/Queensland', 347);
INSERT INTO  oceanbase.__all_tenant_time_zone_transition (Time_zone_id, Transition_time, Transition_type_id) VALUES
 (347, -1672567140, 0)
,(347, -1665392400, 1)
,(347, -883641600, 0)
,(347, -876128400, 1)
,(347, -860400000, 0)
,(347, -844678800, 1)
,(347, -828345600, 0)
,(347, -813229200, 1)
,(347, 57686400, 2)
,(347, 67968000, 3)
,(347, 625593600, 2)
,(347, 636480000, 3)
,(347, 657043200, 2)
,(347, 667929600, 3)
,(347, 688492800, 2)
,(347, 699379200, 3)
;
INSERT INTO  oceanbase.__all_tenant_time_zone_transition_type (Time_zone_id, Transition_type_id, Offset, Is_DST, Abbreviation) VALUES
 (347, 0, 39600, 1, 'EST')
,(347, 1, 36000, 0, 'EST')
,(347, 2, 39600, 1, 'EST')
,(347, 3, 36000, 0, 'EST')
;
INSERT INTO oceanbase.__all_tenant_time_zone (Time_zone_id, Use_leap_seconds) VALUES (348, 'N');
INSERT INTO  oceanbase.__all_tenant_time_zone_name (Name, Time_zone_id) VALUES ('Australia/South', 348);
INSERT INTO  oceanbase.__all_tenant_time_zone_transition (Time_zone_id, Transition_time, Transition_type_id) VALUES
 (348, -1672565340, 0)
,(348, -1665390600, 1)
,(348, -883639800, 0)
,(348, -876126600, 1)
,(348, -860398200, 0)
,(348, -844677000, 1)
,(348, -828343800, 0)
,(348, -813227400, 1)
,(348, 57688200, 2)
,(348, 67969800, 3)
,(348, 89137800, 2)
,(348, 100024200, 3)
,(348, 120587400, 2)
,(348, 131473800, 3)
,(348, 152037000, 2)
,(348, 162923400, 3)
,(348, 183486600, 2)
,(348, 194977800, 3)
,(348, 215541000, 2)
,(348, 226427400, 3)
,(348, 246990600, 2)
,(348, 257877000, 3)
,(348, 278440200, 2)
,(348, 289326600, 3)
,(348, 309889800, 2)
,(348, 320776200, 3)
,(348, 341339400, 2)
,(348, 352225800, 3)
,(348, 372789000, 2)
,(348, 384280200, 3)
,(348, 404843400, 2)
,(348, 415729800, 3)
,(348, 436293000, 2)
,(348, 447179400, 3)
,(348, 467742600, 2)
,(348, 478629000, 3)
,(348, 499192200, 2)
,(348, 511288200, 3)
,(348, 530037000, 2)
,(348, 542737800, 3)
,(348, 562091400, 2)
,(348, 574792200, 3)
,(348, 594145800, 2)
,(348, 606241800, 3)
,(348, 625595400, 2)
,(348, 637691400, 3)
,(348, 657045000, 2)
,(348, 667931400, 3)
,(348, 688494600, 2)
,(348, 701195400, 3)
,(348, 719944200, 2)
,(348, 731435400, 3)
,(348, 751998600, 2)
,(348, 764094600, 3)
,(348, 783448200, 2)
,(348, 796149000, 3)
,(348, 814897800, 2)
,(348, 828203400, 3)
,(348, 846347400, 2)
,(348, 859653000, 3)
,(348, 877797000, 2)
,(348, 891102600, 3)
,(348, 909246600, 2)
,(348, 922552200, 3)
,(348, 941301000, 2)
,(348, 954001800, 3)
,(348, 972750600, 2)
,(348, 985451400, 3)
,(348, 1004200200, 2)
,(348, 1017505800, 3)
,(348, 1035649800, 2)
,(348, 1048955400, 3)
,(348, 1067099400, 2)
,(348, 1080405000, 3)
,(348, 1099153800, 2)
,(348, 1111854600, 3)
,(348, 1130603400, 2)
,(348, 1143909000, 3)
,(348, 1162053000, 2)
,(348, 1174753800, 3)
,(348, 1193502600, 2)
,(348, 1207413000, 3)
,(348, 1223137800, 2)
,(348, 1238862600, 3)
,(348, 1254587400, 2)
,(348, 1270312200, 3)
,(348, 1286037000, 2)
,(348, 1301761800, 3)
,(348, 1317486600, 2)
,(348, 1333211400, 3)
,(348, 1349541000, 2)
,(348, 1365265800, 3)
,(348, 1380990600, 2)
,(348, 1396715400, 3)
,(348, 1412440200, 2)
,(348, 1428165000, 3)
,(348, 1443889800, 2)
,(348, 1459614600, 3)
,(348, 1475339400, 2)
,(348, 1491064200, 3)
,(348, 1506789000, 2)
,(348, 1522513800, 3)
,(348, 1538843400, 2)
,(348, 1554568200, 3)
,(348, 1570293000, 2)
,(348, 1586017800, 3)
,(348, 1601742600, 2)
,(348, 1617467400, 3)
,(348, 1633192200, 2)
,(348, 1648917000, 3)
,(348, 1664641800, 2)
,(348, 1680366600, 3)
,(348, 1696091400, 2)
,(348, 1712421000, 3)
,(348, 1728145800, 2)
,(348, 1743870600, 3)
,(348, 1759595400, 2)
,(348, 1775320200, 3)
,(348, 1791045000, 2)
,(348, 1806769800, 3)
,(348, 1822494600, 2)
,(348, 1838219400, 3)
,(348, 1853944200, 2)
,(348, 1869669000, 3)
,(348, 1885998600, 2)
,(348, 1901723400, 3)
,(348, 1917448200, 2)
,(348, 1933173000, 3)
,(348, 1948897800, 2)
,(348, 1964622600, 3)
,(348, 1980347400, 2)
,(348, 1996072200, 3)
,(348, 2011797000, 2)
,(348, 2027521800, 3)
,(348, 2043246600, 2)
,(348, 2058971400, 3)
,(348, 2075301000, 2)
,(348, 2091025800, 3)
,(348, 2106750600, 2)
,(348, 2122475400, 3)
,(348, 2138200200, 2)
;
INSERT INTO  oceanbase.__all_tenant_time_zone_transition_type (Time_zone_id, Transition_type_id, Offset, Is_DST, Abbreviation) VALUES
 (348, 0, 37800, 1, 'CST')
,(348, 1, 34200, 0, 'CST')
,(348, 2, 37800, 1, 'CST')
,(348, 3, 34200, 0, 'CST')
;
INSERT INTO oceanbase.__all_tenant_time_zone (Time_zone_id, Use_leap_seconds) VALUES (349, 'N');
INSERT INTO  oceanbase.__all_tenant_time_zone_name (Name, Time_zone_id) VALUES ('Australia/Sydney', 349);
INSERT INTO  oceanbase.__all_tenant_time_zone_transition (Time_zone_id, Transition_time, Transition_type_id) VALUES
 (349, -1672567140, 0)
,(349, -1665392400, 1)
,(349, -883641600, 0)
,(349, -876128400, 1)
,(349, -860400000, 0)
,(349, -844678800, 1)
,(349, -828345600, 0)
,(349, -813229200, 1)
,(349, 57686400, 2)
,(349, 67968000, 3)
,(349, 89136000, 2)
,(349, 100022400, 3)
,(349, 120585600, 2)
,(349, 131472000, 3)
,(349, 152035200, 2)
,(349, 162921600, 3)
,(349, 183484800, 2)
,(349, 194976000, 3)
,(349, 215539200, 2)
,(349, 226425600, 3)
,(349, 246988800, 2)
,(349, 257875200, 3)
,(349, 278438400, 2)
,(349, 289324800, 3)
,(349, 309888000, 2)
,(349, 320774400, 3)
,(349, 341337600, 2)
,(349, 352224000, 3)
,(349, 372787200, 2)
,(349, 386697600, 3)
,(349, 404841600, 2)
,(349, 415728000, 3)
,(349, 436291200, 2)
,(349, 447177600, 3)
,(349, 467740800, 2)
,(349, 478627200, 3)
,(349, 499190400, 2)
,(349, 511286400, 3)
,(349, 530035200, 2)
,(349, 542736000, 3)
,(349, 562089600, 2)
,(349, 574790400, 3)
,(349, 594144000, 2)
,(349, 606240000, 3)
,(349, 625593600, 2)
,(349, 636480000, 3)
,(349, 657043200, 2)
,(349, 667929600, 3)
,(349, 688492800, 2)
,(349, 699379200, 3)
,(349, 719942400, 2)
,(349, 731433600, 3)
,(349, 751996800, 2)
,(349, 762883200, 3)
,(349, 783446400, 2)
,(349, 794332800, 3)
,(349, 814896000, 2)
,(349, 828201600, 3)
,(349, 846345600, 2)
,(349, 859651200, 3)
,(349, 877795200, 2)
,(349, 891100800, 3)
,(349, 909244800, 2)
,(349, 922550400, 3)
,(349, 941299200, 2)
,(349, 954000000, 3)
,(349, 967305600, 2)
,(349, 985449600, 3)
,(349, 1004198400, 2)
,(349, 1017504000, 3)
,(349, 1035648000, 2)
,(349, 1048953600, 3)
,(349, 1067097600, 2)
,(349, 1080403200, 3)
,(349, 1099152000, 2)
,(349, 1111852800, 3)
,(349, 1130601600, 2)
,(349, 1143907200, 3)
,(349, 1162051200, 2)
,(349, 1174752000, 3)
,(349, 1193500800, 2)
,(349, 1207411200, 3)
,(349, 1223136000, 2)
,(349, 1238860800, 3)
,(349, 1254585600, 2)
,(349, 1270310400, 3)
,(349, 1286035200, 2)
,(349, 1301760000, 3)
,(349, 1317484800, 2)
,(349, 1333209600, 3)
,(349, 1349539200, 2)
,(349, 1365264000, 3)
,(349, 1380988800, 2)
,(349, 1396713600, 3)
,(349, 1412438400, 2)
,(349, 1428163200, 3)
,(349, 1443888000, 2)
,(349, 1459612800, 3)
,(349, 1475337600, 2)
,(349, 1491062400, 3)
,(349, 1506787200, 2)
,(349, 1522512000, 3)
,(349, 1538841600, 2)
,(349, 1554566400, 3)
,(349, 1570291200, 2)
,(349, 1586016000, 3)
,(349, 1601740800, 2)
,(349, 1617465600, 3)
,(349, 1633190400, 2)
,(349, 1648915200, 3)
,(349, 1664640000, 2)
,(349, 1680364800, 3)
,(349, 1696089600, 2)
,(349, 1712419200, 3)
,(349, 1728144000, 2)
,(349, 1743868800, 3)
,(349, 1759593600, 2)
,(349, 1775318400, 3)
,(349, 1791043200, 2)
,(349, 1806768000, 3)
,(349, 1822492800, 2)
,(349, 1838217600, 3)
,(349, 1853942400, 2)
,(349, 1869667200, 3)
,(349, 1885996800, 2)
,(349, 1901721600, 3)
,(349, 1917446400, 2)
,(349, 1933171200, 3)
,(349, 1948896000, 2)
,(349, 1964620800, 3)
,(349, 1980345600, 2)
,(349, 1996070400, 3)
,(349, 2011795200, 2)
,(349, 2027520000, 3)
,(349, 2043244800, 2)
,(349, 2058969600, 3)
,(349, 2075299200, 2)
,(349, 2091024000, 3)
,(349, 2106748800, 2)
,(349, 2122473600, 3)
,(349, 2138198400, 2)
;
INSERT INTO  oceanbase.__all_tenant_time_zone_transition_type (Time_zone_id, Transition_type_id, Offset, Is_DST, Abbreviation) VALUES
 (349, 0, 39600, 1, 'EST')
,(349, 1, 36000, 0, 'EST')
,(349, 2, 39600, 1, 'EST')
,(349, 3, 36000, 0, 'EST')
;
INSERT INTO oceanbase.__all_tenant_time_zone (Time_zone_id, Use_leap_seconds) VALUES (350, 'N');
INSERT INTO  oceanbase.__all_tenant_time_zone_name (Name, Time_zone_id) VALUES ('Australia/Tasmania', 350);
INSERT INTO  oceanbase.__all_tenant_time_zone_transition (Time_zone_id, Transition_time, Transition_type_id) VALUES
 (350, -1680508800, 1)
,(350, -1665392400, 0)
,(350, -883641600, 1)
,(350, -876128400, 0)
,(350, -860400000, 1)
,(350, -844678800, 0)
,(350, -828345600, 1)
,(350, -813229200, 0)
,(350, -71136000, 2)
,(350, -55411200, 3)
,(350, -37267200, 2)
,(350, -25776000, 3)
,(350, -5817600, 2)
,(350, 5673600, 3)
,(350, 25632000, 2)
,(350, 37728000, 3)
,(350, 57686400, 2)
,(350, 67968000, 3)
,(350, 89136000, 2)
,(350, 100022400, 3)
,(350, 120585600, 2)
,(350, 131472000, 3)
,(350, 152035200, 2)
,(350, 162921600, 3)
,(350, 183484800, 2)
,(350, 194976000, 3)
,(350, 215539200, 2)
,(350, 226425600, 3)
,(350, 246988800, 2)
,(350, 257875200, 3)
,(350, 278438400, 2)
,(350, 289324800, 3)
,(350, 309888000, 2)
,(350, 320774400, 3)
,(350, 341337600, 2)
,(350, 352224000, 3)
,(350, 372787200, 2)
,(350, 386092800, 3)
,(350, 404841600, 2)
,(350, 417542400, 3)
,(350, 436291200, 2)
,(350, 447177600, 3)
,(350, 467740800, 2)
,(350, 478627200, 3)
,(350, 499190400, 2)
,(350, 510076800, 3)
,(350, 530035200, 2)
,(350, 542736000, 3)
,(350, 562089600, 2)
,(350, 574790400, 3)
,(350, 594144000, 2)
,(350, 606240000, 3)
,(350, 625593600, 2)
,(350, 637689600, 3)
,(350, 657043200, 2)
,(350, 670348800, 3)
,(350, 686678400, 2)
,(350, 701798400, 3)
,(350, 718128000, 2)
,(350, 733248000, 3)
,(350, 749577600, 2)
,(350, 764697600, 3)
,(350, 781027200, 2)
,(350, 796147200, 3)
,(350, 812476800, 2)
,(350, 828201600, 3)
,(350, 844531200, 2)
,(350, 859651200, 3)
,(350, 875980800, 2)
,(350, 891100800, 3)
,(350, 907430400, 2)
,(350, 922550400, 3)
,(350, 938880000, 2)
,(350, 954000000, 3)
,(350, 967305600, 2)
,(350, 985449600, 3)
,(350, 1002384000, 2)
,(350, 1017504000, 3)
,(350, 1033833600, 2)
,(350, 1048953600, 3)
,(350, 1065283200, 2)
,(350, 1080403200, 3)
,(350, 1096732800, 2)
,(350, 1111852800, 3)
,(350, 1128182400, 2)
,(350, 1143907200, 3)
,(350, 1159632000, 2)
,(350, 1174752000, 3)
,(350, 1191686400, 2)
,(350, 1207411200, 3)
,(350, 1223136000, 2)
,(350, 1238860800, 3)
,(350, 1254585600, 2)
,(350, 1270310400, 3)
,(350, 1286035200, 2)
,(350, 1301760000, 3)
,(350, 1317484800, 2)
,(350, 1333209600, 3)
,(350, 1349539200, 2)
,(350, 1365264000, 3)
,(350, 1380988800, 2)
,(350, 1396713600, 3)
,(350, 1412438400, 2)
,(350, 1428163200, 3)
,(350, 1443888000, 2)
,(350, 1459612800, 3)
,(350, 1475337600, 2)
,(350, 1491062400, 3)
,(350, 1506787200, 2)
,(350, 1522512000, 3)
,(350, 1538841600, 2)
,(350, 1554566400, 3)
,(350, 1570291200, 2)
,(350, 1586016000, 3)
,(350, 1601740800, 2)
,(350, 1617465600, 3)
,(350, 1633190400, 2)
,(350, 1648915200, 3)
,(350, 1664640000, 2)
,(350, 1680364800, 3)
,(350, 1696089600, 2)
,(350, 1712419200, 3)
,(350, 1728144000, 2)
,(350, 1743868800, 3)
,(350, 1759593600, 2)
,(350, 1775318400, 3)
,(350, 1791043200, 2)
,(350, 1806768000, 3)
,(350, 1822492800, 2)
,(350, 1838217600, 3)
,(350, 1853942400, 2)
,(350, 1869667200, 3)
,(350, 1885996800, 2)
,(350, 1901721600, 3)
,(350, 1917446400, 2)
,(350, 1933171200, 3)
,(350, 1948896000, 2)
,(350, 1964620800, 3)
,(350, 1980345600, 2)
,(350, 1996070400, 3)
,(350, 2011795200, 2)
,(350, 2027520000, 3)
,(350, 2043244800, 2)
,(350, 2058969600, 3)
,(350, 2075299200, 2)
,(350, 2091024000, 3)
,(350, 2106748800, 2)
,(350, 2122473600, 3)
,(350, 2138198400, 2)
;
INSERT INTO  oceanbase.__all_tenant_time_zone_transition_type (Time_zone_id, Transition_type_id, Offset, Is_DST, Abbreviation) VALUES
 (350, 0, 36000, 0, 'EST')
,(350, 1, 39600, 1, 'EST')
,(350, 2, 39600, 1, 'EST')
,(350, 3, 36000, 0, 'EST')
;
INSERT INTO oceanbase.__all_tenant_time_zone (Time_zone_id, Use_leap_seconds) VALUES (351, 'N');
INSERT INTO  oceanbase.__all_tenant_time_zone_name (Name, Time_zone_id) VALUES ('Australia/Victoria', 351);
INSERT INTO  oceanbase.__all_tenant_time_zone_transition (Time_zone_id, Transition_time, Transition_type_id) VALUES
 (351, -1672567140, 0)
,(351, -1665392400, 1)
,(351, -883641600, 0)
,(351, -876128400, 1)
,(351, -860400000, 0)
,(351, -844678800, 1)
,(351, -828345600, 0)
,(351, -813229200, 1)
,(351, 57686400, 2)
,(351, 67968000, 3)
,(351, 89136000, 2)
,(351, 100022400, 3)
,(351, 120585600, 2)
,(351, 131472000, 3)
,(351, 152035200, 2)
,(351, 162921600, 3)
,(351, 183484800, 2)
,(351, 194976000, 3)
,(351, 215539200, 2)
,(351, 226425600, 3)
,(351, 246988800, 2)
,(351, 257875200, 3)
,(351, 278438400, 2)
,(351, 289324800, 3)
,(351, 309888000, 2)
,(351, 320774400, 3)
,(351, 341337600, 2)
,(351, 352224000, 3)
,(351, 372787200, 2)
,(351, 384278400, 3)
,(351, 404841600, 2)
,(351, 415728000, 3)
,(351, 436291200, 2)
,(351, 447177600, 3)
,(351, 467740800, 2)
,(351, 478627200, 3)
,(351, 499190400, 2)
,(351, 511286400, 3)
,(351, 530035200, 2)
,(351, 542736000, 3)
,(351, 561484800, 2)
,(351, 574790400, 3)
,(351, 594144000, 2)
,(351, 606240000, 3)
,(351, 625593600, 2)
,(351, 637689600, 3)
,(351, 657043200, 2)
,(351, 667929600, 3)
,(351, 688492800, 2)
,(351, 699379200, 3)
,(351, 719942400, 2)
,(351, 731433600, 3)
,(351, 751996800, 2)
,(351, 762883200, 3)
,(351, 783446400, 2)
,(351, 796147200, 3)
,(351, 814896000, 2)
,(351, 828201600, 3)
,(351, 846345600, 2)
,(351, 859651200, 3)
,(351, 877795200, 2)
,(351, 891100800, 3)
,(351, 909244800, 2)
,(351, 922550400, 3)
,(351, 941299200, 2)
,(351, 954000000, 3)
,(351, 967305600, 2)
,(351, 985449600, 3)
,(351, 1004198400, 2)
,(351, 1017504000, 3)
,(351, 1035648000, 2)
,(351, 1048953600, 3)
,(351, 1067097600, 2)
,(351, 1080403200, 3)
,(351, 1099152000, 2)
,(351, 1111852800, 3)
,(351, 1130601600, 2)
,(351, 1143907200, 3)
,(351, 1162051200, 2)
,(351, 1174752000, 3)
,(351, 1193500800, 2)
,(351, 1207411200, 3)
,(351, 1223136000, 2)
,(351, 1238860800, 3)
,(351, 1254585600, 2)
,(351, 1270310400, 3)
,(351, 1286035200, 2)
,(351, 1301760000, 3)
,(351, 1317484800, 2)
,(351, 1333209600, 3)
,(351, 1349539200, 2)
,(351, 1365264000, 3)
,(351, 1380988800, 2)
,(351, 1396713600, 3)
,(351, 1412438400, 2)
,(351, 1428163200, 3)
,(351, 1443888000, 2)
,(351, 1459612800, 3)
,(351, 1475337600, 2)
,(351, 1491062400, 3)
,(351, 1506787200, 2)
,(351, 1522512000, 3)
,(351, 1538841600, 2)
,(351, 1554566400, 3)
,(351, 1570291200, 2)
,(351, 1586016000, 3)
,(351, 1601740800, 2)
,(351, 1617465600, 3)
,(351, 1633190400, 2)
,(351, 1648915200, 3)
,(351, 1664640000, 2)
,(351, 1680364800, 3)
,(351, 1696089600, 2)
,(351, 1712419200, 3)
,(351, 1728144000, 2)
,(351, 1743868800, 3)
,(351, 1759593600, 2)
,(351, 1775318400, 3)
,(351, 1791043200, 2)
,(351, 1806768000, 3)
,(351, 1822492800, 2)
,(351, 1838217600, 3)
,(351, 1853942400, 2)
,(351, 1869667200, 3)
,(351, 1885996800, 2)
,(351, 1901721600, 3)
,(351, 1917446400, 2)
,(351, 1933171200, 3)
,(351, 1948896000, 2)
,(351, 1964620800, 3)
,(351, 1980345600, 2)
,(351, 1996070400, 3)
,(351, 2011795200, 2)
,(351, 2027520000, 3)
,(351, 2043244800, 2)
,(351, 2058969600, 3)
,(351, 2075299200, 2)
,(351, 2091024000, 3)
,(351, 2106748800, 2)
,(351, 2122473600, 3)
,(351, 2138198400, 2)
;
INSERT INTO  oceanbase.__all_tenant_time_zone_transition_type (Time_zone_id, Transition_type_id, Offset, Is_DST, Abbreviation) VALUES
 (351, 0, 39600, 1, 'EST')
,(351, 1, 36000, 0, 'EST')
,(351, 2, 39600, 1, 'EST')
,(351, 3, 36000, 0, 'EST')
;
INSERT INTO oceanbase.__all_tenant_time_zone (Time_zone_id, Use_leap_seconds) VALUES (352, 'N');
INSERT INTO  oceanbase.__all_tenant_time_zone_name (Name, Time_zone_id) VALUES ('Australia/West', 352);
INSERT INTO  oceanbase.__all_tenant_time_zone_transition (Time_zone_id, Transition_time, Transition_type_id) VALUES
 (352, -1672559940, 0)
,(352, -1665385200, 1)
,(352, -883634400, 0)
,(352, -876121200, 1)
,(352, -860392800, 0)
,(352, -844671600, 1)
,(352, 152042400, 2)
,(352, 162928800, 3)
,(352, 436298400, 2)
,(352, 447184800, 3)
,(352, 690314400, 2)
,(352, 699386400, 3)
,(352, 1165082400, 2)
,(352, 1174759200, 3)
,(352, 1193508000, 2)
,(352, 1206813600, 3)
,(352, 1224957600, 2)
,(352, 1238263200, 3)
;
INSERT INTO  oceanbase.__all_tenant_time_zone_transition_type (Time_zone_id, Transition_type_id, Offset, Is_DST, Abbreviation) VALUES
 (352, 0, 32400, 1, 'WST')
,(352, 1, 28800, 0, 'WST')
,(352, 2, 32400, 1, 'WST')
,(352, 3, 28800, 0, 'WST')
;
INSERT INTO oceanbase.__all_tenant_time_zone (Time_zone_id, Use_leap_seconds) VALUES (353, 'N');
INSERT INTO  oceanbase.__all_tenant_time_zone_name (Name, Time_zone_id) VALUES ('Australia/Yancowinna', 353);
INSERT INTO  oceanbase.__all_tenant_time_zone_transition (Time_zone_id, Transition_time, Transition_type_id) VALUES
 (353, -1672565340, 0)
,(353, -1665390600, 1)
,(353, -883639800, 0)
,(353, -876126600, 1)
,(353, -860398200, 0)
,(353, -844677000, 1)
,(353, -828343800, 0)
,(353, -813227400, 1)
,(353, 57688200, 2)
,(353, 67969800, 3)
,(353, 89137800, 2)
,(353, 100024200, 3)
,(353, 120587400, 2)
,(353, 131473800, 3)
,(353, 152037000, 2)
,(353, 162923400, 3)
,(353, 183486600, 2)
,(353, 194977800, 3)
,(353, 215541000, 2)
,(353, 226427400, 3)
,(353, 246990600, 2)
,(353, 257877000, 3)
,(353, 278440200, 2)
,(353, 289326600, 3)
,(353, 309889800, 2)
,(353, 320776200, 3)
,(353, 341339400, 2)
,(353, 352225800, 3)
,(353, 372789000, 2)
,(353, 386699400, 3)
,(353, 404843400, 2)
,(353, 415729800, 3)
,(353, 436293000, 2)
,(353, 447179400, 3)
,(353, 467742600, 2)
,(353, 478629000, 3)
,(353, 499192200, 2)
,(353, 511288200, 3)
,(353, 530037000, 2)
,(353, 542737800, 3)
,(353, 562091400, 2)
,(353, 574792200, 3)
,(353, 594145800, 2)
,(353, 606241800, 3)
,(353, 625595400, 2)
,(353, 636481800, 3)
,(353, 657045000, 2)
,(353, 667931400, 3)
,(353, 688494600, 2)
,(353, 699381000, 3)
,(353, 719944200, 2)
,(353, 731435400, 3)
,(353, 751998600, 2)
,(353, 762885000, 3)
,(353, 783448200, 2)
,(353, 794334600, 3)
,(353, 814897800, 2)
,(353, 828203400, 3)
,(353, 846347400, 2)
,(353, 859653000, 3)
,(353, 877797000, 2)
,(353, 891102600, 3)
,(353, 909246600, 2)
,(353, 922552200, 3)
,(353, 941301000, 2)
,(353, 946647000, 0)
,(353, 954001800, 3)
,(353, 972750600, 2)
,(353, 985451400, 3)
,(353, 1004200200, 2)
,(353, 1017505800, 3)
,(353, 1035649800, 2)
,(353, 1048955400, 3)
,(353, 1067099400, 2)
,(353, 1080405000, 3)
,(353, 1099153800, 2)
,(353, 1111854600, 3)
,(353, 1130603400, 2)
,(353, 1143909000, 3)
,(353, 1162053000, 2)
,(353, 1174753800, 3)
,(353, 1193502600, 2)
,(353, 1207413000, 3)
,(353, 1223137800, 2)
,(353, 1238862600, 3)
,(353, 1254587400, 2)
,(353, 1270312200, 3)
,(353, 1286037000, 2)
,(353, 1301761800, 3)
,(353, 1317486600, 2)
,(353, 1333211400, 3)
,(353, 1349541000, 2)
,(353, 1365265800, 3)
,(353, 1380990600, 2)
,(353, 1396715400, 3)
,(353, 1412440200, 2)
,(353, 1428165000, 3)
,(353, 1443889800, 2)
,(353, 1459614600, 3)
,(353, 1475339400, 2)
,(353, 1491064200, 3)
,(353, 1506789000, 2)
,(353, 1522513800, 3)
,(353, 1538843400, 2)
,(353, 1554568200, 3)
,(353, 1570293000, 2)
,(353, 1586017800, 3)
,(353, 1601742600, 2)
,(353, 1617467400, 3)
,(353, 1633192200, 2)
,(353, 1648917000, 3)
,(353, 1664641800, 2)
,(353, 1680366600, 3)
,(353, 1696091400, 2)
,(353, 1712421000, 3)
,(353, 1728145800, 2)
,(353, 1743870600, 3)
,(353, 1759595400, 2)
,(353, 1775320200, 3)
,(353, 1791045000, 2)
,(353, 1806769800, 3)
,(353, 1822494600, 2)
,(353, 1838219400, 3)
,(353, 1853944200, 2)
,(353, 1869669000, 3)
,(353, 1885998600, 2)
,(353, 1901723400, 3)
,(353, 1917448200, 2)
,(353, 1933173000, 3)
,(353, 1948897800, 2)
,(353, 1964622600, 3)
,(353, 1980347400, 2)
,(353, 1996072200, 3)
,(353, 2011797000, 2)
,(353, 2027521800, 3)
,(353, 2043246600, 2)
,(353, 2058971400, 3)
,(353, 2075301000, 2)
,(353, 2091025800, 3)
,(353, 2106750600, 2)
,(353, 2122475400, 3)
,(353, 2138200200, 2)
;
INSERT INTO  oceanbase.__all_tenant_time_zone_transition_type (Time_zone_id, Transition_type_id, Offset, Is_DST, Abbreviation) VALUES
 (353, 0, 37800, 1, 'CST')
,(353, 1, 34200, 0, 'CST')
,(353, 2, 37800, 1, 'CST')
,(353, 3, 34200, 0, 'CST')
;
INSERT INTO oceanbase.__all_tenant_time_zone (Time_zone_id, Use_leap_seconds) VALUES (354, 'N');
INSERT INTO  oceanbase.__all_tenant_time_zone_name (Name, Time_zone_id) VALUES ('Brazil/Acre', 354);
INSERT INTO  oceanbase.__all_tenant_time_zone_transition (Time_zone_id, Transition_time, Transition_type_id) VALUES
 (354, -1767209328, 2)
,(354, -1206950400, 1)
,(354, -1191355200, 2)
,(354, -1175367600, 1)
,(354, -1159819200, 2)
,(354, -633812400, 1)
,(354, -622062000, 2)
,(354, -602276400, 1)
,(354, -591825600, 2)
,(354, -570740400, 1)
,(354, -560203200, 2)
,(354, -539118000, 1)
,(354, -531345600, 2)
,(354, -191358000, 1)
,(354, -184190400, 2)
,(354, -155156400, 1)
,(354, -150062400, 2)
,(354, -128890800, 1)
,(354, -121118400, 2)
,(354, -99946800, 1)
,(354, -89582400, 2)
,(354, -68410800, 1)
,(354, -57960000, 2)
,(354, 499755600, 1)
,(354, 511243200, 2)
,(354, 530600400, 1)
,(354, 540273600, 2)
,(354, 562136400, 1)
,(354, 571204800, 2)
,(354, 1214283600, 3)
;
INSERT INTO  oceanbase.__all_tenant_time_zone_transition_type (Time_zone_id, Transition_type_id, Offset, Is_DST, Abbreviation) VALUES
 (354, 0, -16272, 0, 'LMT')
,(354, 1, -14400, 1, 'ACST')
,(354, 2, -18000, 0, 'ACT')
,(354, 3, -14400, 0, 'AMT')
;
INSERT INTO oceanbase.__all_tenant_time_zone (Time_zone_id, Use_leap_seconds) VALUES (355, 'N');
INSERT INTO  oceanbase.__all_tenant_time_zone_name (Name, Time_zone_id) VALUES ('Brazil/DeNoronha', 355);
INSERT INTO  oceanbase.__all_tenant_time_zone_transition (Time_zone_id, Transition_time, Transition_type_id) VALUES
 (355, -1767217820, 2)
,(355, -1206961200, 1)
,(355, -1191366000, 2)
,(355, -1175378400, 1)
,(355, -1159830000, 2)
,(355, -633823200, 1)
,(355, -622072800, 2)
,(355, -602287200, 1)
,(355, -591836400, 2)
,(355, -570751200, 1)
,(355, -560214000, 2)
,(355, -539128800, 1)
,(355, -531356400, 2)
,(355, -191368800, 1)
,(355, -184201200, 2)
,(355, -155167200, 1)
,(355, -150073200, 2)
,(355, -128901600, 1)
,(355, -121129200, 2)
,(355, -99957600, 1)
,(355, -89593200, 2)
,(355, -68421600, 1)
,(355, -57970800, 2)
,(355, 499744800, 1)
,(355, 511232400, 2)
,(355, 530589600, 1)
,(355, 540262800, 2)
,(355, 562125600, 1)
,(355, 571194000, 2)
,(355, 592970400, 1)
,(355, 602038800, 2)
,(355, 624420000, 1)
,(355, 634698000, 2)
,(355, 938916000, 1)
,(355, 951613200, 2)
,(355, 970970400, 1)
,(355, 971571600, 2)
,(355, 1003024800, 1)
,(355, 1013907600, 2)
;
INSERT INTO  oceanbase.__all_tenant_time_zone_transition_type (Time_zone_id, Transition_type_id, Offset, Is_DST, Abbreviation) VALUES
 (355, 0, -7780, 0, 'LMT')
,(355, 1, -3600, 1, 'FNST')
,(355, 2, -7200, 0, 'FNT')
;
INSERT INTO oceanbase.__all_tenant_time_zone (Time_zone_id, Use_leap_seconds) VALUES (356, 'N');
INSERT INTO  oceanbase.__all_tenant_time_zone_name (Name, Time_zone_id) VALUES ('Brazil/East', 356);
INSERT INTO  oceanbase.__all_tenant_time_zone_transition (Time_zone_id, Transition_time, Transition_type_id) VALUES
 (356, -1767214412, 2)
,(356, -1206957600, 1)
,(356, -1191362400, 2)
,(356, -1175374800, 1)
,(356, -1159826400, 2)
,(356, -633819600, 1)
,(356, -622069200, 2)
,(356, -602283600, 1)
,(356, -591832800, 2)
,(356, -570747600, 1)
,(356, -560210400, 2)
,(356, -539125200, 1)
,(356, -531352800, 2)
,(356, -195426000, 1)
,(356, -184197600, 2)
,(356, -155163600, 1)
,(356, -150069600, 2)
,(356, -128898000, 1)
,(356, -121125600, 2)
,(356, -99954000, 1)
,(356, -89589600, 2)
,(356, -68418000, 1)
,(356, -57967200, 2)
,(356, 499748400, 1)
,(356, 511236000, 2)
,(356, 530593200, 1)
,(356, 540266400, 2)
,(356, 562129200, 1)
,(356, 571197600, 2)
,(356, 592974000, 1)
,(356, 602042400, 2)
,(356, 624423600, 1)
,(356, 634701600, 2)
,(356, 656478000, 1)
,(356, 666756000, 2)
,(356, 687927600, 1)
,(356, 697600800, 2)
,(356, 719982000, 1)
,(356, 728445600, 2)
,(356, 750826800, 1)
,(356, 761709600, 2)
,(356, 782276400, 1)
,(356, 793159200, 2)
,(356, 813726000, 1)
,(356, 824004000, 2)
,(356, 844570800, 1)
,(356, 856058400, 2)
,(356, 876106800, 1)
,(356, 888717600, 2)
,(356, 908074800, 1)
,(356, 919562400, 2)
,(356, 938919600, 1)
,(356, 951616800, 2)
,(356, 970974000, 1)
,(356, 982461600, 2)
,(356, 1003028400, 1)
,(356, 1013911200, 2)
,(356, 1036292400, 1)
,(356, 1045360800, 2)
,(356, 1066532400, 1)
,(356, 1076810400, 2)
,(356, 1099364400, 1)
,(356, 1108864800, 2)
,(356, 1129431600, 1)
,(356, 1140314400, 2)
,(356, 1162695600, 1)
,(356, 1172368800, 2)
,(356, 1192330800, 1)
,(356, 1203213600, 2)
,(356, 1224385200, 1)
,(356, 1234663200, 2)
,(356, 1255834800, 1)
,(356, 1266717600, 2)
,(356, 1287284400, 1)
,(356, 1298167200, 2)
,(356, 1318734000, 1)
,(356, 1330221600, 2)
,(356, 1350788400, 1)
,(356, 1361066400, 2)
,(356, 1382238000, 1)
,(356, 1392516000, 2)
,(356, 1413687600, 1)
,(356, 1424570400, 2)
,(356, 1445137200, 1)
,(356, 1456020000, 2)
,(356, 1476586800, 1)
,(356, 1487469600, 2)
,(356, 1508036400, 1)
,(356, 1518919200, 2)
,(356, 1540090800, 1)
,(356, 1550368800, 2)
,(356, 1571540400, 1)
,(356, 1581818400, 2)
,(356, 1602990000, 1)
,(356, 1613872800, 2)
,(356, 1634439600, 1)
,(356, 1645322400, 2)
,(356, 1665889200, 1)
,(356, 1677376800, 2)
,(356, 1697338800, 1)
,(356, 1708221600, 2)
,(356, 1729393200, 1)
,(356, 1739671200, 2)
,(356, 1760842800, 1)
,(356, 1771725600, 2)
,(356, 1792292400, 1)
,(356, 1803175200, 2)
,(356, 1823742000, 1)
,(356, 1834624800, 2)
,(356, 1855191600, 1)
,(356, 1866074400, 2)
,(356, 1887246000, 1)
,(356, 1897524000, 2)
,(356, 1918695600, 1)
,(356, 1928973600, 2)
,(356, 1950145200, 1)
,(356, 1960423200, 2)
,(356, 1981594800, 1)
,(356, 1992477600, 2)
,(356, 2013044400, 1)
,(356, 2024532000, 2)
,(356, 2044494000, 1)
,(356, 2055376800, 2)
,(356, 2076548400, 1)
,(356, 2086826400, 2)
,(356, 2107998000, 1)
,(356, 2118880800, 2)
,(356, 2139447600, 1)
;
INSERT INTO  oceanbase.__all_tenant_time_zone_transition_type (Time_zone_id, Transition_type_id, Offset, Is_DST, Abbreviation) VALUES
 (356, 0, -11188, 0, 'LMT')
,(356, 1, -7200, 1, 'BRST')
,(356, 2, -10800, 0, 'BRT')
;
INSERT INTO oceanbase.__all_tenant_time_zone (Time_zone_id, Use_leap_seconds) VALUES (357, 'N');
INSERT INTO  oceanbase.__all_tenant_time_zone_name (Name, Time_zone_id) VALUES ('Brazil/West', 357);
INSERT INTO  oceanbase.__all_tenant_time_zone_transition (Time_zone_id, Transition_time, Transition_type_id) VALUES
 (357, -1767211196, 2)
,(357, -1206954000, 1)
,(357, -1191358800, 2)
,(357, -1175371200, 1)
,(357, -1159822800, 2)
,(357, -633816000, 1)
,(357, -622065600, 2)
,(357, -602280000, 1)
,(357, -591829200, 2)
,(357, -570744000, 1)
,(357, -560206800, 2)
,(357, -539121600, 1)
,(357, -531349200, 2)
,(357, -191361600, 1)
,(357, -184194000, 2)
,(357, -155160000, 1)
,(357, -150066000, 2)
,(357, -128894400, 1)
,(357, -121122000, 2)
,(357, -99950400, 1)
,(357, -89586000, 2)
,(357, -68414400, 1)
,(357, -57963600, 2)
,(357, 499752000, 1)
,(357, 511239600, 2)
,(357, 530596800, 1)
,(357, 540270000, 2)
,(357, 562132800, 1)
,(357, 571201200, 2)
,(357, 750830400, 1)
,(357, 761713200, 2)
;
INSERT INTO  oceanbase.__all_tenant_time_zone_transition_type (Time_zone_id, Transition_type_id, Offset, Is_DST, Abbreviation) VALUES
 (357, 0, -14404, 0, 'LMT')
,(357, 1, -10800, 1, 'AMST')
,(357, 2, -14400, 0, 'AMT')
;
INSERT INTO oceanbase.__all_tenant_time_zone (Time_zone_id, Use_leap_seconds) VALUES (358, 'N');
INSERT INTO  oceanbase.__all_tenant_time_zone_name (Name, Time_zone_id) VALUES ('CET', 358);
INSERT INTO  oceanbase.__all_tenant_time_zone_transition (Time_zone_id, Transition_time, Transition_type_id) VALUES
 (358, -1693706400, 0)
,(358, -1680483600, 1)
,(358, -1663455600, 2)
,(358, -1650150000, 3)
,(358, -1632006000, 2)
,(358, -1618700400, 3)
,(358, -938905200, 2)
,(358, -857257200, 3)
,(358, -844556400, 2)
,(358, -828226800, 3)
,(358, -812502000, 2)
,(358, -796777200, 3)
,(358, -781052400, 2)
,(358, -766623600, 3)
,(358, 228877200, 2)
,(358, 243997200, 3)
,(358, 260326800, 2)
,(358, 276051600, 3)
,(358, 291776400, 2)
,(358, 307501200, 3)
,(358, 323830800, 2)
,(358, 338950800, 3)
,(358, 354675600, 2)
,(358, 370400400, 3)
,(358, 386125200, 2)
,(358, 401850000, 3)
,(358, 417574800, 2)
,(358, 433299600, 3)
,(358, 449024400, 2)
,(358, 465354000, 3)
,(358, 481078800, 2)
,(358, 496803600, 3)
,(358, 512528400, 2)
,(358, 528253200, 3)
,(358, 543978000, 2)
,(358, 559702800, 3)
,(358, 575427600, 2)
,(358, 591152400, 3)
,(358, 606877200, 2)
,(358, 622602000, 3)
,(358, 638326800, 2)
,(358, 654656400, 3)
,(358, 670381200, 2)
,(358, 686106000, 3)
,(358, 701830800, 2)
,(358, 717555600, 3)
,(358, 733280400, 2)
,(358, 749005200, 3)
,(358, 764730000, 2)
,(358, 780454800, 3)
,(358, 796179600, 2)
,(358, 811904400, 3)
,(358, 828234000, 2)
,(358, 846378000, 3)
,(358, 859683600, 2)
,(358, 877827600, 3)
,(358, 891133200, 2)
,(358, 909277200, 3)
,(358, 922582800, 2)
,(358, 941331600, 3)
,(358, 954032400, 2)
,(358, 972781200, 3)
,(358, 985482000, 2)
,(358, 1004230800, 3)
,(358, 1017536400, 2)
,(358, 1035680400, 3)
,(358, 1048986000, 2)
,(358, 1067130000, 3)
,(358, 1080435600, 2)
,(358, 1099184400, 3)
,(358, 1111885200, 2)
,(358, 1130634000, 3)
,(358, 1143334800, 2)
,(358, 1162083600, 3)
,(358, 1174784400, 2)
,(358, 1193533200, 3)
,(358, 1206838800, 2)
,(358, 1224982800, 3)
,(358, 1238288400, 2)
,(358, 1256432400, 3)
,(358, 1269738000, 2)
,(358, 1288486800, 3)
,(358, 1301187600, 2)
,(358, 1319936400, 3)
,(358, 1332637200, 2)
,(358, 1351386000, 3)
,(358, 1364691600, 2)
,(358, 1382835600, 3)
,(358, 1396141200, 2)
,(358, 1414285200, 3)
,(358, 1427590800, 2)
,(358, 1445734800, 3)
,(358, 1459040400, 2)
,(358, 1477789200, 3)
,(358, 1490490000, 2)
,(358, 1509238800, 3)
,(358, 1521939600, 2)
,(358, 1540688400, 3)
,(358, 1553994000, 2)
,(358, 1572138000, 3)
,(358, 1585443600, 2)
,(358, 1603587600, 3)
,(358, 1616893200, 2)
,(358, 1635642000, 3)
,(358, 1648342800, 2)
,(358, 1667091600, 3)
,(358, 1679792400, 2)
,(358, 1698541200, 3)
,(358, 1711846800, 2)
,(358, 1729990800, 3)
,(358, 1743296400, 2)
,(358, 1761440400, 3)
,(358, 1774746000, 2)
,(358, 1792890000, 3)
,(358, 1806195600, 2)
,(358, 1824944400, 3)
,(358, 1837645200, 2)
,(358, 1856394000, 3)
,(358, 1869094800, 2)
,(358, 1887843600, 3)
,(358, 1901149200, 2)
,(358, 1919293200, 3)
,(358, 1932598800, 2)
,(358, 1950742800, 3)
,(358, 1964048400, 2)
,(358, 1982797200, 3)
,(358, 1995498000, 2)
,(358, 2014246800, 3)
,(358, 2026947600, 2)
,(358, 2045696400, 3)
,(358, 2058397200, 2)
,(358, 2077146000, 3)
,(358, 2090451600, 2)
,(358, 2108595600, 3)
,(358, 2121901200, 2)
,(358, 2140045200, 3)
;
INSERT INTO  oceanbase.__all_tenant_time_zone_transition_type (Time_zone_id, Transition_type_id, Offset, Is_DST, Abbreviation) VALUES
 (358, 0, 7200, 1, 'CEST')
,(358, 1, 3600, 0, 'CET')
,(358, 2, 7200, 1, 'CEST')
,(358, 3, 3600, 0, 'CET')
;
INSERT INTO oceanbase.__all_tenant_time_zone (Time_zone_id, Use_leap_seconds) VALUES (359, 'N');
INSERT INTO  oceanbase.__all_tenant_time_zone_name (Name, Time_zone_id) VALUES ('CST6CDT', 359);
INSERT INTO  oceanbase.__all_tenant_time_zone_transition (Time_zone_id, Transition_time, Transition_type_id) VALUES
 (359, -1633276800, 0)
,(359, -1615136400, 1)
,(359, -1601827200, 0)
,(359, -1583686800, 1)
,(359, -880214400, 2)
,(359, -769395600, 3)
,(359, -765392400, 1)
,(359, -84384000, 0)
,(359, -68662800, 1)
,(359, -52934400, 0)
,(359, -37213200, 1)
,(359, -21484800, 0)
,(359, -5763600, 1)
,(359, 9964800, 0)
,(359, 25686000, 1)
,(359, 41414400, 0)
,(359, 57740400, 1)
,(359, 73468800, 0)
,(359, 89190000, 1)
,(359, 104918400, 0)
,(359, 120639600, 1)
,(359, 126691200, 0)
,(359, 152089200, 1)
,(359, 162374400, 0)
,(359, 183538800, 1)
,(359, 199267200, 0)
,(359, 215593200, 1)
,(359, 230716800, 0)
,(359, 247042800, 1)
,(359, 262771200, 0)
,(359, 278492400, 1)
,(359, 294220800, 0)
,(359, 309942000, 1)
,(359, 325670400, 0)
,(359, 341391600, 1)
,(359, 357120000, 0)
,(359, 372841200, 1)
,(359, 388569600, 0)
,(359, 404895600, 1)
,(359, 420019200, 0)
,(359, 436345200, 1)
,(359, 452073600, 0)
,(359, 467794800, 1)
,(359, 483523200, 0)
,(359, 499244400, 1)
,(359, 514972800, 0)
,(359, 530694000, 1)
,(359, 544608000, 0)
,(359, 562143600, 1)
,(359, 576057600, 0)
,(359, 594198000, 1)
,(359, 607507200, 0)
,(359, 625647600, 1)
,(359, 638956800, 0)
,(359, 657097200, 1)
,(359, 671011200, 0)
,(359, 688546800, 1)
,(359, 702460800, 0)
,(359, 719996400, 1)
,(359, 733910400, 0)
,(359, 752050800, 1)
,(359, 765360000, 0)
,(359, 783500400, 1)
,(359, 796809600, 0)
,(359, 814950000, 1)
,(359, 828864000, 0)
,(359, 846399600, 1)
,(359, 860313600, 0)
,(359, 877849200, 1)
,(359, 891763200, 0)
,(359, 909298800, 1)
,(359, 923212800, 0)
,(359, 941353200, 1)
,(359, 954662400, 0)
,(359, 972802800, 1)
,(359, 986112000, 0)
,(359, 1004252400, 1)
,(359, 1018166400, 0)
,(359, 1035702000, 1)
,(359, 1049616000, 0)
,(359, 1067151600, 1)
,(359, 1081065600, 0)
,(359, 1099206000, 1)
,(359, 1112515200, 0)
,(359, 1130655600, 1)
,(359, 1143964800, 0)
,(359, 1162105200, 1)
,(359, 1173600000, 0)
,(359, 1194159600, 1)
,(359, 1205049600, 0)
,(359, 1225609200, 1)
,(359, 1236499200, 0)
,(359, 1257058800, 1)
,(359, 1268553600, 0)
,(359, 1289113200, 1)
,(359, 1300003200, 0)
,(359, 1320562800, 1)
,(359, 1331452800, 0)
,(359, 1352012400, 1)
,(359, 1362902400, 0)
,(359, 1383462000, 1)
,(359, 1394352000, 0)
,(359, 1414911600, 1)
,(359, 1425801600, 0)
,(359, 1446361200, 1)
,(359, 1457856000, 0)
,(359, 1478415600, 1)
,(359, 1489305600, 0)
,(359, 1509865200, 1)
,(359, 1520755200, 0)
,(359, 1541314800, 1)
,(359, 1552204800, 0)
,(359, 1572764400, 1)
,(359, 1583654400, 0)
,(359, 1604214000, 1)
,(359, 1615708800, 0)
,(359, 1636268400, 1)
,(359, 1647158400, 0)
,(359, 1667718000, 1)
,(359, 1678608000, 0)
,(359, 1699167600, 1)
,(359, 1710057600, 0)
,(359, 1730617200, 1)
,(359, 1741507200, 0)
,(359, 1762066800, 1)
,(359, 1772956800, 0)
,(359, 1793516400, 1)
,(359, 1805011200, 0)
,(359, 1825570800, 1)
,(359, 1836460800, 0)
,(359, 1857020400, 1)
,(359, 1867910400, 0)
,(359, 1888470000, 1)
,(359, 1899360000, 0)
,(359, 1919919600, 1)
,(359, 1930809600, 0)
,(359, 1951369200, 1)
,(359, 1962864000, 0)
,(359, 1983423600, 1)
,(359, 1994313600, 0)
,(359, 2014873200, 1)
,(359, 2025763200, 0)
,(359, 2046322800, 1)
,(359, 2057212800, 0)
,(359, 2077772400, 1)
,(359, 2088662400, 0)
,(359, 2109222000, 1)
,(359, 2120112000, 0)
,(359, 2140671600, 1)
;
INSERT INTO  oceanbase.__all_tenant_time_zone_transition_type (Time_zone_id, Transition_type_id, Offset, Is_DST, Abbreviation) VALUES
 (359, 0, -18000, 1, 'CDT')
,(359, 1, -21600, 0, 'CST')
,(359, 2, -18000, 1, 'CWT')
,(359, 3, -18000, 1, 'CPT')
;
INSERT INTO oceanbase.__all_tenant_time_zone (Time_zone_id, Use_leap_seconds) VALUES (360, 'N');
INSERT INTO  oceanbase.__all_tenant_time_zone_name (Name, Time_zone_id) VALUES ('Canada/Atlantic', 360);
INSERT INTO  oceanbase.__all_tenant_time_zone_transition (Time_zone_id, Transition_time, Transition_type_id) VALUES
 (360, -2131645536, 2)
,(360, -1696276800, 1)
,(360, -1680469200, 2)
,(360, -1632074400, 1)
,(360, -1614798000, 2)
,(360, -1566763200, 1)
,(360, -1557090000, 2)
,(360, -1535486400, 1)
,(360, -1524949200, 2)
,(360, -1504468800, 1)
,(360, -1493413200, 2)
,(360, -1472414400, 1)
,(360, -1461963600, 2)
,(360, -1440964800, 1)
,(360, -1429390800, 2)
,(360, -1409515200, 1)
,(360, -1396731600, 2)
,(360, -1376856000, 1)
,(360, -1366491600, 2)
,(360, -1346616000, 1)
,(360, -1333832400, 2)
,(360, -1313956800, 1)
,(360, -1303678800, 2)
,(360, -1282507200, 1)
,(360, -1272661200, 2)
,(360, -1251057600, 1)
,(360, -1240088400, 2)
,(360, -1219608000, 1)
,(360, -1207429200, 2)
,(360, -1188763200, 1)
,(360, -1175979600, 2)
,(360, -1157313600, 1)
,(360, -1143925200, 2)
,(360, -1124049600, 1)
,(360, -1113771600, 2)
,(360, -1091390400, 1)
,(360, -1081026000, 2)
,(360, -1059854400, 1)
,(360, -1050786000, 2)
,(360, -1030910400, 1)
,(360, -1018126800, 2)
,(360, -999460800, 1)
,(360, -986677200, 2)
,(360, -965592000, 1)
,(360, -955227600, 2)
,(360, -935956800, 1)
,(360, -923173200, 2)
,(360, -904507200, 1)
,(360, -891723600, 2)
,(360, -880221600, 3)
,(360, -769395600, 4)
,(360, -765399600, 2)
,(360, -747252000, 1)
,(360, -733950000, 2)
,(360, -715802400, 1)
,(360, -702500400, 2)
,(360, -684352800, 1)
,(360, -671050800, 2)
,(360, -652903200, 1)
,(360, -639601200, 2)
,(360, -589399200, 1)
,(360, -576097200, 2)
,(360, -557949600, 1)
,(360, -544647600, 2)
,(360, -526500000, 1)
,(360, -513198000, 2)
,(360, -495050400, 1)
,(360, -481748400, 2)
,(360, -431546400, 1)
,(360, -418244400, 2)
,(360, -400096800, 1)
,(360, -386794800, 2)
,(360, -368647200, 1)
,(360, -355345200, 2)
,(360, -337197600, 1)
,(360, -323895600, 2)
,(360, -242244000, 1)
,(360, -226522800, 2)
,(360, -210794400, 1)
,(360, -195073200, 2)
,(360, -179344800, 1)
,(360, -163623600, 2)
,(360, -147895200, 1)
,(360, -131569200, 2)
,(360, -116445600, 1)
,(360, -100119600, 2)
,(360, -84391200, 1)
,(360, -68670000, 2)
,(360, -52941600, 1)
,(360, -37220400, 2)
,(360, -21492000, 1)
,(360, -5770800, 2)
,(360, 9957600, 1)
,(360, 25678800, 2)
,(360, 41407200, 1)
,(360, 57733200, 2)
,(360, 73461600, 1)
,(360, 89182800, 2)
,(360, 104911200, 1)
,(360, 120632400, 2)
,(360, 136360800, 1)
,(360, 152082000, 2)
,(360, 167810400, 1)
,(360, 183531600, 2)
,(360, 199260000, 1)
,(360, 215586000, 2)
,(360, 230709600, 1)
,(360, 247035600, 2)
,(360, 262764000, 1)
,(360, 278485200, 2)
,(360, 294213600, 1)
,(360, 309934800, 2)
,(360, 325663200, 1)
,(360, 341384400, 2)
,(360, 357112800, 1)
,(360, 372834000, 2)
,(360, 388562400, 1)
,(360, 404888400, 2)
,(360, 420012000, 1)
,(360, 436338000, 2)
,(360, 452066400, 1)
,(360, 467787600, 2)
,(360, 483516000, 1)
,(360, 499237200, 2)
,(360, 514965600, 1)
,(360, 530686800, 2)
,(360, 544600800, 1)
,(360, 562136400, 2)
,(360, 576050400, 1)
,(360, 594190800, 2)
,(360, 607500000, 1)
,(360, 625640400, 2)
,(360, 638949600, 1)
,(360, 657090000, 2)
,(360, 671004000, 1)
,(360, 688539600, 2)
,(360, 702453600, 1)
,(360, 719989200, 2)
,(360, 733903200, 1)
,(360, 752043600, 2)
,(360, 765352800, 1)
,(360, 783493200, 2)
,(360, 796802400, 1)
,(360, 814942800, 2)
,(360, 828856800, 1)
,(360, 846392400, 2)
,(360, 860306400, 1)
,(360, 877842000, 2)
,(360, 891756000, 1)
,(360, 909291600, 2)
,(360, 923205600, 1)
,(360, 941346000, 2)
,(360, 954655200, 1)
,(360, 972795600, 2)
,(360, 986104800, 1)
,(360, 1004245200, 2)
,(360, 1018159200, 1)
,(360, 1035694800, 2)
,(360, 1049608800, 1)
,(360, 1067144400, 2)
,(360, 1081058400, 1)
,(360, 1099198800, 2)
,(360, 1112508000, 1)
,(360, 1130648400, 2)
,(360, 1143957600, 1)
,(360, 1162098000, 2)
,(360, 1173592800, 1)
,(360, 1194152400, 2)
,(360, 1205042400, 1)
,(360, 1225602000, 2)
,(360, 1236492000, 1)
,(360, 1257051600, 2)
,(360, 1268546400, 1)
,(360, 1289106000, 2)
,(360, 1299996000, 1)
,(360, 1320555600, 2)
,(360, 1331445600, 1)
,(360, 1352005200, 2)
,(360, 1362895200, 1)
,(360, 1383454800, 2)
,(360, 1394344800, 1)
,(360, 1414904400, 2)
,(360, 1425794400, 1)
,(360, 1446354000, 2)
,(360, 1457848800, 1)
,(360, 1478408400, 2)
,(360, 1489298400, 1)
,(360, 1509858000, 2)
,(360, 1520748000, 1)
,(360, 1541307600, 2)
,(360, 1552197600, 1)
,(360, 1572757200, 2)
,(360, 1583647200, 1)
,(360, 1604206800, 2)
,(360, 1615701600, 1)
,(360, 1636261200, 2)
,(360, 1647151200, 1)
,(360, 1667710800, 2)
,(360, 1678600800, 1)
,(360, 1699160400, 2)
,(360, 1710050400, 1)
,(360, 1730610000, 2)
,(360, 1741500000, 1)
,(360, 1762059600, 2)
,(360, 1772949600, 1)
,(360, 1793509200, 2)
,(360, 1805004000, 1)
,(360, 1825563600, 2)
,(360, 1836453600, 1)
,(360, 1857013200, 2)
,(360, 1867903200, 1)
,(360, 1888462800, 2)
,(360, 1899352800, 1)
,(360, 1919912400, 2)
,(360, 1930802400, 1)
,(360, 1951362000, 2)
,(360, 1962856800, 1)
,(360, 1983416400, 2)
,(360, 1994306400, 1)
,(360, 2014866000, 2)
,(360, 2025756000, 1)
,(360, 2046315600, 2)
,(360, 2057205600, 1)
,(360, 2077765200, 2)
,(360, 2088655200, 1)
,(360, 2109214800, 2)
,(360, 2120104800, 1)
,(360, 2140664400, 2)
;
INSERT INTO  oceanbase.__all_tenant_time_zone_transition_type (Time_zone_id, Transition_type_id, Offset, Is_DST, Abbreviation) VALUES
 (360, 0, -15264, 0, 'LMT')
,(360, 1, -10800, 1, 'ADT')
,(360, 2, -14400, 0, 'AST')
,(360, 3, -10800, 1, 'AWT')
,(360, 4, -10800, 1, 'APT')
;
INSERT INTO oceanbase.__all_tenant_time_zone (Time_zone_id, Use_leap_seconds) VALUES (361, 'N');
INSERT INTO  oceanbase.__all_tenant_time_zone_name (Name, Time_zone_id) VALUES ('Canada/Central', 361);
INSERT INTO  oceanbase.__all_tenant_time_zone_transition (Time_zone_id, Transition_time, Transition_type_id) VALUES
 (361, -1694368800, 0)
,(361, -1681671600, 1)
,(361, -1632067200, 0)
,(361, -1614790800, 1)
,(361, -1029686400, 0)
,(361, -1018198800, 1)
,(361, -880214400, 2)
,(361, -769395600, 3)
,(361, -765392400, 1)
,(361, -746035200, 0)
,(361, -732733200, 1)
,(361, -715795200, 0)
,(361, -702493200, 1)
,(361, -684345600, 0)
,(361, -671043600, 1)
,(361, -652896000, 0)
,(361, -639594000, 1)
,(361, -620755200, 0)
,(361, -607626000, 1)
,(361, -589392000, 0)
,(361, -576090000, 1)
,(361, -557942400, 0)
,(361, -544640400, 1)
,(361, -526492800, 0)
,(361, -513190800, 1)
,(361, -495043200, 0)
,(361, -481741200, 1)
,(361, -463593600, 0)
,(361, -450291600, 1)
,(361, -431539200, 0)
,(361, -418237200, 1)
,(361, -400089600, 0)
,(361, -386787600, 1)
,(361, -368640000, 0)
,(361, -355338000, 1)
,(361, -337190400, 0)
,(361, -321469200, 1)
,(361, -305740800, 0)
,(361, -292438800, 1)
,(361, -210787200, 0)
,(361, -198090000, 1)
,(361, -116438400, 4)
,(361, -100108800, 5)
,(361, -84384000, 4)
,(361, -68659200, 5)
,(361, -52934400, 4)
,(361, -37209600, 5)
,(361, -21484800, 4)
,(361, -5760000, 5)
,(361, 9964800, 4)
,(361, 25689600, 5)
,(361, 41414400, 4)
,(361, 57744000, 5)
,(361, 73468800, 4)
,(361, 89193600, 5)
,(361, 104918400, 4)
,(361, 120643200, 5)
,(361, 136368000, 4)
,(361, 152092800, 5)
,(361, 167817600, 4)
,(361, 183542400, 5)
,(361, 199267200, 4)
,(361, 215596800, 5)
,(361, 230716800, 4)
,(361, 247046400, 5)
,(361, 262771200, 4)
,(361, 278496000, 5)
,(361, 294220800, 4)
,(361, 309945600, 5)
,(361, 325670400, 4)
,(361, 341395200, 5)
,(361, 357120000, 4)
,(361, 372844800, 5)
,(361, 388569600, 4)
,(361, 404899200, 5)
,(361, 420019200, 4)
,(361, 436348800, 5)
,(361, 452073600, 4)
,(361, 467798400, 5)
,(361, 483523200, 4)
,(361, 499248000, 5)
,(361, 514972800, 4)
,(361, 530697600, 5)
,(361, 544608000, 4)
,(361, 562147200, 5)
,(361, 576057600, 4)
,(361, 594201600, 5)
,(361, 607507200, 4)
,(361, 625651200, 5)
,(361, 638956800, 4)
,(361, 657100800, 5)
,(361, 671011200, 4)
,(361, 688550400, 5)
,(361, 702460800, 4)
,(361, 720000000, 5)
,(361, 733910400, 4)
,(361, 752054400, 5)
,(361, 765360000, 4)
,(361, 783504000, 5)
,(361, 796809600, 4)
,(361, 814953600, 5)
,(361, 828864000, 4)
,(361, 846403200, 5)
,(361, 860313600, 4)
,(361, 877852800, 5)
,(361, 891763200, 4)
,(361, 909302400, 5)
,(361, 923212800, 4)
,(361, 941356800, 5)
,(361, 954662400, 4)
,(361, 972806400, 5)
,(361, 986112000, 4)
,(361, 1004256000, 5)
,(361, 1018166400, 4)
,(361, 1035705600, 5)
,(361, 1049616000, 4)
,(361, 1067155200, 5)
,(361, 1081065600, 4)
,(361, 1099209600, 5)
,(361, 1112515200, 4)
,(361, 1130659200, 5)
,(361, 1136095200, 1)
,(361, 1143964800, 0)
,(361, 1162105200, 1)
,(361, 1173600000, 0)
,(361, 1194159600, 1)
,(361, 1205049600, 0)
,(361, 1225609200, 1)
,(361, 1236499200, 0)
,(361, 1257058800, 1)
,(361, 1268553600, 0)
,(361, 1289113200, 1)
,(361, 1300003200, 0)
,(361, 1320562800, 1)
,(361, 1331452800, 0)
,(361, 1352012400, 1)
,(361, 1362902400, 0)
,(361, 1383462000, 1)
,(361, 1394352000, 0)
,(361, 1414911600, 1)
,(361, 1425801600, 0)
,(361, 1446361200, 1)
,(361, 1457856000, 0)
,(361, 1478415600, 1)
,(361, 1489305600, 0)
,(361, 1509865200, 1)
,(361, 1520755200, 0)
,(361, 1541314800, 1)
,(361, 1552204800, 0)
,(361, 1572764400, 1)
,(361, 1583654400, 0)
,(361, 1604214000, 1)
,(361, 1615708800, 0)
,(361, 1636268400, 1)
,(361, 1647158400, 0)
,(361, 1667718000, 1)
,(361, 1678608000, 0)
,(361, 1699167600, 1)
,(361, 1710057600, 0)
,(361, 1730617200, 1)
,(361, 1741507200, 0)
,(361, 1762066800, 1)
,(361, 1772956800, 0)
,(361, 1793516400, 1)
,(361, 1805011200, 0)
,(361, 1825570800, 1)
,(361, 1836460800, 0)
,(361, 1857020400, 1)
,(361, 1867910400, 0)
,(361, 1888470000, 1)
,(361, 1899360000, 0)
,(361, 1919919600, 1)
,(361, 1930809600, 0)
,(361, 1951369200, 1)
,(361, 1962864000, 0)
,(361, 1983423600, 1)
,(361, 1994313600, 0)
,(361, 2014873200, 1)
,(361, 2025763200, 0)
,(361, 2046322800, 1)
,(361, 2057212800, 0)
,(361, 2077772400, 1)
,(361, 2088662400, 0)
,(361, 2109222000, 1)
,(361, 2120112000, 0)
,(361, 2140671600, 1)
;
INSERT INTO  oceanbase.__all_tenant_time_zone_transition_type (Time_zone_id, Transition_type_id, Offset, Is_DST, Abbreviation) VALUES
 (361, 0, -18000, 1, 'CDT')
,(361, 1, -21600, 0, 'CST')
,(361, 2, -18000, 1, 'CWT')
,(361, 3, -18000, 1, 'CPT')
,(361, 4, -18000, 1, 'CDT')
,(361, 5, -21600, 0, 'CST')
;
INSERT INTO oceanbase.__all_tenant_time_zone (Time_zone_id, Use_leap_seconds) VALUES (362, 'N');
INSERT INTO  oceanbase.__all_tenant_time_zone_name (Name, Time_zone_id) VALUES ('Canada/East-Saskatchewan', 362);
INSERT INTO  oceanbase.__all_tenant_time_zone_transition (Time_zone_id, Transition_time, Transition_type_id) VALUES
 (362, -2030202084, 2)
,(362, -1632063600, 1)
,(362, -1614787200, 2)
,(362, -1251651600, 1)
,(362, -1238349600, 2)
,(362, -1220202000, 1)
,(362, -1206900000, 2)
,(362, -1188752400, 1)
,(362, -1175450400, 2)
,(362, -1156698000, 1)
,(362, -1144000800, 2)
,(362, -1125248400, 1)
,(362, -1111946400, 2)
,(362, -1032714000, 1)
,(362, -1016992800, 2)
,(362, -1001264400, 1)
,(362, -986148000, 2)
,(362, -969814800, 1)
,(362, -954093600, 2)
,(362, -937760400, 1)
,(362, -922039200, 2)
,(362, -906310800, 1)
,(362, -890589600, 2)
,(362, -880210800, 3)
,(362, -769395600, 4)
,(362, -765388800, 2)
,(362, -748450800, 1)
,(362, -732729600, 2)
,(362, -715791600, 1)
,(362, -702489600, 2)
,(362, -684342000, 1)
,(362, -671040000, 2)
,(362, -652892400, 1)
,(362, -639590400, 2)
,(362, -620838000, 1)
,(362, -608140800, 2)
,(362, -589388400, 1)
,(362, -576086400, 2)
,(362, -557938800, 1)
,(362, -544636800, 2)
,(362, -526489200, 1)
,(362, -513187200, 2)
,(362, -495039600, 1)
,(362, -481737600, 2)
,(362, -463590000, 1)
,(362, -450288000, 2)
,(362, -431535600, 1)
,(362, -418233600, 2)
,(362, -400086000, 1)
,(362, -386784000, 2)
,(362, -337186800, 1)
,(362, -321465600, 2)
,(362, -305737200, 5)
;
INSERT INTO  oceanbase.__all_tenant_time_zone_transition_type (Time_zone_id, Transition_type_id, Offset, Is_DST, Abbreviation) VALUES
 (362, 0, -25116, 0, 'LMT')
,(362, 1, -21600, 1, 'MDT')
,(362, 2, -25200, 0, 'MST')
,(362, 3, -21600, 1, 'MWT')
,(362, 4, -21600, 1, 'MPT')
,(362, 5, -21600, 0, 'CST')
;
INSERT INTO oceanbase.__all_tenant_time_zone (Time_zone_id, Use_leap_seconds) VALUES (363, 'N');
INSERT INTO  oceanbase.__all_tenant_time_zone_name (Name, Time_zone_id) VALUES ('Canada/Eastern', 363);
INSERT INTO  oceanbase.__all_tenant_time_zone_transition (Time_zone_id, Transition_time, Transition_type_id) VALUES
 (363, -1632070800, 0)
,(363, -1614794400, 1)
,(363, -1601753400, 0)
,(363, -1583697600, 1)
,(363, -1567357200, 0)
,(363, -1554667200, 1)
,(363, -1534698000, 0)
,(363, -1524074400, 1)
,(363, -1503248400, 0)
,(363, -1492365600, 1)
,(363, -1471798800, 0)
,(363, -1460916000, 1)
,(363, -1440954000, 0)
,(363, -1428861600, 1)
,(363, -1409504400, 0)
,(363, -1397412000, 1)
,(363, -1378054800, 0)
,(363, -1365962400, 1)
,(363, -1346605200, 0)
,(363, -1333908000, 1)
,(363, -1315155600, 0)
,(363, -1301853600, 1)
,(363, -1283706000, 0)
,(363, -1270404000, 1)
,(363, -1252256400, 0)
,(363, -1238954400, 1)
,(363, -1220806800, 0)
,(363, -1207504800, 1)
,(363, -1188752400, 0)
,(363, -1176055200, 1)
,(363, -1157302800, 0)
,(363, -1144000800, 1)
,(363, -1125853200, 0)
,(363, -1112551200, 1)
,(363, -1094403600, 0)
,(363, -1081101600, 1)
,(363, -1062954000, 0)
,(363, -1049652000, 1)
,(363, -1031504400, 0)
,(363, -1018202400, 1)
,(363, -1000054800, 0)
,(363, -986752800, 1)
,(363, -968000400, 0)
,(363, -955303200, 1)
,(363, -936550800, 0)
,(363, -880218000, 2)
,(363, -769395600, 3)
,(363, -765396000, 1)
,(363, -747248400, 0)
,(363, -733946400, 1)
,(363, -715806000, 0)
,(363, -702504000, 1)
,(363, -684356400, 0)
,(363, -671054400, 1)
,(363, -652906800, 0)
,(363, -634161600, 1)
,(363, -620845200, 0)
,(363, -602704800, 1)
,(363, -589395600, 0)
,(363, -576093600, 1)
,(363, -557946000, 0)
,(363, -544644000, 1)
,(363, -526496400, 0)
,(363, -513194400, 1)
,(363, -495046800, 0)
,(363, -481744800, 1)
,(363, -463597200, 0)
,(363, -450295200, 1)
,(363, -431542800, 0)
,(363, -418240800, 1)
,(363, -400093200, 0)
,(363, -384372000, 1)
,(363, -368643600, 0)
,(363, -352922400, 1)
,(363, -337194000, 0)
,(363, -321472800, 1)
,(363, -305744400, 0)
,(363, -289418400, 1)
,(363, -273690000, 0)
,(363, -257968800, 1)
,(363, -242240400, 0)
,(363, -226519200, 1)
,(363, -210790800, 0)
,(363, -195069600, 1)
,(363, -179341200, 0)
,(363, -163620000, 1)
,(363, -147891600, 0)
,(363, -131565600, 1)
,(363, -116442000, 0)
,(363, -100116000, 1)
,(363, -84387600, 0)
,(363, -68666400, 1)
,(363, -52938000, 0)
,(363, -37216800, 1)
,(363, -21488400, 0)
,(363, -5767200, 1)
,(363, 9961200, 0)
,(363, 25682400, 1)
,(363, 41410800, 0)
,(363, 57736800, 1)
,(363, 73465200, 0)
,(363, 89186400, 1)
,(363, 104914800, 0)
,(363, 120636000, 1)
,(363, 136364400, 0)
,(363, 152085600, 1)
,(363, 167814000, 0)
,(363, 183535200, 1)
,(363, 199263600, 0)
,(363, 215589600, 1)
,(363, 230713200, 0)
,(363, 247039200, 1)
,(363, 262767600, 0)
,(363, 278488800, 1)
,(363, 294217200, 0)
,(363, 309938400, 1)
,(363, 325666800, 0)
,(363, 341388000, 1)
,(363, 357116400, 0)
,(363, 372837600, 1)
,(363, 388566000, 0)
,(363, 404892000, 1)
,(363, 420015600, 0)
,(363, 436341600, 1)
,(363, 452070000, 0)
,(363, 467791200, 1)
,(363, 483519600, 0)
,(363, 499240800, 1)
,(363, 514969200, 0)
,(363, 530690400, 1)
,(363, 544604400, 0)
,(363, 562140000, 1)
,(363, 576054000, 0)
,(363, 594194400, 1)
,(363, 607503600, 0)
,(363, 625644000, 1)
,(363, 638953200, 0)
,(363, 657093600, 1)
,(363, 671007600, 0)
,(363, 688543200, 1)
,(363, 702457200, 0)
,(363, 719992800, 1)
,(363, 733906800, 0)
,(363, 752047200, 1)
,(363, 765356400, 0)
,(363, 783496800, 1)
,(363, 796806000, 0)
,(363, 814946400, 1)
,(363, 828860400, 0)
,(363, 846396000, 1)
,(363, 860310000, 0)
,(363, 877845600, 1)
,(363, 891759600, 0)
,(363, 909295200, 1)
,(363, 923209200, 0)
,(363, 941349600, 1)
,(363, 954658800, 0)
,(363, 972799200, 1)
,(363, 986108400, 0)
,(363, 1004248800, 1)
,(363, 1018162800, 0)
,(363, 1035698400, 1)
,(363, 1049612400, 0)
,(363, 1067148000, 1)
,(363, 1081062000, 0)
,(363, 1099202400, 1)
,(363, 1112511600, 0)
,(363, 1130652000, 1)
,(363, 1143961200, 0)
,(363, 1162101600, 1)
,(363, 1173596400, 0)
,(363, 1194156000, 1)
,(363, 1205046000, 0)
,(363, 1225605600, 1)
,(363, 1236495600, 0)
,(363, 1257055200, 1)
,(363, 1268550000, 0)
,(363, 1289109600, 1)
,(363, 1299999600, 0)
,(363, 1320559200, 1)
,(363, 1331449200, 0)
,(363, 1352008800, 1)
,(363, 1362898800, 0)
,(363, 1383458400, 1)
,(363, 1394348400, 0)
,(363, 1414908000, 1)
,(363, 1425798000, 0)
,(363, 1446357600, 1)
,(363, 1457852400, 0)
,(363, 1478412000, 1)
,(363, 1489302000, 0)
,(363, 1509861600, 1)
,(363, 1520751600, 0)
,(363, 1541311200, 1)
,(363, 1552201200, 0)
,(363, 1572760800, 1)
,(363, 1583650800, 0)
,(363, 1604210400, 1)
,(363, 1615705200, 0)
,(363, 1636264800, 1)
,(363, 1647154800, 0)
,(363, 1667714400, 1)
,(363, 1678604400, 0)
,(363, 1699164000, 1)
,(363, 1710054000, 0)
,(363, 1730613600, 1)
,(363, 1741503600, 0)
,(363, 1762063200, 1)
,(363, 1772953200, 0)
,(363, 1793512800, 1)
,(363, 1805007600, 0)
,(363, 1825567200, 1)
,(363, 1836457200, 0)
,(363, 1857016800, 1)
,(363, 1867906800, 0)
,(363, 1888466400, 1)
,(363, 1899356400, 0)
,(363, 1919916000, 1)
,(363, 1930806000, 0)
,(363, 1951365600, 1)
,(363, 1962860400, 0)
,(363, 1983420000, 1)
,(363, 1994310000, 0)
,(363, 2014869600, 1)
,(363, 2025759600, 0)
,(363, 2046319200, 1)
,(363, 2057209200, 0)
,(363, 2077768800, 1)
,(363, 2088658800, 0)
,(363, 2109218400, 1)
,(363, 2120108400, 0)
,(363, 2140668000, 1)
;
INSERT INTO  oceanbase.__all_tenant_time_zone_transition_type (Time_zone_id, Transition_type_id, Offset, Is_DST, Abbreviation) VALUES
 (363, 0, -14400, 1, 'EDT')
,(363, 1, -18000, 0, 'EST')
,(363, 2, -14400, 1, 'EWT')
,(363, 3, -14400, 1, 'EPT')
;
INSERT INTO oceanbase.__all_tenant_time_zone (Time_zone_id, Use_leap_seconds) VALUES (364, 'N');
INSERT INTO  oceanbase.__all_tenant_time_zone_name (Name, Time_zone_id) VALUES ('Canada/Mountain', 364);
INSERT INTO  oceanbase.__all_tenant_time_zone_transition (Time_zone_id, Transition_time, Transition_type_id) VALUES
 (364, -1998663968, 2)
,(364, -1632063600, 1)
,(364, -1614787200, 2)
,(364, -1600614000, 1)
,(364, -1596816000, 2)
,(364, -1567954800, 1)
,(364, -1551628800, 2)
,(364, -1536505200, 1)
,(364, -1523203200, 2)
,(364, -1504450800, 1)
,(364, -1491753600, 2)
,(364, -1473001200, 1)
,(364, -1459699200, 2)
,(364, -880210800, 3)
,(364, -769395600, 4)
,(364, -765388800, 2)
,(364, -715791600, 1)
,(364, -702489600, 2)
,(364, -84380400, 1)
,(364, -68659200, 2)
,(364, -21481200, 1)
,(364, -5760000, 2)
,(364, 73472400, 1)
,(364, 89193600, 2)
,(364, 104922000, 1)
,(364, 120643200, 2)
,(364, 136371600, 1)
,(364, 152092800, 2)
,(364, 167821200, 1)
,(364, 183542400, 2)
,(364, 199270800, 1)
,(364, 215596800, 2)
,(364, 230720400, 1)
,(364, 247046400, 2)
,(364, 262774800, 1)
,(364, 278496000, 2)
,(364, 294224400, 1)
,(364, 309945600, 2)
,(364, 325674000, 1)
,(364, 341395200, 2)
,(364, 357123600, 1)
,(364, 372844800, 2)
,(364, 388573200, 1)
,(364, 404899200, 2)
,(364, 420022800, 1)
,(364, 436348800, 2)
,(364, 452077200, 1)
,(364, 467798400, 2)
,(364, 483526800, 1)
,(364, 499248000, 2)
,(364, 514976400, 1)
,(364, 530697600, 2)
,(364, 544611600, 1)
,(364, 562147200, 2)
,(364, 576061200, 1)
,(364, 594201600, 2)
,(364, 607510800, 1)
,(364, 625651200, 2)
,(364, 638960400, 1)
,(364, 657100800, 2)
,(364, 671014800, 1)
,(364, 688550400, 2)
,(364, 702464400, 1)
,(364, 720000000, 2)
,(364, 733914000, 1)
,(364, 752054400, 2)
,(364, 765363600, 1)
,(364, 783504000, 2)
,(364, 796813200, 1)
,(364, 814953600, 2)
,(364, 828867600, 1)
,(364, 846403200, 2)
,(364, 860317200, 1)
,(364, 877852800, 2)
,(364, 891766800, 1)
,(364, 909302400, 2)
,(364, 923216400, 1)
,(364, 941356800, 2)
,(364, 954666000, 1)
,(364, 972806400, 2)
,(364, 986115600, 1)
,(364, 1004256000, 2)
,(364, 1018170000, 1)
,(364, 1035705600, 2)
,(364, 1049619600, 1)
,(364, 1067155200, 2)
,(364, 1081069200, 1)
,(364, 1099209600, 2)
,(364, 1112518800, 1)
,(364, 1130659200, 2)
,(364, 1143968400, 1)
,(364, 1162108800, 2)
,(364, 1173603600, 1)
,(364, 1194163200, 2)
,(364, 1205053200, 1)
,(364, 1225612800, 2)
,(364, 1236502800, 1)
,(364, 1257062400, 2)
,(364, 1268557200, 1)
,(364, 1289116800, 2)
,(364, 1300006800, 1)
,(364, 1320566400, 2)
,(364, 1331456400, 1)
,(364, 1352016000, 2)
,(364, 1362906000, 1)
,(364, 1383465600, 2)
,(364, 1394355600, 1)
,(364, 1414915200, 2)
,(364, 1425805200, 1)
,(364, 1446364800, 2)
,(364, 1457859600, 1)
,(364, 1478419200, 2)
,(364, 1489309200, 1)
,(364, 1509868800, 2)
,(364, 1520758800, 1)
,(364, 1541318400, 2)
,(364, 1552208400, 1)
,(364, 1572768000, 2)
,(364, 1583658000, 1)
,(364, 1604217600, 2)
,(364, 1615712400, 1)
,(364, 1636272000, 2)
,(364, 1647162000, 1)
,(364, 1667721600, 2)
,(364, 1678611600, 1)
,(364, 1699171200, 2)
,(364, 1710061200, 1)
,(364, 1730620800, 2)
,(364, 1741510800, 1)
,(364, 1762070400, 2)
,(364, 1772960400, 1)
,(364, 1793520000, 2)
,(364, 1805014800, 1)
,(364, 1825574400, 2)
,(364, 1836464400, 1)
,(364, 1857024000, 2)
,(364, 1867914000, 1)
,(364, 1888473600, 2)
,(364, 1899363600, 1)
,(364, 1919923200, 2)
,(364, 1930813200, 1)
,(364, 1951372800, 2)
,(364, 1962867600, 1)
,(364, 1983427200, 2)
,(364, 1994317200, 1)
,(364, 2014876800, 2)
,(364, 2025766800, 1)
,(364, 2046326400, 2)
,(364, 2057216400, 1)
,(364, 2077776000, 2)
,(364, 2088666000, 1)
,(364, 2109225600, 2)
,(364, 2120115600, 1)
,(364, 2140675200, 2)
;
INSERT INTO  oceanbase.__all_tenant_time_zone_transition_type (Time_zone_id, Transition_type_id, Offset, Is_DST, Abbreviation) VALUES
 (364, 0, -27232, 0, 'LMT')
,(364, 1, -21600, 1, 'MDT')
,(364, 2, -25200, 0, 'MST')
,(364, 3, -21600, 1, 'MWT')
,(364, 4, -21600, 1, 'MPT')
;
INSERT INTO oceanbase.__all_tenant_time_zone (Time_zone_id, Use_leap_seconds) VALUES (365, 'N');
INSERT INTO  oceanbase.__all_tenant_time_zone_name (Name, Time_zone_id) VALUES ('Canada/Newfoundland', 365);
INSERT INTO  oceanbase.__all_tenant_time_zone_transition (Time_zone_id, Transition_time, Transition_type_id) VALUES
 (365, -1664130548, 0)
,(365, -1650137348, 1)
,(365, -1632076148, 0)
,(365, -1614799748, 1)
,(365, -1598650148, 0)
,(365, -1590100148, 1)
,(365, -1567286948, 0)
,(365, -1551565748, 1)
,(365, -1535837348, 0)
,(365, -1520116148, 1)
,(365, -1503782948, 0)
,(365, -1488666548, 1)
,(365, -1472333348, 0)
,(365, -1457216948, 1)
,(365, -1440883748, 0)
,(365, -1425767348, 1)
,(365, -1409434148, 0)
,(365, -1394317748, 1)
,(365, -1377984548, 0)
,(365, -1362263348, 1)
,(365, -1346534948, 0)
,(365, -1330813748, 1)
,(365, -1314480548, 0)
,(365, -1299364148, 1)
,(365, -1283030948, 0)
,(365, -1267914548, 1)
,(365, -1251581348, 0)
,(365, -1236464948, 1)
,(365, -1220131748, 0)
,(365, -1205015348, 1)
,(365, -1188682148, 0)
,(365, -1172960948, 1)
,(365, -1156627748, 0)
,(365, -1141511348, 1)
,(365, -1125178148, 0)
,(365, -1110061748, 1)
,(365, -1096921748, 3)
,(365, -1093728600, 2)
,(365, -1078612200, 3)
,(365, -1061670600, 2)
,(365, -1048973400, 3)
,(365, -1030221000, 2)
,(365, -1017523800, 3)
,(365, -998771400, 2)
,(365, -986074200, 3)
,(365, -966717000, 2)
,(365, -954624600, 3)
,(365, -935267400, 2)
,(365, -922570200, 3)
,(365, -903817800, 2)
,(365, -891120600, 3)
,(365, -872368200, 5)
,(365, -769395600, 4)
,(365, -765401400, 3)
,(365, -746044200, 2)
,(365, -733347000, 3)
,(365, -714594600, 2)
,(365, -701897400, 3)
,(365, -683145000, 2)
,(365, -670447800, 3)
,(365, -651695400, 2)
,(365, -638998200, 3)
,(365, -619641000, 2)
,(365, -606943800, 3)
,(365, -589401000, 2)
,(365, -576099000, 3)
,(365, -557951400, 2)
,(365, -544649400, 3)
,(365, -526501800, 2)
,(365, -513199800, 3)
,(365, -495052200, 2)
,(365, -481750200, 3)
,(365, -463602600, 2)
,(365, -450300600, 3)
,(365, -431548200, 2)
,(365, -418246200, 3)
,(365, -400098600, 2)
,(365, -386796600, 3)
,(365, -368649000, 2)
,(365, -355347000, 3)
,(365, -337199400, 2)
,(365, -323897400, 3)
,(365, -305749800, 2)
,(365, -289423800, 3)
,(365, -273695400, 2)
,(365, -257974200, 3)
,(365, -242245800, 2)
,(365, -226524600, 3)
,(365, -210796200, 2)
,(365, -195075000, 3)
,(365, -179346600, 2)
,(365, -163625400, 3)
,(365, -147897000, 2)
,(365, -131571000, 3)
,(365, -116447400, 2)
,(365, -100121400, 3)
,(365, -84393000, 2)
,(365, -68671800, 3)
,(365, -52943400, 2)
,(365, -37222200, 3)
,(365, -21493800, 2)
,(365, -5772600, 3)
,(365, 9955800, 2)
,(365, 25677000, 3)
,(365, 41405400, 2)
,(365, 57731400, 3)
,(365, 73459800, 2)
,(365, 89181000, 3)
,(365, 104909400, 2)
,(365, 120630600, 3)
,(365, 136359000, 2)
,(365, 152080200, 3)
,(365, 167808600, 2)
,(365, 183529800, 3)
,(365, 199258200, 2)
,(365, 215584200, 3)
,(365, 230707800, 2)
,(365, 247033800, 3)
,(365, 262762200, 2)
,(365, 278483400, 3)
,(365, 294211800, 2)
,(365, 309933000, 3)
,(365, 325661400, 2)
,(365, 341382600, 3)
,(365, 357111000, 2)
,(365, 372832200, 3)
,(365, 388560600, 2)
,(365, 404886600, 3)
,(365, 420010200, 2)
,(365, 436336200, 3)
,(365, 452064600, 2)
,(365, 467785800, 3)
,(365, 483514200, 2)
,(365, 499235400, 3)
,(365, 514963800, 2)
,(365, 530685000, 3)
,(365, 544591860, 2)
,(365, 562127460, 3)
,(365, 576041460, 6)
,(365, 594178260, 3)
,(365, 607491060, 2)
,(365, 625631460, 3)
,(365, 638940660, 2)
,(365, 657081060, 3)
,(365, 670995060, 2)
,(365, 688530660, 3)
,(365, 702444660, 2)
,(365, 719980260, 3)
,(365, 733894260, 2)
,(365, 752034660, 3)
,(365, 765343860, 2)
,(365, 783484260, 3)
,(365, 796793460, 2)
,(365, 814933860, 3)
,(365, 828847860, 2)
,(365, 846383460, 3)
,(365, 860297460, 2)
,(365, 877833060, 3)
,(365, 891747060, 2)
,(365, 909282660, 3)
,(365, 923196660, 2)
,(365, 941337060, 3)
,(365, 954646260, 2)
,(365, 972786660, 3)
,(365, 986095860, 2)
,(365, 1004236260, 3)
,(365, 1018150260, 2)
,(365, 1035685860, 3)
,(365, 1049599860, 2)
,(365, 1067135460, 3)
,(365, 1081049460, 2)
,(365, 1099189860, 3)
,(365, 1112499060, 2)
,(365, 1130639460, 3)
,(365, 1143948660, 2)
,(365, 1162089060, 3)
,(365, 1173583860, 2)
,(365, 1194143460, 3)
,(365, 1205033460, 2)
,(365, 1225593060, 3)
,(365, 1236483060, 2)
,(365, 1257042660, 3)
,(365, 1268537460, 2)
,(365, 1289097060, 3)
,(365, 1299987060, 2)
,(365, 1320553800, 3)
,(365, 1331443800, 2)
,(365, 1352003400, 3)
,(365, 1362893400, 2)
,(365, 1383453000, 3)
,(365, 1394343000, 2)
,(365, 1414902600, 3)
,(365, 1425792600, 2)
,(365, 1446352200, 3)
,(365, 1457847000, 2)
,(365, 1478406600, 3)
,(365, 1489296600, 2)
,(365, 1509856200, 3)
,(365, 1520746200, 2)
,(365, 1541305800, 3)
,(365, 1552195800, 2)
,(365, 1572755400, 3)
,(365, 1583645400, 2)
,(365, 1604205000, 3)
,(365, 1615699800, 2)
,(365, 1636259400, 3)
,(365, 1647149400, 2)
,(365, 1667709000, 3)
,(365, 1678599000, 2)
,(365, 1699158600, 3)
,(365, 1710048600, 2)
,(365, 1730608200, 3)
,(365, 1741498200, 2)
,(365, 1762057800, 3)
,(365, 1772947800, 2)
,(365, 1793507400, 3)
,(365, 1805002200, 2)
,(365, 1825561800, 3)
,(365, 1836451800, 2)
,(365, 1857011400, 3)
,(365, 1867901400, 2)
,(365, 1888461000, 3)
,(365, 1899351000, 2)
,(365, 1919910600, 3)
,(365, 1930800600, 2)
,(365, 1951360200, 3)
,(365, 1962855000, 2)
,(365, 1983414600, 3)
,(365, 1994304600, 2)
,(365, 2014864200, 3)
,(365, 2025754200, 2)
,(365, 2046313800, 3)
,(365, 2057203800, 2)
,(365, 2077763400, 3)
,(365, 2088653400, 2)
,(365, 2109213000, 3)
,(365, 2120103000, 2)
,(365, 2140662600, 3)
;
INSERT INTO  oceanbase.__all_tenant_time_zone_transition_type (Time_zone_id, Transition_type_id, Offset, Is_DST, Abbreviation) VALUES
 (365, 0, -9052, 1, 'NDT')
,(365, 1, -12652, 0, 'NST')
,(365, 2, -9000, 1, 'NDT')
,(365, 3, -12600, 0, 'NST')
,(365, 4, -9000, 1, 'NPT')
,(365, 5, -9000, 1, 'NWT')
,(365, 6, -5400, 1, 'NDDT')
;
INSERT INTO oceanbase.__all_tenant_time_zone (Time_zone_id, Use_leap_seconds) VALUES (366, 'N');
INSERT INTO  oceanbase.__all_tenant_time_zone_name (Name, Time_zone_id) VALUES ('Canada/Pacific', 366);
INSERT INTO  oceanbase.__all_tenant_time_zone_transition (Time_zone_id, Transition_time, Transition_type_id) VALUES
 (366, -1632060000, 0)
,(366, -1614783600, 1)
,(366, -880207200, 2)
,(366, -769395600, 3)
,(366, -765385200, 1)
,(366, -747237600, 0)
,(366, -732726000, 1)
,(366, -715788000, 0)
,(366, -702486000, 1)
,(366, -684338400, 0)
,(366, -671036400, 1)
,(366, -652888800, 0)
,(366, -639586800, 1)
,(366, -620834400, 0)
,(366, -608137200, 1)
,(366, -589384800, 0)
,(366, -576082800, 1)
,(366, -557935200, 0)
,(366, -544633200, 1)
,(366, -526485600, 0)
,(366, -513183600, 1)
,(366, -495036000, 0)
,(366, -481734000, 1)
,(366, -463586400, 0)
,(366, -450284400, 1)
,(366, -431532000, 0)
,(366, -418230000, 1)
,(366, -400082400, 0)
,(366, -386780400, 1)
,(366, -368632800, 0)
,(366, -355330800, 1)
,(366, -337183200, 0)
,(366, -323881200, 1)
,(366, -305733600, 0)
,(366, -292431600, 1)
,(366, -273679200, 0)
,(366, -260982000, 1)
,(366, -242229600, 0)
,(366, -226508400, 1)
,(366, -210780000, 0)
,(366, -195058800, 1)
,(366, -179330400, 0)
,(366, -163609200, 1)
,(366, -147880800, 0)
,(366, -131554800, 1)
,(366, -116431200, 0)
,(366, -100105200, 1)
,(366, -84376800, 0)
,(366, -68655600, 1)
,(366, -52927200, 0)
,(366, -37206000, 1)
,(366, -21477600, 0)
,(366, -5756400, 1)
,(366, 9972000, 0)
,(366, 25693200, 1)
,(366, 41421600, 0)
,(366, 57747600, 1)
,(366, 73476000, 0)
,(366, 89197200, 1)
,(366, 104925600, 0)
,(366, 120646800, 1)
,(366, 136375200, 0)
,(366, 152096400, 1)
,(366, 167824800, 0)
,(366, 183546000, 1)
,(366, 199274400, 0)
,(366, 215600400, 1)
,(366, 230724000, 0)
,(366, 247050000, 1)
,(366, 262778400, 0)
,(366, 278499600, 1)
,(366, 294228000, 0)
,(366, 309949200, 1)
,(366, 325677600, 0)
,(366, 341398800, 1)
,(366, 357127200, 0)
,(366, 372848400, 1)
,(366, 388576800, 0)
,(366, 404902800, 1)
,(366, 420026400, 0)
,(366, 436352400, 1)
,(366, 452080800, 0)
,(366, 467802000, 1)
,(366, 483530400, 0)
,(366, 499251600, 1)
,(366, 514980000, 0)
,(366, 530701200, 1)
,(366, 544615200, 0)
,(366, 562150800, 1)
,(366, 576064800, 0)
,(366, 594205200, 1)
,(366, 607514400, 0)
,(366, 625654800, 1)
,(366, 638964000, 0)
,(366, 657104400, 1)
,(366, 671018400, 0)
,(366, 688554000, 1)
,(366, 702468000, 0)
,(366, 720003600, 1)
,(366, 733917600, 0)
,(366, 752058000, 1)
,(366, 765367200, 0)
,(366, 783507600, 1)
,(366, 796816800, 0)
,(366, 814957200, 1)
,(366, 828871200, 0)
,(366, 846406800, 1)
,(366, 860320800, 0)
,(366, 877856400, 1)
,(366, 891770400, 0)
,(366, 909306000, 1)
,(366, 923220000, 0)
,(366, 941360400, 1)
,(366, 954669600, 0)
,(366, 972810000, 1)
,(366, 986119200, 0)
,(366, 1004259600, 1)
,(366, 1018173600, 0)
,(366, 1035709200, 1)
,(366, 1049623200, 0)
,(366, 1067158800, 1)
,(366, 1081072800, 0)
,(366, 1099213200, 1)
,(366, 1112522400, 0)
,(366, 1130662800, 1)
,(366, 1143972000, 0)
,(366, 1162112400, 1)
,(366, 1173607200, 0)
,(366, 1194166800, 1)
,(366, 1205056800, 0)
,(366, 1225616400, 1)
,(366, 1236506400, 0)
,(366, 1257066000, 1)
,(366, 1268560800, 0)
,(366, 1289120400, 1)
,(366, 1300010400, 0)
,(366, 1320570000, 1)
,(366, 1331460000, 0)
,(366, 1352019600, 1)
,(366, 1362909600, 0)
,(366, 1383469200, 1)
,(366, 1394359200, 0)
,(366, 1414918800, 1)
,(366, 1425808800, 0)
,(366, 1446368400, 1)
,(366, 1457863200, 0)
,(366, 1478422800, 1)
,(366, 1489312800, 0)
,(366, 1509872400, 1)
,(366, 1520762400, 0)
,(366, 1541322000, 1)
,(366, 1552212000, 0)
,(366, 1572771600, 1)
,(366, 1583661600, 0)
,(366, 1604221200, 1)
,(366, 1615716000, 0)
,(366, 1636275600, 1)
,(366, 1647165600, 0)
,(366, 1667725200, 1)
,(366, 1678615200, 0)
,(366, 1699174800, 1)
,(366, 1710064800, 0)
,(366, 1730624400, 1)
,(366, 1741514400, 0)
,(366, 1762074000, 1)
,(366, 1772964000, 0)
,(366, 1793523600, 1)
,(366, 1805018400, 0)
,(366, 1825578000, 1)
,(366, 1836468000, 0)
,(366, 1857027600, 1)
,(366, 1867917600, 0)
,(366, 1888477200, 1)
,(366, 1899367200, 0)
,(366, 1919926800, 1)
,(366, 1930816800, 0)
,(366, 1951376400, 1)
,(366, 1962871200, 0)
,(366, 1983430800, 1)
,(366, 1994320800, 0)
,(366, 2014880400, 1)
,(366, 2025770400, 0)
,(366, 2046330000, 1)
,(366, 2057220000, 0)
,(366, 2077779600, 1)
,(366, 2088669600, 0)
,(366, 2109229200, 1)
,(366, 2120119200, 0)
,(366, 2140678800, 1)
;
INSERT INTO  oceanbase.__all_tenant_time_zone_transition_type (Time_zone_id, Transition_type_id, Offset, Is_DST, Abbreviation) VALUES
 (366, 0, -25200, 1, 'PDT')
,(366, 1, -28800, 0, 'PST')
,(366, 2, -25200, 1, 'PWT')
,(366, 3, -25200, 1, 'PPT')
;
INSERT INTO oceanbase.__all_tenant_time_zone (Time_zone_id, Use_leap_seconds) VALUES (367, 'N');
INSERT INTO  oceanbase.__all_tenant_time_zone_name (Name, Time_zone_id) VALUES ('Canada/Saskatchewan', 367);
INSERT INTO  oceanbase.__all_tenant_time_zone_transition (Time_zone_id, Transition_time, Transition_type_id) VALUES
 (367, -2030202084, 2)
,(367, -1632063600, 1)
,(367, -1614787200, 2)
,(367, -1251651600, 1)
,(367, -1238349600, 2)
,(367, -1220202000, 1)
,(367, -1206900000, 2)
,(367, -1188752400, 1)
,(367, -1175450400, 2)
,(367, -1156698000, 1)
,(367, -1144000800, 2)
,(367, -1125248400, 1)
,(367, -1111946400, 2)
,(367, -1032714000, 1)
,(367, -1016992800, 2)
,(367, -1001264400, 1)
,(367, -986148000, 2)
,(367, -969814800, 1)
,(367, -954093600, 2)
,(367, -937760400, 1)
,(367, -922039200, 2)
,(367, -906310800, 1)
,(367, -890589600, 2)
,(367, -880210800, 3)
,(367, -769395600, 4)
,(367, -765388800, 2)
,(367, -748450800, 1)
,(367, -732729600, 2)
,(367, -715791600, 1)
,(367, -702489600, 2)
,(367, -684342000, 1)
,(367, -671040000, 2)
,(367, -652892400, 1)
,(367, -639590400, 2)
,(367, -620838000, 1)
,(367, -608140800, 2)
,(367, -589388400, 1)
,(367, -576086400, 2)
,(367, -557938800, 1)
,(367, -544636800, 2)
,(367, -526489200, 1)
,(367, -513187200, 2)
,(367, -495039600, 1)
,(367, -481737600, 2)
,(367, -463590000, 1)
,(367, -450288000, 2)
,(367, -431535600, 1)
,(367, -418233600, 2)
,(367, -400086000, 1)
,(367, -386784000, 2)
,(367, -337186800, 1)
,(367, -321465600, 2)
,(367, -305737200, 5)
;
INSERT INTO  oceanbase.__all_tenant_time_zone_transition_type (Time_zone_id, Transition_type_id, Offset, Is_DST, Abbreviation) VALUES
 (367, 0, -25116, 0, 'LMT')
,(367, 1, -21600, 1, 'MDT')
,(367, 2, -25200, 0, 'MST')
,(367, 3, -21600, 1, 'MWT')
,(367, 4, -21600, 1, 'MPT')
,(367, 5, -21600, 0, 'CST')
;
INSERT INTO oceanbase.__all_tenant_time_zone (Time_zone_id, Use_leap_seconds) VALUES (368, 'N');
INSERT INTO  oceanbase.__all_tenant_time_zone_name (Name, Time_zone_id) VALUES ('Canada/Yukon', 368);
INSERT INTO  oceanbase.__all_tenant_time_zone_transition (Time_zone_id, Transition_time, Transition_type_id) VALUES
 (368, -1632056400, 0)
,(368, -1615125600, 1)
,(368, -1596978000, 0)
,(368, -1583164800, 1)
,(368, -880203600, 2)
,(368, -769395600, 3)
,(368, -765381600, 1)
,(368, -147884400, 4)
,(368, -131554800, 1)
,(368, -110552400, 5)
,(368, 325677600, 6)
,(368, 341398800, 5)
,(368, 357127200, 6)
,(368, 372848400, 5)
,(368, 388576800, 6)
,(368, 404902800, 5)
,(368, 420026400, 6)
,(368, 436352400, 5)
,(368, 452080800, 6)
,(368, 467802000, 5)
,(368, 483530400, 6)
,(368, 499251600, 5)
,(368, 514980000, 6)
,(368, 530701200, 5)
,(368, 544615200, 6)
,(368, 562150800, 5)
,(368, 576064800, 6)
,(368, 594205200, 5)
,(368, 607514400, 6)
,(368, 625654800, 5)
,(368, 638964000, 6)
,(368, 657104400, 5)
,(368, 671018400, 6)
,(368, 688554000, 5)
,(368, 702468000, 6)
,(368, 720003600, 5)
,(368, 733917600, 6)
,(368, 752058000, 5)
,(368, 765367200, 6)
,(368, 783507600, 5)
,(368, 796816800, 6)
,(368, 814957200, 5)
,(368, 828871200, 6)
,(368, 846406800, 5)
,(368, 860320800, 6)
,(368, 877856400, 5)
,(368, 891770400, 6)
,(368, 909306000, 5)
,(368, 923220000, 6)
,(368, 941360400, 5)
,(368, 954669600, 6)
,(368, 972810000, 5)
,(368, 986119200, 6)
,(368, 1004259600, 5)
,(368, 1018173600, 6)
,(368, 1035709200, 5)
,(368, 1049623200, 6)
,(368, 1067158800, 5)
,(368, 1081072800, 6)
,(368, 1099213200, 5)
,(368, 1112522400, 6)
,(368, 1130662800, 5)
,(368, 1143972000, 6)
,(368, 1162112400, 5)
,(368, 1173607200, 6)
,(368, 1194166800, 5)
,(368, 1205056800, 6)
,(368, 1225616400, 5)
,(368, 1236506400, 6)
,(368, 1257066000, 5)
,(368, 1268560800, 6)
,(368, 1289120400, 5)
,(368, 1300010400, 6)
,(368, 1320570000, 5)
,(368, 1331460000, 6)
,(368, 1352019600, 5)
,(368, 1362909600, 6)
,(368, 1383469200, 5)
,(368, 1394359200, 6)
,(368, 1414918800, 5)
,(368, 1425808800, 6)
,(368, 1446368400, 5)
,(368, 1457863200, 6)
,(368, 1478422800, 5)
,(368, 1489312800, 6)
,(368, 1509872400, 5)
,(368, 1520762400, 6)
,(368, 1541322000, 5)
,(368, 1552212000, 6)
,(368, 1572771600, 5)
,(368, 1583661600, 6)
,(368, 1604221200, 5)
,(368, 1615716000, 6)
,(368, 1636275600, 5)
,(368, 1647165600, 6)
,(368, 1667725200, 5)
,(368, 1678615200, 6)
,(368, 1699174800, 5)
,(368, 1710064800, 6)
,(368, 1730624400, 5)
,(368, 1741514400, 6)
,(368, 1762074000, 5)
,(368, 1772964000, 6)
,(368, 1793523600, 5)
,(368, 1805018400, 6)
,(368, 1825578000, 5)
,(368, 1836468000, 6)
,(368, 1857027600, 5)
,(368, 1867917600, 6)
,(368, 1888477200, 5)
,(368, 1899367200, 6)
,(368, 1919926800, 5)
,(368, 1930816800, 6)
,(368, 1951376400, 5)
,(368, 1962871200, 6)
,(368, 1983430800, 5)
,(368, 1994320800, 6)
,(368, 2014880400, 5)
,(368, 2025770400, 6)
,(368, 2046330000, 5)
,(368, 2057220000, 6)
,(368, 2077779600, 5)
,(368, 2088669600, 6)
,(368, 2109229200, 5)
,(368, 2120119200, 6)
,(368, 2140678800, 5)
;
INSERT INTO  oceanbase.__all_tenant_time_zone_transition_type (Time_zone_id, Transition_type_id, Offset, Is_DST, Abbreviation) VALUES
 (368, 0, -28800, 1, 'YDT')
,(368, 1, -32400, 0, 'YST')
,(368, 2, -28800, 1, 'YWT')
,(368, 3, -28800, 1, 'YPT')
,(368, 4, -25200, 1, 'YDDT')
,(368, 5, -28800, 0, 'PST')
,(368, 6, -25200, 1, 'PDT')
;
INSERT INTO oceanbase.__all_tenant_time_zone (Time_zone_id, Use_leap_seconds) VALUES (369, 'N');
INSERT INTO  oceanbase.__all_tenant_time_zone_name (Name, Time_zone_id) VALUES ('Chile/Continental', 369);
INSERT INTO  oceanbase.__all_tenant_time_zone_transition (Time_zone_id, Transition_time, Transition_type_id) VALUES
 (369, -1893439034, 1)
,(369, -1688410800, 0)
,(369, -1619983034, 2)
,(369, -1593806400, 0)
,(369, -1335986234, 3)
,(369, -1317585600, 1)
,(369, -1304362800, 3)
,(369, -1286049600, 1)
,(369, -1272826800, 3)
,(369, -1254513600, 1)
,(369, -1241290800, 3)
,(369, -1222977600, 1)
,(369, -1209754800, 3)
,(369, -1191355200, 1)
,(369, -1178132400, 3)
,(369, -870552000, 4)
,(369, -865278000, 5)
,(369, -736376400, 4)
,(369, -713646000, 2)
,(369, -36619200, 6)
,(369, -23922000, 7)
,(369, -3355200, 6)
,(369, 7527600, 7)
,(369, 24465600, 6)
,(369, 37767600, 7)
,(369, 55915200, 6)
,(369, 69217200, 7)
,(369, 87969600, 6)
,(369, 100666800, 7)
,(369, 118209600, 6)
,(369, 132116400, 7)
,(369, 150868800, 6)
,(369, 163566000, 7)
,(369, 182318400, 6)
,(369, 195620400, 7)
,(369, 213768000, 6)
,(369, 227070000, 7)
,(369, 245217600, 6)
,(369, 258519600, 7)
,(369, 277272000, 6)
,(369, 289969200, 7)
,(369, 308721600, 6)
,(369, 321418800, 7)
,(369, 340171200, 6)
,(369, 353473200, 7)
,(369, 371620800, 6)
,(369, 384922800, 7)
,(369, 403070400, 6)
,(369, 416372400, 7)
,(369, 434520000, 6)
,(369, 447822000, 7)
,(369, 466574400, 6)
,(369, 479271600, 7)
,(369, 498024000, 6)
,(369, 510721200, 7)
,(369, 529473600, 6)
,(369, 545194800, 7)
,(369, 560923200, 6)
,(369, 574225200, 7)
,(369, 591768000, 6)
,(369, 605674800, 7)
,(369, 624427200, 6)
,(369, 637729200, 7)
,(369, 653457600, 6)
,(369, 668574000, 7)
,(369, 687326400, 6)
,(369, 700628400, 7)
,(369, 718776000, 6)
,(369, 732078000, 7)
,(369, 750225600, 6)
,(369, 763527600, 7)
,(369, 781675200, 6)
,(369, 794977200, 7)
,(369, 813729600, 6)
,(369, 826426800, 7)
,(369, 845179200, 6)
,(369, 859690800, 7)
,(369, 876628800, 6)
,(369, 889930800, 7)
,(369, 906868800, 6)
,(369, 923194800, 7)
,(369, 939528000, 6)
,(369, 952830000, 7)
,(369, 971582400, 6)
,(369, 984279600, 7)
,(369, 1003032000, 6)
,(369, 1015729200, 7)
,(369, 1034481600, 6)
,(369, 1047178800, 7)
,(369, 1065931200, 6)
,(369, 1079233200, 7)
,(369, 1097380800, 6)
,(369, 1110682800, 7)
,(369, 1128830400, 6)
,(369, 1142132400, 7)
,(369, 1160884800, 6)
,(369, 1173582000, 7)
,(369, 1192334400, 6)
,(369, 1206846000, 7)
,(369, 1223784000, 6)
,(369, 1237086000, 7)
,(369, 1255233600, 6)
,(369, 1270350000, 7)
,(369, 1286683200, 6)
,(369, 1304823600, 7)
,(369, 1313899200, 6)
,(369, 1331434800, 7)
,(369, 1350187200, 6)
,(369, 1362884400, 7)
,(369, 1381636800, 6)
,(369, 1394334000, 7)
,(369, 1413086400, 6)
,(369, 1426388400, 7)
,(369, 1444536000, 6)
,(369, 1457838000, 7)
,(369, 1475985600, 6)
,(369, 1489287600, 7)
,(369, 1508040000, 6)
,(369, 1520737200, 7)
,(369, 1539489600, 6)
,(369, 1552186800, 7)
,(369, 1570939200, 6)
,(369, 1584241200, 7)
,(369, 1602388800, 6)
,(369, 1615690800, 7)
,(369, 1633838400, 6)
,(369, 1647140400, 7)
,(369, 1665288000, 6)
,(369, 1678590000, 7)
,(369, 1697342400, 6)
,(369, 1710039600, 7)
,(369, 1728792000, 6)
,(369, 1741489200, 7)
,(369, 1760241600, 6)
,(369, 1773543600, 7)
,(369, 1791691200, 6)
,(369, 1804993200, 7)
,(369, 1823140800, 6)
,(369, 1836442800, 7)
,(369, 1855195200, 6)
,(369, 1867892400, 7)
,(369, 1886644800, 6)
,(369, 1899342000, 7)
,(369, 1918094400, 6)
,(369, 1930791600, 7)
,(369, 1949544000, 6)
,(369, 1962846000, 7)
,(369, 1980993600, 6)
,(369, 1994295600, 7)
,(369, 2012443200, 6)
,(369, 2025745200, 7)
,(369, 2044497600, 6)
,(369, 2057194800, 7)
,(369, 2075947200, 6)
,(369, 2088644400, 7)
,(369, 2107396800, 6)
,(369, 2120698800, 7)
,(369, 2138846400, 6)
;
INSERT INTO  oceanbase.__all_tenant_time_zone_transition_type (Time_zone_id, Transition_type_id, Offset, Is_DST, Abbreviation) VALUES
 (369, 0, -16966, 0, 'SMT')
,(369, 1, -18000, 0, 'CLT')
,(369, 2, -14400, 0, 'CLT')
,(369, 3, -14400, 1, 'CLST')
,(369, 4, -18000, 0, 'CLT')
,(369, 5, -14400, 1, 'CLST')
,(369, 6, -10800, 1, 'CLST')
,(369, 7, -14400, 0, 'CLT')
;
INSERT INTO oceanbase.__all_tenant_time_zone (Time_zone_id, Use_leap_seconds) VALUES (370, 'N');
INSERT INTO  oceanbase.__all_tenant_time_zone_name (Name, Time_zone_id) VALUES ('Chile/EasterIsland', 370);
INSERT INTO  oceanbase.__all_tenant_time_zone_transition (Time_zone_id, Transition_time, Transition_type_id) VALUES
 (370, -1178124152, 3)
,(370, -870552000, 1)
,(370, -865278000, 2)
,(370, -736376400, 1)
,(370, -36619200, 2)
,(370, -23922000, 1)
,(370, -3355200, 2)
,(370, 7527600, 1)
,(370, 24465600, 2)
,(370, 37767600, 1)
,(370, 55915200, 2)
,(370, 69217200, 1)
,(370, 87969600, 2)
,(370, 100666800, 1)
,(370, 118209600, 2)
,(370, 132116400, 1)
,(370, 150868800, 2)
,(370, 163566000, 1)
,(370, 182318400, 2)
,(370, 195620400, 1)
,(370, 213768000, 2)
,(370, 227070000, 1)
,(370, 245217600, 2)
,(370, 258519600, 1)
,(370, 277272000, 2)
,(370, 289969200, 1)
,(370, 308721600, 2)
,(370, 321418800, 1)
,(370, 340171200, 2)
,(370, 353473200, 1)
,(370, 371620800, 2)
,(370, 384922800, 4)
,(370, 403070400, 5)
,(370, 416372400, 4)
,(370, 434520000, 5)
,(370, 447822000, 4)
,(370, 466574400, 5)
,(370, 479271600, 4)
,(370, 498024000, 5)
,(370, 510721200, 4)
,(370, 529473600, 5)
,(370, 545194800, 4)
,(370, 560923200, 5)
,(370, 574225200, 4)
,(370, 591768000, 5)
,(370, 605674800, 4)
,(370, 624427200, 5)
,(370, 637729200, 4)
,(370, 653457600, 5)
,(370, 668574000, 4)
,(370, 687326400, 5)
,(370, 700628400, 4)
,(370, 718776000, 5)
,(370, 732078000, 4)
,(370, 750225600, 5)
,(370, 763527600, 4)
,(370, 781675200, 5)
,(370, 794977200, 4)
,(370, 813729600, 5)
,(370, 826426800, 4)
,(370, 845179200, 5)
,(370, 859690800, 4)
,(370, 876628800, 5)
,(370, 889930800, 4)
,(370, 906868800, 5)
,(370, 923194800, 4)
,(370, 939528000, 5)
,(370, 952830000, 4)
,(370, 971582400, 5)
,(370, 984279600, 4)
,(370, 1003032000, 5)
,(370, 1015729200, 4)
,(370, 1034481600, 5)
,(370, 1047178800, 4)
,(370, 1065931200, 5)
,(370, 1079233200, 4)
,(370, 1097380800, 5)
,(370, 1110682800, 4)
,(370, 1128830400, 5)
,(370, 1142132400, 4)
,(370, 1160884800, 5)
,(370, 1173582000, 4)
,(370, 1192334400, 5)
,(370, 1206846000, 4)
,(370, 1223784000, 5)
,(370, 1237086000, 4)
,(370, 1255233600, 5)
,(370, 1270350000, 4)
,(370, 1286683200, 5)
,(370, 1304823600, 4)
,(370, 1313899200, 5)
,(370, 1331434800, 4)
,(370, 1350187200, 5)
,(370, 1362884400, 4)
,(370, 1381636800, 5)
,(370, 1394334000, 4)
,(370, 1413086400, 5)
,(370, 1426388400, 4)
,(370, 1444536000, 5)
,(370, 1457838000, 4)
,(370, 1475985600, 5)
,(370, 1489287600, 4)
,(370, 1508040000, 5)
,(370, 1520737200, 4)
,(370, 1539489600, 5)
,(370, 1552186800, 4)
,(370, 1570939200, 5)
,(370, 1584241200, 4)
,(370, 1602388800, 5)
,(370, 1615690800, 4)
,(370, 1633838400, 5)
,(370, 1647140400, 4)
,(370, 1665288000, 5)
,(370, 1678590000, 4)
,(370, 1697342400, 5)
,(370, 1710039600, 4)
,(370, 1728792000, 5)
,(370, 1741489200, 4)
,(370, 1760241600, 5)
,(370, 1773543600, 4)
,(370, 1791691200, 5)
,(370, 1804993200, 4)
,(370, 1823140800, 5)
,(370, 1836442800, 4)
,(370, 1855195200, 5)
,(370, 1867892400, 4)
,(370, 1886644800, 5)
,(370, 1899342000, 4)
,(370, 1918094400, 5)
,(370, 1930791600, 4)
,(370, 1949544000, 5)
,(370, 1962846000, 4)
,(370, 1980993600, 5)
,(370, 1994295600, 4)
,(370, 2012443200, 5)
,(370, 2025745200, 4)
,(370, 2044497600, 5)
,(370, 2057194800, 4)
,(370, 2075947200, 5)
,(370, 2088644400, 4)
,(370, 2107396800, 5)
,(370, 2120698800, 4)
,(370, 2138846400, 5)
;
INSERT INTO  oceanbase.__all_tenant_time_zone_transition_type (Time_zone_id, Transition_type_id, Offset, Is_DST, Abbreviation) VALUES
 (370, 0, -26248, 0, 'EMT')
,(370, 1, -25200, 0, 'EAST')
,(370, 2, -21600, 1, 'EASST')
,(370, 3, -21600, 1, 'EASST')
,(370, 4, -21600, 0, 'EAST')
,(370, 5, -18000, 1, 'EASST')
;
INSERT INTO oceanbase.__all_tenant_time_zone (Time_zone_id, Use_leap_seconds) VALUES (371, 'N');
INSERT INTO  oceanbase.__all_tenant_time_zone_name (Name, Time_zone_id) VALUES ('Cuba', 371);
INSERT INTO  oceanbase.__all_tenant_time_zone_transition (Time_zone_id, Transition_time, Transition_type_id) VALUES
 (371, -1402813824, 2)
,(371, -1311534000, 1)
,(371, -1300996800, 2)
,(371, -933534000, 1)
,(371, -925675200, 2)
,(371, -902084400, 1)
,(371, -893620800, 2)
,(371, -870030000, 1)
,(371, -862171200, 2)
,(371, -775681200, 1)
,(371, -767822400, 2)
,(371, -744231600, 1)
,(371, -736372800, 2)
,(371, -144702000, 1)
,(371, -134251200, 2)
,(371, -113425200, 1)
,(371, -102542400, 2)
,(371, -86295600, 1)
,(371, -72907200, 2)
,(371, -54154800, 1)
,(371, -41457600, 2)
,(371, -21495600, 1)
,(371, -5774400, 2)
,(371, 9954000, 1)
,(371, 25675200, 2)
,(371, 41403600, 1)
,(371, 57729600, 2)
,(371, 73458000, 1)
,(371, 87364800, 2)
,(371, 104907600, 1)
,(371, 118900800, 2)
,(371, 136357200, 1)
,(371, 150436800, 2)
,(371, 167806800, 1)
,(371, 183528000, 2)
,(371, 199256400, 1)
,(371, 215582400, 2)
,(371, 230706000, 1)
,(371, 247032000, 2)
,(371, 263365200, 1)
,(371, 276667200, 2)
,(371, 290581200, 1)
,(371, 308721600, 2)
,(371, 322030800, 1)
,(371, 340171200, 2)
,(371, 358318800, 1)
,(371, 371620800, 2)
,(371, 389768400, 1)
,(371, 403070400, 2)
,(371, 421218000, 1)
,(371, 434520000, 2)
,(371, 452667600, 1)
,(371, 466574400, 2)
,(371, 484117200, 1)
,(371, 498024000, 2)
,(371, 511333200, 1)
,(371, 529473600, 2)
,(371, 542782800, 1)
,(371, 560923200, 2)
,(371, 574837200, 1)
,(371, 592372800, 2)
,(371, 606286800, 1)
,(371, 623822400, 2)
,(371, 638946000, 1)
,(371, 655876800, 2)
,(371, 671000400, 1)
,(371, 687330000, 3)
,(371, 702450000, 1)
,(371, 718779600, 3)
,(371, 733899600, 1)
,(371, 750229200, 3)
,(371, 765349200, 1)
,(371, 781678800, 3)
,(371, 796798800, 1)
,(371, 813128400, 3)
,(371, 828853200, 1)
,(371, 844578000, 3)
,(371, 860302800, 1)
,(371, 876632400, 3)
,(371, 891147600, 4)
,(371, 909291600, 3)
,(371, 922597200, 4)
,(371, 941346000, 3)
,(371, 954651600, 4)
,(371, 972795600, 3)
,(371, 986101200, 4)
,(371, 1004245200, 3)
,(371, 1018155600, 4)
,(371, 1035694800, 3)
,(371, 1049605200, 4)
,(371, 1067144400, 3)
,(371, 1081054800, 4)
,(371, 1162098000, 3)
,(371, 1173589200, 4)
,(371, 1193547600, 3)
,(371, 1205643600, 4)
,(371, 1224997200, 3)
,(371, 1236488400, 4)
,(371, 1256446800, 3)
,(371, 1268542800, 4)
,(371, 1288501200, 3)
,(371, 1300597200, 4)
,(371, 1319950800, 3)
,(371, 1331442000, 4)
,(371, 1351400400, 3)
,(371, 1362891600, 4)
,(371, 1382850000, 3)
,(371, 1394341200, 4)
,(371, 1414299600, 3)
,(371, 1425790800, 4)
,(371, 1445749200, 3)
,(371, 1457845200, 4)
,(371, 1477803600, 3)
,(371, 1489294800, 4)
,(371, 1509253200, 3)
,(371, 1520744400, 4)
,(371, 1540702800, 3)
,(371, 1552194000, 4)
,(371, 1572152400, 3)
,(371, 1583643600, 4)
,(371, 1603602000, 3)
,(371, 1615698000, 4)
,(371, 1635656400, 3)
,(371, 1647147600, 4)
,(371, 1667106000, 3)
,(371, 1678597200, 4)
,(371, 1698555600, 3)
,(371, 1710046800, 4)
,(371, 1730005200, 3)
,(371, 1741496400, 4)
,(371, 1761454800, 3)
,(371, 1772946000, 4)
,(371, 1792904400, 3)
,(371, 1805000400, 4)
,(371, 1824958800, 3)
,(371, 1836450000, 4)
,(371, 1856408400, 3)
,(371, 1867899600, 4)
,(371, 1887858000, 3)
,(371, 1899349200, 4)
,(371, 1919307600, 3)
,(371, 1930798800, 4)
,(371, 1950757200, 3)
,(371, 1962853200, 4)
,(371, 1982811600, 3)
,(371, 1994302800, 4)
,(371, 2014261200, 3)
,(371, 2025752400, 4)
,(371, 2045710800, 3)
,(371, 2057202000, 4)
,(371, 2077160400, 3)
,(371, 2088651600, 4)
,(371, 2108610000, 3)
,(371, 2120101200, 4)
,(371, 2140059600, 3)
;
INSERT INTO  oceanbase.__all_tenant_time_zone_transition_type (Time_zone_id, Transition_type_id, Offset, Is_DST, Abbreviation) VALUES
 (371, 0, -19776, 0, 'HMT')
,(371, 1, -14400, 1, 'CDT')
,(371, 2, -18000, 0, 'CST')
,(371, 3, -18000, 0, 'CST')
,(371, 4, -14400, 1, 'CDT')
;
INSERT INTO oceanbase.__all_tenant_time_zone (Time_zone_id, Use_leap_seconds) VALUES (372, 'N');
INSERT INTO  oceanbase.__all_tenant_time_zone_name (Name, Time_zone_id) VALUES ('EET', 372);
INSERT INTO  oceanbase.__all_tenant_time_zone_transition (Time_zone_id, Transition_time, Transition_type_id) VALUES
 (372, 228877200, 0)
,(372, 243997200, 1)
,(372, 260326800, 0)
,(372, 276051600, 1)
,(372, 291776400, 0)
,(372, 307501200, 1)
,(372, 323830800, 0)
,(372, 338950800, 1)
,(372, 354675600, 0)
,(372, 370400400, 1)
,(372, 386125200, 0)
,(372, 401850000, 1)
,(372, 417574800, 0)
,(372, 433299600, 1)
,(372, 449024400, 0)
,(372, 465354000, 1)
,(372, 481078800, 0)
,(372, 496803600, 1)
,(372, 512528400, 0)
,(372, 528253200, 1)
,(372, 543978000, 0)
,(372, 559702800, 1)
,(372, 575427600, 0)
,(372, 591152400, 1)
,(372, 606877200, 0)
,(372, 622602000, 1)
,(372, 638326800, 0)
,(372, 654656400, 1)
,(372, 670381200, 0)
,(372, 686106000, 1)
,(372, 701830800, 0)
,(372, 717555600, 1)
,(372, 733280400, 0)
,(372, 749005200, 1)
,(372, 764730000, 0)
,(372, 780454800, 1)
,(372, 796179600, 0)
,(372, 811904400, 1)
,(372, 828234000, 0)
,(372, 846378000, 1)
,(372, 859683600, 0)
,(372, 877827600, 1)
,(372, 891133200, 0)
,(372, 909277200, 1)
,(372, 922582800, 0)
,(372, 941331600, 1)
,(372, 954032400, 0)
,(372, 972781200, 1)
,(372, 985482000, 0)
,(372, 1004230800, 1)
,(372, 1017536400, 0)
,(372, 1035680400, 1)
,(372, 1048986000, 0)
,(372, 1067130000, 1)
,(372, 1080435600, 0)
,(372, 1099184400, 1)
,(372, 1111885200, 0)
,(372, 1130634000, 1)
,(372, 1143334800, 0)
,(372, 1162083600, 1)
,(372, 1174784400, 0)
,(372, 1193533200, 1)
,(372, 1206838800, 0)
,(372, 1224982800, 1)
,(372, 1238288400, 0)
,(372, 1256432400, 1)
,(372, 1269738000, 0)
,(372, 1288486800, 1)
,(372, 1301187600, 0)
,(372, 1319936400, 1)
,(372, 1332637200, 0)
,(372, 1351386000, 1)
,(372, 1364691600, 0)
,(372, 1382835600, 1)
,(372, 1396141200, 0)
,(372, 1414285200, 1)
,(372, 1427590800, 0)
,(372, 1445734800, 1)
,(372, 1459040400, 0)
,(372, 1477789200, 1)
,(372, 1490490000, 0)
,(372, 1509238800, 1)
,(372, 1521939600, 0)
,(372, 1540688400, 1)
,(372, 1553994000, 0)
,(372, 1572138000, 1)
,(372, 1585443600, 0)
,(372, 1603587600, 1)
,(372, 1616893200, 0)
,(372, 1635642000, 1)
,(372, 1648342800, 0)
,(372, 1667091600, 1)
,(372, 1679792400, 0)
,(372, 1698541200, 1)
,(372, 1711846800, 0)
,(372, 1729990800, 1)
,(372, 1743296400, 0)
,(372, 1761440400, 1)
,(372, 1774746000, 0)
,(372, 1792890000, 1)
,(372, 1806195600, 0)
,(372, 1824944400, 1)
,(372, 1837645200, 0)
,(372, 1856394000, 1)
,(372, 1869094800, 0)
,(372, 1887843600, 1)
,(372, 1901149200, 0)
,(372, 1919293200, 1)
,(372, 1932598800, 0)
,(372, 1950742800, 1)
,(372, 1964048400, 0)
,(372, 1982797200, 1)
,(372, 1995498000, 0)
,(372, 2014246800, 1)
,(372, 2026947600, 0)
,(372, 2045696400, 1)
,(372, 2058397200, 0)
,(372, 2077146000, 1)
,(372, 2090451600, 0)
,(372, 2108595600, 1)
,(372, 2121901200, 0)
,(372, 2140045200, 1)
;
INSERT INTO  oceanbase.__all_tenant_time_zone_transition_type (Time_zone_id, Transition_type_id, Offset, Is_DST, Abbreviation) VALUES
 (372, 0, 10800, 1, 'EEST')
,(372, 1, 7200, 0, 'EET')
;
INSERT INTO oceanbase.__all_tenant_time_zone (Time_zone_id, Use_leap_seconds) VALUES (373, 'N');
INSERT INTO  oceanbase.__all_tenant_time_zone_name (Name, Time_zone_id) VALUES ('EST', 373);
INSERT INTO  oceanbase.__all_tenant_time_zone_transition_type (Time_zone_id, Transition_type_id, Offset, Is_DST, Abbreviation) VALUES
 (373, 0, -18000, 0, 'EST')
;
INSERT INTO oceanbase.__all_tenant_time_zone (Time_zone_id, Use_leap_seconds) VALUES (374, 'N');
INSERT INTO  oceanbase.__all_tenant_time_zone_name (Name, Time_zone_id) VALUES ('EST5EDT', 374);
INSERT INTO  oceanbase.__all_tenant_time_zone_transition (Time_zone_id, Transition_time, Transition_type_id) VALUES
 (374, -1633280400, 0)
,(374, -1615140000, 1)
,(374, -1601830800, 0)
,(374, -1583690400, 1)
,(374, -880218000, 2)
,(374, -769395600, 3)
,(374, -765396000, 1)
,(374, -84387600, 0)
,(374, -68666400, 1)
,(374, -52938000, 0)
,(374, -37216800, 1)
,(374, -21488400, 0)
,(374, -5767200, 1)
,(374, 9961200, 0)
,(374, 25682400, 1)
,(374, 41410800, 0)
,(374, 57736800, 1)
,(374, 73465200, 0)
,(374, 89186400, 1)
,(374, 104914800, 0)
,(374, 120636000, 1)
,(374, 126687600, 0)
,(374, 152085600, 1)
,(374, 162370800, 0)
,(374, 183535200, 1)
,(374, 199263600, 0)
,(374, 215589600, 1)
,(374, 230713200, 0)
,(374, 247039200, 1)
,(374, 262767600, 0)
,(374, 278488800, 1)
,(374, 294217200, 0)
,(374, 309938400, 1)
,(374, 325666800, 0)
,(374, 341388000, 1)
,(374, 357116400, 0)
,(374, 372837600, 1)
,(374, 388566000, 0)
,(374, 404892000, 1)
,(374, 420015600, 0)
,(374, 436341600, 1)
,(374, 452070000, 0)
,(374, 467791200, 1)
,(374, 483519600, 0)
,(374, 499240800, 1)
,(374, 514969200, 0)
,(374, 530690400, 1)
,(374, 544604400, 0)
,(374, 562140000, 1)
,(374, 576054000, 0)
,(374, 594194400, 1)
,(374, 607503600, 0)
,(374, 625644000, 1)
,(374, 638953200, 0)
,(374, 657093600, 1)
,(374, 671007600, 0)
,(374, 688543200, 1)
,(374, 702457200, 0)
,(374, 719992800, 1)
,(374, 733906800, 0)
,(374, 752047200, 1)
,(374, 765356400, 0)
,(374, 783496800, 1)
,(374, 796806000, 0)
,(374, 814946400, 1)
,(374, 828860400, 0)
,(374, 846396000, 1)
,(374, 860310000, 0)
,(374, 877845600, 1)
,(374, 891759600, 0)
,(374, 909295200, 1)
,(374, 923209200, 0)
,(374, 941349600, 1)
,(374, 954658800, 0)
,(374, 972799200, 1)
,(374, 986108400, 0)
,(374, 1004248800, 1)
,(374, 1018162800, 0)
,(374, 1035698400, 1)
,(374, 1049612400, 0)
,(374, 1067148000, 1)
,(374, 1081062000, 0)
,(374, 1099202400, 1)
,(374, 1112511600, 0)
,(374, 1130652000, 1)
,(374, 1143961200, 0)
,(374, 1162101600, 1)
,(374, 1173596400, 0)
,(374, 1194156000, 1)
,(374, 1205046000, 0)
,(374, 1225605600, 1)
,(374, 1236495600, 0)
,(374, 1257055200, 1)
,(374, 1268550000, 0)
,(374, 1289109600, 1)
,(374, 1299999600, 0)
,(374, 1320559200, 1)
,(374, 1331449200, 0)
,(374, 1352008800, 1)
,(374, 1362898800, 0)
,(374, 1383458400, 1)
,(374, 1394348400, 0)
,(374, 1414908000, 1)
,(374, 1425798000, 0)
,(374, 1446357600, 1)
,(374, 1457852400, 0)
,(374, 1478412000, 1)
,(374, 1489302000, 0)
,(374, 1509861600, 1)
,(374, 1520751600, 0)
,(374, 1541311200, 1)
,(374, 1552201200, 0)
,(374, 1572760800, 1)
,(374, 1583650800, 0)
,(374, 1604210400, 1)
,(374, 1615705200, 0)
,(374, 1636264800, 1)
,(374, 1647154800, 0)
,(374, 1667714400, 1)
,(374, 1678604400, 0)
,(374, 1699164000, 1)
,(374, 1710054000, 0)
,(374, 1730613600, 1)
,(374, 1741503600, 0)
,(374, 1762063200, 1)
,(374, 1772953200, 0)
,(374, 1793512800, 1)
,(374, 1805007600, 0)
,(374, 1825567200, 1)
,(374, 1836457200, 0)
,(374, 1857016800, 1)
,(374, 1867906800, 0)
,(374, 1888466400, 1)
,(374, 1899356400, 0)
,(374, 1919916000, 1)
,(374, 1930806000, 0)
,(374, 1951365600, 1)
,(374, 1962860400, 0)
,(374, 1983420000, 1)
,(374, 1994310000, 0)
,(374, 2014869600, 1)
,(374, 2025759600, 0)
,(374, 2046319200, 1)
,(374, 2057209200, 0)
,(374, 2077768800, 1)
,(374, 2088658800, 0)
,(374, 2109218400, 1)
,(374, 2120108400, 0)
,(374, 2140668000, 1)
;
INSERT INTO  oceanbase.__all_tenant_time_zone_transition_type (Time_zone_id, Transition_type_id, Offset, Is_DST, Abbreviation) VALUES
 (374, 0, -14400, 1, 'EDT')
,(374, 1, -18000, 0, 'EST')
,(374, 2, -14400, 1, 'EWT')
,(374, 3, -14400, 1, 'EPT')
;
INSERT INTO oceanbase.__all_tenant_time_zone (Time_zone_id, Use_leap_seconds) VALUES (375, 'N');
INSERT INTO  oceanbase.__all_tenant_time_zone_name (Name, Time_zone_id) VALUES ('Egypt', 375);
INSERT INTO  oceanbase.__all_tenant_time_zone_transition (Time_zone_id, Transition_time, Transition_type_id) VALUES
 (375, -929844000, 0)
,(375, -923108400, 1)
,(375, -906170400, 0)
,(375, -892868400, 1)
,(375, -875844000, 0)
,(375, -857790000, 1)
,(375, -844308000, 0)
,(375, -825822000, 1)
,(375, -812685600, 0)
,(375, -794199600, 1)
,(375, -779853600, 0)
,(375, -762663600, 1)
,(375, -399088800, 0)
,(375, -386650800, 1)
,(375, -368330400, 0)
,(375, -355114800, 1)
,(375, -336790800, 0)
,(375, -323654400, 1)
,(375, -305168400, 0)
,(375, -292032000, 1)
,(375, -273632400, 0)
,(375, -260496000, 1)
,(375, -242096400, 0)
,(375, -228960000, 1)
,(375, -210560400, 0)
,(375, -197424000, 1)
,(375, -178938000, 0)
,(375, -165801600, 1)
,(375, -147402000, 0)
,(375, -134265600, 1)
,(375, -115866000, 0)
,(375, -102643200, 1)
,(375, -84330000, 0)
,(375, -71107200, 1)
,(375, -52707600, 0)
,(375, -39484800, 1)
,(375, -21171600, 0)
,(375, -7948800, 1)
,(375, 10364400, 0)
,(375, 23587200, 1)
,(375, 41900400, 0)
,(375, 55123200, 1)
,(375, 73522800, 0)
,(375, 86745600, 1)
,(375, 105058800, 0)
,(375, 118281600, 1)
,(375, 136594800, 0)
,(375, 149817600, 1)
,(375, 168130800, 0)
,(375, 181353600, 1)
,(375, 199753200, 0)
,(375, 212976000, 1)
,(375, 231289200, 0)
,(375, 244512000, 1)
,(375, 262825200, 0)
,(375, 276048000, 1)
,(375, 294361200, 0)
,(375, 307584000, 1)
,(375, 325983600, 0)
,(375, 339206400, 1)
,(375, 357519600, 0)
,(375, 370742400, 1)
,(375, 396399600, 0)
,(375, 402278400, 1)
,(375, 426812400, 0)
,(375, 433814400, 1)
,(375, 452214000, 0)
,(375, 465436800, 1)
,(375, 483750000, 0)
,(375, 496972800, 1)
,(375, 515286000, 0)
,(375, 528508800, 1)
,(375, 546822000, 0)
,(375, 560044800, 1)
,(375, 578444400, 0)
,(375, 591667200, 1)
,(375, 610412400, 0)
,(375, 623203200, 1)
,(375, 641516400, 0)
,(375, 654739200, 1)
,(375, 673052400, 0)
,(375, 686275200, 1)
,(375, 704674800, 0)
,(375, 717897600, 1)
,(375, 736210800, 0)
,(375, 749433600, 1)
,(375, 767746800, 0)
,(375, 780969600, 1)
,(375, 799020000, 2)
,(375, 812322000, 3)
,(375, 830469600, 2)
,(375, 843771600, 3)
,(375, 861919200, 2)
,(375, 875221200, 3)
,(375, 893368800, 2)
,(375, 906670800, 3)
,(375, 925423200, 2)
,(375, 938725200, 3)
,(375, 956872800, 2)
,(375, 970174800, 3)
,(375, 988322400, 2)
,(375, 1001624400, 3)
,(375, 1019772000, 2)
,(375, 1033074000, 3)
,(375, 1051221600, 2)
,(375, 1064523600, 3)
,(375, 1083276000, 2)
,(375, 1096578000, 3)
,(375, 1114725600, 2)
,(375, 1128027600, 3)
,(375, 1146175200, 2)
,(375, 1158872400, 3)
,(375, 1177624800, 2)
,(375, 1189112400, 3)
,(375, 1209074400, 2)
,(375, 1219957200, 3)
,(375, 1240524000, 2)
,(375, 1250802000, 3)
,(375, 1272578400, 2)
,(375, 1281474000, 1)
,(375, 1284069600, 0)
,(375, 1285880400, 3)
;
INSERT INTO  oceanbase.__all_tenant_time_zone_transition_type (Time_zone_id, Transition_type_id, Offset, Is_DST, Abbreviation) VALUES
 (375, 0, 10800, 1, 'EEST')
,(375, 1, 7200, 0, 'EET')
,(375, 2, 10800, 1, 'EEST')
,(375, 3, 7200, 0, 'EET')
;
INSERT INTO oceanbase.__all_tenant_time_zone (Time_zone_id, Use_leap_seconds) VALUES (376, 'N');
INSERT INTO  oceanbase.__all_tenant_time_zone_name (Name, Time_zone_id) VALUES ('Eire', 376);
INSERT INTO  oceanbase.__all_tenant_time_zone_transition (Time_zone_id, Transition_time, Transition_type_id) VALUES
 (376, -1691962479, 1)
,(376, -1680471279, 3)
,(376, -1664143200, 2)
,(376, -1650146400, 3)
,(376, -1633903200, 2)
,(376, -1617487200, 3)
,(376, -1601848800, 2)
,(376, -1586037600, 3)
,(376, -1570399200, 2)
,(376, -1552168800, 3)
,(376, -1538344800, 2)
,(376, -1522533600, 3)
,(376, -1517011200, 5)
,(376, -1507500000, 4)
,(376, -1490565600, 3)
,(376, -1473631200, 4)
,(376, -1460930400, 3)
,(376, -1442786400, 4)
,(376, -1428876000, 3)
,(376, -1410732000, 4)
,(376, -1396216800, 3)
,(376, -1379282400, 4)
,(376, -1364767200, 3)
,(376, -1348437600, 4)
,(376, -1333317600, 3)
,(376, -1315778400, 4)
,(376, -1301263200, 3)
,(376, -1284328800, 4)
,(376, -1269813600, 3)
,(376, -1253484000, 4)
,(376, -1238364000, 3)
,(376, -1221429600, 4)
,(376, -1206914400, 3)
,(376, -1189980000, 4)
,(376, -1175464800, 3)
,(376, -1159135200, 4)
,(376, -1143410400, 3)
,(376, -1126476000, 4)
,(376, -1111960800, 3)
,(376, -1095631200, 4)
,(376, -1080511200, 3)
,(376, -1063576800, 4)
,(376, -1049061600, 3)
,(376, -1032127200, 4)
,(376, -1017612000, 3)
,(376, -1001282400, 4)
,(376, -986162400, 3)
,(376, -969228000, 4)
,(376, -950479200, 3)
,(376, -942012000, 6)
,(376, -733359600, 5)
,(376, -719445600, 6)
,(376, -699490800, 5)
,(376, -684972000, 6)
,(376, -668037600, 3)
,(376, -654732000, 4)
,(376, -636588000, 3)
,(376, -622072800, 4)
,(376, -605743200, 3)
,(376, -590623200, 4)
,(376, -574293600, 3)
,(376, -558568800, 4)
,(376, -542239200, 3)
,(376, -527119200, 4)
,(376, -512604000, 3)
,(376, -496274400, 4)
,(376, -481154400, 3)
,(376, -464220000, 4)
,(376, -449704800, 3)
,(376, -432165600, 4)
,(376, -417650400, 3)
,(376, -401320800, 4)
,(376, -386200800, 3)
,(376, -369266400, 4)
,(376, -354751200, 3)
,(376, -337816800, 4)
,(376, -323301600, 3)
,(376, -306972000, 4)
,(376, -291852000, 3)
,(376, -276732000, 4)
,(376, -257983200, 3)
,(376, -245282400, 4)
,(376, -226533600, 3)
,(376, -213228000, 4)
,(376, -195084000, 3)
,(376, -182383200, 4)
,(376, -163634400, 3)
,(376, -150933600, 4)
,(376, -132184800, 3)
,(376, -119484000, 4)
,(376, -100735200, 3)
,(376, -88034400, 4)
,(376, -68680800, 3)
,(376, -59004000, 4)
,(376, -37242000, 7)
,(376, 57722400, 9)
,(376, 69818400, 4)
,(376, 89172000, 3)
,(376, 101268000, 4)
,(376, 120621600, 3)
,(376, 132717600, 4)
,(376, 152071200, 3)
,(376, 164167200, 4)
,(376, 183520800, 3)
,(376, 196221600, 4)
,(376, 214970400, 3)
,(376, 227671200, 4)
,(376, 246420000, 3)
,(376, 259120800, 4)
,(376, 278474400, 3)
,(376, 290570400, 4)
,(376, 309924000, 3)
,(376, 322020000, 4)
,(376, 341373600, 3)
,(376, 354675600, 8)
,(376, 372819600, 9)
,(376, 386125200, 8)
,(376, 404269200, 9)
,(376, 417574800, 8)
,(376, 435718800, 9)
,(376, 449024400, 8)
,(376, 467773200, 9)
,(376, 481078800, 8)
,(376, 499222800, 9)
,(376, 512528400, 8)
,(376, 530672400, 9)
,(376, 543978000, 8)
,(376, 562122000, 9)
,(376, 575427600, 8)
,(376, 593571600, 9)
,(376, 606877200, 8)
,(376, 625626000, 9)
,(376, 638326800, 8)
,(376, 657075600, 9)
,(376, 670381200, 8)
,(376, 688525200, 9)
,(376, 701830800, 8)
,(376, 719974800, 9)
,(376, 733280400, 8)
,(376, 751424400, 9)
,(376, 764730000, 8)
,(376, 782874000, 9)
,(376, 796179600, 8)
,(376, 814323600, 9)
,(376, 820454400, 5)
,(376, 828234000, 8)
,(376, 846378000, 9)
,(376, 859683600, 8)
,(376, 877827600, 9)
,(376, 891133200, 8)
,(376, 909277200, 9)
,(376, 922582800, 8)
,(376, 941331600, 9)
,(376, 954032400, 8)
,(376, 972781200, 9)
,(376, 985482000, 8)
,(376, 1004230800, 9)
,(376, 1017536400, 8)
,(376, 1035680400, 9)
,(376, 1048986000, 8)
,(376, 1067130000, 9)
,(376, 1080435600, 8)
,(376, 1099184400, 9)
,(376, 1111885200, 8)
,(376, 1130634000, 9)
,(376, 1143334800, 8)
,(376, 1162083600, 9)
,(376, 1174784400, 8)
,(376, 1193533200, 9)
,(376, 1206838800, 8)
,(376, 1224982800, 9)
,(376, 1238288400, 8)
,(376, 1256432400, 9)
,(376, 1269738000, 8)
,(376, 1288486800, 9)
,(376, 1301187600, 8)
,(376, 1319936400, 9)
,(376, 1332637200, 8)
,(376, 1351386000, 9)
,(376, 1364691600, 8)
,(376, 1382835600, 9)
,(376, 1396141200, 8)
,(376, 1414285200, 9)
,(376, 1427590800, 8)
,(376, 1445734800, 9)
,(376, 1459040400, 8)
,(376, 1477789200, 9)
,(376, 1490490000, 8)
,(376, 1509238800, 9)
,(376, 1521939600, 8)
,(376, 1540688400, 9)
,(376, 1553994000, 8)
,(376, 1572138000, 9)
,(376, 1585443600, 8)
,(376, 1603587600, 9)
,(376, 1616893200, 8)
,(376, 1635642000, 9)
,(376, 1648342800, 8)
,(376, 1667091600, 9)
,(376, 1679792400, 8)
,(376, 1698541200, 9)
,(376, 1711846800, 8)
,(376, 1729990800, 9)
,(376, 1743296400, 8)
,(376, 1761440400, 9)
,(376, 1774746000, 8)
,(376, 1792890000, 9)
,(376, 1806195600, 8)
,(376, 1824944400, 9)
,(376, 1837645200, 8)
,(376, 1856394000, 9)
,(376, 1869094800, 8)
,(376, 1887843600, 9)
,(376, 1901149200, 8)
,(376, 1919293200, 9)
,(376, 1932598800, 8)
,(376, 1950742800, 9)
,(376, 1964048400, 8)
,(376, 1982797200, 9)
,(376, 1995498000, 8)
,(376, 2014246800, 9)
,(376, 2026947600, 8)
,(376, 2045696400, 9)
,(376, 2058397200, 8)
,(376, 2077146000, 9)
,(376, 2090451600, 8)
,(376, 2108595600, 9)
,(376, 2121901200, 8)
,(376, 2140045200, 9)
;
INSERT INTO  oceanbase.__all_tenant_time_zone_transition_type (Time_zone_id, Transition_type_id, Offset, Is_DST, Abbreviation) VALUES
 (376, 0, -1521, 0, 'DMT')
,(376, 1, 2079, 1, 'IST')
,(376, 2, 3600, 1, 'BST')
,(376, 3, 0, 0, 'GMT')
,(376, 4, 3600, 1, 'IST')
,(376, 5, 0, 0, 'GMT')
,(376, 6, 3600, 1, 'IST')
,(376, 7, 3600, 0, 'IST')
,(376, 8, 3600, 1, 'IST')
,(376, 9, 0, 0, 'GMT')
;
INSERT INTO oceanbase.__all_tenant_time_zone (Time_zone_id, Use_leap_seconds) VALUES (377, 'N');
INSERT INTO  oceanbase.__all_tenant_time_zone_name (Name, Time_zone_id) VALUES ('Etc/GMT', 377);
INSERT INTO  oceanbase.__all_tenant_time_zone_transition_type (Time_zone_id, Transition_type_id, Offset, Is_DST, Abbreviation) VALUES
 (377, 0, 0, 0, 'GMT')
;
INSERT INTO oceanbase.__all_tenant_time_zone (Time_zone_id, Use_leap_seconds) VALUES (378, 'N');
INSERT INTO  oceanbase.__all_tenant_time_zone_name (Name, Time_zone_id) VALUES ('Etc/GMT+0', 378);
INSERT INTO  oceanbase.__all_tenant_time_zone_transition_type (Time_zone_id, Transition_type_id, Offset, Is_DST, Abbreviation) VALUES
 (378, 0, 0, 0, 'GMT')
;
INSERT INTO oceanbase.__all_tenant_time_zone (Time_zone_id, Use_leap_seconds) VALUES (379, 'N');
INSERT INTO  oceanbase.__all_tenant_time_zone_name (Name, Time_zone_id) VALUES ('Etc/GMT+1', 379);
INSERT INTO  oceanbase.__all_tenant_time_zone_transition_type (Time_zone_id, Transition_type_id, Offset, Is_DST, Abbreviation) VALUES
 (379, 0, -3600, 0, 'GMT+1')
;
INSERT INTO oceanbase.__all_tenant_time_zone (Time_zone_id, Use_leap_seconds) VALUES (380, 'N');
INSERT INTO  oceanbase.__all_tenant_time_zone_name (Name, Time_zone_id) VALUES ('Etc/GMT+10', 380);
INSERT INTO  oceanbase.__all_tenant_time_zone_transition_type (Time_zone_id, Transition_type_id, Offset, Is_DST, Abbreviation) VALUES
 (380, 0, -36000, 0, 'GMT+10')
;
INSERT INTO oceanbase.__all_tenant_time_zone (Time_zone_id, Use_leap_seconds) VALUES (381, 'N');
INSERT INTO  oceanbase.__all_tenant_time_zone_name (Name, Time_zone_id) VALUES ('Etc/GMT+11', 381);
INSERT INTO  oceanbase.__all_tenant_time_zone_transition_type (Time_zone_id, Transition_type_id, Offset, Is_DST, Abbreviation) VALUES
 (381, 0, -39600, 0, 'GMT+11')
;
INSERT INTO oceanbase.__all_tenant_time_zone (Time_zone_id, Use_leap_seconds) VALUES (382, 'N');
INSERT INTO  oceanbase.__all_tenant_time_zone_name (Name, Time_zone_id) VALUES ('Etc/GMT+12', 382);
INSERT INTO  oceanbase.__all_tenant_time_zone_transition_type (Time_zone_id, Transition_type_id, Offset, Is_DST, Abbreviation) VALUES
 (382, 0, -43200, 0, 'GMT+12')
;
INSERT INTO oceanbase.__all_tenant_time_zone (Time_zone_id, Use_leap_seconds) VALUES (383, 'N');
INSERT INTO  oceanbase.__all_tenant_time_zone_name (Name, Time_zone_id) VALUES ('Etc/GMT+2', 383);
INSERT INTO  oceanbase.__all_tenant_time_zone_transition_type (Time_zone_id, Transition_type_id, Offset, Is_DST, Abbreviation) VALUES
 (383, 0, -7200, 0, 'GMT+2')
;
INSERT INTO oceanbase.__all_tenant_time_zone (Time_zone_id, Use_leap_seconds) VALUES (384, 'N');
INSERT INTO  oceanbase.__all_tenant_time_zone_name (Name, Time_zone_id) VALUES ('Etc/GMT+3', 384);
INSERT INTO  oceanbase.__all_tenant_time_zone_transition_type (Time_zone_id, Transition_type_id, Offset, Is_DST, Abbreviation) VALUES
 (384, 0, -10800, 0, 'GMT+3')
;
INSERT INTO oceanbase.__all_tenant_time_zone (Time_zone_id, Use_leap_seconds) VALUES (385, 'N');
INSERT INTO  oceanbase.__all_tenant_time_zone_name (Name, Time_zone_id) VALUES ('Etc/GMT+4', 385);
INSERT INTO  oceanbase.__all_tenant_time_zone_transition_type (Time_zone_id, Transition_type_id, Offset, Is_DST, Abbreviation) VALUES
 (385, 0, -14400, 0, 'GMT+4')
;
INSERT INTO oceanbase.__all_tenant_time_zone (Time_zone_id, Use_leap_seconds) VALUES (386, 'N');
INSERT INTO  oceanbase.__all_tenant_time_zone_name (Name, Time_zone_id) VALUES ('Etc/GMT+5', 386);
INSERT INTO  oceanbase.__all_tenant_time_zone_transition_type (Time_zone_id, Transition_type_id, Offset, Is_DST, Abbreviation) VALUES
 (386, 0, -18000, 0, 'GMT+5')
;
INSERT INTO oceanbase.__all_tenant_time_zone (Time_zone_id, Use_leap_seconds) VALUES (387, 'N');
INSERT INTO  oceanbase.__all_tenant_time_zone_name (Name, Time_zone_id) VALUES ('Etc/GMT+6', 387);
INSERT INTO  oceanbase.__all_tenant_time_zone_transition_type (Time_zone_id, Transition_type_id, Offset, Is_DST, Abbreviation) VALUES
 (387, 0, -21600, 0, 'GMT+6')
;
INSERT INTO oceanbase.__all_tenant_time_zone (Time_zone_id, Use_leap_seconds) VALUES (388, 'N');
INSERT INTO  oceanbase.__all_tenant_time_zone_name (Name, Time_zone_id) VALUES ('Etc/GMT+7', 388);
INSERT INTO  oceanbase.__all_tenant_time_zone_transition_type (Time_zone_id, Transition_type_id, Offset, Is_DST, Abbreviation) VALUES
 (388, 0, -25200, 0, 'GMT+7')
;
INSERT INTO oceanbase.__all_tenant_time_zone (Time_zone_id, Use_leap_seconds) VALUES (389, 'N');
INSERT INTO  oceanbase.__all_tenant_time_zone_name (Name, Time_zone_id) VALUES ('Etc/GMT+8', 389);
INSERT INTO  oceanbase.__all_tenant_time_zone_transition_type (Time_zone_id, Transition_type_id, Offset, Is_DST, Abbreviation) VALUES
 (389, 0, -28800, 0, 'GMT+8')
;
INSERT INTO oceanbase.__all_tenant_time_zone (Time_zone_id, Use_leap_seconds) VALUES (390, 'N');
INSERT INTO  oceanbase.__all_tenant_time_zone_name (Name, Time_zone_id) VALUES ('Etc/GMT+9', 390);
INSERT INTO  oceanbase.__all_tenant_time_zone_transition_type (Time_zone_id, Transition_type_id, Offset, Is_DST, Abbreviation) VALUES
 (390, 0, -32400, 0, 'GMT+9')
;
INSERT INTO oceanbase.__all_tenant_time_zone (Time_zone_id, Use_leap_seconds) VALUES (391, 'N');
INSERT INTO  oceanbase.__all_tenant_time_zone_name (Name, Time_zone_id) VALUES ('Etc/GMT-0', 391);
INSERT INTO  oceanbase.__all_tenant_time_zone_transition_type (Time_zone_id, Transition_type_id, Offset, Is_DST, Abbreviation) VALUES
 (391, 0, 0, 0, 'GMT')
;
INSERT INTO oceanbase.__all_tenant_time_zone (Time_zone_id, Use_leap_seconds) VALUES (392, 'N');
INSERT INTO  oceanbase.__all_tenant_time_zone_name (Name, Time_zone_id) VALUES ('Etc/GMT-1', 392);
INSERT INTO  oceanbase.__all_tenant_time_zone_transition_type (Time_zone_id, Transition_type_id, Offset, Is_DST, Abbreviation) VALUES
 (392, 0, 3600, 0, 'GMT-1')
;
INSERT INTO oceanbase.__all_tenant_time_zone (Time_zone_id, Use_leap_seconds) VALUES (393, 'N');
INSERT INTO  oceanbase.__all_tenant_time_zone_name (Name, Time_zone_id) VALUES ('Etc/GMT-10', 393);
INSERT INTO  oceanbase.__all_tenant_time_zone_transition_type (Time_zone_id, Transition_type_id, Offset, Is_DST, Abbreviation) VALUES
 (393, 0, 36000, 0, 'GMT-10')
;
INSERT INTO oceanbase.__all_tenant_time_zone (Time_zone_id, Use_leap_seconds) VALUES (394, 'N');
INSERT INTO  oceanbase.__all_tenant_time_zone_name (Name, Time_zone_id) VALUES ('Etc/GMT-11', 394);
INSERT INTO  oceanbase.__all_tenant_time_zone_transition_type (Time_zone_id, Transition_type_id, Offset, Is_DST, Abbreviation) VALUES
 (394, 0, 39600, 0, 'GMT-11')
;
INSERT INTO oceanbase.__all_tenant_time_zone (Time_zone_id, Use_leap_seconds) VALUES (395, 'N');
INSERT INTO  oceanbase.__all_tenant_time_zone_name (Name, Time_zone_id) VALUES ('Etc/GMT-12', 395);
INSERT INTO  oceanbase.__all_tenant_time_zone_transition_type (Time_zone_id, Transition_type_id, Offset, Is_DST, Abbreviation) VALUES
 (395, 0, 43200, 0, 'GMT-12')
;
INSERT INTO oceanbase.__all_tenant_time_zone (Time_zone_id, Use_leap_seconds) VALUES (396, 'N');
INSERT INTO  oceanbase.__all_tenant_time_zone_name (Name, Time_zone_id) VALUES ('Etc/GMT-13', 396);
INSERT INTO  oceanbase.__all_tenant_time_zone_transition_type (Time_zone_id, Transition_type_id, Offset, Is_DST, Abbreviation) VALUES
 (396, 0, 46800, 0, 'GMT-13')
;
INSERT INTO oceanbase.__all_tenant_time_zone (Time_zone_id, Use_leap_seconds) VALUES (397, 'N');
INSERT INTO  oceanbase.__all_tenant_time_zone_name (Name, Time_zone_id) VALUES ('Etc/GMT-14', 397);
INSERT INTO  oceanbase.__all_tenant_time_zone_transition_type (Time_zone_id, Transition_type_id, Offset, Is_DST, Abbreviation) VALUES
 (397, 0, 50400, 0, 'GMT-14')
;
INSERT INTO oceanbase.__all_tenant_time_zone (Time_zone_id, Use_leap_seconds) VALUES (398, 'N');
INSERT INTO  oceanbase.__all_tenant_time_zone_name (Name, Time_zone_id) VALUES ('Etc/GMT-2', 398);
INSERT INTO  oceanbase.__all_tenant_time_zone_transition_type (Time_zone_id, Transition_type_id, Offset, Is_DST, Abbreviation) VALUES
 (398, 0, 7200, 0, 'GMT-2')
;
INSERT INTO oceanbase.__all_tenant_time_zone (Time_zone_id, Use_leap_seconds) VALUES (399, 'N');
INSERT INTO  oceanbase.__all_tenant_time_zone_name (Name, Time_zone_id) VALUES ('Etc/GMT-3', 399);
INSERT INTO  oceanbase.__all_tenant_time_zone_transition_type (Time_zone_id, Transition_type_id, Offset, Is_DST, Abbreviation) VALUES
 (399, 0, 10800, 0, 'GMT-3')
;
INSERT INTO oceanbase.__all_tenant_time_zone (Time_zone_id, Use_leap_seconds) VALUES (400, 'N');
INSERT INTO  oceanbase.__all_tenant_time_zone_name (Name, Time_zone_id) VALUES ('Etc/GMT-4', 400);
INSERT INTO  oceanbase.__all_tenant_time_zone_transition_type (Time_zone_id, Transition_type_id, Offset, Is_DST, Abbreviation) VALUES
 (400, 0, 14400, 0, 'GMT-4')
;
INSERT INTO oceanbase.__all_tenant_time_zone (Time_zone_id, Use_leap_seconds) VALUES (401, 'N');
INSERT INTO  oceanbase.__all_tenant_time_zone_name (Name, Time_zone_id) VALUES ('Etc/GMT-5', 401);
INSERT INTO  oceanbase.__all_tenant_time_zone_transition_type (Time_zone_id, Transition_type_id, Offset, Is_DST, Abbreviation) VALUES
 (401, 0, 18000, 0, 'GMT-5')
;
INSERT INTO oceanbase.__all_tenant_time_zone (Time_zone_id, Use_leap_seconds) VALUES (402, 'N');
INSERT INTO  oceanbase.__all_tenant_time_zone_name (Name, Time_zone_id) VALUES ('Etc/GMT-6', 402);
INSERT INTO  oceanbase.__all_tenant_time_zone_transition_type (Time_zone_id, Transition_type_id, Offset, Is_DST, Abbreviation) VALUES
 (402, 0, 21600, 0, 'GMT-6')
;
INSERT INTO oceanbase.__all_tenant_time_zone (Time_zone_id, Use_leap_seconds) VALUES (403, 'N');
INSERT INTO  oceanbase.__all_tenant_time_zone_name (Name, Time_zone_id) VALUES ('Etc/GMT-7', 403);
INSERT INTO  oceanbase.__all_tenant_time_zone_transition_type (Time_zone_id, Transition_type_id, Offset, Is_DST, Abbreviation) VALUES
 (403, 0, 25200, 0, 'GMT-7')
;
INSERT INTO oceanbase.__all_tenant_time_zone (Time_zone_id, Use_leap_seconds) VALUES (404, 'N');
INSERT INTO  oceanbase.__all_tenant_time_zone_name (Name, Time_zone_id) VALUES ('Etc/GMT-8', 404);
INSERT INTO  oceanbase.__all_tenant_time_zone_transition_type (Time_zone_id, Transition_type_id, Offset, Is_DST, Abbreviation) VALUES
 (404, 0, 28800, 0, 'GMT-8')
;
INSERT INTO oceanbase.__all_tenant_time_zone (Time_zone_id, Use_leap_seconds) VALUES (405, 'N');
INSERT INTO  oceanbase.__all_tenant_time_zone_name (Name, Time_zone_id) VALUES ('Etc/GMT-9', 405);
INSERT INTO  oceanbase.__all_tenant_time_zone_transition_type (Time_zone_id, Transition_type_id, Offset, Is_DST, Abbreviation) VALUES
 (405, 0, 32400, 0, 'GMT-9')
;
INSERT INTO oceanbase.__all_tenant_time_zone (Time_zone_id, Use_leap_seconds) VALUES (406, 'N');
INSERT INTO  oceanbase.__all_tenant_time_zone_name (Name, Time_zone_id) VALUES ('Etc/GMT0', 406);
INSERT INTO  oceanbase.__all_tenant_time_zone_transition_type (Time_zone_id, Transition_type_id, Offset, Is_DST, Abbreviation) VALUES
 (406, 0, 0, 0, 'GMT')
;
INSERT INTO oceanbase.__all_tenant_time_zone (Time_zone_id, Use_leap_seconds) VALUES (407, 'N');
INSERT INTO  oceanbase.__all_tenant_time_zone_name (Name, Time_zone_id) VALUES ('Etc/Greenwich', 407);
INSERT INTO  oceanbase.__all_tenant_time_zone_transition_type (Time_zone_id, Transition_type_id, Offset, Is_DST, Abbreviation) VALUES
 (407, 0, 0, 0, 'GMT')
;
INSERT INTO oceanbase.__all_tenant_time_zone (Time_zone_id, Use_leap_seconds) VALUES (408, 'N');
INSERT INTO  oceanbase.__all_tenant_time_zone_name (Name, Time_zone_id) VALUES ('Etc/UCT', 408);
INSERT INTO  oceanbase.__all_tenant_time_zone_transition_type (Time_zone_id, Transition_type_id, Offset, Is_DST, Abbreviation) VALUES
 (408, 0, 0, 0, 'UCT')
;
INSERT INTO oceanbase.__all_tenant_time_zone (Time_zone_id, Use_leap_seconds) VALUES (409, 'N');
INSERT INTO  oceanbase.__all_tenant_time_zone_name (Name, Time_zone_id) VALUES ('Etc/UTC', 409);
INSERT INTO  oceanbase.__all_tenant_time_zone_transition_type (Time_zone_id, Transition_type_id, Offset, Is_DST, Abbreviation) VALUES
 (409, 0, 0, 0, 'UTC')
;
INSERT INTO oceanbase.__all_tenant_time_zone (Time_zone_id, Use_leap_seconds) VALUES (410, 'N');
INSERT INTO  oceanbase.__all_tenant_time_zone_name (Name, Time_zone_id) VALUES ('Etc/Universal', 410);
INSERT INTO  oceanbase.__all_tenant_time_zone_transition_type (Time_zone_id, Transition_type_id, Offset, Is_DST, Abbreviation) VALUES
 (410, 0, 0, 0, 'UTC')
;
INSERT INTO oceanbase.__all_tenant_time_zone (Time_zone_id, Use_leap_seconds) VALUES (411, 'N');
INSERT INTO  oceanbase.__all_tenant_time_zone_name (Name, Time_zone_id) VALUES ('Etc/Zulu', 411);
INSERT INTO  oceanbase.__all_tenant_time_zone_transition_type (Time_zone_id, Transition_type_id, Offset, Is_DST, Abbreviation) VALUES
 (411, 0, 0, 0, 'UTC')
;
INSERT INTO oceanbase.__all_tenant_time_zone (Time_zone_id, Use_leap_seconds) VALUES (412, 'N');
INSERT INTO  oceanbase.__all_tenant_time_zone_name (Name, Time_zone_id) VALUES ('Europe/Amsterdam', 412);
INSERT INTO  oceanbase.__all_tenant_time_zone_transition (Time_zone_id, Transition_time, Transition_type_id) VALUES
 (412, -1693700372, 0)
,(412, -1680484772, 1)
,(412, -1663453172, 2)
,(412, -1650147572, 3)
,(412, -1633213172, 2)
,(412, -1617488372, 3)
,(412, -1601158772, 2)
,(412, -1586038772, 3)
,(412, -1569709172, 2)
,(412, -1554589172, 3)
,(412, -1538259572, 2)
,(412, -1523139572, 3)
,(412, -1507501172, 2)
,(412, -1490566772, 3)
,(412, -1470176372, 2)
,(412, -1459117172, 3)
,(412, -1443997172, 2)
,(412, -1427667572, 3)
,(412, -1406672372, 2)
,(412, -1396217972, 3)
,(412, -1376950772, 2)
,(412, -1364768372, 3)
,(412, -1345414772, 2)
,(412, -1333318772, 3)
,(412, -1313792372, 2)
,(412, -1301264372, 3)
,(412, -1282256372, 2)
,(412, -1269814772, 3)
,(412, -1250720372, 2)
,(412, -1238365172, 3)
,(412, -1219184372, 2)
,(412, -1206915572, 3)
,(412, -1186957172, 2)
,(412, -1175465972, 3)
,(412, -1156025972, 2)
,(412, -1143411572, 3)
,(412, -1124489972, 2)
,(412, -1111961972, 3)
,(412, -1092953972, 2)
,(412, -1080512372, 3)
,(412, -1061331572, 2)
,(412, -1049062772, 3)
,(412, -1029190772, 2)
,(412, -1025745572, 6)
,(412, -1017613200, 4)
,(412, -998259600, 5)
,(412, -986163600, 4)
,(412, -966723600, 5)
,(412, -954109200, 4)
,(412, -935022000, 9)
,(412, -857257200, 7)
,(412, -844556400, 8)
,(412, -828226800, 7)
,(412, -812502000, 8)
,(412, -796777200, 7)
,(412, -781052400, 8)
,(412, -766623600, 7)
,(412, 220921200, 12)
,(412, 228877200, 10)
,(412, 243997200, 11)
,(412, 260326800, 10)
,(412, 276051600, 11)
,(412, 291776400, 10)
,(412, 307501200, 11)
,(412, 323830800, 10)
,(412, 338950800, 11)
,(412, 354675600, 10)
,(412, 370400400, 11)
,(412, 386125200, 10)
,(412, 401850000, 11)
,(412, 417574800, 10)
,(412, 433299600, 11)
,(412, 449024400, 10)
,(412, 465354000, 11)
,(412, 481078800, 10)
,(412, 496803600, 11)
,(412, 512528400, 10)
,(412, 528253200, 11)
,(412, 543978000, 10)
,(412, 559702800, 11)
,(412, 575427600, 10)
,(412, 591152400, 11)
,(412, 606877200, 10)
,(412, 622602000, 11)
,(412, 638326800, 10)
,(412, 654656400, 11)
,(412, 670381200, 10)
,(412, 686106000, 11)
,(412, 701830800, 10)
,(412, 717555600, 11)
,(412, 733280400, 10)
,(412, 749005200, 11)
,(412, 764730000, 10)
,(412, 780454800, 11)
,(412, 796179600, 10)
,(412, 811904400, 11)
,(412, 828234000, 10)
,(412, 846378000, 11)
,(412, 859683600, 10)
,(412, 877827600, 11)
,(412, 891133200, 10)
,(412, 909277200, 11)
,(412, 922582800, 10)
,(412, 941331600, 11)
,(412, 954032400, 10)
,(412, 972781200, 11)
,(412, 985482000, 10)
,(412, 1004230800, 11)
,(412, 1017536400, 10)
,(412, 1035680400, 11)
,(412, 1048986000, 10)
,(412, 1067130000, 11)
,(412, 1080435600, 10)
,(412, 1099184400, 11)
,(412, 1111885200, 10)
,(412, 1130634000, 11)
,(412, 1143334800, 10)
,(412, 1162083600, 11)
,(412, 1174784400, 10)
,(412, 1193533200, 11)
,(412, 1206838800, 10)
,(412, 1224982800, 11)
,(412, 1238288400, 10)
,(412, 1256432400, 11)
,(412, 1269738000, 10)
,(412, 1288486800, 11)
,(412, 1301187600, 10)
,(412, 1319936400, 11)
,(412, 1332637200, 10)
,(412, 1351386000, 11)
,(412, 1364691600, 10)
,(412, 1382835600, 11)
,(412, 1396141200, 10)
,(412, 1414285200, 11)
,(412, 1427590800, 10)
,(412, 1445734800, 11)
,(412, 1459040400, 10)
,(412, 1477789200, 11)
,(412, 1490490000, 10)
,(412, 1509238800, 11)
,(412, 1521939600, 10)
,(412, 1540688400, 11)
,(412, 1553994000, 10)
,(412, 1572138000, 11)
,(412, 1585443600, 10)
,(412, 1603587600, 11)
,(412, 1616893200, 10)
,(412, 1635642000, 11)
,(412, 1648342800, 10)
,(412, 1667091600, 11)
,(412, 1679792400, 10)
,(412, 1698541200, 11)
,(412, 1711846800, 10)
,(412, 1729990800, 11)
,(412, 1743296400, 10)
,(412, 1761440400, 11)
,(412, 1774746000, 10)
,(412, 1792890000, 11)
,(412, 1806195600, 10)
,(412, 1824944400, 11)
,(412, 1837645200, 10)
,(412, 1856394000, 11)
,(412, 1869094800, 10)
,(412, 1887843600, 11)
,(412, 1901149200, 10)
,(412, 1919293200, 11)
,(412, 1932598800, 10)
,(412, 1950742800, 11)
,(412, 1964048400, 10)
,(412, 1982797200, 11)
,(412, 1995498000, 10)
,(412, 2014246800, 11)
,(412, 2026947600, 10)
,(412, 2045696400, 11)
,(412, 2058397200, 10)
,(412, 2077146000, 11)
,(412, 2090451600, 10)
,(412, 2108595600, 11)
,(412, 2121901200, 10)
,(412, 2140045200, 11)
;
INSERT INTO  oceanbase.__all_tenant_time_zone_transition_type (Time_zone_id, Transition_type_id, Offset, Is_DST, Abbreviation) VALUES
 (412, 0, 4772, 1, 'NST')
,(412, 1, 1172, 0, 'AMT')
,(412, 2, 4772, 1, 'NST')
,(412, 3, 1172, 0, 'AMT')
,(412, 4, 1200, 0, 'NET')
,(412, 5, 4800, 1, 'NEST')
,(412, 6, 4800, 1, 'NEST')
,(412, 7, 3600, 0, 'CET')
,(412, 8, 7200, 1, 'CEST')
,(412, 9, 7200, 1, 'CEST')
,(412, 10, 7200, 1, 'CEST')
,(412, 11, 3600, 0, 'CET')
,(412, 12, 3600, 0, 'CET')
;
INSERT INTO oceanbase.__all_tenant_time_zone (Time_zone_id, Use_leap_seconds) VALUES (413, 'N');
INSERT INTO  oceanbase.__all_tenant_time_zone_name (Name, Time_zone_id) VALUES ('Europe/Andorra', 413);
INSERT INTO  oceanbase.__all_tenant_time_zone_transition (Time_zone_id, Transition_time, Transition_type_id) VALUES
 (413, -733881600, 1)
,(413, 481078800, 2)
,(413, 496803600, 3)
,(413, 512528400, 2)
,(413, 528253200, 3)
,(413, 543978000, 2)
,(413, 559702800, 3)
,(413, 575427600, 2)
,(413, 591152400, 3)
,(413, 606877200, 2)
,(413, 622602000, 3)
,(413, 638326800, 2)
,(413, 654656400, 3)
,(413, 670381200, 2)
,(413, 686106000, 3)
,(413, 701830800, 2)
,(413, 717555600, 3)
,(413, 733280400, 2)
,(413, 749005200, 3)
,(413, 764730000, 2)
,(413, 780454800, 3)
,(413, 796179600, 2)
,(413, 811904400, 3)
,(413, 828234000, 2)
,(413, 846378000, 3)
,(413, 859683600, 2)
,(413, 877827600, 3)
,(413, 891133200, 2)
,(413, 909277200, 3)
,(413, 922582800, 2)
,(413, 941331600, 3)
,(413, 954032400, 2)
,(413, 972781200, 3)
,(413, 985482000, 2)
,(413, 1004230800, 3)
,(413, 1017536400, 2)
,(413, 1035680400, 3)
,(413, 1048986000, 2)
,(413, 1067130000, 3)
,(413, 1080435600, 2)
,(413, 1099184400, 3)
,(413, 1111885200, 2)
,(413, 1130634000, 3)
,(413, 1143334800, 2)
,(413, 1162083600, 3)
,(413, 1174784400, 2)
,(413, 1193533200, 3)
,(413, 1206838800, 2)
,(413, 1224982800, 3)
,(413, 1238288400, 2)
,(413, 1256432400, 3)
,(413, 1269738000, 2)
,(413, 1288486800, 3)
,(413, 1301187600, 2)
,(413, 1319936400, 3)
,(413, 1332637200, 2)
,(413, 1351386000, 3)
,(413, 1364691600, 2)
,(413, 1382835600, 3)
,(413, 1396141200, 2)
,(413, 1414285200, 3)
,(413, 1427590800, 2)
,(413, 1445734800, 3)
,(413, 1459040400, 2)
,(413, 1477789200, 3)
,(413, 1490490000, 2)
,(413, 1509238800, 3)
,(413, 1521939600, 2)
,(413, 1540688400, 3)
,(413, 1553994000, 2)
,(413, 1572138000, 3)
,(413, 1585443600, 2)
,(413, 1603587600, 3)
,(413, 1616893200, 2)
,(413, 1635642000, 3)
,(413, 1648342800, 2)
,(413, 1667091600, 3)
,(413, 1679792400, 2)
,(413, 1698541200, 3)
,(413, 1711846800, 2)
,(413, 1729990800, 3)
,(413, 1743296400, 2)
,(413, 1761440400, 3)
,(413, 1774746000, 2)
,(413, 1792890000, 3)
,(413, 1806195600, 2)
,(413, 1824944400, 3)
,(413, 1837645200, 2)
,(413, 1856394000, 3)
,(413, 1869094800, 2)
,(413, 1887843600, 3)
,(413, 1901149200, 2)
,(413, 1919293200, 3)
,(413, 1932598800, 2)
,(413, 1950742800, 3)
,(413, 1964048400, 2)
,(413, 1982797200, 3)
,(413, 1995498000, 2)
,(413, 2014246800, 3)
,(413, 2026947600, 2)
,(413, 2045696400, 3)
,(413, 2058397200, 2)
,(413, 2077146000, 3)
,(413, 2090451600, 2)
,(413, 2108595600, 3)
,(413, 2121901200, 2)
,(413, 2140045200, 3)
;
INSERT INTO  oceanbase.__all_tenant_time_zone_transition_type (Time_zone_id, Transition_type_id, Offset, Is_DST, Abbreviation) VALUES
 (413, 0, 0, 0, 'WET')
,(413, 1, 3600, 0, 'CET')
,(413, 2, 7200, 1, 'CEST')
,(413, 3, 3600, 0, 'CET')
;
INSERT INTO oceanbase.__all_tenant_time_zone (Time_zone_id, Use_leap_seconds) VALUES (414, 'N');
INSERT INTO  oceanbase.__all_tenant_time_zone_name (Name, Time_zone_id) VALUES ('Europe/Athens', 414);
INSERT INTO  oceanbase.__all_tenant_time_zone_transition (Time_zone_id, Transition_time, Transition_type_id) VALUES
 (414, -1686101632, 2)
,(414, -1182996000, 1)
,(414, -1178161200, 2)
,(414, -906861600, 1)
,(414, -904878000, 4)
,(414, -857257200, 3)
,(414, -844477200, 4)
,(414, -828237600, 3)
,(414, -812422800, 2)
,(414, -552362400, 1)
,(414, -541652400, 2)
,(414, 166485600, 5)
,(414, 186184800, 6)
,(414, 198028800, 5)
,(414, 213753600, 6)
,(414, 228873600, 5)
,(414, 244080000, 6)
,(414, 260323200, 5)
,(414, 275446800, 2)
,(414, 291798000, 1)
,(414, 307407600, 2)
,(414, 323388000, 1)
,(414, 338936400, 2)
,(414, 354675600, 7)
,(414, 370400400, 8)
,(414, 386125200, 7)
,(414, 401850000, 8)
,(414, 417574800, 7)
,(414, 433299600, 8)
,(414, 449024400, 7)
,(414, 465354000, 8)
,(414, 481078800, 7)
,(414, 496803600, 8)
,(414, 512528400, 7)
,(414, 528253200, 8)
,(414, 543978000, 7)
,(414, 559702800, 8)
,(414, 575427600, 7)
,(414, 591152400, 8)
,(414, 606877200, 7)
,(414, 622602000, 8)
,(414, 638326800, 7)
,(414, 654656400, 8)
,(414, 670381200, 7)
,(414, 686106000, 8)
,(414, 701830800, 7)
,(414, 717555600, 8)
,(414, 733280400, 7)
,(414, 749005200, 8)
,(414, 764730000, 7)
,(414, 780454800, 8)
,(414, 796179600, 7)
,(414, 811904400, 8)
,(414, 828234000, 7)
,(414, 846378000, 8)
,(414, 859683600, 7)
,(414, 877827600, 8)
,(414, 891133200, 7)
,(414, 909277200, 8)
,(414, 922582800, 7)
,(414, 941331600, 8)
,(414, 954032400, 7)
,(414, 972781200, 8)
,(414, 985482000, 7)
,(414, 1004230800, 8)
,(414, 1017536400, 7)
,(414, 1035680400, 8)
,(414, 1048986000, 7)
,(414, 1067130000, 8)
,(414, 1080435600, 7)
,(414, 1099184400, 8)
,(414, 1111885200, 7)
,(414, 1130634000, 8)
,(414, 1143334800, 7)
,(414, 1162083600, 8)
,(414, 1174784400, 7)
,(414, 1193533200, 8)
,(414, 1206838800, 7)
,(414, 1224982800, 8)
,(414, 1238288400, 7)
,(414, 1256432400, 8)
,(414, 1269738000, 7)
,(414, 1288486800, 8)
,(414, 1301187600, 7)
,(414, 1319936400, 8)
,(414, 1332637200, 7)
,(414, 1351386000, 8)
,(414, 1364691600, 7)
,(414, 1382835600, 8)
,(414, 1396141200, 7)
,(414, 1414285200, 8)
,(414, 1427590800, 7)
,(414, 1445734800, 8)
,(414, 1459040400, 7)
,(414, 1477789200, 8)
,(414, 1490490000, 7)
,(414, 1509238800, 8)
,(414, 1521939600, 7)
,(414, 1540688400, 8)
,(414, 1553994000, 7)
,(414, 1572138000, 8)
,(414, 1585443600, 7)
,(414, 1603587600, 8)
,(414, 1616893200, 7)
,(414, 1635642000, 8)
,(414, 1648342800, 7)
,(414, 1667091600, 8)
,(414, 1679792400, 7)
,(414, 1698541200, 8)
,(414, 1711846800, 7)
,(414, 1729990800, 8)
,(414, 1743296400, 7)
,(414, 1761440400, 8)
,(414, 1774746000, 7)
,(414, 1792890000, 8)
,(414, 1806195600, 7)
,(414, 1824944400, 8)
,(414, 1837645200, 7)
,(414, 1856394000, 8)
,(414, 1869094800, 7)
,(414, 1887843600, 8)
,(414, 1901149200, 7)
,(414, 1919293200, 8)
,(414, 1932598800, 7)
,(414, 1950742800, 8)
,(414, 1964048400, 7)
,(414, 1982797200, 8)
,(414, 1995498000, 7)
,(414, 2014246800, 8)
,(414, 2026947600, 7)
,(414, 2045696400, 8)
,(414, 2058397200, 7)
,(414, 2077146000, 8)
,(414, 2090451600, 7)
,(414, 2108595600, 8)
,(414, 2121901200, 7)
,(414, 2140045200, 8)
;
INSERT INTO  oceanbase.__all_tenant_time_zone_transition_type (Time_zone_id, Transition_type_id, Offset, Is_DST, Abbreviation) VALUES
 (414, 0, 5692, 0, 'AMT')
,(414, 1, 10800, 1, 'EEST')
,(414, 2, 7200, 0, 'EET')
,(414, 3, 3600, 0, 'CET')
,(414, 4, 7200, 1, 'CEST')
,(414, 5, 10800, 1, 'EEST')
,(414, 6, 7200, 0, 'EET')
,(414, 7, 10800, 1, 'EEST')
,(414, 8, 7200, 0, 'EET')
;
INSERT INTO oceanbase.__all_tenant_time_zone (Time_zone_id, Use_leap_seconds) VALUES (415, 'N');
INSERT INTO  oceanbase.__all_tenant_time_zone_name (Name, Time_zone_id) VALUES ('Europe/Belfast', 415);
INSERT INTO  oceanbase.__all_tenant_time_zone_transition (Time_zone_id, Transition_time, Transition_type_id) VALUES
 (415, -1691964000, 0)
,(415, -1680472800, 1)
,(415, -1664143200, 0)
,(415, -1650146400, 1)
,(415, -1633903200, 0)
,(415, -1617487200, 1)
,(415, -1601848800, 0)
,(415, -1586037600, 1)
,(415, -1570399200, 0)
,(415, -1552168800, 1)
,(415, -1538344800, 0)
,(415, -1522533600, 1)
,(415, -1507500000, 0)
,(415, -1490565600, 1)
,(415, -1473631200, 0)
,(415, -1460930400, 1)
,(415, -1442786400, 0)
,(415, -1428876000, 1)
,(415, -1410732000, 0)
,(415, -1396216800, 1)
,(415, -1379282400, 0)
,(415, -1364767200, 1)
,(415, -1348437600, 0)
,(415, -1333317600, 1)
,(415, -1315778400, 0)
,(415, -1301263200, 1)
,(415, -1284328800, 0)
,(415, -1269813600, 1)
,(415, -1253484000, 0)
,(415, -1238364000, 1)
,(415, -1221429600, 0)
,(415, -1206914400, 1)
,(415, -1189980000, 0)
,(415, -1175464800, 1)
,(415, -1159135200, 0)
,(415, -1143410400, 1)
,(415, -1126476000, 0)
,(415, -1111960800, 1)
,(415, -1095631200, 0)
,(415, -1080511200, 1)
,(415, -1063576800, 0)
,(415, -1049061600, 1)
,(415, -1032127200, 0)
,(415, -1017612000, 1)
,(415, -1001282400, 0)
,(415, -986162400, 1)
,(415, -969228000, 0)
,(415, -950479200, 1)
,(415, -942012000, 0)
,(415, -904518000, 2)
,(415, -896050800, 0)
,(415, -875487600, 2)
,(415, -864601200, 0)
,(415, -844038000, 2)
,(415, -832546800, 0)
,(415, -812588400, 2)
,(415, -798073200, 0)
,(415, -781052400, 2)
,(415, -772066800, 0)
,(415, -764805600, 1)
,(415, -748476000, 0)
,(415, -733356000, 1)
,(415, -719445600, 0)
,(415, -717030000, 2)
,(415, -706748400, 0)
,(415, -699487200, 1)
,(415, -687996000, 0)
,(415, -668037600, 1)
,(415, -654732000, 0)
,(415, -636588000, 1)
,(415, -622072800, 0)
,(415, -605743200, 1)
,(415, -590623200, 0)
,(415, -574293600, 1)
,(415, -558568800, 0)
,(415, -542239200, 1)
,(415, -527119200, 0)
,(415, -512604000, 1)
,(415, -496274400, 0)
,(415, -481154400, 1)
,(415, -464220000, 0)
,(415, -449704800, 1)
,(415, -432165600, 0)
,(415, -417650400, 1)
,(415, -401320800, 0)
,(415, -386200800, 1)
,(415, -369266400, 0)
,(415, -354751200, 1)
,(415, -337816800, 0)
,(415, -323301600, 1)
,(415, -306972000, 0)
,(415, -291852000, 1)
,(415, -276732000, 0)
,(415, -257983200, 1)
,(415, -245282400, 0)
,(415, -226533600, 1)
,(415, -213228000, 0)
,(415, -195084000, 1)
,(415, -182383200, 0)
,(415, -163634400, 1)
,(415, -150933600, 0)
,(415, -132184800, 1)
,(415, -119484000, 0)
,(415, -100735200, 1)
,(415, -88034400, 0)
,(415, -68680800, 1)
,(415, -59004000, 0)
,(415, -37242000, 3)
,(415, 57722400, 5)
,(415, 69818400, 0)
,(415, 89172000, 1)
,(415, 101268000, 0)
,(415, 120621600, 1)
,(415, 132717600, 0)
,(415, 152071200, 1)
,(415, 164167200, 0)
,(415, 183520800, 1)
,(415, 196221600, 0)
,(415, 214970400, 1)
,(415, 227671200, 0)
,(415, 246420000, 1)
,(415, 259120800, 0)
,(415, 278474400, 1)
,(415, 290570400, 0)
,(415, 309924000, 1)
,(415, 322020000, 0)
,(415, 341373600, 1)
,(415, 354675600, 4)
,(415, 372819600, 5)
,(415, 386125200, 4)
,(415, 404269200, 5)
,(415, 417574800, 4)
,(415, 435718800, 5)
,(415, 449024400, 4)
,(415, 467773200, 5)
,(415, 481078800, 4)
,(415, 499222800, 5)
,(415, 512528400, 4)
,(415, 530672400, 5)
,(415, 543978000, 4)
,(415, 562122000, 5)
,(415, 575427600, 4)
,(415, 593571600, 5)
,(415, 606877200, 4)
,(415, 625626000, 5)
,(415, 638326800, 4)
,(415, 657075600, 5)
,(415, 670381200, 4)
,(415, 688525200, 5)
,(415, 701830800, 4)
,(415, 719974800, 5)
,(415, 733280400, 4)
,(415, 751424400, 5)
,(415, 764730000, 4)
,(415, 782874000, 5)
,(415, 796179600, 4)
,(415, 814323600, 5)
,(415, 820454400, 6)
,(415, 828234000, 4)
,(415, 846378000, 5)
,(415, 859683600, 4)
,(415, 877827600, 5)
,(415, 891133200, 4)
,(415, 909277200, 5)
,(415, 922582800, 4)
,(415, 941331600, 5)
,(415, 954032400, 4)
,(415, 972781200, 5)
,(415, 985482000, 4)
,(415, 1004230800, 5)
,(415, 1017536400, 4)
,(415, 1035680400, 5)
,(415, 1048986000, 4)
,(415, 1067130000, 5)
,(415, 1080435600, 4)
,(415, 1099184400, 5)
,(415, 1111885200, 4)
,(415, 1130634000, 5)
,(415, 1143334800, 4)
,(415, 1162083600, 5)
,(415, 1174784400, 4)
,(415, 1193533200, 5)
,(415, 1206838800, 4)
,(415, 1224982800, 5)
,(415, 1238288400, 4)
,(415, 1256432400, 5)
,(415, 1269738000, 4)
,(415, 1288486800, 5)
,(415, 1301187600, 4)
,(415, 1319936400, 5)
,(415, 1332637200, 4)
,(415, 1351386000, 5)
,(415, 1364691600, 4)
,(415, 1382835600, 5)
,(415, 1396141200, 4)
,(415, 1414285200, 5)
,(415, 1427590800, 4)
,(415, 1445734800, 5)
,(415, 1459040400, 4)
,(415, 1477789200, 5)
,(415, 1490490000, 4)
,(415, 1509238800, 5)
,(415, 1521939600, 4)
,(415, 1540688400, 5)
,(415, 1553994000, 4)
,(415, 1572138000, 5)
,(415, 1585443600, 4)
,(415, 1603587600, 5)
,(415, 1616893200, 4)
,(415, 1635642000, 5)
,(415, 1648342800, 4)
,(415, 1667091600, 5)
,(415, 1679792400, 4)
,(415, 1698541200, 5)
,(415, 1711846800, 4)
,(415, 1729990800, 5)
,(415, 1743296400, 4)
,(415, 1761440400, 5)
,(415, 1774746000, 4)
,(415, 1792890000, 5)
,(415, 1806195600, 4)
,(415, 1824944400, 5)
,(415, 1837645200, 4)
,(415, 1856394000, 5)
,(415, 1869094800, 4)
,(415, 1887843600, 5)
,(415, 1901149200, 4)
,(415, 1919293200, 5)
,(415, 1932598800, 4)
,(415, 1950742800, 5)
,(415, 1964048400, 4)
,(415, 1982797200, 5)
,(415, 1995498000, 4)
,(415, 2014246800, 5)
,(415, 2026947600, 4)
,(415, 2045696400, 5)
,(415, 2058397200, 4)
,(415, 2077146000, 5)
,(415, 2090451600, 4)
,(415, 2108595600, 5)
,(415, 2121901200, 4)
,(415, 2140045200, 5)
;
INSERT INTO  oceanbase.__all_tenant_time_zone_transition_type (Time_zone_id, Transition_type_id, Offset, Is_DST, Abbreviation) VALUES
 (415, 0, 3600, 1, 'BST')
,(415, 1, 0, 0, 'GMT')
,(415, 2, 7200, 1, 'BDST')
,(415, 3, 3600, 0, 'BST')
,(415, 4, 3600, 1, 'BST')
,(415, 5, 0, 0, 'GMT')
,(415, 6, 0, 0, 'GMT')
;
INSERT INTO oceanbase.__all_tenant_time_zone (Time_zone_id, Use_leap_seconds) VALUES (416, 'N');
INSERT INTO  oceanbase.__all_tenant_time_zone_name (Name, Time_zone_id) VALUES ('Europe/Belgrade', 416);
INSERT INTO  oceanbase.__all_tenant_time_zone_transition (Time_zone_id, Transition_time, Transition_type_id) VALUES
 (416, -905824800, 3)
,(416, -857257200, 1)
,(416, -844556400, 2)
,(416, -828226800, 1)
,(416, -812502000, 2)
,(416, -796777200, 1)
,(416, -788922000, 0)
,(416, -777942000, 2)
,(416, -766623600, 1)
,(416, 407199600, 0)
,(416, 417574800, 4)
,(416, 433299600, 5)
,(416, 449024400, 4)
,(416, 465354000, 5)
,(416, 481078800, 4)
,(416, 496803600, 5)
,(416, 512528400, 4)
,(416, 528253200, 5)
,(416, 543978000, 4)
,(416, 559702800, 5)
,(416, 575427600, 4)
,(416, 591152400, 5)
,(416, 606877200, 4)
,(416, 622602000, 5)
,(416, 638326800, 4)
,(416, 654656400, 5)
,(416, 670381200, 4)
,(416, 686106000, 5)
,(416, 701830800, 4)
,(416, 717555600, 5)
,(416, 733280400, 4)
,(416, 749005200, 5)
,(416, 764730000, 4)
,(416, 780454800, 5)
,(416, 796179600, 4)
,(416, 811904400, 5)
,(416, 828234000, 4)
,(416, 846378000, 5)
,(416, 859683600, 4)
,(416, 877827600, 5)
,(416, 891133200, 4)
,(416, 909277200, 5)
,(416, 922582800, 4)
,(416, 941331600, 5)
,(416, 954032400, 4)
,(416, 972781200, 5)
,(416, 985482000, 4)
,(416, 1004230800, 5)
,(416, 1017536400, 4)
,(416, 1035680400, 5)
,(416, 1048986000, 4)
,(416, 1067130000, 5)
,(416, 1080435600, 4)
,(416, 1099184400, 5)
,(416, 1111885200, 4)
,(416, 1130634000, 5)
,(416, 1143334800, 4)
,(416, 1162083600, 5)
,(416, 1174784400, 4)
,(416, 1193533200, 5)
,(416, 1206838800, 4)
,(416, 1224982800, 5)
,(416, 1238288400, 4)
,(416, 1256432400, 5)
,(416, 1269738000, 4)
,(416, 1288486800, 5)
,(416, 1301187600, 4)
,(416, 1319936400, 5)
,(416, 1332637200, 4)
,(416, 1351386000, 5)
,(416, 1364691600, 4)
,(416, 1382835600, 5)
,(416, 1396141200, 4)
,(416, 1414285200, 5)
,(416, 1427590800, 4)
,(416, 1445734800, 5)
,(416, 1459040400, 4)
,(416, 1477789200, 5)
,(416, 1490490000, 4)
,(416, 1509238800, 5)
,(416, 1521939600, 4)
,(416, 1540688400, 5)
,(416, 1553994000, 4)
,(416, 1572138000, 5)
,(416, 1585443600, 4)
,(416, 1603587600, 5)
,(416, 1616893200, 4)
,(416, 1635642000, 5)
,(416, 1648342800, 4)
,(416, 1667091600, 5)
,(416, 1679792400, 4)
,(416, 1698541200, 5)
,(416, 1711846800, 4)
,(416, 1729990800, 5)
,(416, 1743296400, 4)
,(416, 1761440400, 5)
,(416, 1774746000, 4)
,(416, 1792890000, 5)
,(416, 1806195600, 4)
,(416, 1824944400, 5)
,(416, 1837645200, 4)
,(416, 1856394000, 5)
,(416, 1869094800, 4)
,(416, 1887843600, 5)
,(416, 1901149200, 4)
,(416, 1919293200, 5)
,(416, 1932598800, 4)
,(416, 1950742800, 5)
,(416, 1964048400, 4)
,(416, 1982797200, 5)
,(416, 1995498000, 4)
,(416, 2014246800, 5)
,(416, 2026947600, 4)
,(416, 2045696400, 5)
,(416, 2058397200, 4)
,(416, 2077146000, 5)
,(416, 2090451600, 4)
,(416, 2108595600, 5)
,(416, 2121901200, 4)
,(416, 2140045200, 5)
;
INSERT INTO  oceanbase.__all_tenant_time_zone_transition_type (Time_zone_id, Transition_type_id, Offset, Is_DST, Abbreviation) VALUES
 (416, 0, 3600, 0, 'CET')
,(416, 1, 3600, 0, 'CET')
,(416, 2, 7200, 1, 'CEST')
,(416, 3, 7200, 1, 'CEST')
,(416, 4, 7200, 1, 'CEST')
,(416, 5, 3600, 0, 'CET')
;
INSERT INTO oceanbase.__all_tenant_time_zone (Time_zone_id, Use_leap_seconds) VALUES (417, 'N');
INSERT INTO  oceanbase.__all_tenant_time_zone_name (Name, Time_zone_id) VALUES ('Europe/Berlin', 417);
INSERT INTO  oceanbase.__all_tenant_time_zone_transition (Time_zone_id, Transition_time, Transition_type_id) VALUES
 (417, -1693706400, 0)
,(417, -1680483600, 1)
,(417, -1663455600, 2)
,(417, -1650150000, 3)
,(417, -1632006000, 2)
,(417, -1618700400, 3)
,(417, -938905200, 2)
,(417, -857257200, 3)
,(417, -844556400, 2)
,(417, -828226800, 3)
,(417, -812502000, 2)
,(417, -796777200, 3)
,(417, -781052400, 2)
,(417, -776563200, 4)
,(417, -765936000, 0)
,(417, -761180400, 3)
,(417, -757386000, 1)
,(417, -748479600, 2)
,(417, -733273200, 3)
,(417, -717631200, 2)
,(417, -714610800, 5)
,(417, -710380800, 0)
,(417, -701910000, 3)
,(417, -684975600, 2)
,(417, -670460400, 3)
,(417, -654130800, 2)
,(417, -639010800, 3)
,(417, 315529200, 1)
,(417, 323830800, 6)
,(417, 338950800, 7)
,(417, 354675600, 6)
,(417, 370400400, 7)
,(417, 386125200, 6)
,(417, 401850000, 7)
,(417, 417574800, 6)
,(417, 433299600, 7)
,(417, 449024400, 6)
,(417, 465354000, 7)
,(417, 481078800, 6)
,(417, 496803600, 7)
,(417, 512528400, 6)
,(417, 528253200, 7)
,(417, 543978000, 6)
,(417, 559702800, 7)
,(417, 575427600, 6)
,(417, 591152400, 7)
,(417, 606877200, 6)
,(417, 622602000, 7)
,(417, 638326800, 6)
,(417, 654656400, 7)
,(417, 670381200, 6)
,(417, 686106000, 7)
,(417, 701830800, 6)
,(417, 717555600, 7)
,(417, 733280400, 6)
,(417, 749005200, 7)
,(417, 764730000, 6)
,(417, 780454800, 7)
,(417, 796179600, 6)
,(417, 811904400, 7)
,(417, 828234000, 6)
,(417, 846378000, 7)
,(417, 859683600, 6)
,(417, 877827600, 7)
,(417, 891133200, 6)
,(417, 909277200, 7)
,(417, 922582800, 6)
,(417, 941331600, 7)
,(417, 954032400, 6)
,(417, 972781200, 7)
,(417, 985482000, 6)
,(417, 1004230800, 7)
,(417, 1017536400, 6)
,(417, 1035680400, 7)
,(417, 1048986000, 6)
,(417, 1067130000, 7)
,(417, 1080435600, 6)
,(417, 1099184400, 7)
,(417, 1111885200, 6)
,(417, 1130634000, 7)
,(417, 1143334800, 6)
,(417, 1162083600, 7)
,(417, 1174784400, 6)
,(417, 1193533200, 7)
,(417, 1206838800, 6)
,(417, 1224982800, 7)
,(417, 1238288400, 6)
,(417, 1256432400, 7)
,(417, 1269738000, 6)
,(417, 1288486800, 7)
,(417, 1301187600, 6)
,(417, 1319936400, 7)
,(417, 1332637200, 6)
,(417, 1351386000, 7)
,(417, 1364691600, 6)
,(417, 1382835600, 7)
,(417, 1396141200, 6)
,(417, 1414285200, 7)
,(417, 1427590800, 6)
,(417, 1445734800, 7)
,(417, 1459040400, 6)
,(417, 1477789200, 7)
,(417, 1490490000, 6)
,(417, 1509238800, 7)
,(417, 1521939600, 6)
,(417, 1540688400, 7)
,(417, 1553994000, 6)
,(417, 1572138000, 7)
,(417, 1585443600, 6)
,(417, 1603587600, 7)
,(417, 1616893200, 6)
,(417, 1635642000, 7)
,(417, 1648342800, 6)
,(417, 1667091600, 7)
,(417, 1679792400, 6)
,(417, 1698541200, 7)
,(417, 1711846800, 6)
,(417, 1729990800, 7)
,(417, 1743296400, 6)
,(417, 1761440400, 7)
,(417, 1774746000, 6)
,(417, 1792890000, 7)
,(417, 1806195600, 6)
,(417, 1824944400, 7)
,(417, 1837645200, 6)
,(417, 1856394000, 7)
,(417, 1869094800, 6)
,(417, 1887843600, 7)
,(417, 1901149200, 6)
,(417, 1919293200, 7)
,(417, 1932598800, 6)
,(417, 1950742800, 7)
,(417, 1964048400, 6)
,(417, 1982797200, 7)
,(417, 1995498000, 6)
,(417, 2014246800, 7)
,(417, 2026947600, 6)
,(417, 2045696400, 7)
,(417, 2058397200, 6)
,(417, 2077146000, 7)
,(417, 2090451600, 6)
,(417, 2108595600, 7)
,(417, 2121901200, 6)
,(417, 2140045200, 7)
;
INSERT INTO  oceanbase.__all_tenant_time_zone_transition_type (Time_zone_id, Transition_type_id, Offset, Is_DST, Abbreviation) VALUES
 (417, 0, 7200, 1, 'CEST')
,(417, 1, 3600, 0, 'CET')
,(417, 2, 7200, 1, 'CEST')
,(417, 3, 3600, 0, 'CET')
,(417, 4, 10800, 1, 'CEMT')
,(417, 5, 10800, 1, 'CEMT')
,(417, 6, 7200, 1, 'CEST')
,(417, 7, 3600, 0, 'CET')
;
INSERT INTO oceanbase.__all_tenant_time_zone (Time_zone_id, Use_leap_seconds) VALUES (418, 'N');
INSERT INTO  oceanbase.__all_tenant_time_zone_name (Name, Time_zone_id) VALUES ('Europe/Bratislava', 418);
INSERT INTO  oceanbase.__all_tenant_time_zone_transition (Time_zone_id, Transition_time, Transition_type_id) VALUES
 (418, -1693706400, 0)
,(418, -1680483600, 1)
,(418, -1663455600, 2)
,(418, -1650150000, 3)
,(418, -1632006000, 2)
,(418, -1618700400, 3)
,(418, -938905200, 2)
,(418, -857257200, 3)
,(418, -844556400, 2)
,(418, -828226800, 3)
,(418, -812502000, 2)
,(418, -798073200, 3)
,(418, -780534000, 2)
,(418, -761180400, 3)
,(418, -746578800, 2)
,(418, -733359600, 3)
,(418, -716425200, 2)
,(418, -701910000, 3)
,(418, -684975600, 2)
,(418, -670460400, 3)
,(418, -654217200, 2)
,(418, -639010800, 3)
,(418, 283993200, 1)
,(418, 291776400, 4)
,(418, 307501200, 5)
,(418, 323830800, 4)
,(418, 338950800, 5)
,(418, 354675600, 4)
,(418, 370400400, 5)
,(418, 386125200, 4)
,(418, 401850000, 5)
,(418, 417574800, 4)
,(418, 433299600, 5)
,(418, 449024400, 4)
,(418, 465354000, 5)
,(418, 481078800, 4)
,(418, 496803600, 5)
,(418, 512528400, 4)
,(418, 528253200, 5)
,(418, 543978000, 4)
,(418, 559702800, 5)
,(418, 575427600, 4)
,(418, 591152400, 5)
,(418, 606877200, 4)
,(418, 622602000, 5)
,(418, 638326800, 4)
,(418, 654656400, 5)
,(418, 670381200, 4)
,(418, 686106000, 5)
,(418, 701830800, 4)
,(418, 717555600, 5)
,(418, 733280400, 4)
,(418, 749005200, 5)
,(418, 764730000, 4)
,(418, 780454800, 5)
,(418, 796179600, 4)
,(418, 811904400, 5)
,(418, 828234000, 4)
,(418, 846378000, 5)
,(418, 859683600, 4)
,(418, 877827600, 5)
,(418, 891133200, 4)
,(418, 909277200, 5)
,(418, 922582800, 4)
,(418, 941331600, 5)
,(418, 954032400, 4)
,(418, 972781200, 5)
,(418, 985482000, 4)
,(418, 1004230800, 5)
,(418, 1017536400, 4)
,(418, 1035680400, 5)
,(418, 1048986000, 4)
,(418, 1067130000, 5)
,(418, 1080435600, 4)
,(418, 1099184400, 5)
,(418, 1111885200, 4)
,(418, 1130634000, 5)
,(418, 1143334800, 4)
,(418, 1162083600, 5)
,(418, 1174784400, 4)
,(418, 1193533200, 5)
,(418, 1206838800, 4)
,(418, 1224982800, 5)
,(418, 1238288400, 4)
,(418, 1256432400, 5)
,(418, 1269738000, 4)
,(418, 1288486800, 5)
,(418, 1301187600, 4)
,(418, 1319936400, 5)
,(418, 1332637200, 4)
,(418, 1351386000, 5)
,(418, 1364691600, 4)
,(418, 1382835600, 5)
,(418, 1396141200, 4)
,(418, 1414285200, 5)
,(418, 1427590800, 4)
,(418, 1445734800, 5)
,(418, 1459040400, 4)
,(418, 1477789200, 5)
,(418, 1490490000, 4)
,(418, 1509238800, 5)
,(418, 1521939600, 4)
,(418, 1540688400, 5)
,(418, 1553994000, 4)
,(418, 1572138000, 5)
,(418, 1585443600, 4)
,(418, 1603587600, 5)
,(418, 1616893200, 4)
,(418, 1635642000, 5)
,(418, 1648342800, 4)
,(418, 1667091600, 5)
,(418, 1679792400, 4)
,(418, 1698541200, 5)
,(418, 1711846800, 4)
,(418, 1729990800, 5)
,(418, 1743296400, 4)
,(418, 1761440400, 5)
,(418, 1774746000, 4)
,(418, 1792890000, 5)
,(418, 1806195600, 4)
,(418, 1824944400, 5)
,(418, 1837645200, 4)
,(418, 1856394000, 5)
,(418, 1869094800, 4)
,(418, 1887843600, 5)
,(418, 1901149200, 4)
,(418, 1919293200, 5)
,(418, 1932598800, 4)
,(418, 1950742800, 5)
,(418, 1964048400, 4)
,(418, 1982797200, 5)
,(418, 1995498000, 4)
,(418, 2014246800, 5)
,(418, 2026947600, 4)
,(418, 2045696400, 5)
,(418, 2058397200, 4)
,(418, 2077146000, 5)
,(418, 2090451600, 4)
,(418, 2108595600, 5)
,(418, 2121901200, 4)
,(418, 2140045200, 5)
;
INSERT INTO  oceanbase.__all_tenant_time_zone_transition_type (Time_zone_id, Transition_type_id, Offset, Is_DST, Abbreviation) VALUES
 (418, 0, 7200, 1, 'CEST')
,(418, 1, 3600, 0, 'CET')
,(418, 2, 7200, 1, 'CEST')
,(418, 3, 3600, 0, 'CET')
,(418, 4, 7200, 1, 'CEST')
,(418, 5, 3600, 0, 'CET')
;
INSERT INTO oceanbase.__all_tenant_time_zone (Time_zone_id, Use_leap_seconds) VALUES (419, 'N');
INSERT INTO  oceanbase.__all_tenant_time_zone_name (Name, Time_zone_id) VALUES ('Europe/Brussels', 419);
INSERT INTO  oceanbase.__all_tenant_time_zone_transition (Time_zone_id, Transition_time, Transition_type_id) VALUES
 (419, -1740355200, 1)
,(419, -1693702800, 4)
,(419, -1680483600, 1)
,(419, -1663455600, 2)
,(419, -1650150000, 3)
,(419, -1632006000, 2)
,(419, -1618700400, 3)
,(419, -1613826000, 7)
,(419, -1604278800, 5)
,(419, -1585530000, 6)
,(419, -1574038800, 5)
,(419, -1552266000, 6)
,(419, -1539997200, 5)
,(419, -1520557200, 6)
,(419, -1507510800, 5)
,(419, -1490576400, 6)
,(419, -1473642000, 5)
,(419, -1459126800, 6)
,(419, -1444006800, 5)
,(419, -1427677200, 6)
,(419, -1411952400, 5)
,(419, -1396227600, 6)
,(419, -1379293200, 5)
,(419, -1364778000, 6)
,(419, -1348448400, 5)
,(419, -1333328400, 6)
,(419, -1316394000, 5)
,(419, -1301263200, 6)
,(419, -1284328800, 5)
,(419, -1269813600, 6)
,(419, -1253484000, 5)
,(419, -1238364000, 6)
,(419, -1221429600, 5)
,(419, -1206914400, 6)
,(419, -1191189600, 5)
,(419, -1175464800, 6)
,(419, -1160344800, 5)
,(419, -1143410400, 6)
,(419, -1127685600, 5)
,(419, -1111960800, 6)
,(419, -1096840800, 5)
,(419, -1080511200, 6)
,(419, -1063576800, 5)
,(419, -1049061600, 6)
,(419, -1033336800, 5)
,(419, -1017612000, 6)
,(419, -1002492000, 5)
,(419, -986162400, 6)
,(419, -969228000, 5)
,(419, -950479200, 6)
,(419, -942012000, 5)
,(419, -934668000, 2)
,(419, -857257200, 3)
,(419, -844556400, 2)
,(419, -828226800, 3)
,(419, -812502000, 2)
,(419, -799293600, 4)
,(419, -798073200, 3)
,(419, -781052400, 2)
,(419, -766623600, 3)
,(419, -745455600, 2)
,(419, -733273200, 3)
,(419, 220921200, 1)
,(419, 228877200, 8)
,(419, 243997200, 9)
,(419, 260326800, 8)
,(419, 276051600, 9)
,(419, 291776400, 8)
,(419, 307501200, 9)
,(419, 323830800, 8)
,(419, 338950800, 9)
,(419, 354675600, 8)
,(419, 370400400, 9)
,(419, 386125200, 8)
,(419, 401850000, 9)
,(419, 417574800, 8)
,(419, 433299600, 9)
,(419, 449024400, 8)
,(419, 465354000, 9)
,(419, 481078800, 8)
,(419, 496803600, 9)
,(419, 512528400, 8)
,(419, 528253200, 9)
,(419, 543978000, 8)
,(419, 559702800, 9)
,(419, 575427600, 8)
,(419, 591152400, 9)
,(419, 606877200, 8)
,(419, 622602000, 9)
,(419, 638326800, 8)
,(419, 654656400, 9)
,(419, 670381200, 8)
,(419, 686106000, 9)
,(419, 701830800, 8)
,(419, 717555600, 9)
,(419, 733280400, 8)
,(419, 749005200, 9)
,(419, 764730000, 8)
,(419, 780454800, 9)
,(419, 796179600, 8)
,(419, 811904400, 9)
,(419, 828234000, 8)
,(419, 846378000, 9)
,(419, 859683600, 8)
,(419, 877827600, 9)
,(419, 891133200, 8)
,(419, 909277200, 9)
,(419, 922582800, 8)
,(419, 941331600, 9)
,(419, 954032400, 8)
,(419, 972781200, 9)
,(419, 985482000, 8)
,(419, 1004230800, 9)
,(419, 1017536400, 8)
,(419, 1035680400, 9)
,(419, 1048986000, 8)
,(419, 1067130000, 9)
,(419, 1080435600, 8)
,(419, 1099184400, 9)
,(419, 1111885200, 8)
,(419, 1130634000, 9)
,(419, 1143334800, 8)
,(419, 1162083600, 9)
,(419, 1174784400, 8)
,(419, 1193533200, 9)
,(419, 1206838800, 8)
,(419, 1224982800, 9)
,(419, 1238288400, 8)
,(419, 1256432400, 9)
,(419, 1269738000, 8)
,(419, 1288486800, 9)
,(419, 1301187600, 8)
,(419, 1319936400, 9)
,(419, 1332637200, 8)
,(419, 1351386000, 9)
,(419, 1364691600, 8)
,(419, 1382835600, 9)
,(419, 1396141200, 8)
,(419, 1414285200, 9)
,(419, 1427590800, 8)
,(419, 1445734800, 9)
,(419, 1459040400, 8)
,(419, 1477789200, 9)
,(419, 1490490000, 8)
,(419, 1509238800, 9)
,(419, 1521939600, 8)
,(419, 1540688400, 9)
,(419, 1553994000, 8)
,(419, 1572138000, 9)
,(419, 1585443600, 8)
,(419, 1603587600, 9)
,(419, 1616893200, 8)
,(419, 1635642000, 9)
,(419, 1648342800, 8)
,(419, 1667091600, 9)
,(419, 1679792400, 8)
,(419, 1698541200, 9)
,(419, 1711846800, 8)
,(419, 1729990800, 9)
,(419, 1743296400, 8)
,(419, 1761440400, 9)
,(419, 1774746000, 8)
,(419, 1792890000, 9)
,(419, 1806195600, 8)
,(419, 1824944400, 9)
,(419, 1837645200, 8)
,(419, 1856394000, 9)
,(419, 1869094800, 8)
,(419, 1887843600, 9)
,(419, 1901149200, 8)
,(419, 1919293200, 9)
,(419, 1932598800, 8)
,(419, 1950742800, 9)
,(419, 1964048400, 8)
,(419, 1982797200, 9)
,(419, 1995498000, 8)
,(419, 2014246800, 9)
,(419, 2026947600, 8)
,(419, 2045696400, 9)
,(419, 2058397200, 8)
,(419, 2077146000, 9)
,(419, 2090451600, 8)
,(419, 2108595600, 9)
,(419, 2121901200, 8)
,(419, 2140045200, 9)
;
INSERT INTO  oceanbase.__all_tenant_time_zone_transition_type (Time_zone_id, Transition_type_id, Offset, Is_DST, Abbreviation) VALUES
 (419, 0, 0, 0, 'WET')
,(419, 1, 3600, 0, 'CET')
,(419, 2, 7200, 1, 'CEST')
,(419, 3, 3600, 0, 'CET')
,(419, 4, 7200, 1, 'CEST')
,(419, 5, 3600, 1, 'WEST')
,(419, 6, 0, 0, 'WET')
,(419, 7, 0, 0, 'WET')
,(419, 8, 7200, 1, 'CEST')
,(419, 9, 3600, 0, 'CET')
;
INSERT INTO oceanbase.__all_tenant_time_zone (Time_zone_id, Use_leap_seconds) VALUES (420, 'N');
INSERT INTO  oceanbase.__all_tenant_time_zone_name (Name, Time_zone_id) VALUES ('Europe/Bucharest', 420);
INSERT INTO  oceanbase.__all_tenant_time_zone_transition (Time_zone_id, Transition_time, Transition_type_id) VALUES
 (420, -1213148664, 4)
,(420, -1187056800, 1)
,(420, -1175479200, 2)
,(420, -1159754400, 1)
,(420, -1144029600, 2)
,(420, -1127700000, 1)
,(420, -1111975200, 2)
,(420, -1096250400, 1)
,(420, -1080525600, 2)
,(420, -1064800800, 1)
,(420, -1049076000, 2)
,(420, -1033351200, 1)
,(420, -1017626400, 2)
,(420, -1001901600, 1)
,(420, -986176800, 2)
,(420, -970452000, 1)
,(420, -954727200, 2)
,(420, 296604000, 3)
,(420, 307486800, 4)
,(420, 323816400, 3)
,(420, 338940000, 4)
,(420, 354672000, 1)
,(420, 370396800, 2)
,(420, 386121600, 1)
,(420, 401846400, 2)
,(420, 417571200, 1)
,(420, 433296000, 2)
,(420, 449020800, 1)
,(420, 465350400, 2)
,(420, 481075200, 1)
,(420, 496800000, 2)
,(420, 512524800, 1)
,(420, 528249600, 2)
,(420, 543974400, 1)
,(420, 559699200, 2)
,(420, 575424000, 1)
,(420, 591148800, 2)
,(420, 606873600, 1)
,(420, 622598400, 2)
,(420, 638323200, 1)
,(420, 654652800, 2)
,(420, 662680800, 4)
,(420, 670370400, 1)
,(420, 686095200, 2)
,(420, 701820000, 1)
,(420, 717544800, 2)
,(420, 733269600, 1)
,(420, 748994400, 2)
,(420, 757375200, 4)
,(420, 764719200, 3)
,(420, 780440400, 4)
,(420, 796168800, 3)
,(420, 811890000, 4)
,(420, 828223200, 3)
,(420, 846363600, 4)
,(420, 859683600, 5)
,(420, 877827600, 6)
,(420, 891133200, 5)
,(420, 909277200, 6)
,(420, 922582800, 5)
,(420, 941331600, 6)
,(420, 954032400, 5)
,(420, 972781200, 6)
,(420, 985482000, 5)
,(420, 1004230800, 6)
,(420, 1017536400, 5)
,(420, 1035680400, 6)
,(420, 1048986000, 5)
,(420, 1067130000, 6)
,(420, 1080435600, 5)
,(420, 1099184400, 6)
,(420, 1111885200, 5)
,(420, 1130634000, 6)
,(420, 1143334800, 5)
,(420, 1162083600, 6)
,(420, 1174784400, 5)
,(420, 1193533200, 6)
,(420, 1206838800, 5)
,(420, 1224982800, 6)
,(420, 1238288400, 5)
,(420, 1256432400, 6)
,(420, 1269738000, 5)
,(420, 1288486800, 6)
,(420, 1301187600, 5)
,(420, 1319936400, 6)
,(420, 1332637200, 5)
,(420, 1351386000, 6)
,(420, 1364691600, 5)
,(420, 1382835600, 6)
,(420, 1396141200, 5)
,(420, 1414285200, 6)
,(420, 1427590800, 5)
,(420, 1445734800, 6)
,(420, 1459040400, 5)
,(420, 1477789200, 6)
,(420, 1490490000, 5)
,(420, 1509238800, 6)
,(420, 1521939600, 5)
,(420, 1540688400, 6)
,(420, 1553994000, 5)
,(420, 1572138000, 6)
,(420, 1585443600, 5)
,(420, 1603587600, 6)
,(420, 1616893200, 5)
,(420, 1635642000, 6)
,(420, 1648342800, 5)
,(420, 1667091600, 6)
,(420, 1679792400, 5)
,(420, 1698541200, 6)
,(420, 1711846800, 5)
,(420, 1729990800, 6)
,(420, 1743296400, 5)
,(420, 1761440400, 6)
,(420, 1774746000, 5)
,(420, 1792890000, 6)
,(420, 1806195600, 5)
,(420, 1824944400, 6)
,(420, 1837645200, 5)
,(420, 1856394000, 6)
,(420, 1869094800, 5)
,(420, 1887843600, 6)
,(420, 1901149200, 5)
,(420, 1919293200, 6)
,(420, 1932598800, 5)
,(420, 1950742800, 6)
,(420, 1964048400, 5)
,(420, 1982797200, 6)
,(420, 1995498000, 5)
,(420, 2014246800, 6)
,(420, 2026947600, 5)
,(420, 2045696400, 6)
,(420, 2058397200, 5)
,(420, 2077146000, 6)
,(420, 2090451600, 5)
,(420, 2108595600, 6)
,(420, 2121901200, 5)
,(420, 2140045200, 6)
;
INSERT INTO  oceanbase.__all_tenant_time_zone_transition_type (Time_zone_id, Transition_type_id, Offset, Is_DST, Abbreviation) VALUES
 (420, 0, 6264, 0, 'BMT')
,(420, 1, 10800, 1, 'EEST')
,(420, 2, 7200, 0, 'EET')
,(420, 3, 10800, 1, 'EEST')
,(420, 4, 7200, 0, 'EET')
,(420, 5, 10800, 1, 'EEST')
,(420, 6, 7200, 0, 'EET')
;
INSERT INTO oceanbase.__all_tenant_time_zone (Time_zone_id, Use_leap_seconds) VALUES (421, 'N');
INSERT INTO  oceanbase.__all_tenant_time_zone_name (Name, Time_zone_id) VALUES ('Europe/Budapest', 421);
INSERT INTO  oceanbase.__all_tenant_time_zone_transition (Time_zone_id, Transition_time, Transition_type_id) VALUES
 (421, -1693706400, 0)
,(421, -1680483600, 1)
,(421, -1663455600, 2)
,(421, -1650150000, 3)
,(421, -1640998800, 1)
,(421, -1633212000, 0)
,(421, -1617577200, 1)
,(421, -1600466400, 0)
,(421, -1587250800, 1)
,(421, -1569708000, 0)
,(421, -1554332400, 1)
,(421, -906937200, 0)
,(421, -857257200, 3)
,(421, -844556400, 2)
,(421, -828226800, 3)
,(421, -812502000, 2)
,(421, -796777200, 3)
,(421, -788922000, 1)
,(421, -778471200, 0)
,(421, -762487200, 1)
,(421, -749689200, 2)
,(421, -733359600, 3)
,(421, -717634800, 2)
,(421, -701910000, 3)
,(421, -686185200, 2)
,(421, -670460400, 3)
,(421, -654130800, 2)
,(421, -639010800, 3)
,(421, -621990000, 2)
,(421, -605660400, 3)
,(421, -492656400, 0)
,(421, -481168800, 1)
,(421, -461120400, 0)
,(421, -449632800, 1)
,(421, -428547600, 0)
,(421, -418269600, 1)
,(421, -397094400, 0)
,(421, -386809200, 1)
,(421, 323827200, 0)
,(421, 338950800, 4)
,(421, 354675600, 5)
,(421, 370400400, 4)
,(421, 386125200, 5)
,(421, 401850000, 4)
,(421, 417574800, 5)
,(421, 433299600, 4)
,(421, 449024400, 5)
,(421, 465354000, 4)
,(421, 481078800, 5)
,(421, 496803600, 4)
,(421, 512528400, 5)
,(421, 528253200, 4)
,(421, 543978000, 5)
,(421, 559702800, 4)
,(421, 575427600, 5)
,(421, 591152400, 4)
,(421, 606877200, 5)
,(421, 622602000, 4)
,(421, 638326800, 5)
,(421, 654656400, 4)
,(421, 670381200, 5)
,(421, 686106000, 4)
,(421, 701830800, 5)
,(421, 717555600, 4)
,(421, 733280400, 5)
,(421, 749005200, 4)
,(421, 764730000, 5)
,(421, 780454800, 4)
,(421, 796179600, 5)
,(421, 811904400, 4)
,(421, 828234000, 5)
,(421, 846378000, 4)
,(421, 859683600, 5)
,(421, 877827600, 4)
,(421, 891133200, 5)
,(421, 909277200, 4)
,(421, 922582800, 5)
,(421, 941331600, 4)
,(421, 954032400, 5)
,(421, 972781200, 4)
,(421, 985482000, 5)
,(421, 1004230800, 4)
,(421, 1017536400, 5)
,(421, 1035680400, 4)
,(421, 1048986000, 5)
,(421, 1067130000, 4)
,(421, 1080435600, 5)
,(421, 1099184400, 4)
,(421, 1111885200, 5)
,(421, 1130634000, 4)
,(421, 1143334800, 5)
,(421, 1162083600, 4)
,(421, 1174784400, 5)
,(421, 1193533200, 4)
,(421, 1206838800, 5)
,(421, 1224982800, 4)
,(421, 1238288400, 5)
,(421, 1256432400, 4)
,(421, 1269738000, 5)
,(421, 1288486800, 4)
,(421, 1301187600, 5)
,(421, 1319936400, 4)
,(421, 1332637200, 5)
,(421, 1351386000, 4)
,(421, 1364691600, 5)
,(421, 1382835600, 4)
,(421, 1396141200, 5)
,(421, 1414285200, 4)
,(421, 1427590800, 5)
,(421, 1445734800, 4)
,(421, 1459040400, 5)
,(421, 1477789200, 4)
,(421, 1490490000, 5)
,(421, 1509238800, 4)
,(421, 1521939600, 5)
,(421, 1540688400, 4)
,(421, 1553994000, 5)
,(421, 1572138000, 4)
,(421, 1585443600, 5)
,(421, 1603587600, 4)
,(421, 1616893200, 5)
,(421, 1635642000, 4)
,(421, 1648342800, 5)
,(421, 1667091600, 4)
,(421, 1679792400, 5)
,(421, 1698541200, 4)
,(421, 1711846800, 5)
,(421, 1729990800, 4)
,(421, 1743296400, 5)
,(421, 1761440400, 4)
,(421, 1774746000, 5)
,(421, 1792890000, 4)
,(421, 1806195600, 5)
,(421, 1824944400, 4)
,(421, 1837645200, 5)
,(421, 1856394000, 4)
,(421, 1869094800, 5)
,(421, 1887843600, 4)
,(421, 1901149200, 5)
,(421, 1919293200, 4)
,(421, 1932598800, 5)
,(421, 1950742800, 4)
,(421, 1964048400, 5)
,(421, 1982797200, 4)
,(421, 1995498000, 5)
,(421, 2014246800, 4)
,(421, 2026947600, 5)
,(421, 2045696400, 4)
,(421, 2058397200, 5)
,(421, 2077146000, 4)
,(421, 2090451600, 5)
,(421, 2108595600, 4)
,(421, 2121901200, 5)
,(421, 2140045200, 4)
;
INSERT INTO  oceanbase.__all_tenant_time_zone_transition_type (Time_zone_id, Transition_type_id, Offset, Is_DST, Abbreviation) VALUES
 (421, 0, 7200, 1, 'CEST')
,(421, 1, 3600, 0, 'CET')
,(421, 2, 7200, 1, 'CEST')
,(421, 3, 3600, 0, 'CET')
,(421, 4, 3600, 0, 'CET')
,(421, 5, 7200, 1, 'CEST')
;
INSERT INTO oceanbase.__all_tenant_time_zone (Time_zone_id, Use_leap_seconds) VALUES (422, 'N');
INSERT INTO  oceanbase.__all_tenant_time_zone_name (Name, Time_zone_id) VALUES ('Europe/Chisinau', 422);
INSERT INTO  oceanbase.__all_tenant_time_zone_transition (Time_zone_id, Transition_time, Transition_type_id) VALUES
 (422, -1637114100, 1)
,(422, -1213148664, 4)
,(422, -1187056800, 2)
,(422, -1175479200, 3)
,(422, -1159754400, 2)
,(422, -1144029600, 3)
,(422, -1127700000, 2)
,(422, -1111975200, 3)
,(422, -1096250400, 2)
,(422, -1080525600, 3)
,(422, -1064800800, 2)
,(422, -1049076000, 3)
,(422, -1033351200, 2)
,(422, -1017626400, 3)
,(422, -1001901600, 2)
,(422, -986176800, 3)
,(422, -970452000, 2)
,(422, -954727200, 3)
,(422, -927165600, 5)
,(422, -898138800, 8)
,(422, -857257200, 6)
,(422, -844556400, 7)
,(422, -828226800, 6)
,(422, -812502000, 7)
,(422, -800157600, 10)
,(422, 354920400, 9)
,(422, 370728000, 10)
,(422, 386456400, 9)
,(422, 402264000, 10)
,(422, 417992400, 9)
,(422, 433800000, 10)
,(422, 449614800, 9)
,(422, 465346800, 11)
,(422, 481071600, 12)
,(422, 496796400, 11)
,(422, 512521200, 12)
,(422, 528246000, 11)
,(422, 543970800, 12)
,(422, 559695600, 11)
,(422, 575420400, 12)
,(422, 591145200, 11)
,(422, 606870000, 12)
,(422, 622594800, 11)
,(422, 631141200, 10)
,(422, 641941200, 4)
,(422, 670377600, 2)
,(422, 686102400, 3)
,(422, 694216800, 4)
,(422, 701820000, 5)
,(422, 717541200, 4)
,(422, 733269600, 5)
,(422, 748990800, 4)
,(422, 764719200, 5)
,(422, 780440400, 4)
,(422, 796168800, 5)
,(422, 811890000, 4)
,(422, 828223200, 5)
,(422, 846363600, 4)
,(422, 859683600, 13)
,(422, 877827600, 14)
,(422, 891133200, 13)
,(422, 909277200, 14)
,(422, 922582800, 13)
,(422, 941331600, 14)
,(422, 954032400, 13)
,(422, 972781200, 14)
,(422, 985482000, 13)
,(422, 1004230800, 14)
,(422, 1017536400, 13)
,(422, 1035680400, 14)
,(422, 1048986000, 13)
,(422, 1067130000, 14)
,(422, 1080435600, 13)
,(422, 1099184400, 14)
,(422, 1111885200, 13)
,(422, 1130634000, 14)
,(422, 1143334800, 13)
,(422, 1162083600, 14)
,(422, 1174784400, 13)
,(422, 1193533200, 14)
,(422, 1206838800, 13)
,(422, 1224982800, 14)
,(422, 1238288400, 13)
,(422, 1256432400, 14)
,(422, 1269738000, 13)
,(422, 1288486800, 14)
,(422, 1301187600, 13)
,(422, 1319936400, 14)
,(422, 1332637200, 13)
,(422, 1351386000, 14)
,(422, 1364691600, 13)
,(422, 1382835600, 14)
,(422, 1396141200, 13)
,(422, 1414285200, 14)
,(422, 1427590800, 13)
,(422, 1445734800, 14)
,(422, 1459040400, 13)
,(422, 1477789200, 14)
,(422, 1490490000, 13)
,(422, 1509238800, 14)
,(422, 1521939600, 13)
,(422, 1540688400, 14)
,(422, 1553994000, 13)
,(422, 1572138000, 14)
,(422, 1585443600, 13)
,(422, 1603587600, 14)
,(422, 1616893200, 13)
,(422, 1635642000, 14)
,(422, 1648342800, 13)
,(422, 1667091600, 14)
,(422, 1679792400, 13)
,(422, 1698541200, 14)
,(422, 1711846800, 13)
,(422, 1729990800, 14)
,(422, 1743296400, 13)
,(422, 1761440400, 14)
,(422, 1774746000, 13)
,(422, 1792890000, 14)
,(422, 1806195600, 13)
,(422, 1824944400, 14)
,(422, 1837645200, 13)
,(422, 1856394000, 14)
,(422, 1869094800, 13)
,(422, 1887843600, 14)
,(422, 1901149200, 13)
,(422, 1919293200, 14)
,(422, 1932598800, 13)
,(422, 1950742800, 14)
,(422, 1964048400, 13)
,(422, 1982797200, 14)
,(422, 1995498000, 13)
,(422, 2014246800, 14)
,(422, 2026947600, 13)
,(422, 2045696400, 14)
,(422, 2058397200, 13)
,(422, 2077146000, 14)
,(422, 2090451600, 13)
,(422, 2108595600, 14)
,(422, 2121901200, 13)
,(422, 2140045200, 14)
;
INSERT INTO  oceanbase.__all_tenant_time_zone_transition_type (Time_zone_id, Transition_type_id, Offset, Is_DST, Abbreviation) VALUES
 (422, 0, 6900, 0, 'CMT')
,(422, 1, 6264, 0, 'BMT')
,(422, 2, 10800, 1, 'EEST')
,(422, 3, 7200, 0, 'EET')
,(422, 4, 7200, 0, 'EET')
,(422, 5, 10800, 1, 'EEST')
,(422, 6, 3600, 0, 'CET')
,(422, 7, 7200, 1, 'CEST')
,(422, 8, 7200, 1, 'CEST')
,(422, 9, 14400, 1, 'MSD')
,(422, 10, 10800, 0, 'MSK')
,(422, 11, 10800, 0, 'MSK')
,(422, 12, 14400, 1, 'MSD')
,(422, 13, 10800, 1, 'EEST')
,(422, 14, 7200, 0, 'EET')
;
INSERT INTO oceanbase.__all_tenant_time_zone (Time_zone_id, Use_leap_seconds) VALUES (423, 'N');
INSERT INTO  oceanbase.__all_tenant_time_zone_name (Name, Time_zone_id) VALUES ('Europe/Copenhagen', 423);
INSERT INTO  oceanbase.__all_tenant_time_zone_transition (Time_zone_id, Transition_time, Transition_type_id) VALUES
 (423, -1692496800, 0)
,(423, -1680490800, 1)
,(423, -935110800, 0)
,(423, -857257200, 2)
,(423, -844556400, 3)
,(423, -828226800, 2)
,(423, -812502000, 3)
,(423, -796777200, 2)
,(423, -781052400, 3)
,(423, -769388400, 2)
,(423, -747010800, 3)
,(423, -736383600, 2)
,(423, -715215600, 3)
,(423, -706748400, 2)
,(423, -683161200, 3)
,(423, -675298800, 2)
,(423, 315529200, 1)
,(423, 323830800, 4)
,(423, 338950800, 5)
,(423, 354675600, 4)
,(423, 370400400, 5)
,(423, 386125200, 4)
,(423, 401850000, 5)
,(423, 417574800, 4)
,(423, 433299600, 5)
,(423, 449024400, 4)
,(423, 465354000, 5)
,(423, 481078800, 4)
,(423, 496803600, 5)
,(423, 512528400, 4)
,(423, 528253200, 5)
,(423, 543978000, 4)
,(423, 559702800, 5)
,(423, 575427600, 4)
,(423, 591152400, 5)
,(423, 606877200, 4)
,(423, 622602000, 5)
,(423, 638326800, 4)
,(423, 654656400, 5)
,(423, 670381200, 4)
,(423, 686106000, 5)
,(423, 701830800, 4)
,(423, 717555600, 5)
,(423, 733280400, 4)
,(423, 749005200, 5)
,(423, 764730000, 4)
,(423, 780454800, 5)
,(423, 796179600, 4)
,(423, 811904400, 5)
,(423, 828234000, 4)
,(423, 846378000, 5)
,(423, 859683600, 4)
,(423, 877827600, 5)
,(423, 891133200, 4)
,(423, 909277200, 5)
,(423, 922582800, 4)
,(423, 941331600, 5)
,(423, 954032400, 4)
,(423, 972781200, 5)
,(423, 985482000, 4)
,(423, 1004230800, 5)
,(423, 1017536400, 4)
,(423, 1035680400, 5)
,(423, 1048986000, 4)
,(423, 1067130000, 5)
,(423, 1080435600, 4)
,(423, 1099184400, 5)
,(423, 1111885200, 4)
,(423, 1130634000, 5)
,(423, 1143334800, 4)
,(423, 1162083600, 5)
,(423, 1174784400, 4)
,(423, 1193533200, 5)
,(423, 1206838800, 4)
,(423, 1224982800, 5)
,(423, 1238288400, 4)
,(423, 1256432400, 5)
,(423, 1269738000, 4)
,(423, 1288486800, 5)
,(423, 1301187600, 4)
,(423, 1319936400, 5)
,(423, 1332637200, 4)
,(423, 1351386000, 5)
,(423, 1364691600, 4)
,(423, 1382835600, 5)
,(423, 1396141200, 4)
,(423, 1414285200, 5)
,(423, 1427590800, 4)
,(423, 1445734800, 5)
,(423, 1459040400, 4)
,(423, 1477789200, 5)
,(423, 1490490000, 4)
,(423, 1509238800, 5)
,(423, 1521939600, 4)
,(423, 1540688400, 5)
,(423, 1553994000, 4)
,(423, 1572138000, 5)
,(423, 1585443600, 4)
,(423, 1603587600, 5)
,(423, 1616893200, 4)
,(423, 1635642000, 5)
,(423, 1648342800, 4)
,(423, 1667091600, 5)
,(423, 1679792400, 4)
,(423, 1698541200, 5)
,(423, 1711846800, 4)
,(423, 1729990800, 5)
,(423, 1743296400, 4)
,(423, 1761440400, 5)
,(423, 1774746000, 4)
,(423, 1792890000, 5)
,(423, 1806195600, 4)
,(423, 1824944400, 5)
,(423, 1837645200, 4)
,(423, 1856394000, 5)
,(423, 1869094800, 4)
,(423, 1887843600, 5)
,(423, 1901149200, 4)
,(423, 1919293200, 5)
,(423, 1932598800, 4)
,(423, 1950742800, 5)
,(423, 1964048400, 4)
,(423, 1982797200, 5)
,(423, 1995498000, 4)
,(423, 2014246800, 5)
,(423, 2026947600, 4)
,(423, 2045696400, 5)
,(423, 2058397200, 4)
,(423, 2077146000, 5)
,(423, 2090451600, 4)
,(423, 2108595600, 5)
,(423, 2121901200, 4)
,(423, 2140045200, 5)
;
INSERT INTO  oceanbase.__all_tenant_time_zone_transition_type (Time_zone_id, Transition_type_id, Offset, Is_DST, Abbreviation) VALUES
 (423, 0, 7200, 1, 'CEST')
,(423, 1, 3600, 0, 'CET')
,(423, 2, 3600, 0, 'CET')
,(423, 3, 7200, 1, 'CEST')
,(423, 4, 7200, 1, 'CEST')
,(423, 5, 3600, 0, 'CET')
;
INSERT INTO oceanbase.__all_tenant_time_zone (Time_zone_id, Use_leap_seconds) VALUES (424, 'N');
INSERT INTO  oceanbase.__all_tenant_time_zone_name (Name, Time_zone_id) VALUES ('Europe/Dublin', 424);
INSERT INTO  oceanbase.__all_tenant_time_zone_transition (Time_zone_id, Transition_time, Transition_type_id) VALUES
 (424, -1691962479, 1)
,(424, -1680471279, 3)
,(424, -1664143200, 2)
,(424, -1650146400, 3)
,(424, -1633903200, 2)
,(424, -1617487200, 3)
,(424, -1601848800, 2)
,(424, -1586037600, 3)
,(424, -1570399200, 2)
,(424, -1552168800, 3)
,(424, -1538344800, 2)
,(424, -1522533600, 3)
,(424, -1517011200, 5)
,(424, -1507500000, 4)
,(424, -1490565600, 3)
,(424, -1473631200, 4)
,(424, -1460930400, 3)
,(424, -1442786400, 4)
,(424, -1428876000, 3)
,(424, -1410732000, 4)
,(424, -1396216800, 3)
,(424, -1379282400, 4)
,(424, -1364767200, 3)
,(424, -1348437600, 4)
,(424, -1333317600, 3)
,(424, -1315778400, 4)
,(424, -1301263200, 3)
,(424, -1284328800, 4)
,(424, -1269813600, 3)
,(424, -1253484000, 4)
,(424, -1238364000, 3)
,(424, -1221429600, 4)
,(424, -1206914400, 3)
,(424, -1189980000, 4)
,(424, -1175464800, 3)
,(424, -1159135200, 4)
,(424, -1143410400, 3)
,(424, -1126476000, 4)
,(424, -1111960800, 3)
,(424, -1095631200, 4)
,(424, -1080511200, 3)
,(424, -1063576800, 4)
,(424, -1049061600, 3)
,(424, -1032127200, 4)
,(424, -1017612000, 3)
,(424, -1001282400, 4)
,(424, -986162400, 3)
,(424, -969228000, 4)
,(424, -950479200, 3)
,(424, -942012000, 6)
,(424, -733359600, 5)
,(424, -719445600, 6)
,(424, -699490800, 5)
,(424, -684972000, 6)
,(424, -668037600, 3)
,(424, -654732000, 4)
,(424, -636588000, 3)
,(424, -622072800, 4)
,(424, -605743200, 3)
,(424, -590623200, 4)
,(424, -574293600, 3)
,(424, -558568800, 4)
,(424, -542239200, 3)
,(424, -527119200, 4)
,(424, -512604000, 3)
,(424, -496274400, 4)
,(424, -481154400, 3)
,(424, -464220000, 4)
,(424, -449704800, 3)
,(424, -432165600, 4)
,(424, -417650400, 3)
,(424, -401320800, 4)
,(424, -386200800, 3)
,(424, -369266400, 4)
,(424, -354751200, 3)
,(424, -337816800, 4)
,(424, -323301600, 3)
,(424, -306972000, 4)
,(424, -291852000, 3)
,(424, -276732000, 4)
,(424, -257983200, 3)
,(424, -245282400, 4)
,(424, -226533600, 3)
,(424, -213228000, 4)
,(424, -195084000, 3)
,(424, -182383200, 4)
,(424, -163634400, 3)
,(424, -150933600, 4)
,(424, -132184800, 3)
,(424, -119484000, 4)
,(424, -100735200, 3)
,(424, -88034400, 4)
,(424, -68680800, 3)
,(424, -59004000, 4)
,(424, -37242000, 7)
,(424, 57722400, 9)
,(424, 69818400, 4)
,(424, 89172000, 3)
,(424, 101268000, 4)
,(424, 120621600, 3)
,(424, 132717600, 4)
,(424, 152071200, 3)
,(424, 164167200, 4)
,(424, 183520800, 3)
,(424, 196221600, 4)
,(424, 214970400, 3)
,(424, 227671200, 4)
,(424, 246420000, 3)
,(424, 259120800, 4)
,(424, 278474400, 3)
,(424, 290570400, 4)
,(424, 309924000, 3)
,(424, 322020000, 4)
,(424, 341373600, 3)
,(424, 354675600, 8)
,(424, 372819600, 9)
,(424, 386125200, 8)
,(424, 404269200, 9)
,(424, 417574800, 8)
,(424, 435718800, 9)
,(424, 449024400, 8)
,(424, 467773200, 9)
,(424, 481078800, 8)
,(424, 499222800, 9)
,(424, 512528400, 8)
,(424, 530672400, 9)
,(424, 543978000, 8)
,(424, 562122000, 9)
,(424, 575427600, 8)
,(424, 593571600, 9)
,(424, 606877200, 8)
,(424, 625626000, 9)
,(424, 638326800, 8)
,(424, 657075600, 9)
,(424, 670381200, 8)
,(424, 688525200, 9)
,(424, 701830800, 8)
,(424, 719974800, 9)
,(424, 733280400, 8)
,(424, 751424400, 9)
,(424, 764730000, 8)
,(424, 782874000, 9)
,(424, 796179600, 8)
,(424, 814323600, 9)
,(424, 820454400, 5)
,(424, 828234000, 8)
,(424, 846378000, 9)
,(424, 859683600, 8)
,(424, 877827600, 9)
,(424, 891133200, 8)
,(424, 909277200, 9)
,(424, 922582800, 8)
,(424, 941331600, 9)
,(424, 954032400, 8)
,(424, 972781200, 9)
,(424, 985482000, 8)
,(424, 1004230800, 9)
,(424, 1017536400, 8)
,(424, 1035680400, 9)
,(424, 1048986000, 8)
,(424, 1067130000, 9)
,(424, 1080435600, 8)
,(424, 1099184400, 9)
,(424, 1111885200, 8)
,(424, 1130634000, 9)
,(424, 1143334800, 8)
,(424, 1162083600, 9)
,(424, 1174784400, 8)
,(424, 1193533200, 9)
,(424, 1206838800, 8)
,(424, 1224982800, 9)
,(424, 1238288400, 8)
,(424, 1256432400, 9)
,(424, 1269738000, 8)
,(424, 1288486800, 9)
,(424, 1301187600, 8)
,(424, 1319936400, 9)
,(424, 1332637200, 8)
,(424, 1351386000, 9)
,(424, 1364691600, 8)
,(424, 1382835600, 9)
,(424, 1396141200, 8)
,(424, 1414285200, 9)
,(424, 1427590800, 8)
,(424, 1445734800, 9)
,(424, 1459040400, 8)
,(424, 1477789200, 9)
,(424, 1490490000, 8)
,(424, 1509238800, 9)
,(424, 1521939600, 8)
,(424, 1540688400, 9)
,(424, 1553994000, 8)
,(424, 1572138000, 9)
,(424, 1585443600, 8)
,(424, 1603587600, 9)
,(424, 1616893200, 8)
,(424, 1635642000, 9)
,(424, 1648342800, 8)
,(424, 1667091600, 9)
,(424, 1679792400, 8)
,(424, 1698541200, 9)
,(424, 1711846800, 8)
,(424, 1729990800, 9)
,(424, 1743296400, 8)
,(424, 1761440400, 9)
,(424, 1774746000, 8)
,(424, 1792890000, 9)
,(424, 1806195600, 8)
,(424, 1824944400, 9)
,(424, 1837645200, 8)
,(424, 1856394000, 9)
,(424, 1869094800, 8)
,(424, 1887843600, 9)
,(424, 1901149200, 8)
,(424, 1919293200, 9)
,(424, 1932598800, 8)
,(424, 1950742800, 9)
,(424, 1964048400, 8)
,(424, 1982797200, 9)
,(424, 1995498000, 8)
,(424, 2014246800, 9)
,(424, 2026947600, 8)
,(424, 2045696400, 9)
,(424, 2058397200, 8)
,(424, 2077146000, 9)
,(424, 2090451600, 8)
,(424, 2108595600, 9)
,(424, 2121901200, 8)
,(424, 2140045200, 9)
;
INSERT INTO  oceanbase.__all_tenant_time_zone_transition_type (Time_zone_id, Transition_type_id, Offset, Is_DST, Abbreviation) VALUES
 (424, 0, -1521, 0, 'DMT')
,(424, 1, 2079, 1, 'IST')
,(424, 2, 3600, 1, 'BST')
,(424, 3, 0, 0, 'GMT')
,(424, 4, 3600, 1, 'IST')
,(424, 5, 0, 0, 'GMT')
,(424, 6, 3600, 1, 'IST')
,(424, 7, 3600, 0, 'IST')
,(424, 8, 3600, 1, 'IST')
,(424, 9, 0, 0, 'GMT')
;
INSERT INTO oceanbase.__all_tenant_time_zone (Time_zone_id, Use_leap_seconds) VALUES (425, 'N');
INSERT INTO  oceanbase.__all_tenant_time_zone_name (Name, Time_zone_id) VALUES ('Europe/Gibraltar', 425);
INSERT INTO  oceanbase.__all_tenant_time_zone_transition (Time_zone_id, Transition_time, Transition_type_id) VALUES
 (425, -1691964000, 0)
,(425, -1680472800, 1)
,(425, -1664143200, 0)
,(425, -1650146400, 1)
,(425, -1633903200, 0)
,(425, -1617487200, 1)
,(425, -1601848800, 0)
,(425, -1586037600, 1)
,(425, -1570399200, 0)
,(425, -1552168800, 1)
,(425, -1538344800, 0)
,(425, -1522533600, 1)
,(425, -1507500000, 0)
,(425, -1490565600, 1)
,(425, -1473631200, 0)
,(425, -1460930400, 1)
,(425, -1442786400, 0)
,(425, -1428876000, 1)
,(425, -1410732000, 0)
,(425, -1396216800, 1)
,(425, -1379282400, 0)
,(425, -1364767200, 1)
,(425, -1348437600, 0)
,(425, -1333317600, 1)
,(425, -1315778400, 0)
,(425, -1301263200, 1)
,(425, -1284328800, 0)
,(425, -1269813600, 1)
,(425, -1253484000, 0)
,(425, -1238364000, 1)
,(425, -1221429600, 0)
,(425, -1206914400, 1)
,(425, -1189980000, 0)
,(425, -1175464800, 1)
,(425, -1159135200, 0)
,(425, -1143410400, 1)
,(425, -1126476000, 0)
,(425, -1111960800, 1)
,(425, -1095631200, 0)
,(425, -1080511200, 1)
,(425, -1063576800, 0)
,(425, -1049061600, 1)
,(425, -1032127200, 0)
,(425, -1017612000, 1)
,(425, -1001282400, 0)
,(425, -986162400, 1)
,(425, -969228000, 0)
,(425, -950479200, 1)
,(425, -942012000, 0)
,(425, -904518000, 2)
,(425, -896050800, 0)
,(425, -875487600, 2)
,(425, -864601200, 0)
,(425, -844038000, 2)
,(425, -832546800, 0)
,(425, -812588400, 2)
,(425, -798073200, 0)
,(425, -781052400, 2)
,(425, -772066800, 0)
,(425, -764805600, 1)
,(425, -748476000, 0)
,(425, -733356000, 1)
,(425, -719445600, 0)
,(425, -717030000, 2)
,(425, -706748400, 0)
,(425, -699487200, 1)
,(425, -687996000, 0)
,(425, -668037600, 1)
,(425, -654732000, 0)
,(425, -636588000, 1)
,(425, -622072800, 0)
,(425, -605743200, 1)
,(425, -590623200, 0)
,(425, -574293600, 1)
,(425, -558568800, 0)
,(425, -542239200, 1)
,(425, -527119200, 0)
,(425, -512604000, 1)
,(425, -496274400, 0)
,(425, -481154400, 1)
,(425, -464220000, 0)
,(425, -449704800, 1)
,(425, -432165600, 0)
,(425, -417650400, 1)
,(425, -401320800, 3)
,(425, 386125200, 4)
,(425, 401850000, 5)
,(425, 417574800, 4)
,(425, 433299600, 5)
,(425, 449024400, 4)
,(425, 465354000, 5)
,(425, 481078800, 4)
,(425, 496803600, 5)
,(425, 512528400, 4)
,(425, 528253200, 5)
,(425, 543978000, 4)
,(425, 559702800, 5)
,(425, 575427600, 4)
,(425, 591152400, 5)
,(425, 606877200, 4)
,(425, 622602000, 5)
,(425, 638326800, 4)
,(425, 654656400, 5)
,(425, 670381200, 4)
,(425, 686106000, 5)
,(425, 701830800, 4)
,(425, 717555600, 5)
,(425, 733280400, 4)
,(425, 749005200, 5)
,(425, 764730000, 4)
,(425, 780454800, 5)
,(425, 796179600, 4)
,(425, 811904400, 5)
,(425, 828234000, 4)
,(425, 846378000, 5)
,(425, 859683600, 4)
,(425, 877827600, 5)
,(425, 891133200, 4)
,(425, 909277200, 5)
,(425, 922582800, 4)
,(425, 941331600, 5)
,(425, 954032400, 4)
,(425, 972781200, 5)
,(425, 985482000, 4)
,(425, 1004230800, 5)
,(425, 1017536400, 4)
,(425, 1035680400, 5)
,(425, 1048986000, 4)
,(425, 1067130000, 5)
,(425, 1080435600, 4)
,(425, 1099184400, 5)
,(425, 1111885200, 4)
,(425, 1130634000, 5)
,(425, 1143334800, 4)
,(425, 1162083600, 5)
,(425, 1174784400, 4)
,(425, 1193533200, 5)
,(425, 1206838800, 4)
,(425, 1224982800, 5)
,(425, 1238288400, 4)
,(425, 1256432400, 5)
,(425, 1269738000, 4)
,(425, 1288486800, 5)
,(425, 1301187600, 4)
,(425, 1319936400, 5)
,(425, 1332637200, 4)
,(425, 1351386000, 5)
,(425, 1364691600, 4)
,(425, 1382835600, 5)
,(425, 1396141200, 4)
,(425, 1414285200, 5)
,(425, 1427590800, 4)
,(425, 1445734800, 5)
,(425, 1459040400, 4)
,(425, 1477789200, 5)
,(425, 1490490000, 4)
,(425, 1509238800, 5)
,(425, 1521939600, 4)
,(425, 1540688400, 5)
,(425, 1553994000, 4)
,(425, 1572138000, 5)
,(425, 1585443600, 4)
,(425, 1603587600, 5)
,(425, 1616893200, 4)
,(425, 1635642000, 5)
,(425, 1648342800, 4)
,(425, 1667091600, 5)
,(425, 1679792400, 4)
,(425, 1698541200, 5)
,(425, 1711846800, 4)
,(425, 1729990800, 5)
,(425, 1743296400, 4)
,(425, 1761440400, 5)
,(425, 1774746000, 4)
,(425, 1792890000, 5)
,(425, 1806195600, 4)
,(425, 1824944400, 5)
,(425, 1837645200, 4)
,(425, 1856394000, 5)
,(425, 1869094800, 4)
,(425, 1887843600, 5)
,(425, 1901149200, 4)
,(425, 1919293200, 5)
,(425, 1932598800, 4)
,(425, 1950742800, 5)
,(425, 1964048400, 4)
,(425, 1982797200, 5)
,(425, 1995498000, 4)
,(425, 2014246800, 5)
,(425, 2026947600, 4)
,(425, 2045696400, 5)
,(425, 2058397200, 4)
,(425, 2077146000, 5)
,(425, 2090451600, 4)
,(425, 2108595600, 5)
,(425, 2121901200, 4)
,(425, 2140045200, 5)
;
INSERT INTO  oceanbase.__all_tenant_time_zone_transition_type (Time_zone_id, Transition_type_id, Offset, Is_DST, Abbreviation) VALUES
 (425, 0, 3600, 1, 'BST')
,(425, 1, 0, 0, 'GMT')
,(425, 2, 7200, 1, 'BDST')
,(425, 3, 3600, 0, 'CET')
,(425, 4, 7200, 1, 'CEST')
,(425, 5, 3600, 0, 'CET')
;
INSERT INTO oceanbase.__all_tenant_time_zone (Time_zone_id, Use_leap_seconds) VALUES (426, 'N');
INSERT INTO  oceanbase.__all_tenant_time_zone_name (Name, Time_zone_id) VALUES ('Europe/Guernsey', 426);
INSERT INTO  oceanbase.__all_tenant_time_zone_transition (Time_zone_id, Transition_time, Transition_type_id) VALUES
 (426, -1691964000, 0)
,(426, -1680472800, 1)
,(426, -1664143200, 0)
,(426, -1650146400, 1)
,(426, -1633903200, 0)
,(426, -1617487200, 1)
,(426, -1601848800, 0)
,(426, -1586037600, 1)
,(426, -1570399200, 0)
,(426, -1552168800, 1)
,(426, -1538344800, 0)
,(426, -1522533600, 1)
,(426, -1507500000, 0)
,(426, -1490565600, 1)
,(426, -1473631200, 0)
,(426, -1460930400, 1)
,(426, -1442786400, 0)
,(426, -1428876000, 1)
,(426, -1410732000, 0)
,(426, -1396216800, 1)
,(426, -1379282400, 0)
,(426, -1364767200, 1)
,(426, -1348437600, 0)
,(426, -1333317600, 1)
,(426, -1315778400, 0)
,(426, -1301263200, 1)
,(426, -1284328800, 0)
,(426, -1269813600, 1)
,(426, -1253484000, 0)
,(426, -1238364000, 1)
,(426, -1221429600, 0)
,(426, -1206914400, 1)
,(426, -1189980000, 0)
,(426, -1175464800, 1)
,(426, -1159135200, 0)
,(426, -1143410400, 1)
,(426, -1126476000, 0)
,(426, -1111960800, 1)
,(426, -1095631200, 0)
,(426, -1080511200, 1)
,(426, -1063576800, 0)
,(426, -1049061600, 1)
,(426, -1032127200, 0)
,(426, -1017612000, 1)
,(426, -1001282400, 0)
,(426, -986162400, 1)
,(426, -969228000, 0)
,(426, -950479200, 1)
,(426, -942012000, 0)
,(426, -904518000, 2)
,(426, -896050800, 0)
,(426, -875487600, 2)
,(426, -864601200, 0)
,(426, -844038000, 2)
,(426, -832546800, 0)
,(426, -812588400, 2)
,(426, -798073200, 0)
,(426, -781052400, 2)
,(426, -772066800, 0)
,(426, -764805600, 1)
,(426, -748476000, 0)
,(426, -733356000, 1)
,(426, -719445600, 0)
,(426, -717030000, 2)
,(426, -706748400, 0)
,(426, -699487200, 1)
,(426, -687996000, 0)
,(426, -668037600, 1)
,(426, -654732000, 0)
,(426, -636588000, 1)
,(426, -622072800, 0)
,(426, -605743200, 1)
,(426, -590623200, 0)
,(426, -574293600, 1)
,(426, -558568800, 0)
,(426, -542239200, 1)
,(426, -527119200, 0)
,(426, -512604000, 1)
,(426, -496274400, 0)
,(426, -481154400, 1)
,(426, -464220000, 0)
,(426, -449704800, 1)
,(426, -432165600, 0)
,(426, -417650400, 1)
,(426, -401320800, 0)
,(426, -386200800, 1)
,(426, -369266400, 0)
,(426, -354751200, 1)
,(426, -337816800, 0)
,(426, -323301600, 1)
,(426, -306972000, 0)
,(426, -291852000, 1)
,(426, -276732000, 0)
,(426, -257983200, 1)
,(426, -245282400, 0)
,(426, -226533600, 1)
,(426, -213228000, 0)
,(426, -195084000, 1)
,(426, -182383200, 0)
,(426, -163634400, 1)
,(426, -150933600, 0)
,(426, -132184800, 1)
,(426, -119484000, 0)
,(426, -100735200, 1)
,(426, -88034400, 0)
,(426, -68680800, 1)
,(426, -59004000, 0)
,(426, -37242000, 3)
,(426, 57722400, 5)
,(426, 69818400, 0)
,(426, 89172000, 1)
,(426, 101268000, 0)
,(426, 120621600, 1)
,(426, 132717600, 0)
,(426, 152071200, 1)
,(426, 164167200, 0)
,(426, 183520800, 1)
,(426, 196221600, 0)
,(426, 214970400, 1)
,(426, 227671200, 0)
,(426, 246420000, 1)
,(426, 259120800, 0)
,(426, 278474400, 1)
,(426, 290570400, 0)
,(426, 309924000, 1)
,(426, 322020000, 0)
,(426, 341373600, 1)
,(426, 354675600, 4)
,(426, 372819600, 5)
,(426, 386125200, 4)
,(426, 404269200, 5)
,(426, 417574800, 4)
,(426, 435718800, 5)
,(426, 449024400, 4)
,(426, 467773200, 5)
,(426, 481078800, 4)
,(426, 499222800, 5)
,(426, 512528400, 4)
,(426, 530672400, 5)
,(426, 543978000, 4)
,(426, 562122000, 5)
,(426, 575427600, 4)
,(426, 593571600, 5)
,(426, 606877200, 4)
,(426, 625626000, 5)
,(426, 638326800, 4)
,(426, 657075600, 5)
,(426, 670381200, 4)
,(426, 688525200, 5)
,(426, 701830800, 4)
,(426, 719974800, 5)
,(426, 733280400, 4)
,(426, 751424400, 5)
,(426, 764730000, 4)
,(426, 782874000, 5)
,(426, 796179600, 4)
,(426, 814323600, 5)
,(426, 820454400, 6)
,(426, 828234000, 4)
,(426, 846378000, 5)
,(426, 859683600, 4)
,(426, 877827600, 5)
,(426, 891133200, 4)
,(426, 909277200, 5)
,(426, 922582800, 4)
,(426, 941331600, 5)
,(426, 954032400, 4)
,(426, 972781200, 5)
,(426, 985482000, 4)
,(426, 1004230800, 5)
,(426, 1017536400, 4)
,(426, 1035680400, 5)
,(426, 1048986000, 4)
,(426, 1067130000, 5)
,(426, 1080435600, 4)
,(426, 1099184400, 5)
,(426, 1111885200, 4)
,(426, 1130634000, 5)
,(426, 1143334800, 4)
,(426, 1162083600, 5)
,(426, 1174784400, 4)
,(426, 1193533200, 5)
,(426, 1206838800, 4)
,(426, 1224982800, 5)
,(426, 1238288400, 4)
,(426, 1256432400, 5)
,(426, 1269738000, 4)
,(426, 1288486800, 5)
,(426, 1301187600, 4)
,(426, 1319936400, 5)
,(426, 1332637200, 4)
,(426, 1351386000, 5)
,(426, 1364691600, 4)
,(426, 1382835600, 5)
,(426, 1396141200, 4)
,(426, 1414285200, 5)
,(426, 1427590800, 4)
,(426, 1445734800, 5)
,(426, 1459040400, 4)
,(426, 1477789200, 5)
,(426, 1490490000, 4)
,(426, 1509238800, 5)
,(426, 1521939600, 4)
,(426, 1540688400, 5)
,(426, 1553994000, 4)
,(426, 1572138000, 5)
,(426, 1585443600, 4)
,(426, 1603587600, 5)
,(426, 1616893200, 4)
,(426, 1635642000, 5)
,(426, 1648342800, 4)
,(426, 1667091600, 5)
,(426, 1679792400, 4)
,(426, 1698541200, 5)
,(426, 1711846800, 4)
,(426, 1729990800, 5)
,(426, 1743296400, 4)
,(426, 1761440400, 5)
,(426, 1774746000, 4)
,(426, 1792890000, 5)
,(426, 1806195600, 4)
,(426, 1824944400, 5)
,(426, 1837645200, 4)
,(426, 1856394000, 5)
,(426, 1869094800, 4)
,(426, 1887843600, 5)
,(426, 1901149200, 4)
,(426, 1919293200, 5)
,(426, 1932598800, 4)
,(426, 1950742800, 5)
,(426, 1964048400, 4)
,(426, 1982797200, 5)
,(426, 1995498000, 4)
,(426, 2014246800, 5)
,(426, 2026947600, 4)
,(426, 2045696400, 5)
,(426, 2058397200, 4)
,(426, 2077146000, 5)
,(426, 2090451600, 4)
,(426, 2108595600, 5)
,(426, 2121901200, 4)
,(426, 2140045200, 5)
;
INSERT INTO  oceanbase.__all_tenant_time_zone_transition_type (Time_zone_id, Transition_type_id, Offset, Is_DST, Abbreviation) VALUES
 (426, 0, 3600, 1, 'BST')
,(426, 1, 0, 0, 'GMT')
,(426, 2, 7200, 1, 'BDST')
,(426, 3, 3600, 0, 'BST')
,(426, 4, 3600, 1, 'BST')
,(426, 5, 0, 0, 'GMT')
,(426, 6, 0, 0, 'GMT')
;
INSERT INTO oceanbase.__all_tenant_time_zone (Time_zone_id, Use_leap_seconds) VALUES (427, 'N');
INSERT INTO  oceanbase.__all_tenant_time_zone_name (Name, Time_zone_id) VALUES ('Europe/Helsinki', 427);
INSERT INTO  oceanbase.__all_tenant_time_zone_transition (Time_zone_id, Transition_time, Transition_type_id) VALUES
 (427, -1535938792, 2)
,(427, -875671200, 1)
,(427, -859863600, 2)
,(427, 354672000, 1)
,(427, 370396800, 2)
,(427, 386121600, 1)
,(427, 401846400, 2)
,(427, 417574800, 3)
,(427, 433299600, 4)
,(427, 449024400, 3)
,(427, 465354000, 4)
,(427, 481078800, 3)
,(427, 496803600, 4)
,(427, 512528400, 3)
,(427, 528253200, 4)
,(427, 543978000, 3)
,(427, 559702800, 4)
,(427, 575427600, 3)
,(427, 591152400, 4)
,(427, 606877200, 3)
,(427, 622602000, 4)
,(427, 638326800, 3)
,(427, 654656400, 4)
,(427, 670381200, 3)
,(427, 686106000, 4)
,(427, 701830800, 3)
,(427, 717555600, 4)
,(427, 733280400, 3)
,(427, 749005200, 4)
,(427, 764730000, 3)
,(427, 780454800, 4)
,(427, 796179600, 3)
,(427, 811904400, 4)
,(427, 828234000, 3)
,(427, 846378000, 4)
,(427, 859683600, 3)
,(427, 877827600, 4)
,(427, 891133200, 3)
,(427, 909277200, 4)
,(427, 922582800, 3)
,(427, 941331600, 4)
,(427, 954032400, 3)
,(427, 972781200, 4)
,(427, 985482000, 3)
,(427, 1004230800, 4)
,(427, 1017536400, 3)
,(427, 1035680400, 4)
,(427, 1048986000, 3)
,(427, 1067130000, 4)
,(427, 1080435600, 3)
,(427, 1099184400, 4)
,(427, 1111885200, 3)
,(427, 1130634000, 4)
,(427, 1143334800, 3)
,(427, 1162083600, 4)
,(427, 1174784400, 3)
,(427, 1193533200, 4)
,(427, 1206838800, 3)
,(427, 1224982800, 4)
,(427, 1238288400, 3)
,(427, 1256432400, 4)
,(427, 1269738000, 3)
,(427, 1288486800, 4)
,(427, 1301187600, 3)
,(427, 1319936400, 4)
,(427, 1332637200, 3)
,(427, 1351386000, 4)
,(427, 1364691600, 3)
,(427, 1382835600, 4)
,(427, 1396141200, 3)
,(427, 1414285200, 4)
,(427, 1427590800, 3)
,(427, 1445734800, 4)
,(427, 1459040400, 3)
,(427, 1477789200, 4)
,(427, 1490490000, 3)
,(427, 1509238800, 4)
,(427, 1521939600, 3)
,(427, 1540688400, 4)
,(427, 1553994000, 3)
,(427, 1572138000, 4)
,(427, 1585443600, 3)
,(427, 1603587600, 4)
,(427, 1616893200, 3)
,(427, 1635642000, 4)
,(427, 1648342800, 3)
,(427, 1667091600, 4)
,(427, 1679792400, 3)
,(427, 1698541200, 4)
,(427, 1711846800, 3)
,(427, 1729990800, 4)
,(427, 1743296400, 3)
,(427, 1761440400, 4)
,(427, 1774746000, 3)
,(427, 1792890000, 4)
,(427, 1806195600, 3)
,(427, 1824944400, 4)
,(427, 1837645200, 3)
,(427, 1856394000, 4)
,(427, 1869094800, 3)
,(427, 1887843600, 4)
,(427, 1901149200, 3)
,(427, 1919293200, 4)
,(427, 1932598800, 3)
,(427, 1950742800, 4)
,(427, 1964048400, 3)
,(427, 1982797200, 4)
,(427, 1995498000, 3)
,(427, 2014246800, 4)
,(427, 2026947600, 3)
,(427, 2045696400, 4)
,(427, 2058397200, 3)
,(427, 2077146000, 4)
,(427, 2090451600, 3)
,(427, 2108595600, 4)
,(427, 2121901200, 3)
,(427, 2140045200, 4)
;
INSERT INTO  oceanbase.__all_tenant_time_zone_transition_type (Time_zone_id, Transition_type_id, Offset, Is_DST, Abbreviation) VALUES
 (427, 0, 5992, 0, 'HMT')
,(427, 1, 10800, 1, 'EEST')
,(427, 2, 7200, 0, 'EET')
,(427, 3, 10800, 1, 'EEST')
,(427, 4, 7200, 0, 'EET')
;
INSERT INTO oceanbase.__all_tenant_time_zone (Time_zone_id, Use_leap_seconds) VALUES (428, 'N');
INSERT INTO  oceanbase.__all_tenant_time_zone_name (Name, Time_zone_id) VALUES ('Europe/Isle_of_Man', 428);
INSERT INTO  oceanbase.__all_tenant_time_zone_transition (Time_zone_id, Transition_time, Transition_type_id) VALUES
 (428, -1691964000, 0)
,(428, -1680472800, 1)
,(428, -1664143200, 0)
,(428, -1650146400, 1)
,(428, -1633903200, 0)
,(428, -1617487200, 1)
,(428, -1601848800, 0)
,(428, -1586037600, 1)
,(428, -1570399200, 0)
,(428, -1552168800, 1)
,(428, -1538344800, 0)
,(428, -1522533600, 1)
,(428, -1507500000, 0)
,(428, -1490565600, 1)
,(428, -1473631200, 0)
,(428, -1460930400, 1)
,(428, -1442786400, 0)
,(428, -1428876000, 1)
,(428, -1410732000, 0)
,(428, -1396216800, 1)
,(428, -1379282400, 0)
,(428, -1364767200, 1)
,(428, -1348437600, 0)
,(428, -1333317600, 1)
,(428, -1315778400, 0)
,(428, -1301263200, 1)
,(428, -1284328800, 0)
,(428, -1269813600, 1)
,(428, -1253484000, 0)
,(428, -1238364000, 1)
,(428, -1221429600, 0)
,(428, -1206914400, 1)
,(428, -1189980000, 0)
,(428, -1175464800, 1)
,(428, -1159135200, 0)
,(428, -1143410400, 1)
,(428, -1126476000, 0)
,(428, -1111960800, 1)
,(428, -1095631200, 0)
,(428, -1080511200, 1)
,(428, -1063576800, 0)
,(428, -1049061600, 1)
,(428, -1032127200, 0)
,(428, -1017612000, 1)
,(428, -1001282400, 0)
,(428, -986162400, 1)
,(428, -969228000, 0)
,(428, -950479200, 1)
,(428, -942012000, 0)
,(428, -904518000, 2)
,(428, -896050800, 0)
,(428, -875487600, 2)
,(428, -864601200, 0)
,(428, -844038000, 2)
,(428, -832546800, 0)
,(428, -812588400, 2)
,(428, -798073200, 0)
,(428, -781052400, 2)
,(428, -772066800, 0)
,(428, -764805600, 1)
,(428, -748476000, 0)
,(428, -733356000, 1)
,(428, -719445600, 0)
,(428, -717030000, 2)
,(428, -706748400, 0)
,(428, -699487200, 1)
,(428, -687996000, 0)
,(428, -668037600, 1)
,(428, -654732000, 0)
,(428, -636588000, 1)
,(428, -622072800, 0)
,(428, -605743200, 1)
,(428, -590623200, 0)
,(428, -574293600, 1)
,(428, -558568800, 0)
,(428, -542239200, 1)
,(428, -527119200, 0)
,(428, -512604000, 1)
,(428, -496274400, 0)
,(428, -481154400, 1)
,(428, -464220000, 0)
,(428, -449704800, 1)
,(428, -432165600, 0)
,(428, -417650400, 1)
,(428, -401320800, 0)
,(428, -386200800, 1)
,(428, -369266400, 0)
,(428, -354751200, 1)
,(428, -337816800, 0)
,(428, -323301600, 1)
,(428, -306972000, 0)
,(428, -291852000, 1)
,(428, -276732000, 0)
,(428, -257983200, 1)
,(428, -245282400, 0)
,(428, -226533600, 1)
,(428, -213228000, 0)
,(428, -195084000, 1)
,(428, -182383200, 0)
,(428, -163634400, 1)
,(428, -150933600, 0)
,(428, -132184800, 1)
,(428, -119484000, 0)
,(428, -100735200, 1)
,(428, -88034400, 0)
,(428, -68680800, 1)
,(428, -59004000, 0)
,(428, -37242000, 3)
,(428, 57722400, 5)
,(428, 69818400, 0)
,(428, 89172000, 1)
,(428, 101268000, 0)
,(428, 120621600, 1)
,(428, 132717600, 0)
,(428, 152071200, 1)
,(428, 164167200, 0)
,(428, 183520800, 1)
,(428, 196221600, 0)
,(428, 214970400, 1)
,(428, 227671200, 0)
,(428, 246420000, 1)
,(428, 259120800, 0)
,(428, 278474400, 1)
,(428, 290570400, 0)
,(428, 309924000, 1)
,(428, 322020000, 0)
,(428, 341373600, 1)
,(428, 354675600, 4)
,(428, 372819600, 5)
,(428, 386125200, 4)
,(428, 404269200, 5)
,(428, 417574800, 4)
,(428, 435718800, 5)
,(428, 449024400, 4)
,(428, 467773200, 5)
,(428, 481078800, 4)
,(428, 499222800, 5)
,(428, 512528400, 4)
,(428, 530672400, 5)
,(428, 543978000, 4)
,(428, 562122000, 5)
,(428, 575427600, 4)
,(428, 593571600, 5)
,(428, 606877200, 4)
,(428, 625626000, 5)
,(428, 638326800, 4)
,(428, 657075600, 5)
,(428, 670381200, 4)
,(428, 688525200, 5)
,(428, 701830800, 4)
,(428, 719974800, 5)
,(428, 733280400, 4)
,(428, 751424400, 5)
,(428, 764730000, 4)
,(428, 782874000, 5)
,(428, 796179600, 4)
,(428, 814323600, 5)
,(428, 820454400, 6)
,(428, 828234000, 4)
,(428, 846378000, 5)
,(428, 859683600, 4)
,(428, 877827600, 5)
,(428, 891133200, 4)
,(428, 909277200, 5)
,(428, 922582800, 4)
,(428, 941331600, 5)
,(428, 954032400, 4)
,(428, 972781200, 5)
,(428, 985482000, 4)
,(428, 1004230800, 5)
,(428, 1017536400, 4)
,(428, 1035680400, 5)
,(428, 1048986000, 4)
,(428, 1067130000, 5)
,(428, 1080435600, 4)
,(428, 1099184400, 5)
,(428, 1111885200, 4)
,(428, 1130634000, 5)
,(428, 1143334800, 4)
,(428, 1162083600, 5)
,(428, 1174784400, 4)
,(428, 1193533200, 5)
,(428, 1206838800, 4)
,(428, 1224982800, 5)
,(428, 1238288400, 4)
,(428, 1256432400, 5)
,(428, 1269738000, 4)
,(428, 1288486800, 5)
,(428, 1301187600, 4)
,(428, 1319936400, 5)
,(428, 1332637200, 4)
,(428, 1351386000, 5)
,(428, 1364691600, 4)
,(428, 1382835600, 5)
,(428, 1396141200, 4)
,(428, 1414285200, 5)
,(428, 1427590800, 4)
,(428, 1445734800, 5)
,(428, 1459040400, 4)
,(428, 1477789200, 5)
,(428, 1490490000, 4)
,(428, 1509238800, 5)
,(428, 1521939600, 4)
,(428, 1540688400, 5)
,(428, 1553994000, 4)
,(428, 1572138000, 5)
,(428, 1585443600, 4)
,(428, 1603587600, 5)
,(428, 1616893200, 4)
,(428, 1635642000, 5)
,(428, 1648342800, 4)
,(428, 1667091600, 5)
,(428, 1679792400, 4)
,(428, 1698541200, 5)
,(428, 1711846800, 4)
,(428, 1729990800, 5)
,(428, 1743296400, 4)
,(428, 1761440400, 5)
,(428, 1774746000, 4)
,(428, 1792890000, 5)
,(428, 1806195600, 4)
,(428, 1824944400, 5)
,(428, 1837645200, 4)
,(428, 1856394000, 5)
,(428, 1869094800, 4)
,(428, 1887843600, 5)
,(428, 1901149200, 4)
,(428, 1919293200, 5)
,(428, 1932598800, 4)
,(428, 1950742800, 5)
,(428, 1964048400, 4)
,(428, 1982797200, 5)
,(428, 1995498000, 4)
,(428, 2014246800, 5)
,(428, 2026947600, 4)
,(428, 2045696400, 5)
,(428, 2058397200, 4)
,(428, 2077146000, 5)
,(428, 2090451600, 4)
,(428, 2108595600, 5)
,(428, 2121901200, 4)
,(428, 2140045200, 5)
;
INSERT INTO  oceanbase.__all_tenant_time_zone_transition_type (Time_zone_id, Transition_type_id, Offset, Is_DST, Abbreviation) VALUES
 (428, 0, 3600, 1, 'BST')
,(428, 1, 0, 0, 'GMT')
,(428, 2, 7200, 1, 'BDST')
,(428, 3, 3600, 0, 'BST')
,(428, 4, 3600, 1, 'BST')
,(428, 5, 0, 0, 'GMT')
,(428, 6, 0, 0, 'GMT')
;
INSERT INTO oceanbase.__all_tenant_time_zone (Time_zone_id, Use_leap_seconds) VALUES (429, 'N');
INSERT INTO  oceanbase.__all_tenant_time_zone_name (Name, Time_zone_id) VALUES ('Europe/Istanbul', 429);
INSERT INTO  oceanbase.__all_tenant_time_zone_transition (Time_zone_id, Transition_time, Transition_type_id) VALUES
 (429, -1869875816, 2)
,(429, -1693706400, 1)
,(429, -1680490800, 2)
,(429, -1570413600, 1)
,(429, -1552186800, 2)
,(429, -1538359200, 1)
,(429, -1522551600, 2)
,(429, -1507514400, 1)
,(429, -1490583600, 2)
,(429, -1440208800, 1)
,(429, -1428030000, 2)
,(429, -1409709600, 1)
,(429, -1396494000, 2)
,(429, -931140000, 1)
,(429, -922762800, 2)
,(429, -917834400, 1)
,(429, -892436400, 2)
,(429, -875844000, 1)
,(429, -857358000, 2)
,(429, -781063200, 1)
,(429, -764737200, 2)
,(429, -744343200, 1)
,(429, -733806000, 2)
,(429, -716436000, 1)
,(429, -701924400, 2)
,(429, -684986400, 1)
,(429, -670474800, 2)
,(429, -654141600, 1)
,(429, -639025200, 2)
,(429, -621828000, 1)
,(429, -606970800, 2)
,(429, -590032800, 1)
,(429, -575434800, 2)
,(429, -235620000, 1)
,(429, -228279600, 2)
,(429, -177732000, 1)
,(429, -165726000, 2)
,(429, 10533600, 1)
,(429, 23835600, 2)
,(429, 41983200, 1)
,(429, 55285200, 2)
,(429, 74037600, 1)
,(429, 87339600, 2)
,(429, 107910000, 1)
,(429, 121219200, 2)
,(429, 133920000, 1)
,(429, 152676000, 2)
,(429, 165362400, 1)
,(429, 183502800, 2)
,(429, 202428000, 1)
,(429, 215557200, 2)
,(429, 228866400, 1)
,(429, 245797200, 2)
,(429, 260316000, 1)
,(429, 277246800, 3)
,(429, 308779200, 4)
,(429, 323827200, 3)
,(429, 340228800, 4)
,(429, 354672000, 3)
,(429, 371678400, 4)
,(429, 386121600, 3)
,(429, 403128000, 4)
,(429, 428446800, 3)
,(429, 433886400, 4)
,(429, 482792400, 1)
,(429, 496702800, 2)
,(429, 512524800, 5)
,(429, 528249600, 6)
,(429, 543974400, 5)
,(429, 559699200, 6)
,(429, 575424000, 5)
,(429, 591148800, 6)
,(429, 606873600, 5)
,(429, 622598400, 6)
,(429, 638323200, 5)
,(429, 654652800, 6)
,(429, 670374000, 5)
,(429, 686098800, 6)
,(429, 701823600, 5)
,(429, 717548400, 6)
,(429, 733273200, 5)
,(429, 748998000, 6)
,(429, 764722800, 5)
,(429, 780447600, 6)
,(429, 796172400, 5)
,(429, 811897200, 6)
,(429, 828226800, 5)
,(429, 846370800, 6)
,(429, 859676400, 5)
,(429, 877820400, 6)
,(429, 891126000, 5)
,(429, 909270000, 6)
,(429, 922575600, 5)
,(429, 941324400, 6)
,(429, 954025200, 5)
,(429, 972774000, 6)
,(429, 985474800, 5)
,(429, 1004223600, 6)
,(429, 1017529200, 5)
,(429, 1035673200, 6)
,(429, 1048978800, 5)
,(429, 1067122800, 6)
,(429, 1080428400, 5)
,(429, 1099177200, 6)
,(429, 1111878000, 5)
,(429, 1130626800, 6)
,(429, 1143327600, 5)
,(429, 1162076400, 6)
,(429, 1167602400, 2)
,(429, 1174784400, 7)
,(429, 1193533200, 8)
,(429, 1206838800, 7)
,(429, 1224982800, 8)
,(429, 1238288400, 7)
,(429, 1256432400, 8)
,(429, 1269738000, 7)
,(429, 1288486800, 8)
,(429, 1301274000, 7)
,(429, 1319936400, 8)
,(429, 1332637200, 7)
,(429, 1351386000, 8)
,(429, 1364691600, 7)
,(429, 1382835600, 8)
,(429, 1396141200, 7)
,(429, 1414285200, 8)
,(429, 1427590800, 7)
,(429, 1445734800, 8)
,(429, 1459040400, 7)
,(429, 1477789200, 8)
,(429, 1490490000, 7)
,(429, 1509238800, 8)
,(429, 1521939600, 7)
,(429, 1540688400, 8)
,(429, 1553994000, 7)
,(429, 1572138000, 8)
,(429, 1585443600, 7)
,(429, 1603587600, 8)
,(429, 1616893200, 7)
,(429, 1635642000, 8)
,(429, 1648342800, 7)
,(429, 1667091600, 8)
,(429, 1679792400, 7)
,(429, 1698541200, 8)
,(429, 1711846800, 7)
,(429, 1729990800, 8)
,(429, 1743296400, 7)
,(429, 1761440400, 8)
,(429, 1774746000, 7)
,(429, 1792890000, 8)
,(429, 1806195600, 7)
,(429, 1824944400, 8)
,(429, 1837645200, 7)
,(429, 1856394000, 8)
,(429, 1869094800, 7)
,(429, 1887843600, 8)
,(429, 1901149200, 7)
,(429, 1919293200, 8)
,(429, 1932598800, 7)
,(429, 1950742800, 8)
,(429, 1964048400, 7)
,(429, 1982797200, 8)
,(429, 1995498000, 7)
,(429, 2014246800, 8)
,(429, 2026947600, 7)
,(429, 2045696400, 8)
,(429, 2058397200, 7)
,(429, 2077146000, 8)
,(429, 2090451600, 7)
,(429, 2108595600, 8)
,(429, 2121901200, 7)
,(429, 2140045200, 8)
;
INSERT INTO  oceanbase.__all_tenant_time_zone_transition_type (Time_zone_id, Transition_type_id, Offset, Is_DST, Abbreviation) VALUES
 (429, 0, 7016, 0, 'IMT')
,(429, 1, 10800, 1, 'EEST')
,(429, 2, 7200, 0, 'EET')
,(429, 3, 14400, 1, 'TRST')
,(429, 4, 10800, 0, 'TRT')
,(429, 5, 10800, 1, 'EEST')
,(429, 6, 7200, 0, 'EET')
,(429, 7, 10800, 1, 'EEST')
,(429, 8, 7200, 0, 'EET')
;
INSERT INTO oceanbase.__all_tenant_time_zone (Time_zone_id, Use_leap_seconds) VALUES (430, 'N');
INSERT INTO  oceanbase.__all_tenant_time_zone_name (Name, Time_zone_id) VALUES ('Europe/Jersey', 430);
INSERT INTO  oceanbase.__all_tenant_time_zone_transition (Time_zone_id, Transition_time, Transition_type_id) VALUES
 (430, -1691964000, 0)
,(430, -1680472800, 1)
,(430, -1664143200, 0)
,(430, -1650146400, 1)
,(430, -1633903200, 0)
,(430, -1617487200, 1)
,(430, -1601848800, 0)
,(430, -1586037600, 1)
,(430, -1570399200, 0)
,(430, -1552168800, 1)
,(430, -1538344800, 0)
,(430, -1522533600, 1)
,(430, -1507500000, 0)
,(430, -1490565600, 1)
,(430, -1473631200, 0)
,(430, -1460930400, 1)
,(430, -1442786400, 0)
,(430, -1428876000, 1)
,(430, -1410732000, 0)
,(430, -1396216800, 1)
,(430, -1379282400, 0)
,(430, -1364767200, 1)
,(430, -1348437600, 0)
,(430, -1333317600, 1)
,(430, -1315778400, 0)
,(430, -1301263200, 1)
,(430, -1284328800, 0)
,(430, -1269813600, 1)
,(430, -1253484000, 0)
,(430, -1238364000, 1)
,(430, -1221429600, 0)
,(430, -1206914400, 1)
,(430, -1189980000, 0)
,(430, -1175464800, 1)
,(430, -1159135200, 0)
,(430, -1143410400, 1)
,(430, -1126476000, 0)
,(430, -1111960800, 1)
,(430, -1095631200, 0)
,(430, -1080511200, 1)
,(430, -1063576800, 0)
,(430, -1049061600, 1)
,(430, -1032127200, 0)
,(430, -1017612000, 1)
,(430, -1001282400, 0)
,(430, -986162400, 1)
,(430, -969228000, 0)
,(430, -950479200, 1)
,(430, -942012000, 0)
,(430, -904518000, 2)
,(430, -896050800, 0)
,(430, -875487600, 2)
,(430, -864601200, 0)
,(430, -844038000, 2)
,(430, -832546800, 0)
,(430, -812588400, 2)
,(430, -798073200, 0)
,(430, -781052400, 2)
,(430, -772066800, 0)
,(430, -764805600, 1)
,(430, -748476000, 0)
,(430, -733356000, 1)
,(430, -719445600, 0)
,(430, -717030000, 2)
,(430, -706748400, 0)
,(430, -699487200, 1)
,(430, -687996000, 0)
,(430, -668037600, 1)
,(430, -654732000, 0)
,(430, -636588000, 1)
,(430, -622072800, 0)
,(430, -605743200, 1)
,(430, -590623200, 0)
,(430, -574293600, 1)
,(430, -558568800, 0)
,(430, -542239200, 1)
,(430, -527119200, 0)
,(430, -512604000, 1)
,(430, -496274400, 0)
,(430, -481154400, 1)
,(430, -464220000, 0)
,(430, -449704800, 1)
,(430, -432165600, 0)
,(430, -417650400, 1)
,(430, -401320800, 0)
,(430, -386200800, 1)
,(430, -369266400, 0)
,(430, -354751200, 1)
,(430, -337816800, 0)
,(430, -323301600, 1)
,(430, -306972000, 0)
,(430, -291852000, 1)
,(430, -276732000, 0)
,(430, -257983200, 1)
,(430, -245282400, 0)
,(430, -226533600, 1)
,(430, -213228000, 0)
,(430, -195084000, 1)
,(430, -182383200, 0)
,(430, -163634400, 1)
,(430, -150933600, 0)
,(430, -132184800, 1)
,(430, -119484000, 0)
,(430, -100735200, 1)
,(430, -88034400, 0)
,(430, -68680800, 1)
,(430, -59004000, 0)
,(430, -37242000, 3)
,(430, 57722400, 5)
,(430, 69818400, 0)
,(430, 89172000, 1)
,(430, 101268000, 0)
,(430, 120621600, 1)
,(430, 132717600, 0)
,(430, 152071200, 1)
,(430, 164167200, 0)
,(430, 183520800, 1)
,(430, 196221600, 0)
,(430, 214970400, 1)
,(430, 227671200, 0)
,(430, 246420000, 1)
,(430, 259120800, 0)
,(430, 278474400, 1)
,(430, 290570400, 0)
,(430, 309924000, 1)
,(430, 322020000, 0)
,(430, 341373600, 1)
,(430, 354675600, 4)
,(430, 372819600, 5)
,(430, 386125200, 4)
,(430, 404269200, 5)
,(430, 417574800, 4)
,(430, 435718800, 5)
,(430, 449024400, 4)
,(430, 467773200, 5)
,(430, 481078800, 4)
,(430, 499222800, 5)
,(430, 512528400, 4)
,(430, 530672400, 5)
,(430, 543978000, 4)
,(430, 562122000, 5)
,(430, 575427600, 4)
,(430, 593571600, 5)
,(430, 606877200, 4)
,(430, 625626000, 5)
,(430, 638326800, 4)
,(430, 657075600, 5)
,(430, 670381200, 4)
,(430, 688525200, 5)
,(430, 701830800, 4)
,(430, 719974800, 5)
,(430, 733280400, 4)
,(430, 751424400, 5)
,(430, 764730000, 4)
,(430, 782874000, 5)
,(430, 796179600, 4)
,(430, 814323600, 5)
,(430, 820454400, 6)
,(430, 828234000, 4)
,(430, 846378000, 5)
,(430, 859683600, 4)
,(430, 877827600, 5)
,(430, 891133200, 4)
,(430, 909277200, 5)
,(430, 922582800, 4)
,(430, 941331600, 5)
,(430, 954032400, 4)
,(430, 972781200, 5)
,(430, 985482000, 4)
,(430, 1004230800, 5)
,(430, 1017536400, 4)
,(430, 1035680400, 5)
,(430, 1048986000, 4)
,(430, 1067130000, 5)
,(430, 1080435600, 4)
,(430, 1099184400, 5)
,(430, 1111885200, 4)
,(430, 1130634000, 5)
,(430, 1143334800, 4)
,(430, 1162083600, 5)
,(430, 1174784400, 4)
,(430, 1193533200, 5)
,(430, 1206838800, 4)
,(430, 1224982800, 5)
,(430, 1238288400, 4)
,(430, 1256432400, 5)
,(430, 1269738000, 4)
,(430, 1288486800, 5)
,(430, 1301187600, 4)
,(430, 1319936400, 5)
,(430, 1332637200, 4)
,(430, 1351386000, 5)
,(430, 1364691600, 4)
,(430, 1382835600, 5)
,(430, 1396141200, 4)
,(430, 1414285200, 5)
,(430, 1427590800, 4)
,(430, 1445734800, 5)
,(430, 1459040400, 4)
,(430, 1477789200, 5)
,(430, 1490490000, 4)
,(430, 1509238800, 5)
,(430, 1521939600, 4)
,(430, 1540688400, 5)
,(430, 1553994000, 4)
,(430, 1572138000, 5)
,(430, 1585443600, 4)
,(430, 1603587600, 5)
,(430, 1616893200, 4)
,(430, 1635642000, 5)
,(430, 1648342800, 4)
,(430, 1667091600, 5)
,(430, 1679792400, 4)
,(430, 1698541200, 5)
,(430, 1711846800, 4)
,(430, 1729990800, 5)
,(430, 1743296400, 4)
,(430, 1761440400, 5)
,(430, 1774746000, 4)
,(430, 1792890000, 5)
,(430, 1806195600, 4)
,(430, 1824944400, 5)
,(430, 1837645200, 4)
,(430, 1856394000, 5)
,(430, 1869094800, 4)
,(430, 1887843600, 5)
,(430, 1901149200, 4)
,(430, 1919293200, 5)
,(430, 1932598800, 4)
,(430, 1950742800, 5)
,(430, 1964048400, 4)
,(430, 1982797200, 5)
,(430, 1995498000, 4)
,(430, 2014246800, 5)
,(430, 2026947600, 4)
,(430, 2045696400, 5)
,(430, 2058397200, 4)
,(430, 2077146000, 5)
,(430, 2090451600, 4)
,(430, 2108595600, 5)
,(430, 2121901200, 4)
,(430, 2140045200, 5)
;
INSERT INTO  oceanbase.__all_tenant_time_zone_transition_type (Time_zone_id, Transition_type_id, Offset, Is_DST, Abbreviation) VALUES
 (430, 0, 3600, 1, 'BST')
,(430, 1, 0, 0, 'GMT')
,(430, 2, 7200, 1, 'BDST')
,(430, 3, 3600, 0, 'BST')
,(430, 4, 3600, 1, 'BST')
,(430, 5, 0, 0, 'GMT')
,(430, 6, 0, 0, 'GMT')
;
INSERT INTO oceanbase.__all_tenant_time_zone (Time_zone_id, Use_leap_seconds) VALUES (431, 'N');
INSERT INTO  oceanbase.__all_tenant_time_zone_name (Name, Time_zone_id) VALUES ('Europe/Kaliningrad', 431);
INSERT INTO  oceanbase.__all_tenant_time_zone_transition (Time_zone_id, Transition_time, Transition_type_id) VALUES
 (431, -1693706400, 0)
,(431, -1680483600, 1)
,(431, -1663455600, 2)
,(431, -1650150000, 3)
,(431, -1632006000, 2)
,(431, -1618700400, 3)
,(431, -938905200, 2)
,(431, -857257200, 3)
,(431, -844556400, 2)
,(431, -828226800, 3)
,(431, -812502000, 2)
,(431, -796777200, 3)
,(431, -788922000, 5)
,(431, -778730400, 4)
,(431, -762663600, 5)
,(431, -757389600, 7)
,(431, 354920400, 6)
,(431, 370728000, 7)
,(431, 386456400, 6)
,(431, 402264000, 7)
,(431, 417992400, 6)
,(431, 433800000, 7)
,(431, 449614800, 6)
,(431, 465346800, 8)
,(431, 481071600, 9)
,(431, 496796400, 8)
,(431, 512521200, 9)
,(431, 528246000, 8)
,(431, 543970800, 9)
,(431, 559695600, 8)
,(431, 575420400, 9)
,(431, 591145200, 8)
,(431, 606870000, 9)
,(431, 622594800, 8)
,(431, 638319600, 9)
,(431, 654649200, 8)
,(431, 670374000, 10)
,(431, 686102400, 11)
,(431, 701816400, 12)
,(431, 717537600, 13)
,(431, 733276800, 10)
,(431, 749001600, 11)
,(431, 764726400, 10)
,(431, 780451200, 11)
,(431, 796176000, 10)
,(431, 811900800, 11)
,(431, 828230400, 10)
,(431, 846374400, 11)
,(431, 859680000, 10)
,(431, 877824000, 11)
,(431, 891129600, 10)
,(431, 909273600, 11)
,(431, 922579200, 10)
,(431, 941328000, 11)
,(431, 954028800, 10)
,(431, 972777600, 11)
,(431, 985478400, 10)
,(431, 1004227200, 11)
,(431, 1017532800, 10)
,(431, 1035676800, 11)
,(431, 1048982400, 10)
,(431, 1067126400, 11)
,(431, 1080432000, 10)
,(431, 1099180800, 11)
,(431, 1111881600, 10)
,(431, 1130630400, 11)
,(431, 1143331200, 10)
,(431, 1162080000, 11)
,(431, 1174780800, 10)
,(431, 1193529600, 11)
,(431, 1206835200, 10)
,(431, 1224979200, 11)
,(431, 1238284800, 10)
,(431, 1256428800, 11)
,(431, 1269734400, 10)
,(431, 1288483200, 11)
,(431, 1301184000, 14)
;
INSERT INTO  oceanbase.__all_tenant_time_zone_transition_type (Time_zone_id, Transition_type_id, Offset, Is_DST, Abbreviation) VALUES
 (431, 0, 7200, 1, 'CEST')
,(431, 1, 3600, 0, 'CET')
,(431, 2, 7200, 1, 'CEST')
,(431, 3, 3600, 0, 'CET')
,(431, 4, 10800, 1, 'CEST')
,(431, 5, 7200, 0, 'CET')
,(431, 6, 14400, 1, 'MSD')
,(431, 7, 10800, 0, 'MSK')
,(431, 8, 10800, 0, 'MSK')
,(431, 9, 14400, 1, 'MSD')
,(431, 10, 10800, 1, 'EEST')
,(431, 11, 7200, 0, 'EET')
,(431, 12, 10800, 1, 'EEST')
,(431, 13, 7200, 0, 'EET')
,(431, 14, 10800, 0, 'FET')
;
INSERT INTO oceanbase.__all_tenant_time_zone (Time_zone_id, Use_leap_seconds) VALUES (432, 'N');
INSERT INTO  oceanbase.__all_tenant_time_zone_name (Name, Time_zone_id) VALUES ('Europe/Kiev', 432);
INSERT INTO  oceanbase.__all_tenant_time_zone_transition (Time_zone_id, Transition_time, Transition_type_id) VALUES
 (432, -1441159324, 1)
,(432, -1247536800, 2)
,(432, -892522800, 5)
,(432, -857257200, 3)
,(432, -844556400, 4)
,(432, -828226800, 3)
,(432, -825382800, 2)
,(432, 354920400, 6)
,(432, 370728000, 2)
,(432, 386456400, 6)
,(432, 402264000, 2)
,(432, 417992400, 6)
,(432, 433800000, 2)
,(432, 449614800, 6)
,(432, 465346800, 7)
,(432, 481071600, 8)
,(432, 496796400, 7)
,(432, 512521200, 8)
,(432, 528246000, 7)
,(432, 543970800, 8)
,(432, 559695600, 7)
,(432, 575420400, 8)
,(432, 591145200, 7)
,(432, 606870000, 8)
,(432, 622594800, 7)
,(432, 631141200, 2)
,(432, 646786800, 1)
,(432, 701820000, 9)
,(432, 717541200, 1)
,(432, 733269600, 9)
,(432, 748990800, 1)
,(432, 764719200, 9)
,(432, 780440400, 1)
,(432, 796179600, 10)
,(432, 811904400, 11)
,(432, 828234000, 10)
,(432, 846378000, 11)
,(432, 859683600, 10)
,(432, 877827600, 11)
,(432, 891133200, 10)
,(432, 909277200, 11)
,(432, 922582800, 10)
,(432, 941331600, 11)
,(432, 954032400, 10)
,(432, 972781200, 11)
,(432, 985482000, 10)
,(432, 1004230800, 11)
,(432, 1017536400, 10)
,(432, 1035680400, 11)
,(432, 1048986000, 10)
,(432, 1067130000, 11)
,(432, 1080435600, 10)
,(432, 1099184400, 11)
,(432, 1111885200, 10)
,(432, 1130634000, 11)
,(432, 1143334800, 10)
,(432, 1162083600, 11)
,(432, 1174784400, 10)
,(432, 1193533200, 11)
,(432, 1206838800, 10)
,(432, 1224982800, 11)
,(432, 1238288400, 10)
,(432, 1256432400, 11)
,(432, 1269738000, 10)
,(432, 1288486800, 11)
,(432, 1301187600, 10)
,(432, 1319936400, 11)
,(432, 1332637200, 10)
,(432, 1351386000, 11)
,(432, 1364691600, 10)
,(432, 1382835600, 11)
,(432, 1396141200, 10)
,(432, 1414285200, 11)
,(432, 1427590800, 10)
,(432, 1445734800, 11)
,(432, 1459040400, 10)
,(432, 1477789200, 11)
,(432, 1490490000, 10)
,(432, 1509238800, 11)
,(432, 1521939600, 10)
,(432, 1540688400, 11)
,(432, 1553994000, 10)
,(432, 1572138000, 11)
,(432, 1585443600, 10)
,(432, 1603587600, 11)
,(432, 1616893200, 10)
,(432, 1635642000, 11)
,(432, 1648342800, 10)
,(432, 1667091600, 11)
,(432, 1679792400, 10)
,(432, 1698541200, 11)
,(432, 1711846800, 10)
,(432, 1729990800, 11)
,(432, 1743296400, 10)
,(432, 1761440400, 11)
,(432, 1774746000, 10)
,(432, 1792890000, 11)
,(432, 1806195600, 10)
,(432, 1824944400, 11)
,(432, 1837645200, 10)
,(432, 1856394000, 11)
,(432, 1869094800, 10)
,(432, 1887843600, 11)
,(432, 1901149200, 10)
,(432, 1919293200, 11)
,(432, 1932598800, 10)
,(432, 1950742800, 11)
,(432, 1964048400, 10)
,(432, 1982797200, 11)
,(432, 1995498000, 10)
,(432, 2014246800, 11)
,(432, 2026947600, 10)
,(432, 2045696400, 11)
,(432, 2058397200, 10)
,(432, 2077146000, 11)
,(432, 2090451600, 10)
,(432, 2108595600, 11)
,(432, 2121901200, 10)
,(432, 2140045200, 11)
;
INSERT INTO  oceanbase.__all_tenant_time_zone_transition_type (Time_zone_id, Transition_type_id, Offset, Is_DST, Abbreviation) VALUES
 (432, 0, 7324, 0, 'KMT')
,(432, 1, 7200, 0, 'EET')
,(432, 2, 10800, 0, 'MSK')
,(432, 3, 3600, 0, 'CET')
,(432, 4, 7200, 1, 'CEST')
,(432, 5, 7200, 1, 'CEST')
,(432, 6, 14400, 1, 'MSD')
,(432, 7, 10800, 0, 'MSK')
,(432, 8, 14400, 1, 'MSD')
,(432, 9, 10800, 1, 'EEST')
,(432, 10, 10800, 1, 'EEST')
,(432, 11, 7200, 0, 'EET')
;
INSERT INTO oceanbase.__all_tenant_time_zone (Time_zone_id, Use_leap_seconds) VALUES (433, 'N');
INSERT INTO  oceanbase.__all_tenant_time_zone_name (Name, Time_zone_id) VALUES ('Europe/Lisbon', 433);
INSERT INTO  oceanbase.__all_tenant_time_zone_transition (Time_zone_id, Transition_time, Transition_type_id) VALUES
 (433, -1830381808, 2)
,(433, -1689555600, 1)
,(433, -1677801600, 2)
,(433, -1667437200, 3)
,(433, -1647738000, 4)
,(433, -1635814800, 3)
,(433, -1616202000, 4)
,(433, -1604365200, 3)
,(433, -1584666000, 4)
,(433, -1572742800, 3)
,(433, -1553043600, 4)
,(433, -1541206800, 3)
,(433, -1521507600, 4)
,(433, -1442451600, 3)
,(433, -1426813200, 4)
,(433, -1379293200, 3)
,(433, -1364778000, 4)
,(433, -1348448400, 3)
,(433, -1333328400, 4)
,(433, -1316394000, 3)
,(433, -1301274000, 4)
,(433, -1284339600, 3)
,(433, -1269824400, 4)
,(433, -1221440400, 3)
,(433, -1206925200, 4)
,(433, -1191200400, 3)
,(433, -1175475600, 4)
,(433, -1127696400, 3)
,(433, -1111971600, 4)
,(433, -1096851600, 3)
,(433, -1080522000, 4)
,(433, -1063587600, 3)
,(433, -1049072400, 4)
,(433, -1033347600, 3)
,(433, -1017622800, 4)
,(433, -1002502800, 3)
,(433, -986173200, 4)
,(433, -969238800, 3)
,(433, -950490000, 4)
,(433, -942022800, 3)
,(433, -922669200, 4)
,(433, -906944400, 3)
,(433, -891133200, 4)
,(433, -877309200, 3)
,(433, -873684000, 5)
,(433, -864007200, 3)
,(433, -857955600, 4)
,(433, -845859600, 3)
,(433, -842839200, 5)
,(433, -831348000, 3)
,(433, -825901200, 4)
,(433, -814410000, 3)
,(433, -810784800, 5)
,(433, -799898400, 3)
,(433, -794451600, 4)
,(433, -782960400, 3)
,(433, -779335200, 5)
,(433, -768448800, 3)
,(433, -763002000, 4)
,(433, -749091600, 3)
,(433, -733366800, 4)
,(433, -717631200, 3)
,(433, -701906400, 4)
,(433, -686181600, 3)
,(433, -670456800, 4)
,(433, -654732000, 3)
,(433, -639007200, 4)
,(433, -591832800, 3)
,(433, -575503200, 4)
,(433, -559778400, 3)
,(433, -544053600, 4)
,(433, -528328800, 3)
,(433, -512604000, 4)
,(433, -496879200, 3)
,(433, -481154400, 4)
,(433, -465429600, 3)
,(433, -449704800, 4)
,(433, -433980000, 3)
,(433, -417650400, 4)
,(433, -401925600, 3)
,(433, -386200800, 4)
,(433, -370476000, 3)
,(433, -354751200, 4)
,(433, -339026400, 3)
,(433, -323301600, 4)
,(433, -307576800, 3)
,(433, -291852000, 4)
,(433, -276127200, 3)
,(433, -260402400, 4)
,(433, -244677600, 3)
,(433, -228348000, 4)
,(433, -212623200, 3)
,(433, -196898400, 4)
,(433, -181173600, 3)
,(433, -165448800, 4)
,(433, -149724000, 3)
,(433, -133999200, 4)
,(433, -118274400, 6)
,(433, 212544000, 2)
,(433, 228268800, 3)
,(433, 243993600, 4)
,(433, 260323200, 3)
,(433, 276048000, 4)
,(433, 291772800, 3)
,(433, 307501200, 4)
,(433, 323222400, 3)
,(433, 338950800, 4)
,(433, 354675600, 3)
,(433, 370400400, 4)
,(433, 386125200, 3)
,(433, 401850000, 4)
,(433, 417578400, 3)
,(433, 433299600, 4)
,(433, 449024400, 3)
,(433, 465354000, 4)
,(433, 481078800, 3)
,(433, 496803600, 4)
,(433, 512528400, 3)
,(433, 528253200, 4)
,(433, 543978000, 3)
,(433, 559702800, 4)
,(433, 575427600, 3)
,(433, 591152400, 4)
,(433, 606877200, 3)
,(433, 622602000, 4)
,(433, 638326800, 3)
,(433, 654656400, 4)
,(433, 670381200, 3)
,(433, 686106000, 4)
,(433, 701830800, 3)
,(433, 717555600, 7)
,(433, 733280400, 8)
,(433, 749005200, 7)
,(433, 764730000, 8)
,(433, 780454800, 7)
,(433, 796179600, 8)
,(433, 811904400, 7)
,(433, 828234000, 9)
,(433, 846378000, 10)
,(433, 859683600, 9)
,(433, 877827600, 10)
,(433, 891133200, 9)
,(433, 909277200, 10)
,(433, 922582800, 9)
,(433, 941331600, 10)
,(433, 954032400, 9)
,(433, 972781200, 10)
,(433, 985482000, 9)
,(433, 1004230800, 10)
,(433, 1017536400, 9)
,(433, 1035680400, 10)
,(433, 1048986000, 9)
,(433, 1067130000, 10)
,(433, 1080435600, 9)
,(433, 1099184400, 10)
,(433, 1111885200, 9)
,(433, 1130634000, 10)
,(433, 1143334800, 9)
,(433, 1162083600, 10)
,(433, 1174784400, 9)
,(433, 1193533200, 10)
,(433, 1206838800, 9)
,(433, 1224982800, 10)
,(433, 1238288400, 9)
,(433, 1256432400, 10)
,(433, 1269738000, 9)
,(433, 1288486800, 10)
,(433, 1301187600, 9)
,(433, 1319936400, 10)
,(433, 1332637200, 9)
,(433, 1351386000, 10)
,(433, 1364691600, 9)
,(433, 1382835600, 10)
,(433, 1396141200, 9)
,(433, 1414285200, 10)
,(433, 1427590800, 9)
,(433, 1445734800, 10)
,(433, 1459040400, 9)
,(433, 1477789200, 10)
,(433, 1490490000, 9)
,(433, 1509238800, 10)
,(433, 1521939600, 9)
,(433, 1540688400, 10)
,(433, 1553994000, 9)
,(433, 1572138000, 10)
,(433, 1585443600, 9)
,(433, 1603587600, 10)
,(433, 1616893200, 9)
,(433, 1635642000, 10)
,(433, 1648342800, 9)
,(433, 1667091600, 10)
,(433, 1679792400, 9)
,(433, 1698541200, 10)
,(433, 1711846800, 9)
,(433, 1729990800, 10)
,(433, 1743296400, 9)
,(433, 1761440400, 10)
,(433, 1774746000, 9)
,(433, 1792890000, 10)
,(433, 1806195600, 9)
,(433, 1824944400, 10)
,(433, 1837645200, 9)
,(433, 1856394000, 10)
,(433, 1869094800, 9)
,(433, 1887843600, 10)
,(433, 1901149200, 9)
,(433, 1919293200, 10)
,(433, 1932598800, 9)
,(433, 1950742800, 10)
,(433, 1964048400, 9)
,(433, 1982797200, 10)
,(433, 1995498000, 9)
,(433, 2014246800, 10)
,(433, 2026947600, 9)
,(433, 2045696400, 10)
,(433, 2058397200, 9)
,(433, 2077146000, 10)
,(433, 2090451600, 9)
,(433, 2108595600, 10)
,(433, 2121901200, 9)
,(433, 2140045200, 10)
;
INSERT INTO  oceanbase.__all_tenant_time_zone_transition_type (Time_zone_id, Transition_type_id, Offset, Is_DST, Abbreviation) VALUES
 (433, 0, -2192, 0, 'LMT')
,(433, 1, 3600, 1, 'WEST')
,(433, 2, 0, 0, 'WET')
,(433, 3, 3600, 1, 'WEST')
,(433, 4, 0, 0, 'WET')
,(433, 5, 7200, 1, 'WEMT')
,(433, 6, 3600, 0, 'CET')
,(433, 7, 3600, 0, 'CET')
,(433, 8, 7200, 1, 'CEST')
,(433, 9, 3600, 1, 'WEST')
,(433, 10, 0, 0, 'WET')
;
INSERT INTO oceanbase.__all_tenant_time_zone (Time_zone_id, Use_leap_seconds) VALUES (434, 'N');
INSERT INTO  oceanbase.__all_tenant_time_zone_name (Name, Time_zone_id) VALUES ('Europe/Ljubljana', 434);
INSERT INTO  oceanbase.__all_tenant_time_zone_transition (Time_zone_id, Transition_time, Transition_type_id) VALUES
 (434, -905824800, 3)
,(434, -857257200, 1)
,(434, -844556400, 2)
,(434, -828226800, 1)
,(434, -812502000, 2)
,(434, -796777200, 1)
,(434, -788922000, 0)
,(434, -777942000, 2)
,(434, -766623600, 1)
,(434, 407199600, 0)
,(434, 417574800, 4)
,(434, 433299600, 5)
,(434, 449024400, 4)
,(434, 465354000, 5)
,(434, 481078800, 4)
,(434, 496803600, 5)
,(434, 512528400, 4)
,(434, 528253200, 5)
,(434, 543978000, 4)
,(434, 559702800, 5)
,(434, 575427600, 4)
,(434, 591152400, 5)
,(434, 606877200, 4)
,(434, 622602000, 5)
,(434, 638326800, 4)
,(434, 654656400, 5)
,(434, 670381200, 4)
,(434, 686106000, 5)
,(434, 701830800, 4)
,(434, 717555600, 5)
,(434, 733280400, 4)
,(434, 749005200, 5)
,(434, 764730000, 4)
,(434, 780454800, 5)
,(434, 796179600, 4)
,(434, 811904400, 5)
,(434, 828234000, 4)
,(434, 846378000, 5)
,(434, 859683600, 4)
,(434, 877827600, 5)
,(434, 891133200, 4)
,(434, 909277200, 5)
,(434, 922582800, 4)
,(434, 941331600, 5)
,(434, 954032400, 4)
,(434, 972781200, 5)
,(434, 985482000, 4)
,(434, 1004230800, 5)
,(434, 1017536400, 4)
,(434, 1035680400, 5)
,(434, 1048986000, 4)
,(434, 1067130000, 5)
,(434, 1080435600, 4)
,(434, 1099184400, 5)
,(434, 1111885200, 4)
,(434, 1130634000, 5)
,(434, 1143334800, 4)
,(434, 1162083600, 5)
,(434, 1174784400, 4)
,(434, 1193533200, 5)
,(434, 1206838800, 4)
,(434, 1224982800, 5)
,(434, 1238288400, 4)
,(434, 1256432400, 5)
,(434, 1269738000, 4)
,(434, 1288486800, 5)
,(434, 1301187600, 4)
,(434, 1319936400, 5)
,(434, 1332637200, 4)
,(434, 1351386000, 5)
,(434, 1364691600, 4)
,(434, 1382835600, 5)
,(434, 1396141200, 4)
,(434, 1414285200, 5)
,(434, 1427590800, 4)
,(434, 1445734800, 5)
,(434, 1459040400, 4)
,(434, 1477789200, 5)
,(434, 1490490000, 4)
,(434, 1509238800, 5)
,(434, 1521939600, 4)
,(434, 1540688400, 5)
,(434, 1553994000, 4)
,(434, 1572138000, 5)
,(434, 1585443600, 4)
,(434, 1603587600, 5)
,(434, 1616893200, 4)
,(434, 1635642000, 5)
,(434, 1648342800, 4)
,(434, 1667091600, 5)
,(434, 1679792400, 4)
,(434, 1698541200, 5)
,(434, 1711846800, 4)
,(434, 1729990800, 5)
,(434, 1743296400, 4)
,(434, 1761440400, 5)
,(434, 1774746000, 4)
,(434, 1792890000, 5)
,(434, 1806195600, 4)
,(434, 1824944400, 5)
,(434, 1837645200, 4)
,(434, 1856394000, 5)
,(434, 1869094800, 4)
,(434, 1887843600, 5)
,(434, 1901149200, 4)
,(434, 1919293200, 5)
,(434, 1932598800, 4)
,(434, 1950742800, 5)
,(434, 1964048400, 4)
,(434, 1982797200, 5)
,(434, 1995498000, 4)
,(434, 2014246800, 5)
,(434, 2026947600, 4)
,(434, 2045696400, 5)
,(434, 2058397200, 4)
,(434, 2077146000, 5)
,(434, 2090451600, 4)
,(434, 2108595600, 5)
,(434, 2121901200, 4)
,(434, 2140045200, 5)
;
INSERT INTO  oceanbase.__all_tenant_time_zone_transition_type (Time_zone_id, Transition_type_id, Offset, Is_DST, Abbreviation) VALUES
 (434, 0, 3600, 0, 'CET')
,(434, 1, 3600, 0, 'CET')
,(434, 2, 7200, 1, 'CEST')
,(434, 3, 7200, 1, 'CEST')
,(434, 4, 7200, 1, 'CEST')
,(434, 5, 3600, 0, 'CET')
;
INSERT INTO oceanbase.__all_tenant_time_zone (Time_zone_id, Use_leap_seconds) VALUES (435, 'N');
INSERT INTO  oceanbase.__all_tenant_time_zone_name (Name, Time_zone_id) VALUES ('Europe/London', 435);
INSERT INTO  oceanbase.__all_tenant_time_zone_transition (Time_zone_id, Transition_time, Transition_type_id) VALUES
 (435, -1691964000, 0)
,(435, -1680472800, 1)
,(435, -1664143200, 0)
,(435, -1650146400, 1)
,(435, -1633903200, 0)
,(435, -1617487200, 1)
,(435, -1601848800, 0)
,(435, -1586037600, 1)
,(435, -1570399200, 0)
,(435, -1552168800, 1)
,(435, -1538344800, 0)
,(435, -1522533600, 1)
,(435, -1507500000, 0)
,(435, -1490565600, 1)
,(435, -1473631200, 0)
,(435, -1460930400, 1)
,(435, -1442786400, 0)
,(435, -1428876000, 1)
,(435, -1410732000, 0)
,(435, -1396216800, 1)
,(435, -1379282400, 0)
,(435, -1364767200, 1)
,(435, -1348437600, 0)
,(435, -1333317600, 1)
,(435, -1315778400, 0)
,(435, -1301263200, 1)
,(435, -1284328800, 0)
,(435, -1269813600, 1)
,(435, -1253484000, 0)
,(435, -1238364000, 1)
,(435, -1221429600, 0)
,(435, -1206914400, 1)
,(435, -1189980000, 0)
,(435, -1175464800, 1)
,(435, -1159135200, 0)
,(435, -1143410400, 1)
,(435, -1126476000, 0)
,(435, -1111960800, 1)
,(435, -1095631200, 0)
,(435, -1080511200, 1)
,(435, -1063576800, 0)
,(435, -1049061600, 1)
,(435, -1032127200, 0)
,(435, -1017612000, 1)
,(435, -1001282400, 0)
,(435, -986162400, 1)
,(435, -969228000, 0)
,(435, -950479200, 1)
,(435, -942012000, 0)
,(435, -904518000, 2)
,(435, -896050800, 0)
,(435, -875487600, 2)
,(435, -864601200, 0)
,(435, -844038000, 2)
,(435, -832546800, 0)
,(435, -812588400, 2)
,(435, -798073200, 0)
,(435, -781052400, 2)
,(435, -772066800, 0)
,(435, -764805600, 1)
,(435, -748476000, 0)
,(435, -733356000, 1)
,(435, -719445600, 0)
,(435, -717030000, 2)
,(435, -706748400, 0)
,(435, -699487200, 1)
,(435, -687996000, 0)
,(435, -668037600, 1)
,(435, -654732000, 0)
,(435, -636588000, 1)
,(435, -622072800, 0)
,(435, -605743200, 1)
,(435, -590623200, 0)
,(435, -574293600, 1)
,(435, -558568800, 0)
,(435, -542239200, 1)
,(435, -527119200, 0)
,(435, -512604000, 1)
,(435, -496274400, 0)
,(435, -481154400, 1)
,(435, -464220000, 0)
,(435, -449704800, 1)
,(435, -432165600, 0)
,(435, -417650400, 1)
,(435, -401320800, 0)
,(435, -386200800, 1)
,(435, -369266400, 0)
,(435, -354751200, 1)
,(435, -337816800, 0)
,(435, -323301600, 1)
,(435, -306972000, 0)
,(435, -291852000, 1)
,(435, -276732000, 0)
,(435, -257983200, 1)
,(435, -245282400, 0)
,(435, -226533600, 1)
,(435, -213228000, 0)
,(435, -195084000, 1)
,(435, -182383200, 0)
,(435, -163634400, 1)
,(435, -150933600, 0)
,(435, -132184800, 1)
,(435, -119484000, 0)
,(435, -100735200, 1)
,(435, -88034400, 0)
,(435, -68680800, 1)
,(435, -59004000, 0)
,(435, -37242000, 3)
,(435, 57722400, 5)
,(435, 69818400, 0)
,(435, 89172000, 1)
,(435, 101268000, 0)
,(435, 120621600, 1)
,(435, 132717600, 0)
,(435, 152071200, 1)
,(435, 164167200, 0)
,(435, 183520800, 1)
,(435, 196221600, 0)
,(435, 214970400, 1)
,(435, 227671200, 0)
,(435, 246420000, 1)
,(435, 259120800, 0)
,(435, 278474400, 1)
,(435, 290570400, 0)
,(435, 309924000, 1)
,(435, 322020000, 0)
,(435, 341373600, 1)
,(435, 354675600, 4)
,(435, 372819600, 5)
,(435, 386125200, 4)
,(435, 404269200, 5)
,(435, 417574800, 4)
,(435, 435718800, 5)
,(435, 449024400, 4)
,(435, 467773200, 5)
,(435, 481078800, 4)
,(435, 499222800, 5)
,(435, 512528400, 4)
,(435, 530672400, 5)
,(435, 543978000, 4)
,(435, 562122000, 5)
,(435, 575427600, 4)
,(435, 593571600, 5)
,(435, 606877200, 4)
,(435, 625626000, 5)
,(435, 638326800, 4)
,(435, 657075600, 5)
,(435, 670381200, 4)
,(435, 688525200, 5)
,(435, 701830800, 4)
,(435, 719974800, 5)
,(435, 733280400, 4)
,(435, 751424400, 5)
,(435, 764730000, 4)
,(435, 782874000, 5)
,(435, 796179600, 4)
,(435, 814323600, 5)
,(435, 820454400, 6)
,(435, 828234000, 4)
,(435, 846378000, 5)
,(435, 859683600, 4)
,(435, 877827600, 5)
,(435, 891133200, 4)
,(435, 909277200, 5)
,(435, 922582800, 4)
,(435, 941331600, 5)
,(435, 954032400, 4)
,(435, 972781200, 5)
,(435, 985482000, 4)
,(435, 1004230800, 5)
,(435, 1017536400, 4)
,(435, 1035680400, 5)
,(435, 1048986000, 4)
,(435, 1067130000, 5)
,(435, 1080435600, 4)
,(435, 1099184400, 5)
,(435, 1111885200, 4)
,(435, 1130634000, 5)
,(435, 1143334800, 4)
,(435, 1162083600, 5)
,(435, 1174784400, 4)
,(435, 1193533200, 5)
,(435, 1206838800, 4)
,(435, 1224982800, 5)
,(435, 1238288400, 4)
,(435, 1256432400, 5)
,(435, 1269738000, 4)
,(435, 1288486800, 5)
,(435, 1301187600, 4)
,(435, 1319936400, 5)
,(435, 1332637200, 4)
,(435, 1351386000, 5)
,(435, 1364691600, 4)
,(435, 1382835600, 5)
,(435, 1396141200, 4)
,(435, 1414285200, 5)
,(435, 1427590800, 4)
,(435, 1445734800, 5)
,(435, 1459040400, 4)
,(435, 1477789200, 5)
,(435, 1490490000, 4)
,(435, 1509238800, 5)
,(435, 1521939600, 4)
,(435, 1540688400, 5)
,(435, 1553994000, 4)
,(435, 1572138000, 5)
,(435, 1585443600, 4)
,(435, 1603587600, 5)
,(435, 1616893200, 4)
,(435, 1635642000, 5)
,(435, 1648342800, 4)
,(435, 1667091600, 5)
,(435, 1679792400, 4)
,(435, 1698541200, 5)
,(435, 1711846800, 4)
,(435, 1729990800, 5)
,(435, 1743296400, 4)
,(435, 1761440400, 5)
,(435, 1774746000, 4)
,(435, 1792890000, 5)
,(435, 1806195600, 4)
,(435, 1824944400, 5)
,(435, 1837645200, 4)
,(435, 1856394000, 5)
,(435, 1869094800, 4)
,(435, 1887843600, 5)
,(435, 1901149200, 4)
,(435, 1919293200, 5)
,(435, 1932598800, 4)
,(435, 1950742800, 5)
,(435, 1964048400, 4)
,(435, 1982797200, 5)
,(435, 1995498000, 4)
,(435, 2014246800, 5)
,(435, 2026947600, 4)
,(435, 2045696400, 5)
,(435, 2058397200, 4)
,(435, 2077146000, 5)
,(435, 2090451600, 4)
,(435, 2108595600, 5)
,(435, 2121901200, 4)
,(435, 2140045200, 5)
;
INSERT INTO  oceanbase.__all_tenant_time_zone_transition_type (Time_zone_id, Transition_type_id, Offset, Is_DST, Abbreviation) VALUES
 (435, 0, 3600, 1, 'BST')
,(435, 1, 0, 0, 'GMT')
,(435, 2, 7200, 1, 'BDST')
,(435, 3, 3600, 0, 'BST')
,(435, 4, 3600, 1, 'BST')
,(435, 5, 0, 0, 'GMT')
,(435, 6, 0, 0, 'GMT')
;
INSERT INTO oceanbase.__all_tenant_time_zone (Time_zone_id, Use_leap_seconds) VALUES (436, 'N');
INSERT INTO  oceanbase.__all_tenant_time_zone_name (Name, Time_zone_id) VALUES ('Europe/Luxembourg', 436);
INSERT INTO  oceanbase.__all_tenant_time_zone_transition (Time_zone_id, Transition_time, Transition_type_id) VALUES
 (436, -2069713476, 2)
,(436, -1692496800, 1)
,(436, -1680483600, 2)
,(436, -1662343200, 1)
,(436, -1650157200, 2)
,(436, -1632006000, 3)
,(436, -1618700400, 4)
,(436, -1612659600, 6)
,(436, -1604278800, 5)
,(436, -1585519200, 6)
,(436, -1574038800, 5)
,(436, -1552258800, 6)
,(436, -1539997200, 5)
,(436, -1520550000, 6)
,(436, -1507510800, 5)
,(436, -1490572800, 6)
,(436, -1473642000, 5)
,(436, -1459119600, 6)
,(436, -1444006800, 5)
,(436, -1427673600, 6)
,(436, -1411866000, 5)
,(436, -1396224000, 6)
,(436, -1379293200, 5)
,(436, -1364774400, 6)
,(436, -1348448400, 5)
,(436, -1333324800, 6)
,(436, -1316394000, 5)
,(436, -1301270400, 6)
,(436, -1284339600, 5)
,(436, -1269813600, 7)
,(436, -1253484000, 8)
,(436, -1238364000, 7)
,(436, -1221429600, 8)
,(436, -1206914400, 7)
,(436, -1191189600, 8)
,(436, -1175464800, 7)
,(436, -1160344800, 8)
,(436, -1143410400, 7)
,(436, -1127685600, 8)
,(436, -1111960800, 7)
,(436, -1096840800, 8)
,(436, -1080511200, 7)
,(436, -1063576800, 8)
,(436, -1049061600, 7)
,(436, -1033336800, 8)
,(436, -1017612000, 7)
,(436, -1002492000, 8)
,(436, -986162400, 7)
,(436, -969228000, 8)
,(436, -950479200, 7)
,(436, -942012000, 8)
,(436, -935186400, 11)
,(436, -857257200, 9)
,(436, -844556400, 10)
,(436, -828226800, 9)
,(436, -812502000, 10)
,(436, -797986800, 2)
,(436, -781052400, 3)
,(436, -766623600, 4)
,(436, -745455600, 3)
,(436, -733273200, 4)
,(436, 220921200, 2)
,(436, 228877200, 12)
,(436, 243997200, 13)
,(436, 260326800, 12)
,(436, 276051600, 13)
,(436, 291776400, 12)
,(436, 307501200, 13)
,(436, 323830800, 12)
,(436, 338950800, 13)
,(436, 354675600, 12)
,(436, 370400400, 13)
,(436, 386125200, 12)
,(436, 401850000, 13)
,(436, 417574800, 12)
,(436, 433299600, 13)
,(436, 449024400, 12)
,(436, 465354000, 13)
,(436, 481078800, 12)
,(436, 496803600, 13)
,(436, 512528400, 12)
,(436, 528253200, 13)
,(436, 543978000, 12)
,(436, 559702800, 13)
,(436, 575427600, 12)
,(436, 591152400, 13)
,(436, 606877200, 12)
,(436, 622602000, 13)
,(436, 638326800, 12)
,(436, 654656400, 13)
,(436, 670381200, 12)
,(436, 686106000, 13)
,(436, 701830800, 12)
,(436, 717555600, 13)
,(436, 733280400, 12)
,(436, 749005200, 13)
,(436, 764730000, 12)
,(436, 780454800, 13)
,(436, 796179600, 12)
,(436, 811904400, 13)
,(436, 828234000, 12)
,(436, 846378000, 13)
,(436, 859683600, 12)
,(436, 877827600, 13)
,(436, 891133200, 12)
,(436, 909277200, 13)
,(436, 922582800, 12)
,(436, 941331600, 13)
,(436, 954032400, 12)
,(436, 972781200, 13)
,(436, 985482000, 12)
,(436, 1004230800, 13)
,(436, 1017536400, 12)
,(436, 1035680400, 13)
,(436, 1048986000, 12)
,(436, 1067130000, 13)
,(436, 1080435600, 12)
,(436, 1099184400, 13)
,(436, 1111885200, 12)
,(436, 1130634000, 13)
,(436, 1143334800, 12)
,(436, 1162083600, 13)
,(436, 1174784400, 12)
,(436, 1193533200, 13)
,(436, 1206838800, 12)
,(436, 1224982800, 13)
,(436, 1238288400, 12)
,(436, 1256432400, 13)
,(436, 1269738000, 12)
,(436, 1288486800, 13)
,(436, 1301187600, 12)
,(436, 1319936400, 13)
,(436, 1332637200, 12)
,(436, 1351386000, 13)
,(436, 1364691600, 12)
,(436, 1382835600, 13)
,(436, 1396141200, 12)
,(436, 1414285200, 13)
,(436, 1427590800, 12)
,(436, 1445734800, 13)
,(436, 1459040400, 12)
,(436, 1477789200, 13)
,(436, 1490490000, 12)
,(436, 1509238800, 13)
,(436, 1521939600, 12)
,(436, 1540688400, 13)
,(436, 1553994000, 12)
,(436, 1572138000, 13)
,(436, 1585443600, 12)
,(436, 1603587600, 13)
,(436, 1616893200, 12)
,(436, 1635642000, 13)
,(436, 1648342800, 12)
,(436, 1667091600, 13)
,(436, 1679792400, 12)
,(436, 1698541200, 13)
,(436, 1711846800, 12)
,(436, 1729990800, 13)
,(436, 1743296400, 12)
,(436, 1761440400, 13)
,(436, 1774746000, 12)
,(436, 1792890000, 13)
,(436, 1806195600, 12)
,(436, 1824944400, 13)
,(436, 1837645200, 12)
,(436, 1856394000, 13)
,(436, 1869094800, 12)
,(436, 1887843600, 13)
,(436, 1901149200, 12)
,(436, 1919293200, 13)
,(436, 1932598800, 12)
,(436, 1950742800, 13)
,(436, 1964048400, 12)
,(436, 1982797200, 13)
,(436, 1995498000, 12)
,(436, 2014246800, 13)
,(436, 2026947600, 12)
,(436, 2045696400, 13)
,(436, 2058397200, 12)
,(436, 2077146000, 13)
,(436, 2090451600, 12)
,(436, 2108595600, 13)
,(436, 2121901200, 12)
,(436, 2140045200, 13)
;
INSERT INTO  oceanbase.__all_tenant_time_zone_transition_type (Time_zone_id, Transition_type_id, Offset, Is_DST, Abbreviation) VALUES
 (436, 0, 1476, 0, 'LMT')
,(436, 1, 7200, 1, 'CEST')
,(436, 2, 3600, 0, 'CET')
,(436, 3, 7200, 1, 'CEST')
,(436, 4, 3600, 0, 'CET')
,(436, 5, 3600, 1, 'WEST')
,(436, 6, 0, 0, 'WET')
,(436, 7, 0, 0, 'WET')
,(436, 8, 3600, 1, 'WEST')
,(436, 9, 3600, 0, 'WET')
,(436, 10, 7200, 1, 'WEST')
,(436, 11, 7200, 1, 'WEST')
,(436, 12, 7200, 1, 'CEST')
,(436, 13, 3600, 0, 'CET')
;
INSERT INTO oceanbase.__all_tenant_time_zone (Time_zone_id, Use_leap_seconds) VALUES (437, 'N');
INSERT INTO  oceanbase.__all_tenant_time_zone_name (Name, Time_zone_id) VALUES ('Europe/Madrid', 437);
INSERT INTO  oceanbase.__all_tenant_time_zone_transition (Time_zone_id, Transition_time, Transition_type_id) VALUES
 (437, -1661734800, 0)
,(437, -1648429200, 1)
,(437, -1631926800, 0)
,(437, -1616893200, 1)
,(437, -1601254800, 0)
,(437, -1585357200, 1)
,(437, -1442451600, 0)
,(437, -1427677200, 1)
,(437, -1379293200, 0)
,(437, -1364778000, 1)
,(437, -1348448400, 0)
,(437, -1333328400, 1)
,(437, -1316394000, 0)
,(437, -1301274000, 1)
,(437, -1284339600, 0)
,(437, -1269824400, 1)
,(437, -1029114000, 0)
,(437, -1017622800, 1)
,(437, -1002848400, 0)
,(437, -986173200, 1)
,(437, -969238800, 0)
,(437, -954118800, 1)
,(437, -940208400, 0)
,(437, -873079200, 2)
,(437, -862538400, 0)
,(437, -842839200, 2)
,(437, -828237600, 0)
,(437, -811389600, 2)
,(437, -796010400, 0)
,(437, -779940000, 2)
,(437, -765421200, 3)
,(437, -748490400, 2)
,(437, -733888800, 5)
,(437, -652327200, 4)
,(437, -639190800, 5)
,(437, 135122400, 4)
,(437, 150246000, 5)
,(437, 167176800, 4)
,(437, 181695600, 5)
,(437, 196812000, 4)
,(437, 212540400, 5)
,(437, 228866400, 4)
,(437, 243990000, 5)
,(437, 260402400, 4)
,(437, 276044400, 5)
,(437, 291776400, 6)
,(437, 307501200, 7)
,(437, 323830800, 6)
,(437, 338950800, 7)
,(437, 354675600, 6)
,(437, 370400400, 7)
,(437, 386125200, 6)
,(437, 401850000, 7)
,(437, 417574800, 6)
,(437, 433299600, 7)
,(437, 449024400, 6)
,(437, 465354000, 7)
,(437, 481078800, 6)
,(437, 496803600, 7)
,(437, 512528400, 6)
,(437, 528253200, 7)
,(437, 543978000, 6)
,(437, 559702800, 7)
,(437, 575427600, 6)
,(437, 591152400, 7)
,(437, 606877200, 6)
,(437, 622602000, 7)
,(437, 638326800, 6)
,(437, 654656400, 7)
,(437, 670381200, 6)
,(437, 686106000, 7)
,(437, 701830800, 6)
,(437, 717555600, 7)
,(437, 733280400, 6)
,(437, 749005200, 7)
,(437, 764730000, 6)
,(437, 780454800, 7)
,(437, 796179600, 6)
,(437, 811904400, 7)
,(437, 828234000, 6)
,(437, 846378000, 7)
,(437, 859683600, 6)
,(437, 877827600, 7)
,(437, 891133200, 6)
,(437, 909277200, 7)
,(437, 922582800, 6)
,(437, 941331600, 7)
,(437, 954032400, 6)
,(437, 972781200, 7)
,(437, 985482000, 6)
,(437, 1004230800, 7)
,(437, 1017536400, 6)
,(437, 1035680400, 7)
,(437, 1048986000, 6)
,(437, 1067130000, 7)
,(437, 1080435600, 6)
,(437, 1099184400, 7)
,(437, 1111885200, 6)
,(437, 1130634000, 7)
,(437, 1143334800, 6)
,(437, 1162083600, 7)
,(437, 1174784400, 6)
,(437, 1193533200, 7)
,(437, 1206838800, 6)
,(437, 1224982800, 7)
,(437, 1238288400, 6)
,(437, 1256432400, 7)
,(437, 1269738000, 6)
,(437, 1288486800, 7)
,(437, 1301187600, 6)
,(437, 1319936400, 7)
,(437, 1332637200, 6)
,(437, 1351386000, 7)
,(437, 1364691600, 6)
,(437, 1382835600, 7)
,(437, 1396141200, 6)
,(437, 1414285200, 7)
,(437, 1427590800, 6)
,(437, 1445734800, 7)
,(437, 1459040400, 6)
,(437, 1477789200, 7)
,(437, 1490490000, 6)
,(437, 1509238800, 7)
,(437, 1521939600, 6)
,(437, 1540688400, 7)
,(437, 1553994000, 6)
,(437, 1572138000, 7)
,(437, 1585443600, 6)
,(437, 1603587600, 7)
,(437, 1616893200, 6)
,(437, 1635642000, 7)
,(437, 1648342800, 6)
,(437, 1667091600, 7)
,(437, 1679792400, 6)
,(437, 1698541200, 7)
,(437, 1711846800, 6)
,(437, 1729990800, 7)
,(437, 1743296400, 6)
,(437, 1761440400, 7)
,(437, 1774746000, 6)
,(437, 1792890000, 7)
,(437, 1806195600, 6)
,(437, 1824944400, 7)
,(437, 1837645200, 6)
,(437, 1856394000, 7)
,(437, 1869094800, 6)
,(437, 1887843600, 7)
,(437, 1901149200, 6)
,(437, 1919293200, 7)
,(437, 1932598800, 6)
,(437, 1950742800, 7)
,(437, 1964048400, 6)
,(437, 1982797200, 7)
,(437, 1995498000, 6)
,(437, 2014246800, 7)
,(437, 2026947600, 6)
,(437, 2045696400, 7)
,(437, 2058397200, 6)
,(437, 2077146000, 7)
,(437, 2090451600, 6)
,(437, 2108595600, 7)
,(437, 2121901200, 6)
,(437, 2140045200, 7)
;
INSERT INTO  oceanbase.__all_tenant_time_zone_transition_type (Time_zone_id, Transition_type_id, Offset, Is_DST, Abbreviation) VALUES
 (437, 0, 3600, 1, 'WEST')
,(437, 1, 0, 0, 'WET')
,(437, 2, 7200, 1, 'WEMT')
,(437, 3, 3600, 1, 'WEST')
,(437, 4, 7200, 1, 'CEST')
,(437, 5, 3600, 0, 'CET')
,(437, 6, 7200, 1, 'CEST')
,(437, 7, 3600, 0, 'CET')
;
INSERT INTO oceanbase.__all_tenant_time_zone (Time_zone_id, Use_leap_seconds) VALUES (438, 'N');
INSERT INTO  oceanbase.__all_tenant_time_zone_name (Name, Time_zone_id) VALUES ('Europe/Malta', 438);
INSERT INTO  oceanbase.__all_tenant_time_zone_transition (Time_zone_id, Transition_time, Transition_type_id) VALUES
 (438, -1690851600, 0)
,(438, -1680483600, 1)
,(438, -1664758800, 0)
,(438, -1649034000, 1)
,(438, -1635123600, 0)
,(438, -1616979600, 1)
,(438, -1604278800, 0)
,(438, -1585530000, 1)
,(438, -1571014800, 0)
,(438, -1555290000, 1)
,(438, -932432400, 0)
,(438, -857257200, 1)
,(438, -844556400, 0)
,(438, -828226800, 1)
,(438, -812502000, 0)
,(438, -796777200, 1)
,(438, -781052400, 2)
,(438, -766717200, 1)
,(438, -750898800, 0)
,(438, -733359600, 1)
,(438, -719456400, 0)
,(438, -701917200, 1)
,(438, -689209200, 0)
,(438, -670460400, 1)
,(438, -114051600, 2)
,(438, -103168800, 3)
,(438, -81997200, 2)
,(438, -71719200, 3)
,(438, -50547600, 2)
,(438, -40269600, 3)
,(438, -18493200, 2)
,(438, -8215200, 3)
,(438, 12956400, 2)
,(438, 23234400, 3)
,(438, 43801200, 2)
,(438, 54687600, 3)
,(438, 75855600, 2)
,(438, 86738400, 3)
,(438, 102380400, 0)
,(438, 118105200, 1)
,(438, 135730800, 0)
,(438, 148518000, 1)
,(438, 167187600, 2)
,(438, 180489600, 3)
,(438, 198637200, 2)
,(438, 211939200, 3)
,(438, 230086800, 2)
,(438, 243388800, 3)
,(438, 261536400, 2)
,(438, 274838400, 3)
,(438, 292986000, 2)
,(438, 306288000, 3)
,(438, 323312400, 2)
,(438, 338342400, 3)
,(438, 354675600, 4)
,(438, 370400400, 5)
,(438, 386125200, 4)
,(438, 401850000, 5)
,(438, 417574800, 4)
,(438, 433299600, 5)
,(438, 449024400, 4)
,(438, 465354000, 5)
,(438, 481078800, 4)
,(438, 496803600, 5)
,(438, 512528400, 4)
,(438, 528253200, 5)
,(438, 543978000, 4)
,(438, 559702800, 5)
,(438, 575427600, 4)
,(438, 591152400, 5)
,(438, 606877200, 4)
,(438, 622602000, 5)
,(438, 638326800, 4)
,(438, 654656400, 5)
,(438, 670381200, 4)
,(438, 686106000, 5)
,(438, 701830800, 4)
,(438, 717555600, 5)
,(438, 733280400, 4)
,(438, 749005200, 5)
,(438, 764730000, 4)
,(438, 780454800, 5)
,(438, 796179600, 4)
,(438, 811904400, 5)
,(438, 828234000, 4)
,(438, 846378000, 5)
,(438, 859683600, 4)
,(438, 877827600, 5)
,(438, 891133200, 4)
,(438, 909277200, 5)
,(438, 922582800, 4)
,(438, 941331600, 5)
,(438, 954032400, 4)
,(438, 972781200, 5)
,(438, 985482000, 4)
,(438, 1004230800, 5)
,(438, 1017536400, 4)
,(438, 1035680400, 5)
,(438, 1048986000, 4)
,(438, 1067130000, 5)
,(438, 1080435600, 4)
,(438, 1099184400, 5)
,(438, 1111885200, 4)
,(438, 1130634000, 5)
,(438, 1143334800, 4)
,(438, 1162083600, 5)
,(438, 1174784400, 4)
,(438, 1193533200, 5)
,(438, 1206838800, 4)
,(438, 1224982800, 5)
,(438, 1238288400, 4)
,(438, 1256432400, 5)
,(438, 1269738000, 4)
,(438, 1288486800, 5)
,(438, 1301187600, 4)
,(438, 1319936400, 5)
,(438, 1332637200, 4)
,(438, 1351386000, 5)
,(438, 1364691600, 4)
,(438, 1382835600, 5)
,(438, 1396141200, 4)
,(438, 1414285200, 5)
,(438, 1427590800, 4)
,(438, 1445734800, 5)
,(438, 1459040400, 4)
,(438, 1477789200, 5)
,(438, 1490490000, 4)
,(438, 1509238800, 5)
,(438, 1521939600, 4)
,(438, 1540688400, 5)
,(438, 1553994000, 4)
,(438, 1572138000, 5)
,(438, 1585443600, 4)
,(438, 1603587600, 5)
,(438, 1616893200, 4)
,(438, 1635642000, 5)
,(438, 1648342800, 4)
,(438, 1667091600, 5)
,(438, 1679792400, 4)
,(438, 1698541200, 5)
,(438, 1711846800, 4)
,(438, 1729990800, 5)
,(438, 1743296400, 4)
,(438, 1761440400, 5)
,(438, 1774746000, 4)
,(438, 1792890000, 5)
,(438, 1806195600, 4)
,(438, 1824944400, 5)
,(438, 1837645200, 4)
,(438, 1856394000, 5)
,(438, 1869094800, 4)
,(438, 1887843600, 5)
,(438, 1901149200, 4)
,(438, 1919293200, 5)
,(438, 1932598800, 4)
,(438, 1950742800, 5)
,(438, 1964048400, 4)
,(438, 1982797200, 5)
,(438, 1995498000, 4)
,(438, 2014246800, 5)
,(438, 2026947600, 4)
,(438, 2045696400, 5)
,(438, 2058397200, 4)
,(438, 2077146000, 5)
,(438, 2090451600, 4)
,(438, 2108595600, 5)
,(438, 2121901200, 4)
,(438, 2140045200, 5)
;
INSERT INTO  oceanbase.__all_tenant_time_zone_transition_type (Time_zone_id, Transition_type_id, Offset, Is_DST, Abbreviation) VALUES
 (438, 0, 7200, 1, 'CEST')
,(438, 1, 3600, 0, 'CET')
,(438, 2, 7200, 1, 'CEST')
,(438, 3, 3600, 0, 'CET')
,(438, 4, 7200, 1, 'CEST')
,(438, 5, 3600, 0, 'CET')
;
INSERT INTO oceanbase.__all_tenant_time_zone (Time_zone_id, Use_leap_seconds) VALUES (439, 'N');
INSERT INTO  oceanbase.__all_tenant_time_zone_name (Name, Time_zone_id) VALUES ('Europe/Mariehamn', 439);
INSERT INTO  oceanbase.__all_tenant_time_zone_transition (Time_zone_id, Transition_time, Transition_type_id) VALUES
 (439, -1535938792, 2)
,(439, -875671200, 1)
,(439, -859863600, 2)
,(439, 354672000, 1)
,(439, 370396800, 2)
,(439, 386121600, 1)
,(439, 401846400, 2)
,(439, 417574800, 3)
,(439, 433299600, 4)
,(439, 449024400, 3)
,(439, 465354000, 4)
,(439, 481078800, 3)
,(439, 496803600, 4)
,(439, 512528400, 3)
,(439, 528253200, 4)
,(439, 543978000, 3)
,(439, 559702800, 4)
,(439, 575427600, 3)
,(439, 591152400, 4)
,(439, 606877200, 3)
,(439, 622602000, 4)
,(439, 638326800, 3)
,(439, 654656400, 4)
,(439, 670381200, 3)
,(439, 686106000, 4)
,(439, 701830800, 3)
,(439, 717555600, 4)
,(439, 733280400, 3)
,(439, 749005200, 4)
,(439, 764730000, 3)
,(439, 780454800, 4)
,(439, 796179600, 3)
,(439, 811904400, 4)
,(439, 828234000, 3)
,(439, 846378000, 4)
,(439, 859683600, 3)
,(439, 877827600, 4)
,(439, 891133200, 3)
,(439, 909277200, 4)
,(439, 922582800, 3)
,(439, 941331600, 4)
,(439, 954032400, 3)
,(439, 972781200, 4)
,(439, 985482000, 3)
,(439, 1004230800, 4)
,(439, 1017536400, 3)
,(439, 1035680400, 4)
,(439, 1048986000, 3)
,(439, 1067130000, 4)
,(439, 1080435600, 3)
,(439, 1099184400, 4)
,(439, 1111885200, 3)
,(439, 1130634000, 4)
,(439, 1143334800, 3)
,(439, 1162083600, 4)
,(439, 1174784400, 3)
,(439, 1193533200, 4)
,(439, 1206838800, 3)
,(439, 1224982800, 4)
,(439, 1238288400, 3)
,(439, 1256432400, 4)
,(439, 1269738000, 3)
,(439, 1288486800, 4)
,(439, 1301187600, 3)
,(439, 1319936400, 4)
,(439, 1332637200, 3)
,(439, 1351386000, 4)
,(439, 1364691600, 3)
,(439, 1382835600, 4)
,(439, 1396141200, 3)
,(439, 1414285200, 4)
,(439, 1427590800, 3)
,(439, 1445734800, 4)
,(439, 1459040400, 3)
,(439, 1477789200, 4)
,(439, 1490490000, 3)
,(439, 1509238800, 4)
,(439, 1521939600, 3)
,(439, 1540688400, 4)
,(439, 1553994000, 3)
,(439, 1572138000, 4)
,(439, 1585443600, 3)
,(439, 1603587600, 4)
,(439, 1616893200, 3)
,(439, 1635642000, 4)
,(439, 1648342800, 3)
,(439, 1667091600, 4)
,(439, 1679792400, 3)
,(439, 1698541200, 4)
,(439, 1711846800, 3)
,(439, 1729990800, 4)
,(439, 1743296400, 3)
,(439, 1761440400, 4)
,(439, 1774746000, 3)
,(439, 1792890000, 4)
,(439, 1806195600, 3)
,(439, 1824944400, 4)
,(439, 1837645200, 3)
,(439, 1856394000, 4)
,(439, 1869094800, 3)
,(439, 1887843600, 4)
,(439, 1901149200, 3)
,(439, 1919293200, 4)
,(439, 1932598800, 3)
,(439, 1950742800, 4)
,(439, 1964048400, 3)
,(439, 1982797200, 4)
,(439, 1995498000, 3)
,(439, 2014246800, 4)
,(439, 2026947600, 3)
,(439, 2045696400, 4)
,(439, 2058397200, 3)
,(439, 2077146000, 4)
,(439, 2090451600, 3)
,(439, 2108595600, 4)
,(439, 2121901200, 3)
,(439, 2140045200, 4)
;
INSERT INTO  oceanbase.__all_tenant_time_zone_transition_type (Time_zone_id, Transition_type_id, Offset, Is_DST, Abbreviation) VALUES
 (439, 0, 5992, 0, 'HMT')
,(439, 1, 10800, 1, 'EEST')
,(439, 2, 7200, 0, 'EET')
,(439, 3, 10800, 1, 'EEST')
,(439, 4, 7200, 0, 'EET')
;
INSERT INTO oceanbase.__all_tenant_time_zone (Time_zone_id, Use_leap_seconds) VALUES (440, 'N');
INSERT INTO  oceanbase.__all_tenant_time_zone_name (Name, Time_zone_id) VALUES ('Europe/Minsk', 440);
INSERT INTO  oceanbase.__all_tenant_time_zone_transition (Time_zone_id, Transition_time, Transition_type_id) VALUES
 (440, -1441158600, 1)
,(440, -1247536800, 2)
,(440, -899780400, 5)
,(440, -857257200, 3)
,(440, -844556400, 4)
,(440, -828226800, 3)
,(440, -812502000, 4)
,(440, -804650400, 2)
,(440, 354920400, 6)
,(440, 370728000, 2)
,(440, 386456400, 6)
,(440, 402264000, 2)
,(440, 417992400, 6)
,(440, 433800000, 2)
,(440, 449614800, 6)
,(440, 465346800, 7)
,(440, 481071600, 8)
,(440, 496796400, 7)
,(440, 512521200, 8)
,(440, 528246000, 7)
,(440, 543970800, 8)
,(440, 559695600, 7)
,(440, 575420400, 8)
,(440, 591145200, 7)
,(440, 606870000, 8)
,(440, 622594800, 7)
,(440, 631141200, 2)
,(440, 670374000, 9)
,(440, 686102400, 10)
,(440, 701820000, 9)
,(440, 717544800, 10)
,(440, 733276800, 9)
,(440, 749001600, 10)
,(440, 764726400, 9)
,(440, 780451200, 10)
,(440, 796176000, 9)
,(440, 811900800, 10)
,(440, 828230400, 9)
,(440, 846374400, 10)
,(440, 859680000, 9)
,(440, 877824000, 10)
,(440, 891129600, 9)
,(440, 909273600, 10)
,(440, 922579200, 9)
,(440, 941328000, 10)
,(440, 954028800, 9)
,(440, 972777600, 10)
,(440, 985478400, 9)
,(440, 1004227200, 10)
,(440, 1017532800, 9)
,(440, 1035676800, 10)
,(440, 1048982400, 9)
,(440, 1067126400, 10)
,(440, 1080432000, 9)
,(440, 1099180800, 10)
,(440, 1111881600, 9)
,(440, 1130630400, 10)
,(440, 1143331200, 9)
,(440, 1162080000, 10)
,(440, 1174780800, 9)
,(440, 1193529600, 10)
,(440, 1206835200, 9)
,(440, 1224979200, 10)
,(440, 1238284800, 9)
,(440, 1256428800, 10)
,(440, 1269734400, 9)
,(440, 1288483200, 10)
,(440, 1301184000, 11)
;
INSERT INTO  oceanbase.__all_tenant_time_zone_transition_type (Time_zone_id, Transition_type_id, Offset, Is_DST, Abbreviation) VALUES
 (440, 0, 6600, 0, 'MMT')
,(440, 1, 7200, 0, 'EET')
,(440, 2, 10800, 0, 'MSK')
,(440, 3, 3600, 0, 'CET')
,(440, 4, 7200, 1, 'CEST')
,(440, 5, 7200, 1, 'CEST')
,(440, 6, 14400, 1, 'MSD')
,(440, 7, 10800, 0, 'MSK')
,(440, 8, 14400, 1, 'MSD')
,(440, 9, 10800, 1, 'EEST')
,(440, 10, 7200, 0, 'EET')
,(440, 11, 10800, 0, 'FET')
;
INSERT INTO oceanbase.__all_tenant_time_zone (Time_zone_id, Use_leap_seconds) VALUES (441, 'N');
INSERT INTO  oceanbase.__all_tenant_time_zone_name (Name, Time_zone_id) VALUES ('Europe/Monaco', 441);
INSERT INTO  oceanbase.__all_tenant_time_zone_transition (Time_zone_id, Transition_time, Transition_type_id) VALUES
 (441, -1855958961, 5)
,(441, -1689814800, 1)
,(441, -1680397200, 2)
,(441, -1665363600, 1)
,(441, -1648342800, 2)
,(441, -1635123600, 1)
,(441, -1616893200, 2)
,(441, -1604278800, 1)
,(441, -1585443600, 2)
,(441, -1574038800, 1)
,(441, -1552266000, 2)
,(441, -1539997200, 1)
,(441, -1520557200, 2)
,(441, -1507510800, 1)
,(441, -1490576400, 2)
,(441, -1470618000, 1)
,(441, -1459126800, 2)
,(441, -1444006800, 1)
,(441, -1427677200, 2)
,(441, -1411952400, 1)
,(441, -1396227600, 2)
,(441, -1379293200, 1)
,(441, -1364778000, 2)
,(441, -1348448400, 1)
,(441, -1333328400, 2)
,(441, -1316394000, 1)
,(441, -1301274000, 2)
,(441, -1284339600, 1)
,(441, -1269824400, 2)
,(441, -1253494800, 1)
,(441, -1238374800, 2)
,(441, -1221440400, 1)
,(441, -1206925200, 2)
,(441, -1191200400, 1)
,(441, -1175475600, 2)
,(441, -1160355600, 1)
,(441, -1143421200, 2)
,(441, -1127696400, 1)
,(441, -1111971600, 2)
,(441, -1096851600, 1)
,(441, -1080522000, 2)
,(441, -1063587600, 1)
,(441, -1049072400, 2)
,(441, -1033347600, 1)
,(441, -1017622800, 2)
,(441, -1002502800, 1)
,(441, -986173200, 2)
,(441, -969238800, 1)
,(441, -950490000, 2)
,(441, -942012000, 3)
,(441, -904438800, 4)
,(441, -891136800, 3)
,(441, -877827600, 4)
,(441, -857257200, 3)
,(441, -844556400, 4)
,(441, -828226800, 3)
,(441, -812502000, 4)
,(441, -796266000, 3)
,(441, -781052400, 4)
,(441, -766623600, 7)
,(441, 196819200, 6)
,(441, 212540400, 7)
,(441, 228877200, 8)
,(441, 243997200, 9)
,(441, 260326800, 8)
,(441, 276051600, 9)
,(441, 291776400, 8)
,(441, 307501200, 9)
,(441, 323830800, 8)
,(441, 338950800, 9)
,(441, 354675600, 8)
,(441, 370400400, 9)
,(441, 386125200, 8)
,(441, 401850000, 9)
,(441, 417574800, 8)
,(441, 433299600, 9)
,(441, 449024400, 8)
,(441, 465354000, 9)
,(441, 481078800, 8)
,(441, 496803600, 9)
,(441, 512528400, 8)
,(441, 528253200, 9)
,(441, 543978000, 8)
,(441, 559702800, 9)
,(441, 575427600, 8)
,(441, 591152400, 9)
,(441, 606877200, 8)
,(441, 622602000, 9)
,(441, 638326800, 8)
,(441, 654656400, 9)
,(441, 670381200, 8)
,(441, 686106000, 9)
,(441, 701830800, 8)
,(441, 717555600, 9)
,(441, 733280400, 8)
,(441, 749005200, 9)
,(441, 764730000, 8)
,(441, 780454800, 9)
,(441, 796179600, 8)
,(441, 811904400, 9)
,(441, 828234000, 8)
,(441, 846378000, 9)
,(441, 859683600, 8)
,(441, 877827600, 9)
,(441, 891133200, 8)
,(441, 909277200, 9)
,(441, 922582800, 8)
,(441, 941331600, 9)
,(441, 954032400, 8)
,(441, 972781200, 9)
,(441, 985482000, 8)
,(441, 1004230800, 9)
,(441, 1017536400, 8)
,(441, 1035680400, 9)
,(441, 1048986000, 8)
,(441, 1067130000, 9)
,(441, 1080435600, 8)
,(441, 1099184400, 9)
,(441, 1111885200, 8)
,(441, 1130634000, 9)
,(441, 1143334800, 8)
,(441, 1162083600, 9)
,(441, 1174784400, 8)
,(441, 1193533200, 9)
,(441, 1206838800, 8)
,(441, 1224982800, 9)
,(441, 1238288400, 8)
,(441, 1256432400, 9)
,(441, 1269738000, 8)
,(441, 1288486800, 9)
,(441, 1301187600, 8)
,(441, 1319936400, 9)
,(441, 1332637200, 8)
,(441, 1351386000, 9)
,(441, 1364691600, 8)
,(441, 1382835600, 9)
,(441, 1396141200, 8)
,(441, 1414285200, 9)
,(441, 1427590800, 8)
,(441, 1445734800, 9)
,(441, 1459040400, 8)
,(441, 1477789200, 9)
,(441, 1490490000, 8)
,(441, 1509238800, 9)
,(441, 1521939600, 8)
,(441, 1540688400, 9)
,(441, 1553994000, 8)
,(441, 1572138000, 9)
,(441, 1585443600, 8)
,(441, 1603587600, 9)
,(441, 1616893200, 8)
,(441, 1635642000, 9)
,(441, 1648342800, 8)
,(441, 1667091600, 9)
,(441, 1679792400, 8)
,(441, 1698541200, 9)
,(441, 1711846800, 8)
,(441, 1729990800, 9)
,(441, 1743296400, 8)
,(441, 1761440400, 9)
,(441, 1774746000, 8)
,(441, 1792890000, 9)
,(441, 1806195600, 8)
,(441, 1824944400, 9)
,(441, 1837645200, 8)
,(441, 1856394000, 9)
,(441, 1869094800, 8)
,(441, 1887843600, 9)
,(441, 1901149200, 8)
,(441, 1919293200, 9)
,(441, 1932598800, 8)
,(441, 1950742800, 9)
,(441, 1964048400, 8)
,(441, 1982797200, 9)
,(441, 1995498000, 8)
,(441, 2014246800, 9)
,(441, 2026947600, 8)
,(441, 2045696400, 9)
,(441, 2058397200, 8)
,(441, 2077146000, 9)
,(441, 2090451600, 8)
,(441, 2108595600, 9)
,(441, 2121901200, 8)
,(441, 2140045200, 9)
;
INSERT INTO  oceanbase.__all_tenant_time_zone_transition_type (Time_zone_id, Transition_type_id, Offset, Is_DST, Abbreviation) VALUES
 (441, 0, 561, 0, 'PMT')
,(441, 1, 3600, 1, 'WEST')
,(441, 2, 0, 0, 'WET')
,(441, 3, 3600, 1, 'WEST')
,(441, 4, 7200, 1, 'WEMT')
,(441, 5, 0, 0, 'WET')
,(441, 6, 7200, 1, 'CEST')
,(441, 7, 3600, 0, 'CET')
,(441, 8, 7200, 1, 'CEST')
,(441, 9, 3600, 0, 'CET')
;
INSERT INTO oceanbase.__all_tenant_time_zone (Time_zone_id, Use_leap_seconds) VALUES (442, 'N');
INSERT INTO  oceanbase.__all_tenant_time_zone_name (Name, Time_zone_id) VALUES ('Europe/Moscow', 442);
INSERT INTO  oceanbase.__all_tenant_time_zone_transition (Time_zone_id, Transition_time, Transition_type_id) VALUES
 (442, -1688265000, 2)
,(442, -1656819048, 1)
,(442, -1641353448, 2)
,(442, -1627965048, 3)
,(442, -1618716648, 1)
,(442, -1596429048, 3)
,(442, -1593829848, 5)
,(442, -1589860800, 4)
,(442, -1542427200, 5)
,(442, -1539493200, 6)
,(442, -1525323600, 5)
,(442, -1522728000, 4)
,(442, -1491188400, 7)
,(442, -1247536800, 4)
,(442, 354920400, 5)
,(442, 370728000, 4)
,(442, 386456400, 5)
,(442, 402264000, 4)
,(442, 417992400, 5)
,(442, 433800000, 4)
,(442, 449614800, 5)
,(442, 465346800, 8)
,(442, 481071600, 9)
,(442, 496796400, 8)
,(442, 512521200, 9)
,(442, 528246000, 8)
,(442, 543970800, 9)
,(442, 559695600, 8)
,(442, 575420400, 9)
,(442, 591145200, 8)
,(442, 606870000, 9)
,(442, 622594800, 8)
,(442, 638319600, 9)
,(442, 654649200, 8)
,(442, 670374000, 10)
,(442, 686102400, 11)
,(442, 695779200, 8)
,(442, 701812800, 5)
,(442, 717534000, 4)
,(442, 733273200, 9)
,(442, 748998000, 8)
,(442, 764722800, 9)
,(442, 780447600, 8)
,(442, 796172400, 9)
,(442, 811897200, 8)
,(442, 828226800, 9)
,(442, 846370800, 8)
,(442, 859676400, 9)
,(442, 877820400, 8)
,(442, 891126000, 9)
,(442, 909270000, 8)
,(442, 922575600, 9)
,(442, 941324400, 8)
,(442, 954025200, 9)
,(442, 972774000, 8)
,(442, 985474800, 9)
,(442, 1004223600, 8)
,(442, 1017529200, 9)
,(442, 1035673200, 8)
,(442, 1048978800, 9)
,(442, 1067122800, 8)
,(442, 1080428400, 9)
,(442, 1099177200, 8)
,(442, 1111878000, 9)
,(442, 1130626800, 8)
,(442, 1143327600, 9)
,(442, 1162076400, 8)
,(442, 1174777200, 9)
,(442, 1193526000, 8)
,(442, 1206831600, 9)
,(442, 1224975600, 8)
,(442, 1238281200, 9)
,(442, 1256425200, 8)
,(442, 1269730800, 9)
,(442, 1288479600, 8)
,(442, 1301180400, 12)
;
INSERT INTO  oceanbase.__all_tenant_time_zone_transition_type (Time_zone_id, Transition_type_id, Offset, Is_DST, Abbreviation) VALUES
 (442, 0, 9000, 0, 'MMT')
,(442, 1, 12648, 1, 'MST')
,(442, 2, 9048, 0, 'MMT')
,(442, 3, 16248, 1, 'MDST')
,(442, 4, 10800, 0, 'MSK')
,(442, 5, 14400, 1, 'MSD')
,(442, 6, 18000, 1, 'MSD')
,(442, 7, 7200, 0, 'EET')
,(442, 8, 10800, 0, 'MSK')
,(442, 9, 14400, 1, 'MSD')
,(442, 10, 10800, 1, 'EEST')
,(442, 11, 7200, 0, 'EET')
,(442, 12, 14400, 0, 'MSK')
;
INSERT INTO oceanbase.__all_tenant_time_zone (Time_zone_id, Use_leap_seconds) VALUES (443, 'N');
INSERT INTO  oceanbase.__all_tenant_time_zone_name (Name, Time_zone_id) VALUES ('Europe/Nicosia', 443);
INSERT INTO  oceanbase.__all_tenant_time_zone_transition (Time_zone_id, Transition_time, Transition_type_id) VALUES
 (443, -1518920008, 2)
,(443, 166572000, 1)
,(443, 182293200, 2)
,(443, 200959200, 1)
,(443, 213829200, 2)
,(443, 228866400, 1)
,(443, 243982800, 2)
,(443, 260316000, 1)
,(443, 276123600, 2)
,(443, 291765600, 1)
,(443, 307486800, 2)
,(443, 323820000, 1)
,(443, 338936400, 2)
,(443, 354664800, 1)
,(443, 370386000, 2)
,(443, 386114400, 1)
,(443, 401835600, 2)
,(443, 417564000, 1)
,(443, 433285200, 2)
,(443, 449013600, 1)
,(443, 465339600, 2)
,(443, 481068000, 1)
,(443, 496789200, 2)
,(443, 512517600, 1)
,(443, 528238800, 2)
,(443, 543967200, 1)
,(443, 559688400, 2)
,(443, 575416800, 1)
,(443, 591138000, 2)
,(443, 606866400, 1)
,(443, 622587600, 2)
,(443, 638316000, 1)
,(443, 654642000, 2)
,(443, 670370400, 1)
,(443, 686091600, 2)
,(443, 701820000, 1)
,(443, 717541200, 2)
,(443, 733269600, 1)
,(443, 748990800, 2)
,(443, 764719200, 1)
,(443, 780440400, 2)
,(443, 796168800, 1)
,(443, 811890000, 2)
,(443, 828223200, 1)
,(443, 843944400, 2)
,(443, 859672800, 1)
,(443, 875394000, 2)
,(443, 891122400, 1)
,(443, 909277200, 3)
,(443, 922582800, 4)
,(443, 941331600, 3)
,(443, 954032400, 4)
,(443, 972781200, 3)
,(443, 985482000, 4)
,(443, 1004230800, 3)
,(443, 1017536400, 4)
,(443, 1035680400, 3)
,(443, 1048986000, 4)
,(443, 1067130000, 3)
,(443, 1080435600, 4)
,(443, 1099184400, 3)
,(443, 1111885200, 4)
,(443, 1130634000, 3)
,(443, 1143334800, 4)
,(443, 1162083600, 3)
,(443, 1174784400, 4)
,(443, 1193533200, 3)
,(443, 1206838800, 4)
,(443, 1224982800, 3)
,(443, 1238288400, 4)
,(443, 1256432400, 3)
,(443, 1269738000, 4)
,(443, 1288486800, 3)
,(443, 1301187600, 4)
,(443, 1319936400, 3)
,(443, 1332637200, 4)
,(443, 1351386000, 3)
,(443, 1364691600, 4)
,(443, 1382835600, 3)
,(443, 1396141200, 4)
,(443, 1414285200, 3)
,(443, 1427590800, 4)
,(443, 1445734800, 3)
,(443, 1459040400, 4)
,(443, 1477789200, 3)
,(443, 1490490000, 4)
,(443, 1509238800, 3)
,(443, 1521939600, 4)
,(443, 1540688400, 3)
,(443, 1553994000, 4)
,(443, 1572138000, 3)
,(443, 1585443600, 4)
,(443, 1603587600, 3)
,(443, 1616893200, 4)
,(443, 1635642000, 3)
,(443, 1648342800, 4)
,(443, 1667091600, 3)
,(443, 1679792400, 4)
,(443, 1698541200, 3)
,(443, 1711846800, 4)
,(443, 1729990800, 3)
,(443, 1743296400, 4)
,(443, 1761440400, 3)
,(443, 1774746000, 4)
,(443, 1792890000, 3)
,(443, 1806195600, 4)
,(443, 1824944400, 3)
,(443, 1837645200, 4)
,(443, 1856394000, 3)
,(443, 1869094800, 4)
,(443, 1887843600, 3)
,(443, 1901149200, 4)
,(443, 1919293200, 3)
,(443, 1932598800, 4)
,(443, 1950742800, 3)
,(443, 1964048400, 4)
,(443, 1982797200, 3)
,(443, 1995498000, 4)
,(443, 2014246800, 3)
,(443, 2026947600, 4)
,(443, 2045696400, 3)
,(443, 2058397200, 4)
,(443, 2077146000, 3)
,(443, 2090451600, 4)
,(443, 2108595600, 3)
,(443, 2121901200, 4)
,(443, 2140045200, 3)
;
INSERT INTO  oceanbase.__all_tenant_time_zone_transition_type (Time_zone_id, Transition_type_id, Offset, Is_DST, Abbreviation) VALUES
 (443, 0, 8008, 0, 'LMT')
,(443, 1, 10800, 1, 'EEST')
,(443, 2, 7200, 0, 'EET')
,(443, 3, 7200, 0, 'EET')
,(443, 4, 10800, 1, 'EEST')
;
INSERT INTO oceanbase.__all_tenant_time_zone (Time_zone_id, Use_leap_seconds) VALUES (444, 'N');
INSERT INTO  oceanbase.__all_tenant_time_zone_name (Name, Time_zone_id) VALUES ('Europe/Oslo', 444);
INSERT INTO  oceanbase.__all_tenant_time_zone_transition (Time_zone_id, Transition_time, Transition_type_id) VALUES
 (444, -1691884800, 0)
,(444, -1680573600, 1)
,(444, -927511200, 0)
,(444, -857257200, 2)
,(444, -844556400, 3)
,(444, -828226800, 2)
,(444, -812502000, 3)
,(444, -796777200, 2)
,(444, -781052400, 3)
,(444, -765327600, 2)
,(444, -340844400, 3)
,(444, -324514800, 2)
,(444, -308790000, 3)
,(444, -293065200, 2)
,(444, -277340400, 3)
,(444, -261615600, 2)
,(444, -245890800, 3)
,(444, -230166000, 2)
,(444, -214441200, 3)
,(444, -198716400, 2)
,(444, -182991600, 3)
,(444, -166662000, 2)
,(444, -147913200, 3)
,(444, -135212400, 2)
,(444, 315529200, 1)
,(444, 323830800, 4)
,(444, 338950800, 5)
,(444, 354675600, 4)
,(444, 370400400, 5)
,(444, 386125200, 4)
,(444, 401850000, 5)
,(444, 417574800, 4)
,(444, 433299600, 5)
,(444, 449024400, 4)
,(444, 465354000, 5)
,(444, 481078800, 4)
,(444, 496803600, 5)
,(444, 512528400, 4)
,(444, 528253200, 5)
,(444, 543978000, 4)
,(444, 559702800, 5)
,(444, 575427600, 4)
,(444, 591152400, 5)
,(444, 606877200, 4)
,(444, 622602000, 5)
,(444, 638326800, 4)
,(444, 654656400, 5)
,(444, 670381200, 4)
,(444, 686106000, 5)
,(444, 701830800, 4)
,(444, 717555600, 5)
,(444, 733280400, 4)
,(444, 749005200, 5)
,(444, 764730000, 4)
,(444, 780454800, 5)
,(444, 796179600, 4)
,(444, 811904400, 5)
,(444, 828234000, 4)
,(444, 846378000, 5)
,(444, 859683600, 4)
,(444, 877827600, 5)
,(444, 891133200, 4)
,(444, 909277200, 5)
,(444, 922582800, 4)
,(444, 941331600, 5)
,(444, 954032400, 4)
,(444, 972781200, 5)
,(444, 985482000, 4)
,(444, 1004230800, 5)
,(444, 1017536400, 4)
,(444, 1035680400, 5)
,(444, 1048986000, 4)
,(444, 1067130000, 5)
,(444, 1080435600, 4)
,(444, 1099184400, 5)
,(444, 1111885200, 4)
,(444, 1130634000, 5)
,(444, 1143334800, 4)
,(444, 1162083600, 5)
,(444, 1174784400, 4)
,(444, 1193533200, 5)
,(444, 1206838800, 4)
,(444, 1224982800, 5)
,(444, 1238288400, 4)
,(444, 1256432400, 5)
,(444, 1269738000, 4)
,(444, 1288486800, 5)
,(444, 1301187600, 4)
,(444, 1319936400, 5)
,(444, 1332637200, 4)
,(444, 1351386000, 5)
,(444, 1364691600, 4)
,(444, 1382835600, 5)
,(444, 1396141200, 4)
,(444, 1414285200, 5)
,(444, 1427590800, 4)
,(444, 1445734800, 5)
,(444, 1459040400, 4)
,(444, 1477789200, 5)
,(444, 1490490000, 4)
,(444, 1509238800, 5)
,(444, 1521939600, 4)
,(444, 1540688400, 5)
,(444, 1553994000, 4)
,(444, 1572138000, 5)
,(444, 1585443600, 4)
,(444, 1603587600, 5)
,(444, 1616893200, 4)
,(444, 1635642000, 5)
,(444, 1648342800, 4)
,(444, 1667091600, 5)
,(444, 1679792400, 4)
,(444, 1698541200, 5)
,(444, 1711846800, 4)
,(444, 1729990800, 5)
,(444, 1743296400, 4)
,(444, 1761440400, 5)
,(444, 1774746000, 4)
,(444, 1792890000, 5)
,(444, 1806195600, 4)
,(444, 1824944400, 5)
,(444, 1837645200, 4)
,(444, 1856394000, 5)
,(444, 1869094800, 4)
,(444, 1887843600, 5)
,(444, 1901149200, 4)
,(444, 1919293200, 5)
,(444, 1932598800, 4)
,(444, 1950742800, 5)
,(444, 1964048400, 4)
,(444, 1982797200, 5)
,(444, 1995498000, 4)
,(444, 2014246800, 5)
,(444, 2026947600, 4)
,(444, 2045696400, 5)
,(444, 2058397200, 4)
,(444, 2077146000, 5)
,(444, 2090451600, 4)
,(444, 2108595600, 5)
,(444, 2121901200, 4)
,(444, 2140045200, 5)
;
INSERT INTO  oceanbase.__all_tenant_time_zone_transition_type (Time_zone_id, Transition_type_id, Offset, Is_DST, Abbreviation) VALUES
 (444, 0, 7200, 1, 'CEST')
,(444, 1, 3600, 0, 'CET')
,(444, 2, 3600, 0, 'CET')
,(444, 3, 7200, 1, 'CEST')
,(444, 4, 7200, 1, 'CEST')
,(444, 5, 3600, 0, 'CET')
;
INSERT INTO oceanbase.__all_tenant_time_zone (Time_zone_id, Use_leap_seconds) VALUES (445, 'N');
INSERT INTO  oceanbase.__all_tenant_time_zone_name (Name, Time_zone_id) VALUES ('Europe/Paris', 445);
INSERT INTO  oceanbase.__all_tenant_time_zone_transition (Time_zone_id, Transition_time, Transition_type_id) VALUES
 (445, -1855958901, 4)
,(445, -1689814800, 1)
,(445, -1680397200, 2)
,(445, -1665363600, 1)
,(445, -1648342800, 2)
,(445, -1635123600, 1)
,(445, -1616893200, 2)
,(445, -1604278800, 1)
,(445, -1585443600, 2)
,(445, -1574038800, 1)
,(445, -1552266000, 2)
,(445, -1539997200, 1)
,(445, -1520557200, 2)
,(445, -1507510800, 1)
,(445, -1490576400, 2)
,(445, -1470618000, 1)
,(445, -1459126800, 2)
,(445, -1444006800, 1)
,(445, -1427677200, 2)
,(445, -1411952400, 1)
,(445, -1396227600, 2)
,(445, -1379293200, 1)
,(445, -1364778000, 2)
,(445, -1348448400, 1)
,(445, -1333328400, 2)
,(445, -1316394000, 1)
,(445, -1301274000, 2)
,(445, -1284339600, 1)
,(445, -1269824400, 2)
,(445, -1253494800, 1)
,(445, -1238374800, 2)
,(445, -1221440400, 1)
,(445, -1206925200, 2)
,(445, -1191200400, 1)
,(445, -1175475600, 2)
,(445, -1160355600, 1)
,(445, -1143421200, 2)
,(445, -1127696400, 1)
,(445, -1111971600, 2)
,(445, -1096851600, 1)
,(445, -1080522000, 2)
,(445, -1063587600, 1)
,(445, -1049072400, 2)
,(445, -1033347600, 1)
,(445, -1017622800, 2)
,(445, -1002502800, 1)
,(445, -986173200, 2)
,(445, -969238800, 1)
,(445, -950490000, 2)
,(445, -942012000, 3)
,(445, -932436000, 7)
,(445, -857257200, 5)
,(445, -844556400, 6)
,(445, -828226800, 5)
,(445, -812502000, 6)
,(445, -800071200, 8)
,(445, -796266000, 3)
,(445, -781052400, 8)
,(445, -766623600, 9)
,(445, 196819200, 7)
,(445, 212540400, 9)
,(445, 228877200, 10)
,(445, 243997200, 11)
,(445, 260326800, 10)
,(445, 276051600, 11)
,(445, 291776400, 10)
,(445, 307501200, 11)
,(445, 323830800, 10)
,(445, 338950800, 11)
,(445, 354675600, 10)
,(445, 370400400, 11)
,(445, 386125200, 10)
,(445, 401850000, 11)
,(445, 417574800, 10)
,(445, 433299600, 11)
,(445, 449024400, 10)
,(445, 465354000, 11)
,(445, 481078800, 10)
,(445, 496803600, 11)
,(445, 512528400, 10)
,(445, 528253200, 11)
,(445, 543978000, 10)
,(445, 559702800, 11)
,(445, 575427600, 10)
,(445, 591152400, 11)
,(445, 606877200, 10)
,(445, 622602000, 11)
,(445, 638326800, 10)
,(445, 654656400, 11)
,(445, 670381200, 10)
,(445, 686106000, 11)
,(445, 701830800, 10)
,(445, 717555600, 11)
,(445, 733280400, 10)
,(445, 749005200, 11)
,(445, 764730000, 10)
,(445, 780454800, 11)
,(445, 796179600, 10)
,(445, 811904400, 11)
,(445, 828234000, 10)
,(445, 846378000, 11)
,(445, 859683600, 10)
,(445, 877827600, 11)
,(445, 891133200, 10)
,(445, 909277200, 11)
,(445, 922582800, 10)
,(445, 941331600, 11)
,(445, 954032400, 10)
,(445, 972781200, 11)
,(445, 985482000, 10)
,(445, 1004230800, 11)
,(445, 1017536400, 10)
,(445, 1035680400, 11)
,(445, 1048986000, 10)
,(445, 1067130000, 11)
,(445, 1080435600, 10)
,(445, 1099184400, 11)
,(445, 1111885200, 10)
,(445, 1130634000, 11)
,(445, 1143334800, 10)
,(445, 1162083600, 11)
,(445, 1174784400, 10)
,(445, 1193533200, 11)
,(445, 1206838800, 10)
,(445, 1224982800, 11)
,(445, 1238288400, 10)
,(445, 1256432400, 11)
,(445, 1269738000, 10)
,(445, 1288486800, 11)
,(445, 1301187600, 10)
,(445, 1319936400, 11)
,(445, 1332637200, 10)
,(445, 1351386000, 11)
,(445, 1364691600, 10)
,(445, 1382835600, 11)
,(445, 1396141200, 10)
,(445, 1414285200, 11)
,(445, 1427590800, 10)
,(445, 1445734800, 11)
,(445, 1459040400, 10)
,(445, 1477789200, 11)
,(445, 1490490000, 10)
,(445, 1509238800, 11)
,(445, 1521939600, 10)
,(445, 1540688400, 11)
,(445, 1553994000, 10)
,(445, 1572138000, 11)
,(445, 1585443600, 10)
,(445, 1603587600, 11)
,(445, 1616893200, 10)
,(445, 1635642000, 11)
,(445, 1648342800, 10)
,(445, 1667091600, 11)
,(445, 1679792400, 10)
,(445, 1698541200, 11)
,(445, 1711846800, 10)
,(445, 1729990800, 11)
,(445, 1743296400, 10)
,(445, 1761440400, 11)
,(445, 1774746000, 10)
,(445, 1792890000, 11)
,(445, 1806195600, 10)
,(445, 1824944400, 11)
,(445, 1837645200, 10)
,(445, 1856394000, 11)
,(445, 1869094800, 10)
,(445, 1887843600, 11)
,(445, 1901149200, 10)
,(445, 1919293200, 11)
,(445, 1932598800, 10)
,(445, 1950742800, 11)
,(445, 1964048400, 10)
,(445, 1982797200, 11)
,(445, 1995498000, 10)
,(445, 2014246800, 11)
,(445, 2026947600, 10)
,(445, 2045696400, 11)
,(445, 2058397200, 10)
,(445, 2077146000, 11)
,(445, 2090451600, 10)
,(445, 2108595600, 11)
,(445, 2121901200, 10)
,(445, 2140045200, 11)
;
INSERT INTO  oceanbase.__all_tenant_time_zone_transition_type (Time_zone_id, Transition_type_id, Offset, Is_DST, Abbreviation) VALUES
 (445, 0, 561, 0, 'PMT')
,(445, 1, 3600, 1, 'WEST')
,(445, 2, 0, 0, 'WET')
,(445, 3, 3600, 1, 'WEST')
,(445, 4, 0, 0, 'WET')
,(445, 5, 3600, 0, 'CET')
,(445, 6, 7200, 1, 'CEST')
,(445, 7, 7200, 1, 'CEST')
,(445, 8, 7200, 1, 'WEMT')
,(445, 9, 3600, 0, 'CET')
,(445, 10, 7200, 1, 'CEST')
,(445, 11, 3600, 0, 'CET')
;
INSERT INTO oceanbase.__all_tenant_time_zone (Time_zone_id, Use_leap_seconds) VALUES (446, 'N');
INSERT INTO  oceanbase.__all_tenant_time_zone_name (Name, Time_zone_id) VALUES ('Europe/Podgorica', 446);
INSERT INTO  oceanbase.__all_tenant_time_zone_transition (Time_zone_id, Transition_time, Transition_type_id) VALUES
 (446, -905824800, 3)
,(446, -857257200, 1)
,(446, -844556400, 2)
,(446, -828226800, 1)
,(446, -812502000, 2)
,(446, -796777200, 1)
,(446, -788922000, 0)
,(446, -777942000, 2)
,(446, -766623600, 1)
,(446, 407199600, 0)
,(446, 417574800, 4)
,(446, 433299600, 5)
,(446, 449024400, 4)
,(446, 465354000, 5)
,(446, 481078800, 4)
,(446, 496803600, 5)
,(446, 512528400, 4)
,(446, 528253200, 5)
,(446, 543978000, 4)
,(446, 559702800, 5)
,(446, 575427600, 4)
,(446, 591152400, 5)
,(446, 606877200, 4)
,(446, 622602000, 5)
,(446, 638326800, 4)
,(446, 654656400, 5)
,(446, 670381200, 4)
,(446, 686106000, 5)
,(446, 701830800, 4)
,(446, 717555600, 5)
,(446, 733280400, 4)
,(446, 749005200, 5)
,(446, 764730000, 4)
,(446, 780454800, 5)
,(446, 796179600, 4)
,(446, 811904400, 5)
,(446, 828234000, 4)
,(446, 846378000, 5)
,(446, 859683600, 4)
,(446, 877827600, 5)
,(446, 891133200, 4)
,(446, 909277200, 5)
,(446, 922582800, 4)
,(446, 941331600, 5)
,(446, 954032400, 4)
,(446, 972781200, 5)
,(446, 985482000, 4)
,(446, 1004230800, 5)
,(446, 1017536400, 4)
,(446, 1035680400, 5)
,(446, 1048986000, 4)
,(446, 1067130000, 5)
,(446, 1080435600, 4)
,(446, 1099184400, 5)
,(446, 1111885200, 4)
,(446, 1130634000, 5)
,(446, 1143334800, 4)
,(446, 1162083600, 5)
,(446, 1174784400, 4)
,(446, 1193533200, 5)
,(446, 1206838800, 4)
,(446, 1224982800, 5)
,(446, 1238288400, 4)
,(446, 1256432400, 5)
,(446, 1269738000, 4)
,(446, 1288486800, 5)
,(446, 1301187600, 4)
,(446, 1319936400, 5)
,(446, 1332637200, 4)
,(446, 1351386000, 5)
,(446, 1364691600, 4)
,(446, 1382835600, 5)
,(446, 1396141200, 4)
,(446, 1414285200, 5)
,(446, 1427590800, 4)
,(446, 1445734800, 5)
,(446, 1459040400, 4)
,(446, 1477789200, 5)
,(446, 1490490000, 4)
,(446, 1509238800, 5)
,(446, 1521939600, 4)
,(446, 1540688400, 5)
,(446, 1553994000, 4)
,(446, 1572138000, 5)
,(446, 1585443600, 4)
,(446, 1603587600, 5)
,(446, 1616893200, 4)
,(446, 1635642000, 5)
,(446, 1648342800, 4)
,(446, 1667091600, 5)
,(446, 1679792400, 4)
,(446, 1698541200, 5)
,(446, 1711846800, 4)
,(446, 1729990800, 5)
,(446, 1743296400, 4)
,(446, 1761440400, 5)
,(446, 1774746000, 4)
,(446, 1792890000, 5)
,(446, 1806195600, 4)
,(446, 1824944400, 5)
,(446, 1837645200, 4)
,(446, 1856394000, 5)
,(446, 1869094800, 4)
,(446, 1887843600, 5)
,(446, 1901149200, 4)
,(446, 1919293200, 5)
,(446, 1932598800, 4)
,(446, 1950742800, 5)
,(446, 1964048400, 4)
,(446, 1982797200, 5)
,(446, 1995498000, 4)
,(446, 2014246800, 5)
,(446, 2026947600, 4)
,(446, 2045696400, 5)
,(446, 2058397200, 4)
,(446, 2077146000, 5)
,(446, 2090451600, 4)
,(446, 2108595600, 5)
,(446, 2121901200, 4)
,(446, 2140045200, 5)
;
INSERT INTO  oceanbase.__all_tenant_time_zone_transition_type (Time_zone_id, Transition_type_id, Offset, Is_DST, Abbreviation) VALUES
 (446, 0, 3600, 0, 'CET')
,(446, 1, 3600, 0, 'CET')
,(446, 2, 7200, 1, 'CEST')
,(446, 3, 7200, 1, 'CEST')
,(446, 4, 7200, 1, 'CEST')
,(446, 5, 3600, 0, 'CET')
;
INSERT INTO oceanbase.__all_tenant_time_zone (Time_zone_id, Use_leap_seconds) VALUES (447, 'N');
INSERT INTO  oceanbase.__all_tenant_time_zone_name (Name, Time_zone_id) VALUES ('Europe/Prague', 447);
INSERT INTO  oceanbase.__all_tenant_time_zone_transition (Time_zone_id, Transition_time, Transition_type_id) VALUES
 (447, -1693706400, 0)
,(447, -1680483600, 1)
,(447, -1663455600, 2)
,(447, -1650150000, 3)
,(447, -1632006000, 2)
,(447, -1618700400, 3)
,(447, -938905200, 2)
,(447, -857257200, 3)
,(447, -844556400, 2)
,(447, -828226800, 3)
,(447, -812502000, 2)
,(447, -798073200, 3)
,(447, -780534000, 2)
,(447, -761180400, 3)
,(447, -746578800, 2)
,(447, -733359600, 3)
,(447, -716425200, 2)
,(447, -701910000, 3)
,(447, -684975600, 2)
,(447, -670460400, 3)
,(447, -654217200, 2)
,(447, -639010800, 3)
,(447, 283993200, 1)
,(447, 291776400, 4)
,(447, 307501200, 5)
,(447, 323830800, 4)
,(447, 338950800, 5)
,(447, 354675600, 4)
,(447, 370400400, 5)
,(447, 386125200, 4)
,(447, 401850000, 5)
,(447, 417574800, 4)
,(447, 433299600, 5)
,(447, 449024400, 4)
,(447, 465354000, 5)
,(447, 481078800, 4)
,(447, 496803600, 5)
,(447, 512528400, 4)
,(447, 528253200, 5)
,(447, 543978000, 4)
,(447, 559702800, 5)
,(447, 575427600, 4)
,(447, 591152400, 5)
,(447, 606877200, 4)
,(447, 622602000, 5)
,(447, 638326800, 4)
,(447, 654656400, 5)
,(447, 670381200, 4)
,(447, 686106000, 5)
,(447, 701830800, 4)
,(447, 717555600, 5)
,(447, 733280400, 4)
,(447, 749005200, 5)
,(447, 764730000, 4)
,(447, 780454800, 5)
,(447, 796179600, 4)
,(447, 811904400, 5)
,(447, 828234000, 4)
,(447, 846378000, 5)
,(447, 859683600, 4)
,(447, 877827600, 5)
,(447, 891133200, 4)
,(447, 909277200, 5)
,(447, 922582800, 4)
,(447, 941331600, 5)
,(447, 954032400, 4)
,(447, 972781200, 5)
,(447, 985482000, 4)
,(447, 1004230800, 5)
,(447, 1017536400, 4)
,(447, 1035680400, 5)
,(447, 1048986000, 4)
,(447, 1067130000, 5)
,(447, 1080435600, 4)
,(447, 1099184400, 5)
,(447, 1111885200, 4)
,(447, 1130634000, 5)
,(447, 1143334800, 4)
,(447, 1162083600, 5)
,(447, 1174784400, 4)
,(447, 1193533200, 5)
,(447, 1206838800, 4)
,(447, 1224982800, 5)
,(447, 1238288400, 4)
,(447, 1256432400, 5)
,(447, 1269738000, 4)
,(447, 1288486800, 5)
,(447, 1301187600, 4)
,(447, 1319936400, 5)
,(447, 1332637200, 4)
,(447, 1351386000, 5)
,(447, 1364691600, 4)
,(447, 1382835600, 5)
,(447, 1396141200, 4)
,(447, 1414285200, 5)
,(447, 1427590800, 4)
,(447, 1445734800, 5)
,(447, 1459040400, 4)
,(447, 1477789200, 5)
,(447, 1490490000, 4)
,(447, 1509238800, 5)
,(447, 1521939600, 4)
,(447, 1540688400, 5)
,(447, 1553994000, 4)
,(447, 1572138000, 5)
,(447, 1585443600, 4)
,(447, 1603587600, 5)
,(447, 1616893200, 4)
,(447, 1635642000, 5)
,(447, 1648342800, 4)
,(447, 1667091600, 5)
,(447, 1679792400, 4)
,(447, 1698541200, 5)
,(447, 1711846800, 4)
,(447, 1729990800, 5)
,(447, 1743296400, 4)
,(447, 1761440400, 5)
,(447, 1774746000, 4)
,(447, 1792890000, 5)
,(447, 1806195600, 4)
,(447, 1824944400, 5)
,(447, 1837645200, 4)
,(447, 1856394000, 5)
,(447, 1869094800, 4)
,(447, 1887843600, 5)
,(447, 1901149200, 4)
,(447, 1919293200, 5)
,(447, 1932598800, 4)
,(447, 1950742800, 5)
,(447, 1964048400, 4)
,(447, 1982797200, 5)
,(447, 1995498000, 4)
,(447, 2014246800, 5)
,(447, 2026947600, 4)
,(447, 2045696400, 5)
,(447, 2058397200, 4)
,(447, 2077146000, 5)
,(447, 2090451600, 4)
,(447, 2108595600, 5)
,(447, 2121901200, 4)
,(447, 2140045200, 5)
;
INSERT INTO  oceanbase.__all_tenant_time_zone_transition_type (Time_zone_id, Transition_type_id, Offset, Is_DST, Abbreviation) VALUES
 (447, 0, 7200, 1, 'CEST')
,(447, 1, 3600, 0, 'CET')
,(447, 2, 7200, 1, 'CEST')
,(447, 3, 3600, 0, 'CET')
,(447, 4, 7200, 1, 'CEST')
,(447, 5, 3600, 0, 'CET')
;
INSERT INTO oceanbase.__all_tenant_time_zone (Time_zone_id, Use_leap_seconds) VALUES (448, 'N');
INSERT INTO  oceanbase.__all_tenant_time_zone_name (Name, Time_zone_id) VALUES ('Europe/Riga', 448);
INSERT INTO  oceanbase.__all_tenant_time_zone_transition (Time_zone_id, Transition_time, Transition_type_id) VALUES
 (448, -1632008184, 1)
,(448, -1618702584, 0)
,(448, -1601681784, 1)
,(448, -1597275384, 0)
,(448, -1377308184, 2)
,(448, -928029600, 3)
,(448, -899521200, 6)
,(448, -857257200, 4)
,(448, -844556400, 5)
,(448, -828226800, 4)
,(448, -812502000, 5)
,(448, -796777200, 4)
,(448, -795834000, 3)
,(448, 354920400, 7)
,(448, 370728000, 3)
,(448, 386456400, 7)
,(448, 402264000, 3)
,(448, 417992400, 7)
,(448, 433800000, 3)
,(448, 449614800, 7)
,(448, 465346800, 8)
,(448, 481071600, 9)
,(448, 496796400, 8)
,(448, 512521200, 9)
,(448, 528246000, 8)
,(448, 543970800, 9)
,(448, 559695600, 8)
,(448, 575420400, 9)
,(448, 591145200, 8)
,(448, 606870000, 10)
,(448, 622598400, 11)
,(448, 638323200, 10)
,(448, 654652800, 11)
,(448, 670377600, 10)
,(448, 686102400, 11)
,(448, 701827200, 10)
,(448, 717552000, 11)
,(448, 733276800, 10)
,(448, 749001600, 11)
,(448, 764726400, 10)
,(448, 780451200, 11)
,(448, 796176000, 10)
,(448, 811900800, 11)
,(448, 828230400, 10)
,(448, 843955200, 11)
,(448, 853797600, 2)
,(448, 859683600, 12)
,(448, 877827600, 13)
,(448, 891133200, 12)
,(448, 909277200, 13)
,(448, 922582800, 12)
,(448, 941331600, 13)
,(448, 951775200, 2)
,(448, 985482000, 12)
,(448, 1004230800, 13)
,(448, 1017536400, 12)
,(448, 1035680400, 13)
,(448, 1048986000, 12)
,(448, 1067130000, 13)
,(448, 1080435600, 12)
,(448, 1099184400, 13)
,(448, 1111885200, 12)
,(448, 1130634000, 13)
,(448, 1143334800, 12)
,(448, 1162083600, 13)
,(448, 1174784400, 12)
,(448, 1193533200, 13)
,(448, 1206838800, 12)
,(448, 1224982800, 13)
,(448, 1238288400, 12)
,(448, 1256432400, 13)
,(448, 1269738000, 12)
,(448, 1288486800, 13)
,(448, 1301187600, 12)
,(448, 1319936400, 13)
,(448, 1332637200, 12)
,(448, 1351386000, 13)
,(448, 1364691600, 12)
,(448, 1382835600, 13)
,(448, 1396141200, 12)
,(448, 1414285200, 13)
,(448, 1427590800, 12)
,(448, 1445734800, 13)
,(448, 1459040400, 12)
,(448, 1477789200, 13)
,(448, 1490490000, 12)
,(448, 1509238800, 13)
,(448, 1521939600, 12)
,(448, 1540688400, 13)
,(448, 1553994000, 12)
,(448, 1572138000, 13)
,(448, 1585443600, 12)
,(448, 1603587600, 13)
,(448, 1616893200, 12)
,(448, 1635642000, 13)
,(448, 1648342800, 12)
,(448, 1667091600, 13)
,(448, 1679792400, 12)
,(448, 1698541200, 13)
,(448, 1711846800, 12)
,(448, 1729990800, 13)
,(448, 1743296400, 12)
,(448, 1761440400, 13)
,(448, 1774746000, 12)
,(448, 1792890000, 13)
,(448, 1806195600, 12)
,(448, 1824944400, 13)
,(448, 1837645200, 12)
,(448, 1856394000, 13)
,(448, 1869094800, 12)
,(448, 1887843600, 13)
,(448, 1901149200, 12)
,(448, 1919293200, 13)
,(448, 1932598800, 12)
,(448, 1950742800, 13)
,(448, 1964048400, 12)
,(448, 1982797200, 13)
,(448, 1995498000, 12)
,(448, 2014246800, 13)
,(448, 2026947600, 12)
,(448, 2045696400, 13)
,(448, 2058397200, 12)
,(448, 2077146000, 13)
,(448, 2090451600, 12)
,(448, 2108595600, 13)
,(448, 2121901200, 12)
,(448, 2140045200, 13)
;
INSERT INTO  oceanbase.__all_tenant_time_zone_transition_type (Time_zone_id, Transition_type_id, Offset, Is_DST, Abbreviation) VALUES
 (448, 0, 5784, 0, 'RMT')
,(448, 1, 9384, 1, 'LST')
,(448, 2, 7200, 0, 'EET')
,(448, 3, 10800, 0, 'MSK')
,(448, 4, 3600, 0, 'CET')
,(448, 5, 7200, 1, 'CEST')
,(448, 6, 7200, 1, 'CEST')
,(448, 7, 14400, 1, 'MSD')
,(448, 8, 10800, 0, 'MSK')
,(448, 9, 14400, 1, 'MSD')
,(448, 10, 10800, 1, 'EEST')
,(448, 11, 7200, 0, 'EET')
,(448, 12, 10800, 1, 'EEST')
,(448, 13, 7200, 0, 'EET')
;
INSERT INTO oceanbase.__all_tenant_time_zone (Time_zone_id, Use_leap_seconds) VALUES (449, 'N');
INSERT INTO  oceanbase.__all_tenant_time_zone_name (Name, Time_zone_id) VALUES ('Europe/Rome', 449);
INSERT INTO  oceanbase.__all_tenant_time_zone_transition (Time_zone_id, Transition_time, Transition_type_id) VALUES
 (449, -1690851600, 0)
,(449, -1680483600, 1)
,(449, -1664758800, 0)
,(449, -1649034000, 1)
,(449, -1635123600, 0)
,(449, -1616979600, 1)
,(449, -1604278800, 0)
,(449, -1585530000, 1)
,(449, -1571014800, 0)
,(449, -1555290000, 1)
,(449, -932432400, 0)
,(449, -857257200, 1)
,(449, -844556400, 0)
,(449, -828226800, 1)
,(449, -812502000, 0)
,(449, -804823200, 2)
,(449, -798080400, 1)
,(449, -781052400, 2)
,(449, -766717200, 1)
,(449, -750898800, 0)
,(449, -733359600, 1)
,(449, -719456400, 0)
,(449, -701917200, 1)
,(449, -689209200, 0)
,(449, -670460400, 1)
,(449, -114051600, 2)
,(449, -103168800, 3)
,(449, -81997200, 2)
,(449, -71719200, 3)
,(449, -50547600, 2)
,(449, -40269600, 3)
,(449, -18493200, 2)
,(449, -8215200, 3)
,(449, 12956400, 2)
,(449, 23234400, 3)
,(449, 43801200, 2)
,(449, 54687600, 3)
,(449, 75855600, 2)
,(449, 86738400, 3)
,(449, 107910000, 2)
,(449, 118188000, 3)
,(449, 138754800, 2)
,(449, 149637600, 3)
,(449, 170809200, 0)
,(449, 181090800, 1)
,(449, 202258800, 0)
,(449, 212540400, 1)
,(449, 233103600, 0)
,(449, 243990000, 1)
,(449, 265158000, 0)
,(449, 276044400, 1)
,(449, 296607600, 0)
,(449, 307494000, 1)
,(449, 315529200, 3)
,(449, 323830800, 4)
,(449, 338950800, 5)
,(449, 354675600, 4)
,(449, 370400400, 5)
,(449, 386125200, 4)
,(449, 401850000, 5)
,(449, 417574800, 4)
,(449, 433299600, 5)
,(449, 449024400, 4)
,(449, 465354000, 5)
,(449, 481078800, 4)
,(449, 496803600, 5)
,(449, 512528400, 4)
,(449, 528253200, 5)
,(449, 543978000, 4)
,(449, 559702800, 5)
,(449, 575427600, 4)
,(449, 591152400, 5)
,(449, 606877200, 4)
,(449, 622602000, 5)
,(449, 638326800, 4)
,(449, 654656400, 5)
,(449, 670381200, 4)
,(449, 686106000, 5)
,(449, 701830800, 4)
,(449, 717555600, 5)
,(449, 733280400, 4)
,(449, 749005200, 5)
,(449, 764730000, 4)
,(449, 780454800, 5)
,(449, 796179600, 4)
,(449, 811904400, 5)
,(449, 828234000, 4)
,(449, 846378000, 5)
,(449, 859683600, 4)
,(449, 877827600, 5)
,(449, 891133200, 4)
,(449, 909277200, 5)
,(449, 922582800, 4)
,(449, 941331600, 5)
,(449, 954032400, 4)
,(449, 972781200, 5)
,(449, 985482000, 4)
,(449, 1004230800, 5)
,(449, 1017536400, 4)
,(449, 1035680400, 5)
,(449, 1048986000, 4)
,(449, 1067130000, 5)
,(449, 1080435600, 4)
,(449, 1099184400, 5)
,(449, 1111885200, 4)
,(449, 1130634000, 5)
,(449, 1143334800, 4)
,(449, 1162083600, 5)
,(449, 1174784400, 4)
,(449, 1193533200, 5)
,(449, 1206838800, 4)
,(449, 1224982800, 5)
,(449, 1238288400, 4)
,(449, 1256432400, 5)
,(449, 1269738000, 4)
,(449, 1288486800, 5)
,(449, 1301187600, 4)
,(449, 1319936400, 5)
,(449, 1332637200, 4)
,(449, 1351386000, 5)
,(449, 1364691600, 4)
,(449, 1382835600, 5)
,(449, 1396141200, 4)
,(449, 1414285200, 5)
,(449, 1427590800, 4)
,(449, 1445734800, 5)
,(449, 1459040400, 4)
,(449, 1477789200, 5)
,(449, 1490490000, 4)
,(449, 1509238800, 5)
,(449, 1521939600, 4)
,(449, 1540688400, 5)
,(449, 1553994000, 4)
,(449, 1572138000, 5)
,(449, 1585443600, 4)
,(449, 1603587600, 5)
,(449, 1616893200, 4)
,(449, 1635642000, 5)
,(449, 1648342800, 4)
,(449, 1667091600, 5)
,(449, 1679792400, 4)
,(449, 1698541200, 5)
,(449, 1711846800, 4)
,(449, 1729990800, 5)
,(449, 1743296400, 4)
,(449, 1761440400, 5)
,(449, 1774746000, 4)
,(449, 1792890000, 5)
,(449, 1806195600, 4)
,(449, 1824944400, 5)
,(449, 1837645200, 4)
,(449, 1856394000, 5)
,(449, 1869094800, 4)
,(449, 1887843600, 5)
,(449, 1901149200, 4)
,(449, 1919293200, 5)
,(449, 1932598800, 4)
,(449, 1950742800, 5)
,(449, 1964048400, 4)
,(449, 1982797200, 5)
,(449, 1995498000, 4)
,(449, 2014246800, 5)
,(449, 2026947600, 4)
,(449, 2045696400, 5)
,(449, 2058397200, 4)
,(449, 2077146000, 5)
,(449, 2090451600, 4)
,(449, 2108595600, 5)
,(449, 2121901200, 4)
,(449, 2140045200, 5)
;
INSERT INTO  oceanbase.__all_tenant_time_zone_transition_type (Time_zone_id, Transition_type_id, Offset, Is_DST, Abbreviation) VALUES
 (449, 0, 7200, 1, 'CEST')
,(449, 1, 3600, 0, 'CET')
,(449, 2, 7200, 1, 'CEST')
,(449, 3, 3600, 0, 'CET')
,(449, 4, 7200, 1, 'CEST')
,(449, 5, 3600, 0, 'CET')
;
INSERT INTO oceanbase.__all_tenant_time_zone (Time_zone_id, Use_leap_seconds) VALUES (450, 'N');
INSERT INTO  oceanbase.__all_tenant_time_zone_name (Name, Time_zone_id) VALUES ('Europe/Samara', 450);
INSERT INTO  oceanbase.__all_tenant_time_zone_transition (Time_zone_id, Transition_time, Transition_type_id) VALUES
 (450, -1593825636, 1)
,(450, -1247540400, 2)
,(450, -1102305600, 4)
,(450, 354916800, 3)
,(450, 370724400, 4)
,(450, 386452800, 3)
,(450, 402260400, 4)
,(450, 417988800, 3)
,(450, 433796400, 4)
,(450, 449611200, 3)
,(450, 465343200, 5)
,(450, 481068000, 6)
,(450, 496792800, 5)
,(450, 512517600, 6)
,(450, 528242400, 5)
,(450, 543967200, 6)
,(450, 559692000, 5)
,(450, 575416800, 6)
,(450, 591141600, 5)
,(450, 606866400, 7)
,(450, 622594800, 8)
,(450, 638319600, 7)
,(450, 654649200, 8)
,(450, 670374000, 9)
,(450, 686102400, 8)
,(450, 687916800, 2)
,(450, 701809200, 11)
,(450, 717530400, 2)
,(450, 733269600, 12)
,(450, 748994400, 13)
,(450, 764719200, 12)
,(450, 780444000, 13)
,(450, 796168800, 12)
,(450, 811893600, 13)
,(450, 828223200, 12)
,(450, 846367200, 13)
,(450, 859672800, 12)
,(450, 877816800, 13)
,(450, 891122400, 12)
,(450, 909266400, 13)
,(450, 922572000, 12)
,(450, 941320800, 13)
,(450, 954021600, 12)
,(450, 972770400, 13)
,(450, 985471200, 12)
,(450, 1004220000, 13)
,(450, 1017525600, 12)
,(450, 1035669600, 13)
,(450, 1048975200, 12)
,(450, 1067119200, 13)
,(450, 1080424800, 12)
,(450, 1099173600, 13)
,(450, 1111874400, 12)
,(450, 1130623200, 13)
,(450, 1143324000, 12)
,(450, 1162072800, 13)
,(450, 1174773600, 12)
,(450, 1193522400, 13)
,(450, 1206828000, 12)
,(450, 1224972000, 13)
,(450, 1238277600, 12)
,(450, 1256421600, 13)
,(450, 1269727200, 14)
,(450, 1288479600, 15)
,(450, 1301180400, 13)
;
INSERT INTO  oceanbase.__all_tenant_time_zone_transition_type (Time_zone_id, Transition_type_id, Offset, Is_DST, Abbreviation) VALUES
 (450, 0, 12036, 0, 'LMT')
,(450, 1, 10800, 0, 'SAMT')
,(450, 2, 14400, 0, 'SAMT')
,(450, 3, 18000, 1, 'KUYST')
,(450, 4, 14400, 0, 'KUYT')
,(450, 5, 14400, 0, 'KUYT')
,(450, 6, 18000, 1, 'KUYST')
,(450, 7, 14400, 1, 'KUYST')
,(450, 8, 10800, 0, 'KUYT')
,(450, 9, 10800, 1, 'KUYST')
,(450, 10, 7200, 0, 'KUYT')
,(450, 11, 18000, 1, 'SAMST')
,(450, 12, 18000, 1, 'SAMST')
,(450, 13, 14400, 0, 'SAMT')
,(450, 14, 14400, 1, 'SAMST')
,(450, 15, 10800, 0, 'SAMT')
;
INSERT INTO oceanbase.__all_tenant_time_zone (Time_zone_id, Use_leap_seconds) VALUES (451, 'N');
INSERT INTO  oceanbase.__all_tenant_time_zone_name (Name, Time_zone_id) VALUES ('Europe/San_Marino', 451);
INSERT INTO  oceanbase.__all_tenant_time_zone_transition (Time_zone_id, Transition_time, Transition_type_id) VALUES
 (451, -1690851600, 0)
,(451, -1680483600, 1)
,(451, -1664758800, 0)
,(451, -1649034000, 1)
,(451, -1635123600, 0)
,(451, -1616979600, 1)
,(451, -1604278800, 0)
,(451, -1585530000, 1)
,(451, -1571014800, 0)
,(451, -1555290000, 1)
,(451, -932432400, 0)
,(451, -857257200, 1)
,(451, -844556400, 0)
,(451, -828226800, 1)
,(451, -812502000, 0)
,(451, -804823200, 2)
,(451, -798080400, 1)
,(451, -781052400, 2)
,(451, -766717200, 1)
,(451, -750898800, 0)
,(451, -733359600, 1)
,(451, -719456400, 0)
,(451, -701917200, 1)
,(451, -689209200, 0)
,(451, -670460400, 1)
,(451, -114051600, 2)
,(451, -103168800, 3)
,(451, -81997200, 2)
,(451, -71719200, 3)
,(451, -50547600, 2)
,(451, -40269600, 3)
,(451, -18493200, 2)
,(451, -8215200, 3)
,(451, 12956400, 2)
,(451, 23234400, 3)
,(451, 43801200, 2)
,(451, 54687600, 3)
,(451, 75855600, 2)
,(451, 86738400, 3)
,(451, 107910000, 2)
,(451, 118188000, 3)
,(451, 138754800, 2)
,(451, 149637600, 3)
,(451, 170809200, 0)
,(451, 181090800, 1)
,(451, 202258800, 0)
,(451, 212540400, 1)
,(451, 233103600, 0)
,(451, 243990000, 1)
,(451, 265158000, 0)
,(451, 276044400, 1)
,(451, 296607600, 0)
,(451, 307494000, 1)
,(451, 315529200, 3)
,(451, 323830800, 4)
,(451, 338950800, 5)
,(451, 354675600, 4)
,(451, 370400400, 5)
,(451, 386125200, 4)
,(451, 401850000, 5)
,(451, 417574800, 4)
,(451, 433299600, 5)
,(451, 449024400, 4)
,(451, 465354000, 5)
,(451, 481078800, 4)
,(451, 496803600, 5)
,(451, 512528400, 4)
,(451, 528253200, 5)
,(451, 543978000, 4)
,(451, 559702800, 5)
,(451, 575427600, 4)
,(451, 591152400, 5)
,(451, 606877200, 4)
,(451, 622602000, 5)
,(451, 638326800, 4)
,(451, 654656400, 5)
,(451, 670381200, 4)
,(451, 686106000, 5)
,(451, 701830800, 4)
,(451, 717555600, 5)
,(451, 733280400, 4)
,(451, 749005200, 5)
,(451, 764730000, 4)
,(451, 780454800, 5)
,(451, 796179600, 4)
,(451, 811904400, 5)
,(451, 828234000, 4)
,(451, 846378000, 5)
,(451, 859683600, 4)
,(451, 877827600, 5)
,(451, 891133200, 4)
,(451, 909277200, 5)
,(451, 922582800, 4)
,(451, 941331600, 5)
,(451, 954032400, 4)
,(451, 972781200, 5)
,(451, 985482000, 4)
,(451, 1004230800, 5)
,(451, 1017536400, 4)
,(451, 1035680400, 5)
,(451, 1048986000, 4)
,(451, 1067130000, 5)
,(451, 1080435600, 4)
,(451, 1099184400, 5)
,(451, 1111885200, 4)
,(451, 1130634000, 5)
,(451, 1143334800, 4)
,(451, 1162083600, 5)
,(451, 1174784400, 4)
,(451, 1193533200, 5)
,(451, 1206838800, 4)
,(451, 1224982800, 5)
,(451, 1238288400, 4)
,(451, 1256432400, 5)
,(451, 1269738000, 4)
,(451, 1288486800, 5)
,(451, 1301187600, 4)
,(451, 1319936400, 5)
,(451, 1332637200, 4)
,(451, 1351386000, 5)
,(451, 1364691600, 4)
,(451, 1382835600, 5)
,(451, 1396141200, 4)
,(451, 1414285200, 5)
,(451, 1427590800, 4)
,(451, 1445734800, 5)
,(451, 1459040400, 4)
,(451, 1477789200, 5)
,(451, 1490490000, 4)
,(451, 1509238800, 5)
,(451, 1521939600, 4)
,(451, 1540688400, 5)
,(451, 1553994000, 4)
,(451, 1572138000, 5)
,(451, 1585443600, 4)
,(451, 1603587600, 5)
,(451, 1616893200, 4)
,(451, 1635642000, 5)
,(451, 1648342800, 4)
,(451, 1667091600, 5)
,(451, 1679792400, 4)
,(451, 1698541200, 5)
,(451, 1711846800, 4)
,(451, 1729990800, 5)
,(451, 1743296400, 4)
,(451, 1761440400, 5)
,(451, 1774746000, 4)
,(451, 1792890000, 5)
,(451, 1806195600, 4)
,(451, 1824944400, 5)
,(451, 1837645200, 4)
,(451, 1856394000, 5)
,(451, 1869094800, 4)
,(451, 1887843600, 5)
,(451, 1901149200, 4)
,(451, 1919293200, 5)
,(451, 1932598800, 4)
,(451, 1950742800, 5)
,(451, 1964048400, 4)
,(451, 1982797200, 5)
,(451, 1995498000, 4)
,(451, 2014246800, 5)
,(451, 2026947600, 4)
,(451, 2045696400, 5)
,(451, 2058397200, 4)
,(451, 2077146000, 5)
,(451, 2090451600, 4)
,(451, 2108595600, 5)
,(451, 2121901200, 4)
,(451, 2140045200, 5)
;
INSERT INTO  oceanbase.__all_tenant_time_zone_transition_type (Time_zone_id, Transition_type_id, Offset, Is_DST, Abbreviation) VALUES
 (451, 0, 7200, 1, 'CEST')
,(451, 1, 3600, 0, 'CET')
,(451, 2, 7200, 1, 'CEST')
,(451, 3, 3600, 0, 'CET')
,(451, 4, 7200, 1, 'CEST')
,(451, 5, 3600, 0, 'CET')
;
INSERT INTO oceanbase.__all_tenant_time_zone (Time_zone_id, Use_leap_seconds) VALUES (452, 'N');
INSERT INTO  oceanbase.__all_tenant_time_zone_name (Name, Time_zone_id) VALUES ('Europe/Sarajevo', 452);
INSERT INTO  oceanbase.__all_tenant_time_zone_transition (Time_zone_id, Transition_time, Transition_type_id) VALUES
 (452, -905824800, 3)
,(452, -857257200, 1)
,(452, -844556400, 2)
,(452, -828226800, 1)
,(452, -812502000, 2)
,(452, -796777200, 1)
,(452, -788922000, 0)
,(452, -777942000, 2)
,(452, -766623600, 1)
,(452, 407199600, 0)
,(452, 417574800, 4)
,(452, 433299600, 5)
,(452, 449024400, 4)
,(452, 465354000, 5)
,(452, 481078800, 4)
,(452, 496803600, 5)
,(452, 512528400, 4)
,(452, 528253200, 5)
,(452, 543978000, 4)
,(452, 559702800, 5)
,(452, 575427600, 4)
,(452, 591152400, 5)
,(452, 606877200, 4)
,(452, 622602000, 5)
,(452, 638326800, 4)
,(452, 654656400, 5)
,(452, 670381200, 4)
,(452, 686106000, 5)
,(452, 701830800, 4)
,(452, 717555600, 5)
,(452, 733280400, 4)
,(452, 749005200, 5)
,(452, 764730000, 4)
,(452, 780454800, 5)
,(452, 796179600, 4)
,(452, 811904400, 5)
,(452, 828234000, 4)
,(452, 846378000, 5)
,(452, 859683600, 4)
,(452, 877827600, 5)
,(452, 891133200, 4)
,(452, 909277200, 5)
,(452, 922582800, 4)
,(452, 941331600, 5)
,(452, 954032400, 4)
,(452, 972781200, 5)
,(452, 985482000, 4)
,(452, 1004230800, 5)
,(452, 1017536400, 4)
,(452, 1035680400, 5)
,(452, 1048986000, 4)
,(452, 1067130000, 5)
,(452, 1080435600, 4)
,(452, 1099184400, 5)
,(452, 1111885200, 4)
,(452, 1130634000, 5)
,(452, 1143334800, 4)
,(452, 1162083600, 5)
,(452, 1174784400, 4)
,(452, 1193533200, 5)
,(452, 1206838800, 4)
,(452, 1224982800, 5)
,(452, 1238288400, 4)
,(452, 1256432400, 5)
,(452, 1269738000, 4)
,(452, 1288486800, 5)
,(452, 1301187600, 4)
,(452, 1319936400, 5)
,(452, 1332637200, 4)
,(452, 1351386000, 5)
,(452, 1364691600, 4)
,(452, 1382835600, 5)
,(452, 1396141200, 4)
,(452, 1414285200, 5)
,(452, 1427590800, 4)
,(452, 1445734800, 5)
,(452, 1459040400, 4)
,(452, 1477789200, 5)
,(452, 1490490000, 4)
,(452, 1509238800, 5)
,(452, 1521939600, 4)
,(452, 1540688400, 5)
,(452, 1553994000, 4)
,(452, 1572138000, 5)
,(452, 1585443600, 4)
,(452, 1603587600, 5)
,(452, 1616893200, 4)
,(452, 1635642000, 5)
,(452, 1648342800, 4)
,(452, 1667091600, 5)
,(452, 1679792400, 4)
,(452, 1698541200, 5)
,(452, 1711846800, 4)
,(452, 1729990800, 5)
,(452, 1743296400, 4)
,(452, 1761440400, 5)
,(452, 1774746000, 4)
,(452, 1792890000, 5)
,(452, 1806195600, 4)
,(452, 1824944400, 5)
,(452, 1837645200, 4)
,(452, 1856394000, 5)
,(452, 1869094800, 4)
,(452, 1887843600, 5)
,(452, 1901149200, 4)
,(452, 1919293200, 5)
,(452, 1932598800, 4)
,(452, 1950742800, 5)
,(452, 1964048400, 4)
,(452, 1982797200, 5)
,(452, 1995498000, 4)
,(452, 2014246800, 5)
,(452, 2026947600, 4)
,(452, 2045696400, 5)
,(452, 2058397200, 4)
,(452, 2077146000, 5)
,(452, 2090451600, 4)
,(452, 2108595600, 5)
,(452, 2121901200, 4)
,(452, 2140045200, 5)
;
INSERT INTO  oceanbase.__all_tenant_time_zone_transition_type (Time_zone_id, Transition_type_id, Offset, Is_DST, Abbreviation) VALUES
 (452, 0, 3600, 0, 'CET')
,(452, 1, 3600, 0, 'CET')
,(452, 2, 7200, 1, 'CEST')
,(452, 3, 7200, 1, 'CEST')
,(452, 4, 7200, 1, 'CEST')
,(452, 5, 3600, 0, 'CET')
;
INSERT INTO oceanbase.__all_tenant_time_zone (Time_zone_id, Use_leap_seconds) VALUES (453, 'N');
INSERT INTO  oceanbase.__all_tenant_time_zone_name (Name, Time_zone_id) VALUES ('Europe/Simferopol', 453);
INSERT INTO  oceanbase.__all_tenant_time_zone_transition (Time_zone_id, Transition_time, Transition_type_id) VALUES
 (453, -1441160160, 1)
,(453, -1247536800, 2)
,(453, -888894000, 5)
,(453, -857257200, 3)
,(453, -844556400, 4)
,(453, -828226800, 3)
,(453, -812502000, 4)
,(453, -811648800, 2)
,(453, 354920400, 6)
,(453, 370728000, 2)
,(453, 386456400, 6)
,(453, 402264000, 2)
,(453, 417992400, 6)
,(453, 433800000, 2)
,(453, 449614800, 6)
,(453, 465346800, 7)
,(453, 481071600, 8)
,(453, 496796400, 7)
,(453, 512521200, 8)
,(453, 528246000, 7)
,(453, 543970800, 8)
,(453, 559695600, 7)
,(453, 575420400, 8)
,(453, 591145200, 7)
,(453, 606870000, 8)
,(453, 622594800, 7)
,(453, 631141200, 2)
,(453, 646786800, 1)
,(453, 701820000, 9)
,(453, 717541200, 1)
,(453, 733269600, 9)
,(453, 748990800, 1)
,(453, 764719200, 9)
,(453, 767739600, 6)
,(453, 780436800, 2)
,(453, 796165200, 6)
,(453, 811886400, 2)
,(453, 828219600, 6)
,(453, 828230400, 8)
,(453, 846374400, 7)
,(453, 852066000, 2)
,(453, 859683600, 10)
,(453, 877827600, 11)
,(453, 891133200, 10)
,(453, 909277200, 11)
,(453, 922582800, 10)
,(453, 941331600, 11)
,(453, 954032400, 10)
,(453, 972781200, 11)
,(453, 985482000, 10)
,(453, 1004230800, 11)
,(453, 1017536400, 10)
,(453, 1035680400, 11)
,(453, 1048986000, 10)
,(453, 1067130000, 11)
,(453, 1080435600, 10)
,(453, 1099184400, 11)
,(453, 1111885200, 10)
,(453, 1130634000, 11)
,(453, 1143334800, 10)
,(453, 1162083600, 11)
,(453, 1174784400, 10)
,(453, 1193533200, 11)
,(453, 1206838800, 10)
,(453, 1224982800, 11)
,(453, 1238288400, 10)
,(453, 1256432400, 11)
,(453, 1269738000, 10)
,(453, 1288486800, 11)
,(453, 1301187600, 10)
,(453, 1319936400, 11)
,(453, 1332637200, 10)
,(453, 1351386000, 11)
,(453, 1364691600, 10)
,(453, 1382835600, 11)
,(453, 1396141200, 10)
,(453, 1414285200, 11)
,(453, 1427590800, 10)
,(453, 1445734800, 11)
,(453, 1459040400, 10)
,(453, 1477789200, 11)
,(453, 1490490000, 10)
,(453, 1509238800, 11)
,(453, 1521939600, 10)
,(453, 1540688400, 11)
,(453, 1553994000, 10)
,(453, 1572138000, 11)
,(453, 1585443600, 10)
,(453, 1603587600, 11)
,(453, 1616893200, 10)
,(453, 1635642000, 11)
,(453, 1648342800, 10)
,(453, 1667091600, 11)
,(453, 1679792400, 10)
,(453, 1698541200, 11)
,(453, 1711846800, 10)
,(453, 1729990800, 11)
,(453, 1743296400, 10)
,(453, 1761440400, 11)
,(453, 1774746000, 10)
,(453, 1792890000, 11)
,(453, 1806195600, 10)
,(453, 1824944400, 11)
,(453, 1837645200, 10)
,(453, 1856394000, 11)
,(453, 1869094800, 10)
,(453, 1887843600, 11)
,(453, 1901149200, 10)
,(453, 1919293200, 11)
,(453, 1932598800, 10)
,(453, 1950742800, 11)
,(453, 1964048400, 10)
,(453, 1982797200, 11)
,(453, 1995498000, 10)
,(453, 2014246800, 11)
,(453, 2026947600, 10)
,(453, 2045696400, 11)
,(453, 2058397200, 10)
,(453, 2077146000, 11)
,(453, 2090451600, 10)
,(453, 2108595600, 11)
,(453, 2121901200, 10)
,(453, 2140045200, 11)
;
INSERT INTO  oceanbase.__all_tenant_time_zone_transition_type (Time_zone_id, Transition_type_id, Offset, Is_DST, Abbreviation) VALUES
 (453, 0, 8160, 0, 'SMT')
,(453, 1, 7200, 0, 'EET')
,(453, 2, 10800, 0, 'MSK')
,(453, 3, 3600, 0, 'CET')
,(453, 4, 7200, 1, 'CEST')
,(453, 5, 7200, 1, 'CEST')
,(453, 6, 14400, 1, 'MSD')
,(453, 7, 10800, 0, 'MSK')
,(453, 8, 14400, 1, 'MSD')
,(453, 9, 10800, 1, 'EEST')
,(453, 10, 10800, 1, 'EEST')
,(453, 11, 7200, 0, 'EET')
;
INSERT INTO oceanbase.__all_tenant_time_zone (Time_zone_id, Use_leap_seconds) VALUES (454, 'N');
INSERT INTO  oceanbase.__all_tenant_time_zone_name (Name, Time_zone_id) VALUES ('Europe/Skopje', 454);
INSERT INTO  oceanbase.__all_tenant_time_zone_transition (Time_zone_id, Transition_time, Transition_type_id) VALUES
 (454, -905824800, 3)
,(454, -857257200, 1)
,(454, -844556400, 2)
,(454, -828226800, 1)
,(454, -812502000, 2)
,(454, -796777200, 1)
,(454, -788922000, 0)
,(454, -777942000, 2)
,(454, -766623600, 1)
,(454, 407199600, 0)
,(454, 417574800, 4)
,(454, 433299600, 5)
,(454, 449024400, 4)
,(454, 465354000, 5)
,(454, 481078800, 4)
,(454, 496803600, 5)
,(454, 512528400, 4)
,(454, 528253200, 5)
,(454, 543978000, 4)
,(454, 559702800, 5)
,(454, 575427600, 4)
,(454, 591152400, 5)
,(454, 606877200, 4)
,(454, 622602000, 5)
,(454, 638326800, 4)
,(454, 654656400, 5)
,(454, 670381200, 4)
,(454, 686106000, 5)
,(454, 701830800, 4)
,(454, 717555600, 5)
,(454, 733280400, 4)
,(454, 749005200, 5)
,(454, 764730000, 4)
,(454, 780454800, 5)
,(454, 796179600, 4)
,(454, 811904400, 5)
,(454, 828234000, 4)
,(454, 846378000, 5)
,(454, 859683600, 4)
,(454, 877827600, 5)
,(454, 891133200, 4)
,(454, 909277200, 5)
,(454, 922582800, 4)
,(454, 941331600, 5)
,(454, 954032400, 4)
,(454, 972781200, 5)
,(454, 985482000, 4)
,(454, 1004230800, 5)
,(454, 1017536400, 4)
,(454, 1035680400, 5)
,(454, 1048986000, 4)
,(454, 1067130000, 5)
,(454, 1080435600, 4)
,(454, 1099184400, 5)
,(454, 1111885200, 4)
,(454, 1130634000, 5)
,(454, 1143334800, 4)
,(454, 1162083600, 5)
,(454, 1174784400, 4)
,(454, 1193533200, 5)
,(454, 1206838800, 4)
,(454, 1224982800, 5)
,(454, 1238288400, 4)
,(454, 1256432400, 5)
,(454, 1269738000, 4)
,(454, 1288486800, 5)
,(454, 1301187600, 4)
,(454, 1319936400, 5)
,(454, 1332637200, 4)
,(454, 1351386000, 5)
,(454, 1364691600, 4)
,(454, 1382835600, 5)
,(454, 1396141200, 4)
,(454, 1414285200, 5)
,(454, 1427590800, 4)
,(454, 1445734800, 5)
,(454, 1459040400, 4)
,(454, 1477789200, 5)
,(454, 1490490000, 4)
,(454, 1509238800, 5)
,(454, 1521939600, 4)
,(454, 1540688400, 5)
,(454, 1553994000, 4)
,(454, 1572138000, 5)
,(454, 1585443600, 4)
,(454, 1603587600, 5)
,(454, 1616893200, 4)
,(454, 1635642000, 5)
,(454, 1648342800, 4)
,(454, 1667091600, 5)
,(454, 1679792400, 4)
,(454, 1698541200, 5)
,(454, 1711846800, 4)
,(454, 1729990800, 5)
,(454, 1743296400, 4)
,(454, 1761440400, 5)
,(454, 1774746000, 4)
,(454, 1792890000, 5)
,(454, 1806195600, 4)
,(454, 1824944400, 5)
,(454, 1837645200, 4)
,(454, 1856394000, 5)
,(454, 1869094800, 4)
,(454, 1887843600, 5)
,(454, 1901149200, 4)
,(454, 1919293200, 5)
,(454, 1932598800, 4)
,(454, 1950742800, 5)
,(454, 1964048400, 4)
,(454, 1982797200, 5)
,(454, 1995498000, 4)
,(454, 2014246800, 5)
,(454, 2026947600, 4)
,(454, 2045696400, 5)
,(454, 2058397200, 4)
,(454, 2077146000, 5)
,(454, 2090451600, 4)
,(454, 2108595600, 5)
,(454, 2121901200, 4)
,(454, 2140045200, 5)
;
INSERT INTO  oceanbase.__all_tenant_time_zone_transition_type (Time_zone_id, Transition_type_id, Offset, Is_DST, Abbreviation) VALUES
 (454, 0, 3600, 0, 'CET')
,(454, 1, 3600, 0, 'CET')
,(454, 2, 7200, 1, 'CEST')
,(454, 3, 7200, 1, 'CEST')
,(454, 4, 7200, 1, 'CEST')
,(454, 5, 3600, 0, 'CET')
;
INSERT INTO oceanbase.__all_tenant_time_zone (Time_zone_id, Use_leap_seconds) VALUES (455, 'N');
INSERT INTO  oceanbase.__all_tenant_time_zone_name (Name, Time_zone_id) VALUES ('Europe/Sofia', 455);
INSERT INTO  oceanbase.__all_tenant_time_zone_transition (Time_zone_id, Transition_time, Transition_type_id) VALUES
 (455, -857257200, 1)
,(455, -844556400, 2)
,(455, -828226800, 1)
,(455, -812502000, 2)
,(455, -796777200, 1)
,(455, -788922000, 3)
,(455, -781048800, 0)
,(455, 291762000, 4)
,(455, 307576800, 0)
,(455, 323816400, 4)
,(455, 339026400, 0)
,(455, 355266000, 4)
,(455, 370393200, 0)
,(455, 386715600, 4)
,(455, 401846400, 5)
,(455, 417571200, 6)
,(455, 433296000, 5)
,(455, 449020800, 6)
,(455, 465350400, 5)
,(455, 481075200, 6)
,(455, 496800000, 5)
,(455, 512524800, 6)
,(455, 528249600, 5)
,(455, 543974400, 6)
,(455, 559699200, 5)
,(455, 575424000, 6)
,(455, 591148800, 5)
,(455, 606873600, 6)
,(455, 622598400, 5)
,(455, 638323200, 6)
,(455, 654652800, 5)
,(455, 662680800, 0)
,(455, 670370400, 4)
,(455, 686091600, 0)
,(455, 701820000, 4)
,(455, 717541200, 0)
,(455, 733269600, 4)
,(455, 748990800, 0)
,(455, 764719200, 4)
,(455, 780440400, 0)
,(455, 796168800, 4)
,(455, 811890000, 0)
,(455, 828223200, 4)
,(455, 846363600, 0)
,(455, 859683600, 7)
,(455, 877827600, 8)
,(455, 891133200, 7)
,(455, 909277200, 8)
,(455, 922582800, 7)
,(455, 941331600, 8)
,(455, 954032400, 7)
,(455, 972781200, 8)
,(455, 985482000, 7)
,(455, 1004230800, 8)
,(455, 1017536400, 7)
,(455, 1035680400, 8)
,(455, 1048986000, 7)
,(455, 1067130000, 8)
,(455, 1080435600, 7)
,(455, 1099184400, 8)
,(455, 1111885200, 7)
,(455, 1130634000, 8)
,(455, 1143334800, 7)
,(455, 1162083600, 8)
,(455, 1174784400, 7)
,(455, 1193533200, 8)
,(455, 1206838800, 7)
,(455, 1224982800, 8)
,(455, 1238288400, 7)
,(455, 1256432400, 8)
,(455, 1269738000, 7)
,(455, 1288486800, 8)
,(455, 1301187600, 7)
,(455, 1319936400, 8)
,(455, 1332637200, 7)
,(455, 1351386000, 8)
,(455, 1364691600, 7)
,(455, 1382835600, 8)
,(455, 1396141200, 7)
,(455, 1414285200, 8)
,(455, 1427590800, 7)
,(455, 1445734800, 8)
,(455, 1459040400, 7)
,(455, 1477789200, 8)
,(455, 1490490000, 7)
,(455, 1509238800, 8)
,(455, 1521939600, 7)
,(455, 1540688400, 8)
,(455, 1553994000, 7)
,(455, 1572138000, 8)
,(455, 1585443600, 7)
,(455, 1603587600, 8)
,(455, 1616893200, 7)
,(455, 1635642000, 8)
,(455, 1648342800, 7)
,(455, 1667091600, 8)
,(455, 1679792400, 7)
,(455, 1698541200, 8)
,(455, 1711846800, 7)
,(455, 1729990800, 8)
,(455, 1743296400, 7)
,(455, 1761440400, 8)
,(455, 1774746000, 7)
,(455, 1792890000, 8)
,(455, 1806195600, 7)
,(455, 1824944400, 8)
,(455, 1837645200, 7)
,(455, 1856394000, 8)
,(455, 1869094800, 7)
,(455, 1887843600, 8)
,(455, 1901149200, 7)
,(455, 1919293200, 8)
,(455, 1932598800, 7)
,(455, 1950742800, 8)
,(455, 1964048400, 7)
,(455, 1982797200, 8)
,(455, 1995498000, 7)
,(455, 2014246800, 8)
,(455, 2026947600, 7)
,(455, 2045696400, 8)
,(455, 2058397200, 7)
,(455, 2077146000, 8)
,(455, 2090451600, 7)
,(455, 2108595600, 8)
,(455, 2121901200, 7)
,(455, 2140045200, 8)
;
INSERT INTO  oceanbase.__all_tenant_time_zone_transition_type (Time_zone_id, Transition_type_id, Offset, Is_DST, Abbreviation) VALUES
 (455, 0, 7200, 0, 'EET')
,(455, 1, 3600, 0, 'CET')
,(455, 2, 7200, 1, 'CEST')
,(455, 3, 3600, 0, 'CET')
,(455, 4, 10800, 1, 'EEST')
,(455, 5, 7200, 0, 'EET')
,(455, 6, 10800, 1, 'EEST')
,(455, 7, 10800, 1, 'EEST')
,(455, 8, 7200, 0, 'EET')
;
INSERT INTO oceanbase.__all_tenant_time_zone (Time_zone_id, Use_leap_seconds) VALUES (456, 'N');
INSERT INTO  oceanbase.__all_tenant_time_zone_name (Name, Time_zone_id) VALUES ('Europe/Stockholm', 456);
INSERT INTO  oceanbase.__all_tenant_time_zone_transition (Time_zone_id, Transition_time, Transition_type_id) VALUES
 (456, -1692496800, 1)
,(456, -1680483600, 0)
,(456, 323830800, 2)
,(456, 338950800, 3)
,(456, 354675600, 2)
,(456, 370400400, 3)
,(456, 386125200, 2)
,(456, 401850000, 3)
,(456, 417574800, 2)
,(456, 433299600, 3)
,(456, 449024400, 2)
,(456, 465354000, 3)
,(456, 481078800, 2)
,(456, 496803600, 3)
,(456, 512528400, 2)
,(456, 528253200, 3)
,(456, 543978000, 2)
,(456, 559702800, 3)
,(456, 575427600, 2)
,(456, 591152400, 3)
,(456, 606877200, 2)
,(456, 622602000, 3)
,(456, 638326800, 2)
,(456, 654656400, 3)
,(456, 670381200, 2)
,(456, 686106000, 3)
,(456, 701830800, 2)
,(456, 717555600, 3)
,(456, 733280400, 2)
,(456, 749005200, 3)
,(456, 764730000, 2)
,(456, 780454800, 3)
,(456, 796179600, 2)
,(456, 811904400, 3)
,(456, 828234000, 2)
,(456, 846378000, 3)
,(456, 859683600, 2)
,(456, 877827600, 3)
,(456, 891133200, 2)
,(456, 909277200, 3)
,(456, 922582800, 2)
,(456, 941331600, 3)
,(456, 954032400, 2)
,(456, 972781200, 3)
,(456, 985482000, 2)
,(456, 1004230800, 3)
,(456, 1017536400, 2)
,(456, 1035680400, 3)
,(456, 1048986000, 2)
,(456, 1067130000, 3)
,(456, 1080435600, 2)
,(456, 1099184400, 3)
,(456, 1111885200, 2)
,(456, 1130634000, 3)
,(456, 1143334800, 2)
,(456, 1162083600, 3)
,(456, 1174784400, 2)
,(456, 1193533200, 3)
,(456, 1206838800, 2)
,(456, 1224982800, 3)
,(456, 1238288400, 2)
,(456, 1256432400, 3)
,(456, 1269738000, 2)
,(456, 1288486800, 3)
,(456, 1301187600, 2)
,(456, 1319936400, 3)
,(456, 1332637200, 2)
,(456, 1351386000, 3)
,(456, 1364691600, 2)
,(456, 1382835600, 3)
,(456, 1396141200, 2)
,(456, 1414285200, 3)
,(456, 1427590800, 2)
,(456, 1445734800, 3)
,(456, 1459040400, 2)
,(456, 1477789200, 3)
,(456, 1490490000, 2)
,(456, 1509238800, 3)
,(456, 1521939600, 2)
,(456, 1540688400, 3)
,(456, 1553994000, 2)
,(456, 1572138000, 3)
,(456, 1585443600, 2)
,(456, 1603587600, 3)
,(456, 1616893200, 2)
,(456, 1635642000, 3)
,(456, 1648342800, 2)
,(456, 1667091600, 3)
,(456, 1679792400, 2)
,(456, 1698541200, 3)
,(456, 1711846800, 2)
,(456, 1729990800, 3)
,(456, 1743296400, 2)
,(456, 1761440400, 3)
,(456, 1774746000, 2)
,(456, 1792890000, 3)
,(456, 1806195600, 2)
,(456, 1824944400, 3)
,(456, 1837645200, 2)
,(456, 1856394000, 3)
,(456, 1869094800, 2)
,(456, 1887843600, 3)
,(456, 1901149200, 2)
,(456, 1919293200, 3)
,(456, 1932598800, 2)
,(456, 1950742800, 3)
,(456, 1964048400, 2)
,(456, 1982797200, 3)
,(456, 1995498000, 2)
,(456, 2014246800, 3)
,(456, 2026947600, 2)
,(456, 2045696400, 3)
,(456, 2058397200, 2)
,(456, 2077146000, 3)
,(456, 2090451600, 2)
,(456, 2108595600, 3)
,(456, 2121901200, 2)
,(456, 2140045200, 3)
;
INSERT INTO  oceanbase.__all_tenant_time_zone_transition_type (Time_zone_id, Transition_type_id, Offset, Is_DST, Abbreviation) VALUES
 (456, 0, 3600, 0, 'CET')
,(456, 1, 7200, 1, 'CEST')
,(456, 2, 7200, 1, 'CEST')
,(456, 3, 3600, 0, 'CET')
;
INSERT INTO oceanbase.__all_tenant_time_zone (Time_zone_id, Use_leap_seconds) VALUES (457, 'N');
INSERT INTO  oceanbase.__all_tenant_time_zone_name (Name, Time_zone_id) VALUES ('Europe/Tallinn', 457);
INSERT INTO  oceanbase.__all_tenant_time_zone_transition (Time_zone_id, Transition_time, Transition_type_id) VALUES
 (457, -1638322740, 3)
,(457, -1632006000, 1)
,(457, -1618700400, 2)
,(457, -1593824400, 0)
,(457, -1535938740, 4)
,(457, -927943200, 5)
,(457, -892954800, 6)
,(457, -857257200, 2)
,(457, -844556400, 1)
,(457, -828226800, 2)
,(457, -812502000, 1)
,(457, -797652000, 5)
,(457, 354920400, 7)
,(457, 370728000, 5)
,(457, 386456400, 7)
,(457, 402264000, 5)
,(457, 417992400, 7)
,(457, 433800000, 5)
,(457, 449614800, 7)
,(457, 465346800, 8)
,(457, 481071600, 9)
,(457, 496796400, 8)
,(457, 512521200, 9)
,(457, 528246000, 8)
,(457, 543970800, 9)
,(457, 559695600, 8)
,(457, 575420400, 9)
,(457, 591145200, 8)
,(457, 606870000, 10)
,(457, 622598400, 11)
,(457, 638323200, 10)
,(457, 654652800, 11)
,(457, 670377600, 10)
,(457, 686102400, 11)
,(457, 701827200, 10)
,(457, 717552000, 11)
,(457, 733276800, 10)
,(457, 749001600, 11)
,(457, 764726400, 10)
,(457, 780451200, 11)
,(457, 796176000, 10)
,(457, 811900800, 11)
,(457, 828230400, 10)
,(457, 846374400, 11)
,(457, 859680000, 10)
,(457, 877824000, 11)
,(457, 891129600, 10)
,(457, 906411600, 14)
,(457, 909277200, 12)
,(457, 922582800, 13)
,(457, 941331600, 12)
,(457, 941407200, 4)
,(457, 1017536400, 13)
,(457, 1035680400, 12)
,(457, 1048986000, 13)
,(457, 1067130000, 12)
,(457, 1080435600, 13)
,(457, 1099184400, 12)
,(457, 1111885200, 13)
,(457, 1130634000, 12)
,(457, 1143334800, 13)
,(457, 1162083600, 12)
,(457, 1174784400, 13)
,(457, 1193533200, 12)
,(457, 1206838800, 13)
,(457, 1224982800, 12)
,(457, 1238288400, 13)
,(457, 1256432400, 12)
,(457, 1269738000, 13)
,(457, 1288486800, 12)
,(457, 1301187600, 13)
,(457, 1319936400, 12)
,(457, 1332637200, 13)
,(457, 1351386000, 12)
,(457, 1364691600, 13)
,(457, 1382835600, 12)
,(457, 1396141200, 13)
,(457, 1414285200, 12)
,(457, 1427590800, 13)
,(457, 1445734800, 12)
,(457, 1459040400, 13)
,(457, 1477789200, 12)
,(457, 1490490000, 13)
,(457, 1509238800, 12)
,(457, 1521939600, 13)
,(457, 1540688400, 12)
,(457, 1553994000, 13)
,(457, 1572138000, 12)
,(457, 1585443600, 13)
,(457, 1603587600, 12)
,(457, 1616893200, 13)
,(457, 1635642000, 12)
,(457, 1648342800, 13)
,(457, 1667091600, 12)
,(457, 1679792400, 13)
,(457, 1698541200, 12)
,(457, 1711846800, 13)
,(457, 1729990800, 12)
,(457, 1743296400, 13)
,(457, 1761440400, 12)
,(457, 1774746000, 13)
,(457, 1792890000, 12)
,(457, 1806195600, 13)
,(457, 1824944400, 12)
,(457, 1837645200, 13)
,(457, 1856394000, 12)
,(457, 1869094800, 13)
,(457, 1887843600, 12)
,(457, 1901149200, 13)
,(457, 1919293200, 12)
,(457, 1932598800, 13)
,(457, 1950742800, 12)
,(457, 1964048400, 13)
,(457, 1982797200, 12)
,(457, 1995498000, 13)
,(457, 2014246800, 12)
,(457, 2026947600, 13)
,(457, 2045696400, 12)
,(457, 2058397200, 13)
,(457, 2077146000, 12)
,(457, 2090451600, 13)
,(457, 2108595600, 12)
,(457, 2121901200, 13)
,(457, 2140045200, 12)
;
INSERT INTO  oceanbase.__all_tenant_time_zone_transition_type (Time_zone_id, Transition_type_id, Offset, Is_DST, Abbreviation) VALUES
 (457, 0, 5940, 0, 'TMT')
,(457, 1, 7200, 1, 'CEST')
,(457, 2, 3600, 0, 'CET')
,(457, 3, 3600, 0, 'CET')
,(457, 4, 7200, 0, 'EET')
,(457, 5, 10800, 0, 'MSK')
,(457, 6, 7200, 1, 'CEST')
,(457, 7, 14400, 1, 'MSD')
,(457, 8, 10800, 0, 'MSK')
,(457, 9, 14400, 1, 'MSD')
,(457, 10, 10800, 1, 'EEST')
,(457, 11, 7200, 0, 'EET')
,(457, 12, 7200, 0, 'EET')
,(457, 13, 10800, 1, 'EEST')
,(457, 14, 10800, 1, 'EEST')
;
INSERT INTO oceanbase.__all_tenant_time_zone (Time_zone_id, Use_leap_seconds) VALUES (458, 'N');
INSERT INTO  oceanbase.__all_tenant_time_zone_name (Name, Time_zone_id) VALUES ('Europe/Tirane', 458);
INSERT INTO  oceanbase.__all_tenant_time_zone_transition (Time_zone_id, Transition_time, Transition_type_id) VALUES
 (458, -1767230360, 1)
,(458, -932346000, 2)
,(458, -857257200, 1)
,(458, -844556400, 2)
,(458, -843519600, 1)
,(458, 136854000, 2)
,(458, 149896800, 1)
,(458, 168130800, 2)
,(458, 181432800, 1)
,(458, 199839600, 2)
,(458, 213141600, 1)
,(458, 231894000, 2)
,(458, 244591200, 1)
,(458, 263257200, 2)
,(458, 276040800, 1)
,(458, 294706800, 2)
,(458, 307490400, 1)
,(458, 326156400, 2)
,(458, 339458400, 1)
,(458, 357087600, 2)
,(458, 370389600, 1)
,(458, 389142000, 2)
,(458, 402444000, 1)
,(458, 419468400, 2)
,(458, 433807200, 1)
,(458, 449622000, 2)
,(458, 465354000, 3)
,(458, 481078800, 4)
,(458, 496803600, 3)
,(458, 512528400, 4)
,(458, 528253200, 3)
,(458, 543978000, 4)
,(458, 559702800, 3)
,(458, 575427600, 4)
,(458, 591152400, 3)
,(458, 606877200, 4)
,(458, 622602000, 3)
,(458, 638326800, 4)
,(458, 654656400, 3)
,(458, 670381200, 4)
,(458, 686106000, 3)
,(458, 701830800, 4)
,(458, 717555600, 3)
,(458, 733280400, 4)
,(458, 749005200, 3)
,(458, 764730000, 4)
,(458, 780454800, 3)
,(458, 796179600, 4)
,(458, 811904400, 3)
,(458, 828234000, 4)
,(458, 846378000, 3)
,(458, 859683600, 4)
,(458, 877827600, 3)
,(458, 891133200, 4)
,(458, 909277200, 3)
,(458, 922582800, 4)
,(458, 941331600, 3)
,(458, 954032400, 4)
,(458, 972781200, 3)
,(458, 985482000, 4)
,(458, 1004230800, 3)
,(458, 1017536400, 4)
,(458, 1035680400, 3)
,(458, 1048986000, 4)
,(458, 1067130000, 3)
,(458, 1080435600, 4)
,(458, 1099184400, 3)
,(458, 1111885200, 4)
,(458, 1130634000, 3)
,(458, 1143334800, 4)
,(458, 1162083600, 3)
,(458, 1174784400, 4)
,(458, 1193533200, 3)
,(458, 1206838800, 4)
,(458, 1224982800, 3)
,(458, 1238288400, 4)
,(458, 1256432400, 3)
,(458, 1269738000, 4)
,(458, 1288486800, 3)
,(458, 1301187600, 4)
,(458, 1319936400, 3)
,(458, 1332637200, 4)
,(458, 1351386000, 3)
,(458, 1364691600, 4)
,(458, 1382835600, 3)
,(458, 1396141200, 4)
,(458, 1414285200, 3)
,(458, 1427590800, 4)
,(458, 1445734800, 3)
,(458, 1459040400, 4)
,(458, 1477789200, 3)
,(458, 1490490000, 4)
,(458, 1509238800, 3)
,(458, 1521939600, 4)
,(458, 1540688400, 3)
,(458, 1553994000, 4)
,(458, 1572138000, 3)
,(458, 1585443600, 4)
,(458, 1603587600, 3)
,(458, 1616893200, 4)
,(458, 1635642000, 3)
,(458, 1648342800, 4)
,(458, 1667091600, 3)
,(458, 1679792400, 4)
,(458, 1698541200, 3)
,(458, 1711846800, 4)
,(458, 1729990800, 3)
,(458, 1743296400, 4)
,(458, 1761440400, 3)
,(458, 1774746000, 4)
,(458, 1792890000, 3)
,(458, 1806195600, 4)
,(458, 1824944400, 3)
,(458, 1837645200, 4)
,(458, 1856394000, 3)
,(458, 1869094800, 4)
,(458, 1887843600, 3)
,(458, 1901149200, 4)
,(458, 1919293200, 3)
,(458, 1932598800, 4)
,(458, 1950742800, 3)
,(458, 1964048400, 4)
,(458, 1982797200, 3)
,(458, 1995498000, 4)
,(458, 2014246800, 3)
,(458, 2026947600, 4)
,(458, 2045696400, 3)
,(458, 2058397200, 4)
,(458, 2077146000, 3)
,(458, 2090451600, 4)
,(458, 2108595600, 3)
,(458, 2121901200, 4)
,(458, 2140045200, 3)
;
INSERT INTO  oceanbase.__all_tenant_time_zone_transition_type (Time_zone_id, Transition_type_id, Offset, Is_DST, Abbreviation) VALUES
 (458, 0, 4760, 0, 'LMT')
,(458, 1, 3600, 0, 'CET')
,(458, 2, 7200, 1, 'CEST')
,(458, 3, 3600, 0, 'CET')
,(458, 4, 7200, 1, 'CEST')
;
INSERT INTO oceanbase.__all_tenant_time_zone (Time_zone_id, Use_leap_seconds) VALUES (459, 'N');
INSERT INTO  oceanbase.__all_tenant_time_zone_name (Name, Time_zone_id) VALUES ('Europe/Tiraspol', 459);
INSERT INTO  oceanbase.__all_tenant_time_zone_transition (Time_zone_id, Transition_time, Transition_type_id) VALUES
 (459, -1637114100, 1)
,(459, -1213148664, 4)
,(459, -1187056800, 2)
,(459, -1175479200, 3)
,(459, -1159754400, 2)
,(459, -1144029600, 3)
,(459, -1127700000, 2)
,(459, -1111975200, 3)
,(459, -1096250400, 2)
,(459, -1080525600, 3)
,(459, -1064800800, 2)
,(459, -1049076000, 3)
,(459, -1033351200, 2)
,(459, -1017626400, 3)
,(459, -1001901600, 2)
,(459, -986176800, 3)
,(459, -970452000, 2)
,(459, -954727200, 3)
,(459, -927165600, 5)
,(459, -898138800, 8)
,(459, -857257200, 6)
,(459, -844556400, 7)
,(459, -828226800, 6)
,(459, -812502000, 7)
,(459, -800157600, 10)
,(459, 354920400, 9)
,(459, 370728000, 10)
,(459, 386456400, 9)
,(459, 402264000, 10)
,(459, 417992400, 9)
,(459, 433800000, 10)
,(459, 449614800, 9)
,(459, 465346800, 11)
,(459, 481071600, 12)
,(459, 496796400, 11)
,(459, 512521200, 12)
,(459, 528246000, 11)
,(459, 543970800, 12)
,(459, 559695600, 11)
,(459, 575420400, 12)
,(459, 591145200, 11)
,(459, 606870000, 12)
,(459, 622594800, 11)
,(459, 631141200, 10)
,(459, 641941200, 4)
,(459, 670377600, 2)
,(459, 686102400, 3)
,(459, 694216800, 4)
,(459, 701820000, 5)
,(459, 717541200, 4)
,(459, 733269600, 5)
,(459, 748990800, 4)
,(459, 764719200, 5)
,(459, 780440400, 4)
,(459, 796168800, 5)
,(459, 811890000, 4)
,(459, 828223200, 5)
,(459, 846363600, 4)
,(459, 859683600, 13)
,(459, 877827600, 14)
,(459, 891133200, 13)
,(459, 909277200, 14)
,(459, 922582800, 13)
,(459, 941331600, 14)
,(459, 954032400, 13)
,(459, 972781200, 14)
,(459, 985482000, 13)
,(459, 1004230800, 14)
,(459, 1017536400, 13)
,(459, 1035680400, 14)
,(459, 1048986000, 13)
,(459, 1067130000, 14)
,(459, 1080435600, 13)
,(459, 1099184400, 14)
,(459, 1111885200, 13)
,(459, 1130634000, 14)
,(459, 1143334800, 13)
,(459, 1162083600, 14)
,(459, 1174784400, 13)
,(459, 1193533200, 14)
,(459, 1206838800, 13)
,(459, 1224982800, 14)
,(459, 1238288400, 13)
,(459, 1256432400, 14)
,(459, 1269738000, 13)
,(459, 1288486800, 14)
,(459, 1301187600, 13)
,(459, 1319936400, 14)
,(459, 1332637200, 13)
,(459, 1351386000, 14)
,(459, 1364691600, 13)
,(459, 1382835600, 14)
,(459, 1396141200, 13)
,(459, 1414285200, 14)
,(459, 1427590800, 13)
,(459, 1445734800, 14)
,(459, 1459040400, 13)
,(459, 1477789200, 14)
,(459, 1490490000, 13)
,(459, 1509238800, 14)
,(459, 1521939600, 13)
,(459, 1540688400, 14)
,(459, 1553994000, 13)
,(459, 1572138000, 14)
,(459, 1585443600, 13)
,(459, 1603587600, 14)
,(459, 1616893200, 13)
,(459, 1635642000, 14)
,(459, 1648342800, 13)
,(459, 1667091600, 14)
,(459, 1679792400, 13)
,(459, 1698541200, 14)
,(459, 1711846800, 13)
,(459, 1729990800, 14)
,(459, 1743296400, 13)
,(459, 1761440400, 14)
,(459, 1774746000, 13)
,(459, 1792890000, 14)
,(459, 1806195600, 13)
,(459, 1824944400, 14)
,(459, 1837645200, 13)
,(459, 1856394000, 14)
,(459, 1869094800, 13)
,(459, 1887843600, 14)
,(459, 1901149200, 13)
,(459, 1919293200, 14)
,(459, 1932598800, 13)
,(459, 1950742800, 14)
,(459, 1964048400, 13)
,(459, 1982797200, 14)
,(459, 1995498000, 13)
,(459, 2014246800, 14)
,(459, 2026947600, 13)
,(459, 2045696400, 14)
,(459, 2058397200, 13)
,(459, 2077146000, 14)
,(459, 2090451600, 13)
,(459, 2108595600, 14)
,(459, 2121901200, 13)
,(459, 2140045200, 14)
;
INSERT INTO  oceanbase.__all_tenant_time_zone_transition_type (Time_zone_id, Transition_type_id, Offset, Is_DST, Abbreviation) VALUES
 (459, 0, 6900, 0, 'CMT')
,(459, 1, 6264, 0, 'BMT')
,(459, 2, 10800, 1, 'EEST')
,(459, 3, 7200, 0, 'EET')
,(459, 4, 7200, 0, 'EET')
,(459, 5, 10800, 1, 'EEST')
,(459, 6, 3600, 0, 'CET')
,(459, 7, 7200, 1, 'CEST')
,(459, 8, 7200, 1, 'CEST')
,(459, 9, 14400, 1, 'MSD')
,(459, 10, 10800, 0, 'MSK')
,(459, 11, 10800, 0, 'MSK')
,(459, 12, 14400, 1, 'MSD')
,(459, 13, 10800, 1, 'EEST')
,(459, 14, 7200, 0, 'EET')
;
INSERT INTO oceanbase.__all_tenant_time_zone (Time_zone_id, Use_leap_seconds) VALUES (460, 'N');
INSERT INTO  oceanbase.__all_tenant_time_zone_name (Name, Time_zone_id) VALUES ('Europe/Uzhgorod', 460);
INSERT INTO  oceanbase.__all_tenant_time_zone_transition (Time_zone_id, Transition_time, Transition_type_id) VALUES
 (460, -938905200, 1)
,(460, -857257200, 2)
,(460, -844556400, 1)
,(460, -828226800, 2)
,(460, -812502000, 1)
,(460, -796874400, 3)
,(460, -794714400, 0)
,(460, -773456400, 5)
,(460, 354920400, 4)
,(460, 370728000, 5)
,(460, 386456400, 4)
,(460, 402264000, 5)
,(460, 417992400, 4)
,(460, 433800000, 5)
,(460, 449614800, 4)
,(460, 465346800, 6)
,(460, 481071600, 7)
,(460, 496796400, 6)
,(460, 512521200, 7)
,(460, 528246000, 6)
,(460, 543970800, 7)
,(460, 559695600, 6)
,(460, 575420400, 7)
,(460, 591145200, 6)
,(460, 606870000, 7)
,(460, 622594800, 6)
,(460, 631141200, 5)
,(460, 646786800, 0)
,(460, 670384800, 8)
,(460, 701820000, 9)
,(460, 717541200, 8)
,(460, 733269600, 9)
,(460, 748990800, 8)
,(460, 764719200, 9)
,(460, 780440400, 8)
,(460, 796179600, 10)
,(460, 811904400, 11)
,(460, 828234000, 10)
,(460, 846378000, 11)
,(460, 859683600, 10)
,(460, 877827600, 11)
,(460, 891133200, 10)
,(460, 909277200, 11)
,(460, 922582800, 10)
,(460, 941331600, 11)
,(460, 954032400, 10)
,(460, 972781200, 11)
,(460, 985482000, 10)
,(460, 1004230800, 11)
,(460, 1017536400, 10)
,(460, 1035680400, 11)
,(460, 1048986000, 10)
,(460, 1067130000, 11)
,(460, 1080435600, 10)
,(460, 1099184400, 11)
,(460, 1111885200, 10)
,(460, 1130634000, 11)
,(460, 1143334800, 10)
,(460, 1162083600, 11)
,(460, 1174784400, 10)
,(460, 1193533200, 11)
,(460, 1206838800, 10)
,(460, 1224982800, 11)
,(460, 1238288400, 10)
,(460, 1256432400, 11)
,(460, 1269738000, 10)
,(460, 1288486800, 11)
,(460, 1301187600, 10)
,(460, 1319936400, 11)
,(460, 1332637200, 10)
,(460, 1351386000, 11)
,(460, 1364691600, 10)
,(460, 1382835600, 11)
,(460, 1396141200, 10)
,(460, 1414285200, 11)
,(460, 1427590800, 10)
,(460, 1445734800, 11)
,(460, 1459040400, 10)
,(460, 1477789200, 11)
,(460, 1490490000, 10)
,(460, 1509238800, 11)
,(460, 1521939600, 10)
,(460, 1540688400, 11)
,(460, 1553994000, 10)
,(460, 1572138000, 11)
,(460, 1585443600, 10)
,(460, 1603587600, 11)
,(460, 1616893200, 10)
,(460, 1635642000, 11)
,(460, 1648342800, 10)
,(460, 1667091600, 11)
,(460, 1679792400, 10)
,(460, 1698541200, 11)
,(460, 1711846800, 10)
,(460, 1729990800, 11)
,(460, 1743296400, 10)
,(460, 1761440400, 11)
,(460, 1774746000, 10)
,(460, 1792890000, 11)
,(460, 1806195600, 10)
,(460, 1824944400, 11)
,(460, 1837645200, 10)
,(460, 1856394000, 11)
,(460, 1869094800, 10)
,(460, 1887843600, 11)
,(460, 1901149200, 10)
,(460, 1919293200, 11)
,(460, 1932598800, 10)
,(460, 1950742800, 11)
,(460, 1964048400, 10)
,(460, 1982797200, 11)
,(460, 1995498000, 10)
,(460, 2014246800, 11)
,(460, 2026947600, 10)
,(460, 2045696400, 11)
,(460, 2058397200, 10)
,(460, 2077146000, 11)
,(460, 2090451600, 10)
,(460, 2108595600, 11)
,(460, 2121901200, 10)
,(460, 2140045200, 11)
;
INSERT INTO  oceanbase.__all_tenant_time_zone_transition_type (Time_zone_id, Transition_type_id, Offset, Is_DST, Abbreviation) VALUES
 (460, 0, 3600, 0, 'CET')
,(460, 1, 7200, 1, 'CEST')
,(460, 2, 3600, 0, 'CET')
,(460, 3, 7200, 1, 'CEST')
,(460, 4, 14400, 1, 'MSD')
,(460, 5, 10800, 0, 'MSK')
,(460, 6, 10800, 0, 'MSK')
,(460, 7, 14400, 1, 'MSD')
,(460, 8, 7200, 0, 'EET')
,(460, 9, 10800, 1, 'EEST')
,(460, 10, 10800, 1, 'EEST')
,(460, 11, 7200, 0, 'EET')
;
INSERT INTO oceanbase.__all_tenant_time_zone (Time_zone_id, Use_leap_seconds) VALUES (461, 'N');
INSERT INTO  oceanbase.__all_tenant_time_zone_name (Name, Time_zone_id) VALUES ('Europe/Vaduz', 461);
INSERT INTO  oceanbase.__all_tenant_time_zone_transition (Time_zone_id, Transition_time, Transition_type_id) VALUES
 (461, 354675600, 1)
,(461, 370400400, 2)
,(461, 386125200, 1)
,(461, 401850000, 2)
,(461, 417574800, 1)
,(461, 433299600, 2)
,(461, 449024400, 1)
,(461, 465354000, 2)
,(461, 481078800, 1)
,(461, 496803600, 2)
,(461, 512528400, 1)
,(461, 528253200, 2)
,(461, 543978000, 1)
,(461, 559702800, 2)
,(461, 575427600, 1)
,(461, 591152400, 2)
,(461, 606877200, 1)
,(461, 622602000, 2)
,(461, 638326800, 1)
,(461, 654656400, 2)
,(461, 670381200, 1)
,(461, 686106000, 2)
,(461, 701830800, 1)
,(461, 717555600, 2)
,(461, 733280400, 1)
,(461, 749005200, 2)
,(461, 764730000, 1)
,(461, 780454800, 2)
,(461, 796179600, 1)
,(461, 811904400, 2)
,(461, 828234000, 1)
,(461, 846378000, 2)
,(461, 859683600, 1)
,(461, 877827600, 2)
,(461, 891133200, 1)
,(461, 909277200, 2)
,(461, 922582800, 1)
,(461, 941331600, 2)
,(461, 954032400, 1)
,(461, 972781200, 2)
,(461, 985482000, 1)
,(461, 1004230800, 2)
,(461, 1017536400, 1)
,(461, 1035680400, 2)
,(461, 1048986000, 1)
,(461, 1067130000, 2)
,(461, 1080435600, 1)
,(461, 1099184400, 2)
,(461, 1111885200, 1)
,(461, 1130634000, 2)
,(461, 1143334800, 1)
,(461, 1162083600, 2)
,(461, 1174784400, 1)
,(461, 1193533200, 2)
,(461, 1206838800, 1)
,(461, 1224982800, 2)
,(461, 1238288400, 1)
,(461, 1256432400, 2)
,(461, 1269738000, 1)
,(461, 1288486800, 2)
,(461, 1301187600, 1)
,(461, 1319936400, 2)
,(461, 1332637200, 1)
,(461, 1351386000, 2)
,(461, 1364691600, 1)
,(461, 1382835600, 2)
,(461, 1396141200, 1)
,(461, 1414285200, 2)
,(461, 1427590800, 1)
,(461, 1445734800, 2)
,(461, 1459040400, 1)
,(461, 1477789200, 2)
,(461, 1490490000, 1)
,(461, 1509238800, 2)
,(461, 1521939600, 1)
,(461, 1540688400, 2)
,(461, 1553994000, 1)
,(461, 1572138000, 2)
,(461, 1585443600, 1)
,(461, 1603587600, 2)
,(461, 1616893200, 1)
,(461, 1635642000, 2)
,(461, 1648342800, 1)
,(461, 1667091600, 2)
,(461, 1679792400, 1)
,(461, 1698541200, 2)
,(461, 1711846800, 1)
,(461, 1729990800, 2)
,(461, 1743296400, 1)
,(461, 1761440400, 2)
,(461, 1774746000, 1)
,(461, 1792890000, 2)
,(461, 1806195600, 1)
,(461, 1824944400, 2)
,(461, 1837645200, 1)
,(461, 1856394000, 2)
,(461, 1869094800, 1)
,(461, 1887843600, 2)
,(461, 1901149200, 1)
,(461, 1919293200, 2)
,(461, 1932598800, 1)
,(461, 1950742800, 2)
,(461, 1964048400, 1)
,(461, 1982797200, 2)
,(461, 1995498000, 1)
,(461, 2014246800, 2)
,(461, 2026947600, 1)
,(461, 2045696400, 2)
,(461, 2058397200, 1)
,(461, 2077146000, 2)
,(461, 2090451600, 1)
,(461, 2108595600, 2)
,(461, 2121901200, 1)
,(461, 2140045200, 2)
;
INSERT INTO  oceanbase.__all_tenant_time_zone_transition_type (Time_zone_id, Transition_type_id, Offset, Is_DST, Abbreviation) VALUES
 (461, 0, 3600, 0, 'CET')
,(461, 1, 7200, 1, 'CEST')
,(461, 2, 3600, 0, 'CET')
;
INSERT INTO oceanbase.__all_tenant_time_zone (Time_zone_id, Use_leap_seconds) VALUES (462, 'N');
INSERT INTO  oceanbase.__all_tenant_time_zone_name (Name, Time_zone_id) VALUES ('Europe/Vatican', 462);
INSERT INTO  oceanbase.__all_tenant_time_zone_transition (Time_zone_id, Transition_time, Transition_type_id) VALUES
 (462, -1690851600, 0)
,(462, -1680483600, 1)
,(462, -1664758800, 0)
,(462, -1649034000, 1)
,(462, -1635123600, 0)
,(462, -1616979600, 1)
,(462, -1604278800, 0)
,(462, -1585530000, 1)
,(462, -1571014800, 0)
,(462, -1555290000, 1)
,(462, -932432400, 0)
,(462, -857257200, 1)
,(462, -844556400, 0)
,(462, -828226800, 1)
,(462, -812502000, 0)
,(462, -804823200, 2)
,(462, -798080400, 1)
,(462, -781052400, 2)
,(462, -766717200, 1)
,(462, -750898800, 0)
,(462, -733359600, 1)
,(462, -719456400, 0)
,(462, -701917200, 1)
,(462, -689209200, 0)
,(462, -670460400, 1)
,(462, -114051600, 2)
,(462, -103168800, 3)
,(462, -81997200, 2)
,(462, -71719200, 3)
,(462, -50547600, 2)
,(462, -40269600, 3)
,(462, -18493200, 2)
,(462, -8215200, 3)
,(462, 12956400, 2)
,(462, 23234400, 3)
,(462, 43801200, 2)
,(462, 54687600, 3)
,(462, 75855600, 2)
,(462, 86738400, 3)
,(462, 107910000, 2)
,(462, 118188000, 3)
,(462, 138754800, 2)
,(462, 149637600, 3)
,(462, 170809200, 0)
,(462, 181090800, 1)
,(462, 202258800, 0)
,(462, 212540400, 1)
,(462, 233103600, 0)
,(462, 243990000, 1)
,(462, 265158000, 0)
,(462, 276044400, 1)
,(462, 296607600, 0)
,(462, 307494000, 1)
,(462, 315529200, 3)
,(462, 323830800, 4)
,(462, 338950800, 5)
,(462, 354675600, 4)
,(462, 370400400, 5)
,(462, 386125200, 4)
,(462, 401850000, 5)
,(462, 417574800, 4)
,(462, 433299600, 5)
,(462, 449024400, 4)
,(462, 465354000, 5)
,(462, 481078800, 4)
,(462, 496803600, 5)
,(462, 512528400, 4)
,(462, 528253200, 5)
,(462, 543978000, 4)
,(462, 559702800, 5)
,(462, 575427600, 4)
,(462, 591152400, 5)
,(462, 606877200, 4)
,(462, 622602000, 5)
,(462, 638326800, 4)
,(462, 654656400, 5)
,(462, 670381200, 4)
,(462, 686106000, 5)
,(462, 701830800, 4)
,(462, 717555600, 5)
,(462, 733280400, 4)
,(462, 749005200, 5)
,(462, 764730000, 4)
,(462, 780454800, 5)
,(462, 796179600, 4)
,(462, 811904400, 5)
,(462, 828234000, 4)
,(462, 846378000, 5)
,(462, 859683600, 4)
,(462, 877827600, 5)
,(462, 891133200, 4)
,(462, 909277200, 5)
,(462, 922582800, 4)
,(462, 941331600, 5)
,(462, 954032400, 4)
,(462, 972781200, 5)
,(462, 985482000, 4)
,(462, 1004230800, 5)
,(462, 1017536400, 4)
,(462, 1035680400, 5)
,(462, 1048986000, 4)
,(462, 1067130000, 5)
,(462, 1080435600, 4)
,(462, 1099184400, 5)
,(462, 1111885200, 4)
,(462, 1130634000, 5)
,(462, 1143334800, 4)
,(462, 1162083600, 5)
,(462, 1174784400, 4)
,(462, 1193533200, 5)
,(462, 1206838800, 4)
,(462, 1224982800, 5)
,(462, 1238288400, 4)
,(462, 1256432400, 5)
,(462, 1269738000, 4)
,(462, 1288486800, 5)
,(462, 1301187600, 4)
,(462, 1319936400, 5)
,(462, 1332637200, 4)
,(462, 1351386000, 5)
,(462, 1364691600, 4)
,(462, 1382835600, 5)
,(462, 1396141200, 4)
,(462, 1414285200, 5)
,(462, 1427590800, 4)
,(462, 1445734800, 5)
,(462, 1459040400, 4)
,(462, 1477789200, 5)
,(462, 1490490000, 4)
,(462, 1509238800, 5)
,(462, 1521939600, 4)
,(462, 1540688400, 5)
,(462, 1553994000, 4)
,(462, 1572138000, 5)
,(462, 1585443600, 4)
,(462, 1603587600, 5)
,(462, 1616893200, 4)
,(462, 1635642000, 5)
,(462, 1648342800, 4)
,(462, 1667091600, 5)
,(462, 1679792400, 4)
,(462, 1698541200, 5)
,(462, 1711846800, 4)
,(462, 1729990800, 5)
,(462, 1743296400, 4)
,(462, 1761440400, 5)
,(462, 1774746000, 4)
,(462, 1792890000, 5)
,(462, 1806195600, 4)
,(462, 1824944400, 5)
,(462, 1837645200, 4)
,(462, 1856394000, 5)
,(462, 1869094800, 4)
,(462, 1887843600, 5)
,(462, 1901149200, 4)
,(462, 1919293200, 5)
,(462, 1932598800, 4)
,(462, 1950742800, 5)
,(462, 1964048400, 4)
,(462, 1982797200, 5)
,(462, 1995498000, 4)
,(462, 2014246800, 5)
,(462, 2026947600, 4)
,(462, 2045696400, 5)
,(462, 2058397200, 4)
,(462, 2077146000, 5)
,(462, 2090451600, 4)
,(462, 2108595600, 5)
,(462, 2121901200, 4)
,(462, 2140045200, 5)
;
INSERT INTO  oceanbase.__all_tenant_time_zone_transition_type (Time_zone_id, Transition_type_id, Offset, Is_DST, Abbreviation) VALUES
 (462, 0, 7200, 1, 'CEST')
,(462, 1, 3600, 0, 'CET')
,(462, 2, 7200, 1, 'CEST')
,(462, 3, 3600, 0, 'CET')
,(462, 4, 7200, 1, 'CEST')
,(462, 5, 3600, 0, 'CET')
;
INSERT INTO oceanbase.__all_tenant_time_zone (Time_zone_id, Use_leap_seconds) VALUES (463, 'N');
INSERT INTO  oceanbase.__all_tenant_time_zone_name (Name, Time_zone_id) VALUES ('Europe/Vienna', 463);
INSERT INTO  oceanbase.__all_tenant_time_zone_transition (Time_zone_id, Transition_time, Transition_type_id) VALUES
 (463, -1693706400, 0)
,(463, -1680483600, 1)
,(463, -1663455600, 2)
,(463, -1650150000, 3)
,(463, -1632006000, 2)
,(463, -1618700400, 3)
,(463, -1577926800, 1)
,(463, -1569711600, 2)
,(463, -1555801200, 3)
,(463, -938905200, 2)
,(463, -857257200, 3)
,(463, -844556400, 2)
,(463, -828226800, 3)
,(463, -812502000, 2)
,(463, -796777200, 3)
,(463, -781052400, 2)
,(463, -780188400, 3)
,(463, -757386000, 1)
,(463, -748479600, 2)
,(463, -733359600, 3)
,(463, -717634800, 2)
,(463, -701910000, 3)
,(463, -684975600, 2)
,(463, -670460400, 3)
,(463, 323823600, 0)
,(463, 338940000, 1)
,(463, 354675600, 4)
,(463, 370400400, 5)
,(463, 386125200, 4)
,(463, 401850000, 5)
,(463, 417574800, 4)
,(463, 433299600, 5)
,(463, 449024400, 4)
,(463, 465354000, 5)
,(463, 481078800, 4)
,(463, 496803600, 5)
,(463, 512528400, 4)
,(463, 528253200, 5)
,(463, 543978000, 4)
,(463, 559702800, 5)
,(463, 575427600, 4)
,(463, 591152400, 5)
,(463, 606877200, 4)
,(463, 622602000, 5)
,(463, 638326800, 4)
,(463, 654656400, 5)
,(463, 670381200, 4)
,(463, 686106000, 5)
,(463, 701830800, 4)
,(463, 717555600, 5)
,(463, 733280400, 4)
,(463, 749005200, 5)
,(463, 764730000, 4)
,(463, 780454800, 5)
,(463, 796179600, 4)
,(463, 811904400, 5)
,(463, 828234000, 4)
,(463, 846378000, 5)
,(463, 859683600, 4)
,(463, 877827600, 5)
,(463, 891133200, 4)
,(463, 909277200, 5)
,(463, 922582800, 4)
,(463, 941331600, 5)
,(463, 954032400, 4)
,(463, 972781200, 5)
,(463, 985482000, 4)
,(463, 1004230800, 5)
,(463, 1017536400, 4)
,(463, 1035680400, 5)
,(463, 1048986000, 4)
,(463, 1067130000, 5)
,(463, 1080435600, 4)
,(463, 1099184400, 5)
,(463, 1111885200, 4)
,(463, 1130634000, 5)
,(463, 1143334800, 4)
,(463, 1162083600, 5)
,(463, 1174784400, 4)
,(463, 1193533200, 5)
,(463, 1206838800, 4)
,(463, 1224982800, 5)
,(463, 1238288400, 4)
,(463, 1256432400, 5)
,(463, 1269738000, 4)
,(463, 1288486800, 5)
,(463, 1301187600, 4)
,(463, 1319936400, 5)
,(463, 1332637200, 4)
,(463, 1351386000, 5)
,(463, 1364691600, 4)
,(463, 1382835600, 5)
,(463, 1396141200, 4)
,(463, 1414285200, 5)
,(463, 1427590800, 4)
,(463, 1445734800, 5)
,(463, 1459040400, 4)
,(463, 1477789200, 5)
,(463, 1490490000, 4)
,(463, 1509238800, 5)
,(463, 1521939600, 4)
,(463, 1540688400, 5)
,(463, 1553994000, 4)
,(463, 1572138000, 5)
,(463, 1585443600, 4)
,(463, 1603587600, 5)
,(463, 1616893200, 4)
,(463, 1635642000, 5)
,(463, 1648342800, 4)
,(463, 1667091600, 5)
,(463, 1679792400, 4)
,(463, 1698541200, 5)
,(463, 1711846800, 4)
,(463, 1729990800, 5)
,(463, 1743296400, 4)
,(463, 1761440400, 5)
,(463, 1774746000, 4)
,(463, 1792890000, 5)
,(463, 1806195600, 4)
,(463, 1824944400, 5)
,(463, 1837645200, 4)
,(463, 1856394000, 5)
,(463, 1869094800, 4)
,(463, 1887843600, 5)
,(463, 1901149200, 4)
,(463, 1919293200, 5)
,(463, 1932598800, 4)
,(463, 1950742800, 5)
,(463, 1964048400, 4)
,(463, 1982797200, 5)
,(463, 1995498000, 4)
,(463, 2014246800, 5)
,(463, 2026947600, 4)
,(463, 2045696400, 5)
,(463, 2058397200, 4)
,(463, 2077146000, 5)
,(463, 2090451600, 4)
,(463, 2108595600, 5)
,(463, 2121901200, 4)
,(463, 2140045200, 5)
;
INSERT INTO  oceanbase.__all_tenant_time_zone_transition_type (Time_zone_id, Transition_type_id, Offset, Is_DST, Abbreviation) VALUES
 (463, 0, 7200, 1, 'CEST')
,(463, 1, 3600, 0, 'CET')
,(463, 2, 7200, 1, 'CEST')
,(463, 3, 3600, 0, 'CET')
,(463, 4, 7200, 1, 'CEST')
,(463, 5, 3600, 0, 'CET')
;
INSERT INTO oceanbase.__all_tenant_time_zone (Time_zone_id, Use_leap_seconds) VALUES (464, 'N');
INSERT INTO  oceanbase.__all_tenant_time_zone_name (Name, Time_zone_id) VALUES ('Europe/Vilnius', 464);
INSERT INTO  oceanbase.__all_tenant_time_zone_transition (Time_zone_id, Transition_time, Transition_type_id) VALUES
 (464, -1672536240, 1)
,(464, -1585100136, 2)
,(464, -1561251600, 3)
,(464, -1553565600, 2)
,(464, -928198800, 4)
,(464, -900126000, 7)
,(464, -857257200, 5)
,(464, -844556400, 6)
,(464, -828226800, 5)
,(464, -812502000, 6)
,(464, -802144800, 4)
,(464, 354920400, 8)
,(464, 370728000, 4)
,(464, 386456400, 8)
,(464, 402264000, 4)
,(464, 417992400, 8)
,(464, 433800000, 4)
,(464, 449614800, 8)
,(464, 465346800, 9)
,(464, 481071600, 10)
,(464, 496796400, 9)
,(464, 512521200, 10)
,(464, 528246000, 9)
,(464, 543970800, 10)
,(464, 559695600, 9)
,(464, 575420400, 10)
,(464, 591145200, 9)
,(464, 606870000, 10)
,(464, 622594800, 9)
,(464, 638319600, 10)
,(464, 654649200, 9)
,(464, 670374000, 11)
,(464, 686102400, 12)
,(464, 701827200, 11)
,(464, 717552000, 12)
,(464, 733276800, 11)
,(464, 749001600, 12)
,(464, 764726400, 11)
,(464, 780451200, 12)
,(464, 796176000, 11)
,(464, 811900800, 12)
,(464, 828230400, 11)
,(464, 846374400, 12)
,(464, 859680000, 11)
,(464, 877824000, 12)
,(464, 883605600, 3)
,(464, 891133200, 13)
,(464, 909277200, 14)
,(464, 922582800, 13)
,(464, 941331600, 15)
,(464, 1041372000, 3)
,(464, 1048986000, 16)
,(464, 1067130000, 15)
,(464, 1080435600, 16)
,(464, 1099184400, 15)
,(464, 1111885200, 16)
,(464, 1130634000, 15)
,(464, 1143334800, 16)
,(464, 1162083600, 15)
,(464, 1174784400, 16)
,(464, 1193533200, 15)
,(464, 1206838800, 16)
,(464, 1224982800, 15)
,(464, 1238288400, 16)
,(464, 1256432400, 15)
,(464, 1269738000, 16)
,(464, 1288486800, 15)
,(464, 1301187600, 16)
,(464, 1319936400, 15)
,(464, 1332637200, 16)
,(464, 1351386000, 15)
,(464, 1364691600, 16)
,(464, 1382835600, 15)
,(464, 1396141200, 16)
,(464, 1414285200, 15)
,(464, 1427590800, 16)
,(464, 1445734800, 15)
,(464, 1459040400, 16)
,(464, 1477789200, 15)
,(464, 1490490000, 16)
,(464, 1509238800, 15)
,(464, 1521939600, 16)
,(464, 1540688400, 15)
,(464, 1553994000, 16)
,(464, 1572138000, 15)
,(464, 1585443600, 16)
,(464, 1603587600, 15)
,(464, 1616893200, 16)
,(464, 1635642000, 15)
,(464, 1648342800, 16)
,(464, 1667091600, 15)
,(464, 1679792400, 16)
,(464, 1698541200, 15)
,(464, 1711846800, 16)
,(464, 1729990800, 15)
,(464, 1743296400, 16)
,(464, 1761440400, 15)
,(464, 1774746000, 16)
,(464, 1792890000, 15)
,(464, 1806195600, 16)
,(464, 1824944400, 15)
,(464, 1837645200, 16)
,(464, 1856394000, 15)
,(464, 1869094800, 16)
,(464, 1887843600, 15)
,(464, 1901149200, 16)
,(464, 1919293200, 15)
,(464, 1932598800, 16)
,(464, 1950742800, 15)
,(464, 1964048400, 16)
,(464, 1982797200, 15)
,(464, 1995498000, 16)
,(464, 2014246800, 15)
,(464, 2026947600, 16)
,(464, 2045696400, 15)
,(464, 2058397200, 16)
,(464, 2077146000, 15)
,(464, 2090451600, 16)
,(464, 2108595600, 15)
,(464, 2121901200, 16)
,(464, 2140045200, 15)
;
INSERT INTO  oceanbase.__all_tenant_time_zone_transition_type (Time_zone_id, Transition_type_id, Offset, Is_DST, Abbreviation) VALUES
 (464, 0, 5040, 0, 'WMT')
,(464, 1, 5736, 0, 'KMT')
,(464, 2, 3600, 0, 'CET')
,(464, 3, 7200, 0, 'EET')
,(464, 4, 10800, 0, 'MSK')
,(464, 5, 3600, 0, 'CET')
,(464, 6, 7200, 1, 'CEST')
,(464, 7, 7200, 1, 'CEST')
,(464, 8, 14400, 1, 'MSD')
,(464, 9, 10800, 0, 'MSK')
,(464, 10, 14400, 1, 'MSD')
,(464, 11, 10800, 1, 'EEST')
,(464, 12, 7200, 0, 'EET')
,(464, 13, 7200, 1, 'CEST')
,(464, 14, 3600, 0, 'CET')
,(464, 15, 7200, 0, 'EET')
,(464, 16, 10800, 1, 'EEST')
;
INSERT INTO oceanbase.__all_tenant_time_zone (Time_zone_id, Use_leap_seconds) VALUES (465, 'N');
INSERT INTO  oceanbase.__all_tenant_time_zone_name (Name, Time_zone_id) VALUES ('Europe/Volgograd', 465);
INSERT INTO  oceanbase.__all_tenant_time_zone_transition (Time_zone_id, Transition_time, Transition_type_id) VALUES
 (465, -1577761060, 1)
,(465, -1411873200, 2)
,(465, -1247540400, 3)
,(465, -256881600, 5)
,(465, 354916800, 4)
,(465, 370724400, 5)
,(465, 386452800, 4)
,(465, 402260400, 5)
,(465, 417988800, 4)
,(465, 433796400, 5)
,(465, 449611200, 4)
,(465, 465343200, 6)
,(465, 481068000, 7)
,(465, 496792800, 6)
,(465, 512517600, 7)
,(465, 528242400, 6)
,(465, 543967200, 7)
,(465, 559692000, 6)
,(465, 575416800, 7)
,(465, 591141600, 6)
,(465, 606866400, 8)
,(465, 622594800, 9)
,(465, 638319600, 8)
,(465, 654649200, 9)
,(465, 670374000, 6)
,(465, 701820000, 8)
,(465, 717534000, 10)
,(465, 733273200, 8)
,(465, 748998000, 9)
,(465, 764722800, 8)
,(465, 780447600, 9)
,(465, 796172400, 8)
,(465, 811897200, 9)
,(465, 828226800, 8)
,(465, 846370800, 9)
,(465, 859676400, 8)
,(465, 877820400, 9)
,(465, 891126000, 8)
,(465, 909270000, 9)
,(465, 922575600, 8)
,(465, 941324400, 9)
,(465, 954025200, 8)
,(465, 972774000, 9)
,(465, 985474800, 8)
,(465, 1004223600, 9)
,(465, 1017529200, 8)
,(465, 1035673200, 9)
,(465, 1048978800, 8)
,(465, 1067122800, 9)
,(465, 1080428400, 8)
,(465, 1099177200, 9)
,(465, 1111878000, 8)
,(465, 1130626800, 9)
,(465, 1143327600, 8)
,(465, 1162076400, 9)
,(465, 1174777200, 8)
,(465, 1193526000, 9)
,(465, 1206831600, 8)
,(465, 1224975600, 9)
,(465, 1238281200, 8)
,(465, 1256425200, 9)
,(465, 1269730800, 8)
,(465, 1288479600, 9)
,(465, 1301180400, 6)
;
INSERT INTO  oceanbase.__all_tenant_time_zone_transition_type (Time_zone_id, Transition_type_id, Offset, Is_DST, Abbreviation) VALUES
 (465, 0, 10660, 0, 'LMT')
,(465, 1, 10800, 0, 'TSAT')
,(465, 2, 10800, 0, 'STAT')
,(465, 3, 14400, 0, 'STAT')
,(465, 4, 18000, 1, 'VOLST')
,(465, 5, 14400, 0, 'VOLT')
,(465, 6, 14400, 0, 'VOLT')
,(465, 7, 18000, 1, 'VOLST')
,(465, 8, 14400, 1, 'VOLST')
,(465, 9, 10800, 0, 'VOLT')
,(465, 10, 10800, 0, 'VOLT')
;
INSERT INTO oceanbase.__all_tenant_time_zone (Time_zone_id, Use_leap_seconds) VALUES (466, 'N');
INSERT INTO  oceanbase.__all_tenant_time_zone_name (Name, Time_zone_id) VALUES ('Europe/Warsaw', 466);
INSERT INTO  oceanbase.__all_tenant_time_zone_transition (Time_zone_id, Transition_time, Transition_type_id) VALUES
 (466, -1717032240, 2)
,(466, -1693706400, 1)
,(466, -1680483600, 2)
,(466, -1663455600, 3)
,(466, -1650150000, 4)
,(466, -1632006000, 3)
,(466, -1618700400, 7)
,(466, -1600473600, 5)
,(466, -1587168000, 6)
,(466, -1501725600, 2)
,(466, -931734000, 1)
,(466, -857257200, 4)
,(466, -844556400, 3)
,(466, -828226800, 4)
,(466, -812502000, 3)
,(466, -796874400, 1)
,(466, -796608000, 2)
,(466, -778726800, 1)
,(466, -762660000, 2)
,(466, -748486800, 3)
,(466, -733273200, 4)
,(466, -715215600, 3)
,(466, -701910000, 4)
,(466, -684975600, 3)
,(466, -670460400, 4)
,(466, -654130800, 3)
,(466, -639010800, 4)
,(466, -397094400, 3)
,(466, -386812800, 4)
,(466, -371088000, 3)
,(466, -355363200, 4)
,(466, -334195200, 3)
,(466, -323308800, 4)
,(466, -307584000, 3)
,(466, -291859200, 4)
,(466, -271296000, 3)
,(466, -260409600, 4)
,(466, -239846400, 3)
,(466, -228960000, 4)
,(466, -208396800, 3)
,(466, -197510400, 4)
,(466, -176342400, 3)
,(466, -166060800, 4)
,(466, 220921200, 2)
,(466, 228873600, 3)
,(466, 243993600, 4)
,(466, 260323200, 3)
,(466, 276048000, 4)
,(466, 291772800, 3)
,(466, 307497600, 4)
,(466, 323827200, 3)
,(466, 338947200, 4)
,(466, 354672000, 3)
,(466, 370396800, 4)
,(466, 386121600, 3)
,(466, 401846400, 4)
,(466, 417571200, 3)
,(466, 433296000, 4)
,(466, 449020800, 3)
,(466, 465350400, 4)
,(466, 481075200, 3)
,(466, 496800000, 4)
,(466, 512524800, 3)
,(466, 528249600, 4)
,(466, 543974400, 3)
,(466, 559699200, 4)
,(466, 567990000, 2)
,(466, 575427600, 8)
,(466, 591152400, 9)
,(466, 606877200, 8)
,(466, 622602000, 9)
,(466, 638326800, 8)
,(466, 654656400, 9)
,(466, 670381200, 8)
,(466, 686106000, 9)
,(466, 701830800, 8)
,(466, 717555600, 9)
,(466, 733280400, 8)
,(466, 749005200, 9)
,(466, 764730000, 8)
,(466, 780454800, 9)
,(466, 796179600, 8)
,(466, 811904400, 9)
,(466, 828234000, 8)
,(466, 846378000, 9)
,(466, 859683600, 8)
,(466, 877827600, 9)
,(466, 891133200, 8)
,(466, 909277200, 9)
,(466, 922582800, 8)
,(466, 941331600, 9)
,(466, 954032400, 8)
,(466, 972781200, 9)
,(466, 985482000, 8)
,(466, 1004230800, 9)
,(466, 1017536400, 8)
,(466, 1035680400, 9)
,(466, 1048986000, 8)
,(466, 1067130000, 9)
,(466, 1080435600, 8)
,(466, 1099184400, 9)
,(466, 1111885200, 8)
,(466, 1130634000, 9)
,(466, 1143334800, 8)
,(466, 1162083600, 9)
,(466, 1174784400, 8)
,(466, 1193533200, 9)
,(466, 1206838800, 8)
,(466, 1224982800, 9)
,(466, 1238288400, 8)
,(466, 1256432400, 9)
,(466, 1269738000, 8)
,(466, 1288486800, 9)
,(466, 1301187600, 8)
,(466, 1319936400, 9)
,(466, 1332637200, 8)
,(466, 1351386000, 9)
,(466, 1364691600, 8)
,(466, 1382835600, 9)
,(466, 1396141200, 8)
,(466, 1414285200, 9)
,(466, 1427590800, 8)
,(466, 1445734800, 9)
,(466, 1459040400, 8)
,(466, 1477789200, 9)
,(466, 1490490000, 8)
,(466, 1509238800, 9)
,(466, 1521939600, 8)
,(466, 1540688400, 9)
,(466, 1553994000, 8)
,(466, 1572138000, 9)
,(466, 1585443600, 8)
,(466, 1603587600, 9)
,(466, 1616893200, 8)
,(466, 1635642000, 9)
,(466, 1648342800, 8)
,(466, 1667091600, 9)
,(466, 1679792400, 8)
,(466, 1698541200, 9)
,(466, 1711846800, 8)
,(466, 1729990800, 9)
,(466, 1743296400, 8)
,(466, 1761440400, 9)
,(466, 1774746000, 8)
,(466, 1792890000, 9)
,(466, 1806195600, 8)
,(466, 1824944400, 9)
,(466, 1837645200, 8)
,(466, 1856394000, 9)
,(466, 1869094800, 8)
,(466, 1887843600, 9)
,(466, 1901149200, 8)
,(466, 1919293200, 9)
,(466, 1932598800, 8)
,(466, 1950742800, 9)
,(466, 1964048400, 8)
,(466, 1982797200, 9)
,(466, 1995498000, 8)
,(466, 2014246800, 9)
,(466, 2026947600, 8)
,(466, 2045696400, 9)
,(466, 2058397200, 8)
,(466, 2077146000, 9)
,(466, 2090451600, 8)
,(466, 2108595600, 9)
,(466, 2121901200, 8)
,(466, 2140045200, 9)
;
INSERT INTO  oceanbase.__all_tenant_time_zone_transition_type (Time_zone_id, Transition_type_id, Offset, Is_DST, Abbreviation) VALUES
 (466, 0, 5040, 0, 'WMT')
,(466, 1, 7200, 1, 'CEST')
,(466, 2, 3600, 0, 'CET')
,(466, 3, 7200, 1, 'CEST')
,(466, 4, 3600, 0, 'CET')
,(466, 5, 10800, 1, 'EEST')
,(466, 6, 7200, 0, 'EET')
,(466, 7, 7200, 0, 'EET')
,(466, 8, 7200, 1, 'CEST')
,(466, 9, 3600, 0, 'CET')
;
INSERT INTO oceanbase.__all_tenant_time_zone (Time_zone_id, Use_leap_seconds) VALUES (467, 'N');
INSERT INTO  oceanbase.__all_tenant_time_zone_name (Name, Time_zone_id) VALUES ('Europe/Zagreb', 467);
INSERT INTO  oceanbase.__all_tenant_time_zone_transition (Time_zone_id, Transition_time, Transition_type_id) VALUES
 (467, -905824800, 3)
,(467, -857257200, 1)
,(467, -844556400, 2)
,(467, -828226800, 1)
,(467, -812502000, 2)
,(467, -796777200, 1)
,(467, -788922000, 0)
,(467, -777942000, 2)
,(467, -766623600, 1)
,(467, 407199600, 0)
,(467, 417574800, 4)
,(467, 433299600, 5)
,(467, 449024400, 4)
,(467, 465354000, 5)
,(467, 481078800, 4)
,(467, 496803600, 5)
,(467, 512528400, 4)
,(467, 528253200, 5)
,(467, 543978000, 4)
,(467, 559702800, 5)
,(467, 575427600, 4)
,(467, 591152400, 5)
,(467, 606877200, 4)
,(467, 622602000, 5)
,(467, 638326800, 4)
,(467, 654656400, 5)
,(467, 670381200, 4)
,(467, 686106000, 5)
,(467, 701830800, 4)
,(467, 717555600, 5)
,(467, 733280400, 4)
,(467, 749005200, 5)
,(467, 764730000, 4)
,(467, 780454800, 5)
,(467, 796179600, 4)
,(467, 811904400, 5)
,(467, 828234000, 4)
,(467, 846378000, 5)
,(467, 859683600, 4)
,(467, 877827600, 5)
,(467, 891133200, 4)
,(467, 909277200, 5)
,(467, 922582800, 4)
,(467, 941331600, 5)
,(467, 954032400, 4)
,(467, 972781200, 5)
,(467, 985482000, 4)
,(467, 1004230800, 5)
,(467, 1017536400, 4)
,(467, 1035680400, 5)
,(467, 1048986000, 4)
,(467, 1067130000, 5)
,(467, 1080435600, 4)
,(467, 1099184400, 5)
,(467, 1111885200, 4)
,(467, 1130634000, 5)
,(467, 1143334800, 4)
,(467, 1162083600, 5)
,(467, 1174784400, 4)
,(467, 1193533200, 5)
,(467, 1206838800, 4)
,(467, 1224982800, 5)
,(467, 1238288400, 4)
,(467, 1256432400, 5)
,(467, 1269738000, 4)
,(467, 1288486800, 5)
,(467, 1301187600, 4)
,(467, 1319936400, 5)
,(467, 1332637200, 4)
,(467, 1351386000, 5)
,(467, 1364691600, 4)
,(467, 1382835600, 5)
,(467, 1396141200, 4)
,(467, 1414285200, 5)
,(467, 1427590800, 4)
,(467, 1445734800, 5)
,(467, 1459040400, 4)
,(467, 1477789200, 5)
,(467, 1490490000, 4)
,(467, 1509238800, 5)
,(467, 1521939600, 4)
,(467, 1540688400, 5)
,(467, 1553994000, 4)
,(467, 1572138000, 5)
,(467, 1585443600, 4)
,(467, 1603587600, 5)
,(467, 1616893200, 4)
,(467, 1635642000, 5)
,(467, 1648342800, 4)
,(467, 1667091600, 5)
,(467, 1679792400, 4)
,(467, 1698541200, 5)
,(467, 1711846800, 4)
,(467, 1729990800, 5)
,(467, 1743296400, 4)
,(467, 1761440400, 5)
,(467, 1774746000, 4)
,(467, 1792890000, 5)
,(467, 1806195600, 4)
,(467, 1824944400, 5)
,(467, 1837645200, 4)
,(467, 1856394000, 5)
,(467, 1869094800, 4)
,(467, 1887843600, 5)
,(467, 1901149200, 4)
,(467, 1919293200, 5)
,(467, 1932598800, 4)
,(467, 1950742800, 5)
,(467, 1964048400, 4)
,(467, 1982797200, 5)
,(467, 1995498000, 4)
,(467, 2014246800, 5)
,(467, 2026947600, 4)
,(467, 2045696400, 5)
,(467, 2058397200, 4)
,(467, 2077146000, 5)
,(467, 2090451600, 4)
,(467, 2108595600, 5)
,(467, 2121901200, 4)
,(467, 2140045200, 5)
;
INSERT INTO  oceanbase.__all_tenant_time_zone_transition_type (Time_zone_id, Transition_type_id, Offset, Is_DST, Abbreviation) VALUES
 (467, 0, 3600, 0, 'CET')
,(467, 1, 3600, 0, 'CET')
,(467, 2, 7200, 1, 'CEST')
,(467, 3, 7200, 1, 'CEST')
,(467, 4, 7200, 1, 'CEST')
,(467, 5, 3600, 0, 'CET')
;
INSERT INTO oceanbase.__all_tenant_time_zone (Time_zone_id, Use_leap_seconds) VALUES (468, 'N');
INSERT INTO  oceanbase.__all_tenant_time_zone_name (Name, Time_zone_id) VALUES ('Europe/Zaporozhye', 468);
INSERT INTO  oceanbase.__all_tenant_time_zone_transition (Time_zone_id, Transition_time, Transition_type_id) VALUES
 (468, -1441160400, 1)
,(468, -1247536800, 2)
,(468, -894769200, 5)
,(468, -857257200, 3)
,(468, -844556400, 4)
,(468, -828226800, 3)
,(468, -826419600, 2)
,(468, 354920400, 6)
,(468, 370728000, 2)
,(468, 386456400, 6)
,(468, 402264000, 2)
,(468, 417992400, 6)
,(468, 433800000, 2)
,(468, 449614800, 6)
,(468, 465346800, 7)
,(468, 481071600, 8)
,(468, 496796400, 7)
,(468, 512521200, 8)
,(468, 528246000, 7)
,(468, 543970800, 8)
,(468, 559695600, 7)
,(468, 575420400, 8)
,(468, 591145200, 7)
,(468, 606870000, 8)
,(468, 622594800, 7)
,(468, 638319600, 8)
,(468, 654649200, 7)
,(468, 670374000, 9)
,(468, 686091600, 1)
,(468, 701820000, 9)
,(468, 717541200, 1)
,(468, 733269600, 9)
,(468, 748990800, 1)
,(468, 764719200, 9)
,(468, 780440400, 1)
,(468, 796179600, 10)
,(468, 811904400, 11)
,(468, 828234000, 10)
,(468, 846378000, 11)
,(468, 859683600, 10)
,(468, 877827600, 11)
,(468, 891133200, 10)
,(468, 909277200, 11)
,(468, 922582800, 10)
,(468, 941331600, 11)
,(468, 954032400, 10)
,(468, 972781200, 11)
,(468, 985482000, 10)
,(468, 1004230800, 11)
,(468, 1017536400, 10)
,(468, 1035680400, 11)
,(468, 1048986000, 10)
,(468, 1067130000, 11)
,(468, 1080435600, 10)
,(468, 1099184400, 11)
,(468, 1111885200, 10)
,(468, 1130634000, 11)
,(468, 1143334800, 10)
,(468, 1162083600, 11)
,(468, 1174784400, 10)
,(468, 1193533200, 11)
,(468, 1206838800, 10)
,(468, 1224982800, 11)
,(468, 1238288400, 10)
,(468, 1256432400, 11)
,(468, 1269738000, 10)
,(468, 1288486800, 11)
,(468, 1301187600, 10)
,(468, 1319936400, 11)
,(468, 1332637200, 10)
,(468, 1351386000, 11)
,(468, 1364691600, 10)
,(468, 1382835600, 11)
,(468, 1396141200, 10)
,(468, 1414285200, 11)
,(468, 1427590800, 10)
,(468, 1445734800, 11)
,(468, 1459040400, 10)
,(468, 1477789200, 11)
,(468, 1490490000, 10)
,(468, 1509238800, 11)
,(468, 1521939600, 10)
,(468, 1540688400, 11)
,(468, 1553994000, 10)
,(468, 1572138000, 11)
,(468, 1585443600, 10)
,(468, 1603587600, 11)
,(468, 1616893200, 10)
,(468, 1635642000, 11)
,(468, 1648342800, 10)
,(468, 1667091600, 11)
,(468, 1679792400, 10)
,(468, 1698541200, 11)
,(468, 1711846800, 10)
,(468, 1729990800, 11)
,(468, 1743296400, 10)
,(468, 1761440400, 11)
,(468, 1774746000, 10)
,(468, 1792890000, 11)
,(468, 1806195600, 10)
,(468, 1824944400, 11)
,(468, 1837645200, 10)
,(468, 1856394000, 11)
,(468, 1869094800, 10)
,(468, 1887843600, 11)
,(468, 1901149200, 10)
,(468, 1919293200, 11)
,(468, 1932598800, 10)
,(468, 1950742800, 11)
,(468, 1964048400, 10)
,(468, 1982797200, 11)
,(468, 1995498000, 10)
,(468, 2014246800, 11)
,(468, 2026947600, 10)
,(468, 2045696400, 11)
,(468, 2058397200, 10)
,(468, 2077146000, 11)
,(468, 2090451600, 10)
,(468, 2108595600, 11)
,(468, 2121901200, 10)
,(468, 2140045200, 11)
;
INSERT INTO  oceanbase.__all_tenant_time_zone_transition_type (Time_zone_id, Transition_type_id, Offset, Is_DST, Abbreviation) VALUES
 (468, 0, 8400, 0, 'CUT')
,(468, 1, 7200, 0, 'EET')
,(468, 2, 10800, 0, 'MSK')
,(468, 3, 3600, 0, 'CET')
,(468, 4, 7200, 1, 'CEST')
,(468, 5, 7200, 1, 'CEST')
,(468, 6, 14400, 1, 'MSD')
,(468, 7, 10800, 0, 'MSK')
,(468, 8, 14400, 1, 'MSD')
,(468, 9, 10800, 1, 'EEST')
,(468, 10, 10800, 1, 'EEST')
,(468, 11, 7200, 0, 'EET')
;
INSERT INTO oceanbase.__all_tenant_time_zone (Time_zone_id, Use_leap_seconds) VALUES (469, 'N');
INSERT INTO  oceanbase.__all_tenant_time_zone_name (Name, Time_zone_id) VALUES ('Europe/Zurich', 469);
INSERT INTO  oceanbase.__all_tenant_time_zone_transition (Time_zone_id, Transition_time, Transition_type_id) VALUES
 (469, -904435200, 0)
,(469, -891129600, 1)
,(469, -872985600, 0)
,(469, -859680000, 1)
,(469, 354675600, 2)
,(469, 370400400, 3)
,(469, 386125200, 2)
,(469, 401850000, 3)
,(469, 417574800, 2)
,(469, 433299600, 3)
,(469, 449024400, 2)
,(469, 465354000, 3)
,(469, 481078800, 2)
,(469, 496803600, 3)
,(469, 512528400, 2)
,(469, 528253200, 3)
,(469, 543978000, 2)
,(469, 559702800, 3)
,(469, 575427600, 2)
,(469, 591152400, 3)
,(469, 606877200, 2)
,(469, 622602000, 3)
,(469, 638326800, 2)
,(469, 654656400, 3)
,(469, 670381200, 2)
,(469, 686106000, 3)
,(469, 701830800, 2)
,(469, 717555600, 3)
,(469, 733280400, 2)
,(469, 749005200, 3)
,(469, 764730000, 2)
,(469, 780454800, 3)
,(469, 796179600, 2)
,(469, 811904400, 3)
,(469, 828234000, 2)
,(469, 846378000, 3)
,(469, 859683600, 2)
,(469, 877827600, 3)
,(469, 891133200, 2)
,(469, 909277200, 3)
,(469, 922582800, 2)
,(469, 941331600, 3)
,(469, 954032400, 2)
,(469, 972781200, 3)
,(469, 985482000, 2)
,(469, 1004230800, 3)
,(469, 1017536400, 2)
,(469, 1035680400, 3)
,(469, 1048986000, 2)
,(469, 1067130000, 3)
,(469, 1080435600, 2)
,(469, 1099184400, 3)
,(469, 1111885200, 2)
,(469, 1130634000, 3)
,(469, 1143334800, 2)
,(469, 1162083600, 3)
,(469, 1174784400, 2)
,(469, 1193533200, 3)
,(469, 1206838800, 2)
,(469, 1224982800, 3)
,(469, 1238288400, 2)
,(469, 1256432400, 3)
,(469, 1269738000, 2)
,(469, 1288486800, 3)
,(469, 1301187600, 2)
,(469, 1319936400, 3)
,(469, 1332637200, 2)
,(469, 1351386000, 3)
,(469, 1364691600, 2)
,(469, 1382835600, 3)
,(469, 1396141200, 2)
,(469, 1414285200, 3)
,(469, 1427590800, 2)
,(469, 1445734800, 3)
,(469, 1459040400, 2)
,(469, 1477789200, 3)
,(469, 1490490000, 2)
,(469, 1509238800, 3)
,(469, 1521939600, 2)
,(469, 1540688400, 3)
,(469, 1553994000, 2)
,(469, 1572138000, 3)
,(469, 1585443600, 2)
,(469, 1603587600, 3)
,(469, 1616893200, 2)
,(469, 1635642000, 3)
,(469, 1648342800, 2)
,(469, 1667091600, 3)
,(469, 1679792400, 2)
,(469, 1698541200, 3)
,(469, 1711846800, 2)
,(469, 1729990800, 3)
,(469, 1743296400, 2)
,(469, 1761440400, 3)
,(469, 1774746000, 2)
,(469, 1792890000, 3)
,(469, 1806195600, 2)
,(469, 1824944400, 3)
,(469, 1837645200, 2)
,(469, 1856394000, 3)
,(469, 1869094800, 2)
,(469, 1887843600, 3)
,(469, 1901149200, 2)
,(469, 1919293200, 3)
,(469, 1932598800, 2)
,(469, 1950742800, 3)
,(469, 1964048400, 2)
,(469, 1982797200, 3)
,(469, 1995498000, 2)
,(469, 2014246800, 3)
,(469, 2026947600, 2)
,(469, 2045696400, 3)
,(469, 2058397200, 2)
,(469, 2077146000, 3)
,(469, 2090451600, 2)
,(469, 2108595600, 3)
,(469, 2121901200, 2)
,(469, 2140045200, 3)
;
INSERT INTO  oceanbase.__all_tenant_time_zone_transition_type (Time_zone_id, Transition_type_id, Offset, Is_DST, Abbreviation) VALUES
 (469, 0, 7200, 1, 'CEST')
,(469, 1, 3600, 0, 'CET')
,(469, 2, 7200, 1, 'CEST')
,(469, 3, 3600, 0, 'CET')
;
INSERT INTO oceanbase.__all_tenant_time_zone (Time_zone_id, Use_leap_seconds) VALUES (470, 'N');
INSERT INTO  oceanbase.__all_tenant_time_zone_name (Name, Time_zone_id) VALUES ('Factory', 470);
INSERT INTO  oceanbase.__all_tenant_time_zone_transition_type (Time_zone_id, Transition_type_id, Offset, Is_DST, Abbreviation) VALUES
 (470, 0, 0, 0, 'invalid')
;
INSERT INTO oceanbase.__all_tenant_time_zone (Time_zone_id, Use_leap_seconds) VALUES (471, 'N');
INSERT INTO  oceanbase.__all_tenant_time_zone_name (Name, Time_zone_id) VALUES ('GB', 471);
INSERT INTO  oceanbase.__all_tenant_time_zone_transition (Time_zone_id, Transition_time, Transition_type_id) VALUES
 (471, -1691964000, 0)
,(471, -1680472800, 1)
,(471, -1664143200, 0)
,(471, -1650146400, 1)
,(471, -1633903200, 0)
,(471, -1617487200, 1)
,(471, -1601848800, 0)
,(471, -1586037600, 1)
,(471, -1570399200, 0)
,(471, -1552168800, 1)
,(471, -1538344800, 0)
,(471, -1522533600, 1)
,(471, -1507500000, 0)
,(471, -1490565600, 1)
,(471, -1473631200, 0)
,(471, -1460930400, 1)
,(471, -1442786400, 0)
,(471, -1428876000, 1)
,(471, -1410732000, 0)
,(471, -1396216800, 1)
,(471, -1379282400, 0)
,(471, -1364767200, 1)
,(471, -1348437600, 0)
,(471, -1333317600, 1)
,(471, -1315778400, 0)
,(471, -1301263200, 1)
,(471, -1284328800, 0)
,(471, -1269813600, 1)
,(471, -1253484000, 0)
,(471, -1238364000, 1)
,(471, -1221429600, 0)
,(471, -1206914400, 1)
,(471, -1189980000, 0)
,(471, -1175464800, 1)
,(471, -1159135200, 0)
,(471, -1143410400, 1)
,(471, -1126476000, 0)
,(471, -1111960800, 1)
,(471, -1095631200, 0)
,(471, -1080511200, 1)
,(471, -1063576800, 0)
,(471, -1049061600, 1)
,(471, -1032127200, 0)
,(471, -1017612000, 1)
,(471, -1001282400, 0)
,(471, -986162400, 1)
,(471, -969228000, 0)
,(471, -950479200, 1)
,(471, -942012000, 0)
,(471, -904518000, 2)
,(471, -896050800, 0)
,(471, -875487600, 2)
,(471, -864601200, 0)
,(471, -844038000, 2)
,(471, -832546800, 0)
,(471, -812588400, 2)
,(471, -798073200, 0)
,(471, -781052400, 2)
,(471, -772066800, 0)
,(471, -764805600, 1)
,(471, -748476000, 0)
,(471, -733356000, 1)
,(471, -719445600, 0)
,(471, -717030000, 2)
,(471, -706748400, 0)
,(471, -699487200, 1)
,(471, -687996000, 0)
,(471, -668037600, 1)
,(471, -654732000, 0)
,(471, -636588000, 1)
,(471, -622072800, 0)
,(471, -605743200, 1)
,(471, -590623200, 0)
,(471, -574293600, 1)
,(471, -558568800, 0)
,(471, -542239200, 1)
,(471, -527119200, 0)
,(471, -512604000, 1)
,(471, -496274400, 0)
,(471, -481154400, 1)
,(471, -464220000, 0)
,(471, -449704800, 1)
,(471, -432165600, 0)
,(471, -417650400, 1)
,(471, -401320800, 0)
,(471, -386200800, 1)
,(471, -369266400, 0)
,(471, -354751200, 1)
,(471, -337816800, 0)
,(471, -323301600, 1)
,(471, -306972000, 0)
,(471, -291852000, 1)
,(471, -276732000, 0)
,(471, -257983200, 1)
,(471, -245282400, 0)
,(471, -226533600, 1)
,(471, -213228000, 0)
,(471, -195084000, 1)
,(471, -182383200, 0)
,(471, -163634400, 1)
,(471, -150933600, 0)
,(471, -132184800, 1)
,(471, -119484000, 0)
,(471, -100735200, 1)
,(471, -88034400, 0)
,(471, -68680800, 1)
,(471, -59004000, 0)
,(471, -37242000, 3)
,(471, 57722400, 5)
,(471, 69818400, 0)
,(471, 89172000, 1)
,(471, 101268000, 0)
,(471, 120621600, 1)
,(471, 132717600, 0)
,(471, 152071200, 1)
,(471, 164167200, 0)
,(471, 183520800, 1)
,(471, 196221600, 0)
,(471, 214970400, 1)
,(471, 227671200, 0)
,(471, 246420000, 1)
,(471, 259120800, 0)
,(471, 278474400, 1)
,(471, 290570400, 0)
,(471, 309924000, 1)
,(471, 322020000, 0)
,(471, 341373600, 1)
,(471, 354675600, 4)
,(471, 372819600, 5)
,(471, 386125200, 4)
,(471, 404269200, 5)
,(471, 417574800, 4)
,(471, 435718800, 5)
,(471, 449024400, 4)
,(471, 467773200, 5)
,(471, 481078800, 4)
,(471, 499222800, 5)
,(471, 512528400, 4)
,(471, 530672400, 5)
,(471, 543978000, 4)
,(471, 562122000, 5)
,(471, 575427600, 4)
,(471, 593571600, 5)
,(471, 606877200, 4)
,(471, 625626000, 5)
,(471, 638326800, 4)
,(471, 657075600, 5)
,(471, 670381200, 4)
,(471, 688525200, 5)
,(471, 701830800, 4)
,(471, 719974800, 5)
,(471, 733280400, 4)
,(471, 751424400, 5)
,(471, 764730000, 4)
,(471, 782874000, 5)
,(471, 796179600, 4)
,(471, 814323600, 5)
,(471, 820454400, 6)
,(471, 828234000, 4)
,(471, 846378000, 5)
,(471, 859683600, 4)
,(471, 877827600, 5)
,(471, 891133200, 4)
,(471, 909277200, 5)
,(471, 922582800, 4)
,(471, 941331600, 5)
,(471, 954032400, 4)
,(471, 972781200, 5)
,(471, 985482000, 4)
,(471, 1004230800, 5)
,(471, 1017536400, 4)
,(471, 1035680400, 5)
,(471, 1048986000, 4)
,(471, 1067130000, 5)
,(471, 1080435600, 4)
,(471, 1099184400, 5)
,(471, 1111885200, 4)
,(471, 1130634000, 5)
,(471, 1143334800, 4)
,(471, 1162083600, 5)
,(471, 1174784400, 4)
,(471, 1193533200, 5)
,(471, 1206838800, 4)
,(471, 1224982800, 5)
,(471, 1238288400, 4)
,(471, 1256432400, 5)
,(471, 1269738000, 4)
,(471, 1288486800, 5)
,(471, 1301187600, 4)
,(471, 1319936400, 5)
,(471, 1332637200, 4)
,(471, 1351386000, 5)
,(471, 1364691600, 4)
,(471, 1382835600, 5)
,(471, 1396141200, 4)
,(471, 1414285200, 5)
,(471, 1427590800, 4)
,(471, 1445734800, 5)
,(471, 1459040400, 4)
,(471, 1477789200, 5)
,(471, 1490490000, 4)
,(471, 1509238800, 5)
,(471, 1521939600, 4)
,(471, 1540688400, 5)
,(471, 1553994000, 4)
,(471, 1572138000, 5)
,(471, 1585443600, 4)
,(471, 1603587600, 5)
,(471, 1616893200, 4)
,(471, 1635642000, 5)
,(471, 1648342800, 4)
,(471, 1667091600, 5)
,(471, 1679792400, 4)
,(471, 1698541200, 5)
,(471, 1711846800, 4)
,(471, 1729990800, 5)
,(471, 1743296400, 4)
,(471, 1761440400, 5)
,(471, 1774746000, 4)
,(471, 1792890000, 5)
,(471, 1806195600, 4)
,(471, 1824944400, 5)
,(471, 1837645200, 4)
,(471, 1856394000, 5)
,(471, 1869094800, 4)
,(471, 1887843600, 5)
,(471, 1901149200, 4)
,(471, 1919293200, 5)
,(471, 1932598800, 4)
,(471, 1950742800, 5)
,(471, 1964048400, 4)
,(471, 1982797200, 5)
,(471, 1995498000, 4)
,(471, 2014246800, 5)
,(471, 2026947600, 4)
,(471, 2045696400, 5)
,(471, 2058397200, 4)
,(471, 2077146000, 5)
,(471, 2090451600, 4)
,(471, 2108595600, 5)
,(471, 2121901200, 4)
,(471, 2140045200, 5)
;
INSERT INTO  oceanbase.__all_tenant_time_zone_transition_type (Time_zone_id, Transition_type_id, Offset, Is_DST, Abbreviation) VALUES
 (471, 0, 3600, 1, 'BST')
,(471, 1, 0, 0, 'GMT')
,(471, 2, 7200, 1, 'BDST')
,(471, 3, 3600, 0, 'BST')
,(471, 4, 3600, 1, 'BST')
,(471, 5, 0, 0, 'GMT')
,(471, 6, 0, 0, 'GMT')
;
INSERT INTO oceanbase.__all_tenant_time_zone (Time_zone_id, Use_leap_seconds) VALUES (472, 'N');
INSERT INTO  oceanbase.__all_tenant_time_zone_name (Name, Time_zone_id) VALUES ('GB-Eire', 472);
INSERT INTO  oceanbase.__all_tenant_time_zone_transition (Time_zone_id, Transition_time, Transition_type_id) VALUES
 (472, -1691964000, 0)
,(472, -1680472800, 1)
,(472, -1664143200, 0)
,(472, -1650146400, 1)
,(472, -1633903200, 0)
,(472, -1617487200, 1)
,(472, -1601848800, 0)
,(472, -1586037600, 1)
,(472, -1570399200, 0)
,(472, -1552168800, 1)
,(472, -1538344800, 0)
,(472, -1522533600, 1)
,(472, -1507500000, 0)
,(472, -1490565600, 1)
,(472, -1473631200, 0)
,(472, -1460930400, 1)
,(472, -1442786400, 0)
,(472, -1428876000, 1)
,(472, -1410732000, 0)
,(472, -1396216800, 1)
,(472, -1379282400, 0)
,(472, -1364767200, 1)
,(472, -1348437600, 0)
,(472, -1333317600, 1)
,(472, -1315778400, 0)
,(472, -1301263200, 1)
,(472, -1284328800, 0)
,(472, -1269813600, 1)
,(472, -1253484000, 0)
,(472, -1238364000, 1)
,(472, -1221429600, 0)
,(472, -1206914400, 1)
,(472, -1189980000, 0)
,(472, -1175464800, 1)
,(472, -1159135200, 0)
,(472, -1143410400, 1)
,(472, -1126476000, 0)
,(472, -1111960800, 1)
,(472, -1095631200, 0)
,(472, -1080511200, 1)
,(472, -1063576800, 0)
,(472, -1049061600, 1)
,(472, -1032127200, 0)
,(472, -1017612000, 1)
,(472, -1001282400, 0)
,(472, -986162400, 1)
,(472, -969228000, 0)
,(472, -950479200, 1)
,(472, -942012000, 0)
,(472, -904518000, 2)
,(472, -896050800, 0)
,(472, -875487600, 2)
,(472, -864601200, 0)
,(472, -844038000, 2)
,(472, -832546800, 0)
,(472, -812588400, 2)
,(472, -798073200, 0)
,(472, -781052400, 2)
,(472, -772066800, 0)
,(472, -764805600, 1)
,(472, -748476000, 0)
,(472, -733356000, 1)
,(472, -719445600, 0)
,(472, -717030000, 2)
,(472, -706748400, 0)
,(472, -699487200, 1)
,(472, -687996000, 0)
,(472, -668037600, 1)
,(472, -654732000, 0)
,(472, -636588000, 1)
,(472, -622072800, 0)
,(472, -605743200, 1)
,(472, -590623200, 0)
,(472, -574293600, 1)
,(472, -558568800, 0)
,(472, -542239200, 1)
,(472, -527119200, 0)
,(472, -512604000, 1)
,(472, -496274400, 0)
,(472, -481154400, 1)
,(472, -464220000, 0)
,(472, -449704800, 1)
,(472, -432165600, 0)
,(472, -417650400, 1)
,(472, -401320800, 0)
,(472, -386200800, 1)
,(472, -369266400, 0)
,(472, -354751200, 1)
,(472, -337816800, 0)
,(472, -323301600, 1)
,(472, -306972000, 0)
,(472, -291852000, 1)
,(472, -276732000, 0)
,(472, -257983200, 1)
,(472, -245282400, 0)
,(472, -226533600, 1)
,(472, -213228000, 0)
,(472, -195084000, 1)
,(472, -182383200, 0)
,(472, -163634400, 1)
,(472, -150933600, 0)
,(472, -132184800, 1)
,(472, -119484000, 0)
,(472, -100735200, 1)
,(472, -88034400, 0)
,(472, -68680800, 1)
,(472, -59004000, 0)
,(472, -37242000, 3)
,(472, 57722400, 5)
,(472, 69818400, 0)
,(472, 89172000, 1)
,(472, 101268000, 0)
,(472, 120621600, 1)
,(472, 132717600, 0)
,(472, 152071200, 1)
,(472, 164167200, 0)
,(472, 183520800, 1)
,(472, 196221600, 0)
,(472, 214970400, 1)
,(472, 227671200, 0)
,(472, 246420000, 1)
,(472, 259120800, 0)
,(472, 278474400, 1)
,(472, 290570400, 0)
,(472, 309924000, 1)
,(472, 322020000, 0)
,(472, 341373600, 1)
,(472, 354675600, 4)
,(472, 372819600, 5)
,(472, 386125200, 4)
,(472, 404269200, 5)
,(472, 417574800, 4)
,(472, 435718800, 5)
,(472, 449024400, 4)
,(472, 467773200, 5)
,(472, 481078800, 4)
,(472, 499222800, 5)
,(472, 512528400, 4)
,(472, 530672400, 5)
,(472, 543978000, 4)
,(472, 562122000, 5)
,(472, 575427600, 4)
,(472, 593571600, 5)
,(472, 606877200, 4)
,(472, 625626000, 5)
,(472, 638326800, 4)
,(472, 657075600, 5)
,(472, 670381200, 4)
,(472, 688525200, 5)
,(472, 701830800, 4)
,(472, 719974800, 5)
,(472, 733280400, 4)
,(472, 751424400, 5)
,(472, 764730000, 4)
,(472, 782874000, 5)
,(472, 796179600, 4)
,(472, 814323600, 5)
,(472, 820454400, 6)
,(472, 828234000, 4)
,(472, 846378000, 5)
,(472, 859683600, 4)
,(472, 877827600, 5)
,(472, 891133200, 4)
,(472, 909277200, 5)
,(472, 922582800, 4)
,(472, 941331600, 5)
,(472, 954032400, 4)
,(472, 972781200, 5)
,(472, 985482000, 4)
,(472, 1004230800, 5)
,(472, 1017536400, 4)
,(472, 1035680400, 5)
,(472, 1048986000, 4)
,(472, 1067130000, 5)
,(472, 1080435600, 4)
,(472, 1099184400, 5)
,(472, 1111885200, 4)
,(472, 1130634000, 5)
,(472, 1143334800, 4)
,(472, 1162083600, 5)
,(472, 1174784400, 4)
,(472, 1193533200, 5)
,(472, 1206838800, 4)
,(472, 1224982800, 5)
,(472, 1238288400, 4)
,(472, 1256432400, 5)
,(472, 1269738000, 4)
,(472, 1288486800, 5)
,(472, 1301187600, 4)
,(472, 1319936400, 5)
,(472, 1332637200, 4)
,(472, 1351386000, 5)
,(472, 1364691600, 4)
,(472, 1382835600, 5)
,(472, 1396141200, 4)
,(472, 1414285200, 5)
,(472, 1427590800, 4)
,(472, 1445734800, 5)
,(472, 1459040400, 4)
,(472, 1477789200, 5)
,(472, 1490490000, 4)
,(472, 1509238800, 5)
,(472, 1521939600, 4)
,(472, 1540688400, 5)
,(472, 1553994000, 4)
,(472, 1572138000, 5)
,(472, 1585443600, 4)
,(472, 1603587600, 5)
,(472, 1616893200, 4)
,(472, 1635642000, 5)
,(472, 1648342800, 4)
,(472, 1667091600, 5)
,(472, 1679792400, 4)
,(472, 1698541200, 5)
,(472, 1711846800, 4)
,(472, 1729990800, 5)
,(472, 1743296400, 4)
,(472, 1761440400, 5)
,(472, 1774746000, 4)
,(472, 1792890000, 5)
,(472, 1806195600, 4)
,(472, 1824944400, 5)
,(472, 1837645200, 4)
,(472, 1856394000, 5)
,(472, 1869094800, 4)
,(472, 1887843600, 5)
,(472, 1901149200, 4)
,(472, 1919293200, 5)
,(472, 1932598800, 4)
,(472, 1950742800, 5)
,(472, 1964048400, 4)
,(472, 1982797200, 5)
,(472, 1995498000, 4)
,(472, 2014246800, 5)
,(472, 2026947600, 4)
,(472, 2045696400, 5)
,(472, 2058397200, 4)
,(472, 2077146000, 5)
,(472, 2090451600, 4)
,(472, 2108595600, 5)
,(472, 2121901200, 4)
,(472, 2140045200, 5)
;
INSERT INTO  oceanbase.__all_tenant_time_zone_transition_type (Time_zone_id, Transition_type_id, Offset, Is_DST, Abbreviation) VALUES
 (472, 0, 3600, 1, 'BST')
,(472, 1, 0, 0, 'GMT')
,(472, 2, 7200, 1, 'BDST')
,(472, 3, 3600, 0, 'BST')
,(472, 4, 3600, 1, 'BST')
,(472, 5, 0, 0, 'GMT')
,(472, 6, 0, 0, 'GMT')
;
INSERT INTO oceanbase.__all_tenant_time_zone (Time_zone_id, Use_leap_seconds) VALUES (473, 'N');
INSERT INTO  oceanbase.__all_tenant_time_zone_name (Name, Time_zone_id) VALUES ('GMT', 473);
INSERT INTO  oceanbase.__all_tenant_time_zone_transition_type (Time_zone_id, Transition_type_id, Offset, Is_DST, Abbreviation) VALUES
 (473, 0, 0, 0, 'GMT')
;
INSERT INTO oceanbase.__all_tenant_time_zone (Time_zone_id, Use_leap_seconds) VALUES (474, 'N');
INSERT INTO  oceanbase.__all_tenant_time_zone_name (Name, Time_zone_id) VALUES ('GMT+0', 474);
INSERT INTO  oceanbase.__all_tenant_time_zone_transition_type (Time_zone_id, Transition_type_id, Offset, Is_DST, Abbreviation) VALUES
 (474, 0, 0, 0, 'GMT')
;
INSERT INTO oceanbase.__all_tenant_time_zone (Time_zone_id, Use_leap_seconds) VALUES (475, 'N');
INSERT INTO  oceanbase.__all_tenant_time_zone_name (Name, Time_zone_id) VALUES ('GMT-0', 475);
INSERT INTO  oceanbase.__all_tenant_time_zone_transition_type (Time_zone_id, Transition_type_id, Offset, Is_DST, Abbreviation) VALUES
 (475, 0, 0, 0, 'GMT')
;
INSERT INTO oceanbase.__all_tenant_time_zone (Time_zone_id, Use_leap_seconds) VALUES (476, 'N');
INSERT INTO  oceanbase.__all_tenant_time_zone_name (Name, Time_zone_id) VALUES ('GMT0', 476);
INSERT INTO  oceanbase.__all_tenant_time_zone_transition_type (Time_zone_id, Transition_type_id, Offset, Is_DST, Abbreviation) VALUES
 (476, 0, 0, 0, 'GMT')
;
INSERT INTO oceanbase.__all_tenant_time_zone (Time_zone_id, Use_leap_seconds) VALUES (477, 'N');
INSERT INTO  oceanbase.__all_tenant_time_zone_name (Name, Time_zone_id) VALUES ('Greenwich', 477);
INSERT INTO  oceanbase.__all_tenant_time_zone_transition_type (Time_zone_id, Transition_type_id, Offset, Is_DST, Abbreviation) VALUES
 (477, 0, 0, 0, 'GMT')
;
INSERT INTO oceanbase.__all_tenant_time_zone (Time_zone_id, Use_leap_seconds) VALUES (478, 'N');
INSERT INTO  oceanbase.__all_tenant_time_zone_name (Name, Time_zone_id) VALUES ('HST', 478);
INSERT INTO  oceanbase.__all_tenant_time_zone_transition_type (Time_zone_id, Transition_type_id, Offset, Is_DST, Abbreviation) VALUES
 (478, 0, -36000, 0, 'HST')
;
INSERT INTO oceanbase.__all_tenant_time_zone (Time_zone_id, Use_leap_seconds) VALUES (479, 'N');
INSERT INTO  oceanbase.__all_tenant_time_zone_name (Name, Time_zone_id) VALUES ('Hongkong', 479);
INSERT INTO  oceanbase.__all_tenant_time_zone_transition (Time_zone_id, Transition_time, Transition_type_id) VALUES
 (479, -2056692996, 2)
,(479, -907389000, 1)
,(479, -891667800, 2)
,(479, -884246400, 3)
,(479, -766746000, 2)
,(479, -747981000, 1)
,(479, -728544600, 2)
,(479, -717049800, 1)
,(479, -694503000, 2)
,(479, -683785800, 1)
,(479, -668064600, 2)
,(479, -654755400, 1)
,(479, -636615000, 2)
,(479, -623305800, 1)
,(479, -605165400, 2)
,(479, -591856200, 1)
,(479, -573715800, 2)
,(479, -559801800, 1)
,(479, -542352600, 2)
,(479, -528352200, 1)
,(479, -510211800, 2)
,(479, -498112200, 1)
,(479, -478762200, 2)
,(479, -466662600, 1)
,(479, -446707800, 2)
,(479, -435213000, 1)
,(479, -415258200, 2)
,(479, -403158600, 1)
,(479, -383808600, 2)
,(479, -371709000, 1)
,(479, -352359000, 2)
,(479, -340259400, 1)
,(479, -320909400, 2)
,(479, -308809800, 1)
,(479, -288855000, 2)
,(479, -277360200, 1)
,(479, -257405400, 2)
,(479, -245910600, 1)
,(479, -225955800, 2)
,(479, -213856200, 1)
,(479, -194506200, 2)
,(479, -182406600, 1)
,(479, -163056600, 2)
,(479, -148537800, 1)
,(479, -132816600, 2)
,(479, -117088200, 1)
,(479, -101367000, 2)
,(479, -85638600, 1)
,(479, -69312600, 2)
,(479, -53584200, 1)
,(479, -37863000, 2)
,(479, -22134600, 1)
,(479, -6413400, 2)
,(479, 9315000, 1)
,(479, 25036200, 2)
,(479, 40764600, 1)
,(479, 56485800, 2)
,(479, 72214200, 1)
,(479, 88540200, 2)
,(479, 104268600, 1)
,(479, 119989800, 2)
,(479, 126041400, 1)
,(479, 151439400, 2)
,(479, 167167800, 1)
,(479, 182889000, 2)
,(479, 198617400, 1)
,(479, 214338600, 2)
,(479, 295385400, 1)
,(479, 309292200, 2)
;
INSERT INTO  oceanbase.__all_tenant_time_zone_transition_type (Time_zone_id, Transition_type_id, Offset, Is_DST, Abbreviation) VALUES
 (479, 0, 27396, 0, 'LMT')
,(479, 1, 32400, 1, 'HKST')
,(479, 2, 28800, 0, 'HKT')
,(479, 3, 32400, 0, 'JST')
;
INSERT INTO oceanbase.__all_tenant_time_zone (Time_zone_id, Use_leap_seconds) VALUES (480, 'N');
INSERT INTO  oceanbase.__all_tenant_time_zone_name (Name, Time_zone_id) VALUES ('Iceland', 480);
INSERT INTO  oceanbase.__all_tenant_time_zone_transition (Time_zone_id, Transition_time, Transition_type_id) VALUES
 (480, -1956609132, 2)
,(480, -1668211200, 1)
,(480, -1647212400, 2)
,(480, -1636675200, 1)
,(480, -1613430000, 2)
,(480, -968025600, 1)
,(480, -949615200, 2)
,(480, -942008400, 1)
,(480, -920239200, 2)
,(480, -909957600, 3)
,(480, -888789600, 4)
,(480, -877903200, 3)
,(480, -857944800, 4)
,(480, -846453600, 3)
,(480, -826495200, 4)
,(480, -815004000, 3)
,(480, -795045600, 4)
,(480, -783554400, 3)
,(480, -762991200, 4)
,(480, -752104800, 3)
,(480, -731541600, 4)
,(480, -717631200, 3)
,(480, -700092000, 4)
,(480, -686181600, 3)
,(480, -668642400, 4)
,(480, -654732000, 3)
,(480, -636588000, 4)
,(480, -623282400, 3)
,(480, -605743200, 4)
,(480, -591832800, 3)
,(480, -573688800, 4)
,(480, -559778400, 3)
,(480, -542239200, 4)
,(480, -528328800, 3)
,(480, -510789600, 4)
,(480, -496879200, 3)
,(480, -479340000, 4)
,(480, -465429600, 3)
,(480, -447890400, 4)
,(480, -433980000, 3)
,(480, -415836000, 4)
,(480, -401925600, 3)
,(480, -384386400, 4)
,(480, -370476000, 3)
,(480, -352936800, 4)
,(480, -339026400, 3)
,(480, -321487200, 4)
,(480, -307576800, 3)
,(480, -290037600, 4)
,(480, -276127200, 3)
,(480, -258588000, 4)
,(480, -244677600, 3)
,(480, -226533600, 4)
,(480, -212623200, 3)
,(480, -195084000, 4)
,(480, -181173600, 3)
,(480, -163634400, 4)
,(480, -149724000, 3)
,(480, -132184800, 4)
,(480, -118274400, 3)
,(480, -100735200, 4)
,(480, -86824800, 3)
,(480, -68680800, 4)
,(480, -54770400, 5)
;
INSERT INTO  oceanbase.__all_tenant_time_zone_transition_type (Time_zone_id, Transition_type_id, Offset, Is_DST, Abbreviation) VALUES
 (480, 0, -5268, 0, 'RMT')
,(480, 1, 0, 1, 'ISST')
,(480, 2, -3600, 0, 'IST')
,(480, 3, 0, 1, 'ISST')
,(480, 4, -3600, 0, 'IST')
,(480, 5, 0, 0, 'GMT')
;
INSERT INTO oceanbase.__all_tenant_time_zone (Time_zone_id, Use_leap_seconds) VALUES (481, 'N');
INSERT INTO  oceanbase.__all_tenant_time_zone_name (Name, Time_zone_id) VALUES ('Indian/Antananarivo', 481);
INSERT INTO  oceanbase.__all_tenant_time_zone_transition (Time_zone_id, Transition_time, Transition_type_id) VALUES
 (481, -1846293004, 1)
,(481, -499924800, 2)
,(481, -492062400, 3)
;
INSERT INTO  oceanbase.__all_tenant_time_zone_transition_type (Time_zone_id, Transition_type_id, Offset, Is_DST, Abbreviation) VALUES
 (481, 0, 11404, 0, 'LMT')
,(481, 1, 10800, 0, 'EAT')
,(481, 2, 14400, 1, 'EAST')
,(481, 3, 10800, 0, 'EAT')
;
INSERT INTO oceanbase.__all_tenant_time_zone (Time_zone_id, Use_leap_seconds) VALUES (482, 'N');
INSERT INTO  oceanbase.__all_tenant_time_zone_name (Name, Time_zone_id) VALUES ('Indian/Chagos', 482);
INSERT INTO  oceanbase.__all_tenant_time_zone_transition (Time_zone_id, Transition_time, Transition_type_id) VALUES
 (482, -1988167780, 1)
,(482, 820436400, 2)
;
INSERT INTO  oceanbase.__all_tenant_time_zone_transition_type (Time_zone_id, Transition_type_id, Offset, Is_DST, Abbreviation) VALUES
 (482, 0, 17380, 0, 'LMT')
,(482, 1, 18000, 0, 'IOT')
,(482, 2, 21600, 0, 'IOT')
;
INSERT INTO oceanbase.__all_tenant_time_zone (Time_zone_id, Use_leap_seconds) VALUES (483, 'N');
INSERT INTO  oceanbase.__all_tenant_time_zone_name (Name, Time_zone_id) VALUES ('Indian/Christmas', 483);
INSERT INTO  oceanbase.__all_tenant_time_zone_transition_type (Time_zone_id, Transition_type_id, Offset, Is_DST, Abbreviation) VALUES
 (483, 0, 25200, 0, 'CXT')
;
INSERT INTO oceanbase.__all_tenant_time_zone (Time_zone_id, Use_leap_seconds) VALUES (484, 'N');
INSERT INTO  oceanbase.__all_tenant_time_zone_name (Name, Time_zone_id) VALUES ('Indian/Cocos', 484);
INSERT INTO  oceanbase.__all_tenant_time_zone_transition_type (Time_zone_id, Transition_type_id, Offset, Is_DST, Abbreviation) VALUES
 (484, 0, 23400, 0, 'CCT')
;
INSERT INTO oceanbase.__all_tenant_time_zone (Time_zone_id, Use_leap_seconds) VALUES (485, 'N');
INSERT INTO  oceanbase.__all_tenant_time_zone_name (Name, Time_zone_id) VALUES ('Indian/Comoro', 485);
INSERT INTO  oceanbase.__all_tenant_time_zone_transition (Time_zone_id, Transition_time, Transition_type_id) VALUES
 (485, -1846291984, 1)
;
INSERT INTO  oceanbase.__all_tenant_time_zone_transition_type (Time_zone_id, Transition_type_id, Offset, Is_DST, Abbreviation) VALUES
 (485, 0, 10384, 0, 'LMT')
,(485, 1, 10800, 0, 'EAT')
;
INSERT INTO oceanbase.__all_tenant_time_zone (Time_zone_id, Use_leap_seconds) VALUES (486, 'N');
INSERT INTO  oceanbase.__all_tenant_time_zone_name (Name, Time_zone_id) VALUES ('Indian/Kerguelen', 486);
INSERT INTO  oceanbase.__all_tenant_time_zone_transition (Time_zone_id, Transition_time, Transition_type_id) VALUES
 (486, -631152000, 1)
;
INSERT INTO  oceanbase.__all_tenant_time_zone_transition_type (Time_zone_id, Transition_type_id, Offset, Is_DST, Abbreviation) VALUES
 (486, 0, 0, 0, 'zzz')
,(486, 1, 18000, 0, 'TFT')
;
INSERT INTO oceanbase.__all_tenant_time_zone (Time_zone_id, Use_leap_seconds) VALUES (487, 'N');
INSERT INTO  oceanbase.__all_tenant_time_zone_name (Name, Time_zone_id) VALUES ('Indian/Mahe', 487);
INSERT INTO  oceanbase.__all_tenant_time_zone_transition (Time_zone_id, Transition_time, Transition_type_id) VALUES
 (487, -2006653308, 1)
;
INSERT INTO  oceanbase.__all_tenant_time_zone_transition_type (Time_zone_id, Transition_type_id, Offset, Is_DST, Abbreviation) VALUES
 (487, 0, 13308, 0, 'LMT')
,(487, 1, 14400, 0, 'SCT')
;
INSERT INTO oceanbase.__all_tenant_time_zone (Time_zone_id, Use_leap_seconds) VALUES (488, 'N');
INSERT INTO  oceanbase.__all_tenant_time_zone_name (Name, Time_zone_id) VALUES ('Indian/Maldives', 488);
INSERT INTO  oceanbase.__all_tenant_time_zone_transition (Time_zone_id, Transition_time, Transition_type_id) VALUES
 (488, -315636840, 1)
;
INSERT INTO  oceanbase.__all_tenant_time_zone_transition_type (Time_zone_id, Transition_type_id, Offset, Is_DST, Abbreviation) VALUES
 (488, 0, 17640, 0, 'MMT')
,(488, 1, 18000, 0, 'MVT')
;
INSERT INTO oceanbase.__all_tenant_time_zone (Time_zone_id, Use_leap_seconds) VALUES (489, 'N');
INSERT INTO  oceanbase.__all_tenant_time_zone_name (Name, Time_zone_id) VALUES ('Indian/Mauritius', 489);
INSERT INTO  oceanbase.__all_tenant_time_zone_transition (Time_zone_id, Transition_time, Transition_type_id) VALUES
 (489, -1988164200, 2)
,(489, 403041600, 1)
,(489, 417034800, 2)
,(489, 1224972000, 1)
,(489, 1238274000, 2)
;
INSERT INTO  oceanbase.__all_tenant_time_zone_transition_type (Time_zone_id, Transition_type_id, Offset, Is_DST, Abbreviation) VALUES
 (489, 0, 13800, 0, 'LMT')
,(489, 1, 18000, 1, 'MUST')
,(489, 2, 14400, 0, 'MUT')
;
INSERT INTO oceanbase.__all_tenant_time_zone (Time_zone_id, Use_leap_seconds) VALUES (490, 'N');
INSERT INTO  oceanbase.__all_tenant_time_zone_name (Name, Time_zone_id) VALUES ('Indian/Mayotte', 490);
INSERT INTO  oceanbase.__all_tenant_time_zone_transition (Time_zone_id, Transition_time, Transition_type_id) VALUES
 (490, -1846292456, 1)
;
INSERT INTO  oceanbase.__all_tenant_time_zone_transition_type (Time_zone_id, Transition_type_id, Offset, Is_DST, Abbreviation) VALUES
 (490, 0, 10856, 0, 'LMT')
,(490, 1, 10800, 0, 'EAT')
;
INSERT INTO oceanbase.__all_tenant_time_zone (Time_zone_id, Use_leap_seconds) VALUES (491, 'N');
INSERT INTO  oceanbase.__all_tenant_time_zone_name (Name, Time_zone_id) VALUES ('Indian/Reunion', 491);
INSERT INTO  oceanbase.__all_tenant_time_zone_transition (Time_zone_id, Transition_time, Transition_type_id) VALUES
 (491, -1848886912, 1)
;
INSERT INTO  oceanbase.__all_tenant_time_zone_transition_type (Time_zone_id, Transition_type_id, Offset, Is_DST, Abbreviation) VALUES
 (491, 0, 13312, 0, 'LMT')
,(491, 1, 14400, 0, 'RET')
;
INSERT INTO oceanbase.__all_tenant_time_zone (Time_zone_id, Use_leap_seconds) VALUES (492, 'N');
INSERT INTO  oceanbase.__all_tenant_time_zone_name (Name, Time_zone_id) VALUES ('Iran', 492);
INSERT INTO  oceanbase.__all_tenant_time_zone_transition (Time_zone_id, Transition_time, Transition_type_id) VALUES
 (492, -1704165944, 1)
,(492, -757394744, 2)
,(492, 247177800, 4)
,(492, 259272000, 3)
,(492, 277758000, 4)
,(492, 283982400, 2)
,(492, 290809800, 5)
,(492, 306531000, 2)
,(492, 322432200, 5)
,(492, 338499000, 2)
,(492, 673216200, 5)
,(492, 685481400, 2)
,(492, 701209800, 5)
,(492, 717103800, 2)
,(492, 732745800, 5)
,(492, 748639800, 2)
,(492, 764281800, 5)
,(492, 780175800, 2)
,(492, 795817800, 5)
,(492, 811711800, 2)
,(492, 827353800, 5)
,(492, 843247800, 2)
,(492, 858976200, 5)
,(492, 874870200, 2)
,(492, 890512200, 5)
,(492, 906406200, 2)
,(492, 922048200, 5)
,(492, 937942200, 2)
,(492, 953584200, 5)
,(492, 969478200, 2)
,(492, 985206600, 5)
,(492, 1001100600, 2)
,(492, 1016742600, 5)
,(492, 1032636600, 2)
,(492, 1048278600, 5)
,(492, 1064172600, 2)
,(492, 1079814600, 5)
,(492, 1095708600, 2)
,(492, 1111437000, 5)
,(492, 1127331000, 2)
,(492, 1206045000, 5)
,(492, 1221939000, 2)
,(492, 1237667400, 5)
,(492, 1253561400, 2)
,(492, 1269203400, 5)
,(492, 1285097400, 2)
,(492, 1300739400, 5)
,(492, 1316633400, 2)
,(492, 1332275400, 5)
,(492, 1348169400, 2)
,(492, 1363897800, 5)
,(492, 1379791800, 2)
,(492, 1395433800, 5)
,(492, 1411327800, 2)
,(492, 1426969800, 5)
,(492, 1442863800, 2)
,(492, 1458505800, 5)
,(492, 1474399800, 2)
,(492, 1490128200, 5)
,(492, 1506022200, 2)
,(492, 1521664200, 5)
,(492, 1537558200, 2)
,(492, 1553200200, 5)
,(492, 1569094200, 2)
,(492, 1584736200, 5)
,(492, 1600630200, 2)
,(492, 1616358600, 5)
,(492, 1632252600, 2)
,(492, 1647894600, 5)
,(492, 1663788600, 2)
,(492, 1679430600, 5)
,(492, 1695324600, 2)
,(492, 1710966600, 5)
,(492, 1726860600, 2)
,(492, 1742589000, 5)
,(492, 1758483000, 2)
,(492, 1774125000, 5)
,(492, 1790019000, 2)
,(492, 1805661000, 5)
,(492, 1821555000, 2)
,(492, 1837197000, 5)
,(492, 1853091000, 2)
,(492, 1868733000, 5)
,(492, 1884627000, 2)
,(492, 1900355400, 5)
,(492, 1916249400, 2)
,(492, 1931891400, 5)
,(492, 1947785400, 2)
,(492, 1963427400, 5)
,(492, 1979321400, 2)
,(492, 1994963400, 5)
,(492, 2010857400, 2)
,(492, 2026585800, 5)
,(492, 2042479800, 2)
,(492, 2058121800, 5)
,(492, 2074015800, 2)
,(492, 2089657800, 5)
,(492, 2105551800, 2)
,(492, 2121193800, 5)
,(492, 2137087800, 2)
;
INSERT INTO  oceanbase.__all_tenant_time_zone_transition_type (Time_zone_id, Transition_type_id, Offset, Is_DST, Abbreviation) VALUES
 (492, 0, 12344, 0, 'LMT')
,(492, 1, 12344, 0, 'TMT')
,(492, 2, 12600, 0, 'IRST')
,(492, 3, 18000, 1, 'IRDT')
,(492, 4, 14400, 0, 'IRST')
,(492, 5, 16200, 1, 'IRDT')
;
INSERT INTO oceanbase.__all_tenant_time_zone (Time_zone_id, Use_leap_seconds) VALUES (493, 'N');
INSERT INTO  oceanbase.__all_tenant_time_zone_name (Name, Time_zone_id) VALUES ('Israel', 493);
INSERT INTO  oceanbase.__all_tenant_time_zone_transition (Time_zone_id, Transition_time, Transition_type_id) VALUES
 (493, -1641003640, 2)
,(493, -933645600, 1)
,(493, -857358000, 2)
,(493, -844300800, 1)
,(493, -825822000, 2)
,(493, -812685600, 1)
,(493, -794199600, 2)
,(493, -779853600, 1)
,(493, -762656400, 2)
,(493, -748310400, 1)
,(493, -731127600, 2)
,(493, -681962400, 3)
,(493, -673243200, 1)
,(493, -667962000, 2)
,(493, -652327200, 1)
,(493, -636426000, 2)
,(493, -622087200, 1)
,(493, -608947200, 2)
,(493, -591847200, 1)
,(493, -572486400, 2)
,(493, -558576000, 1)
,(493, -542851200, 2)
,(493, -527731200, 1)
,(493, -514425600, 2)
,(493, -490845600, 1)
,(493, -482986800, 2)
,(493, -459475200, 1)
,(493, -451537200, 2)
,(493, -428551200, 1)
,(493, -418262400, 2)
,(493, -400032000, 1)
,(493, -387428400, 2)
,(493, 142380000, 1)
,(493, 150843600, 2)
,(493, 167176800, 1)
,(493, 178664400, 2)
,(493, 482277600, 1)
,(493, 495579600, 2)
,(493, 516751200, 1)
,(493, 526424400, 2)
,(493, 545436000, 1)
,(493, 558478800, 2)
,(493, 576540000, 1)
,(493, 589237200, 2)
,(493, 609890400, 1)
,(493, 620773200, 2)
,(493, 638316000, 1)
,(493, 651618000, 2)
,(493, 669765600, 1)
,(493, 683672400, 2)
,(493, 701820000, 1)
,(493, 715726800, 2)
,(493, 733701600, 1)
,(493, 747176400, 2)
,(493, 765151200, 1)
,(493, 778021200, 2)
,(493, 796600800, 1)
,(493, 810075600, 2)
,(493, 826840800, 1)
,(493, 842821200, 2)
,(493, 858895200, 1)
,(493, 874184400, 2)
,(493, 890344800, 1)
,(493, 905029200, 2)
,(493, 923011200, 1)
,(493, 936313200, 2)
,(493, 955670400, 1)
,(493, 970783200, 2)
,(493, 986770800, 1)
,(493, 1001282400, 2)
,(493, 1017356400, 1)
,(493, 1033941600, 2)
,(493, 1048806000, 1)
,(493, 1065132000, 2)
,(493, 1081292400, 1)
,(493, 1095804000, 2)
,(493, 1112313600, 1)
,(493, 1128812400, 2)
,(493, 1143763200, 1)
,(493, 1159657200, 2)
,(493, 1175212800, 1)
,(493, 1189897200, 2)
,(493, 1206662400, 1)
,(493, 1223161200, 2)
,(493, 1238112000, 1)
,(493, 1254006000, 2)
,(493, 1269561600, 1)
,(493, 1284246000, 2)
,(493, 1301616000, 1)
,(493, 1317510000, 2)
,(493, 1333065600, 1)
,(493, 1348354800, 2)
,(493, 1364515200, 1)
,(493, 1378594800, 2)
,(493, 1395964800, 1)
,(493, 1411858800, 2)
,(493, 1427414400, 1)
,(493, 1442703600, 2)
,(493, 1459468800, 1)
,(493, 1475967600, 2)
,(493, 1490918400, 1)
,(493, 1506207600, 2)
,(493, 1522368000, 1)
,(493, 1537052400, 2)
,(493, 1553817600, 1)
,(493, 1570316400, 2)
,(493, 1585267200, 1)
,(493, 1601161200, 2)
,(493, 1616716800, 1)
,(493, 1631401200, 2)
,(493, 1648771200, 1)
,(493, 1664665200, 2)
,(493, 1680220800, 1)
,(493, 1695510000, 2)
,(493, 1711670400, 1)
,(493, 1728169200, 2)
,(493, 1743120000, 1)
,(493, 1759014000, 2)
,(493, 1774569600, 1)
,(493, 1789858800, 2)
,(493, 1806019200, 1)
,(493, 1823122800, 2)
,(493, 1838073600, 1)
,(493, 1853362800, 2)
,(493, 1869523200, 1)
,(493, 1884207600, 2)
,(493, 1900972800, 1)
,(493, 1917471600, 2)
,(493, 1932422400, 1)
,(493, 1947711600, 2)
,(493, 1963872000, 1)
,(493, 1978556400, 2)
,(493, 1995926400, 1)
,(493, 2011820400, 2)
,(493, 2027376000, 1)
,(493, 2042060400, 2)
,(493, 2058825600, 1)
,(493, 2075324400, 2)
,(493, 2090275200, 1)
,(493, 2106169200, 2)
,(493, 2121724800, 1)
,(493, 2136409200, 2)
;
INSERT INTO  oceanbase.__all_tenant_time_zone_transition_type (Time_zone_id, Transition_type_id, Offset, Is_DST, Abbreviation) VALUES
 (493, 0, 8440, 0, 'JMT')
,(493, 1, 10800, 1, 'IDT')
,(493, 2, 7200, 0, 'IST')
,(493, 3, 14400, 1, 'IDDT')
;
INSERT INTO oceanbase.__all_tenant_time_zone (Time_zone_id, Use_leap_seconds) VALUES (494, 'N');
INSERT INTO  oceanbase.__all_tenant_time_zone_name (Name, Time_zone_id) VALUES ('Jamaica', 494);
INSERT INTO  oceanbase.__all_tenant_time_zone_transition (Time_zone_id, Transition_time, Transition_type_id) VALUES
 (494, -1827687168, 1)
,(494, 136364400, 2)
,(494, 152085600, 1)
,(494, 162370800, 2)
,(494, 183535200, 1)
,(494, 199263600, 2)
,(494, 215589600, 1)
,(494, 230713200, 2)
,(494, 247039200, 1)
,(494, 262767600, 2)
,(494, 278488800, 1)
,(494, 294217200, 2)
,(494, 309938400, 1)
,(494, 325666800, 2)
,(494, 341388000, 1)
,(494, 357116400, 2)
,(494, 372837600, 1)
,(494, 388566000, 2)
,(494, 404892000, 1)
,(494, 420015600, 2)
,(494, 436341600, 1)
;
INSERT INTO  oceanbase.__all_tenant_time_zone_transition_type (Time_zone_id, Transition_type_id, Offset, Is_DST, Abbreviation) VALUES
 (494, 0, -18432, 0, 'KMT')
,(494, 1, -18000, 0, 'EST')
,(494, 2, -14400, 1, 'EDT')
;
INSERT INTO oceanbase.__all_tenant_time_zone (Time_zone_id, Use_leap_seconds) VALUES (495, 'N');
INSERT INTO  oceanbase.__all_tenant_time_zone_name (Name, Time_zone_id) VALUES ('Japan', 495);
INSERT INTO  oceanbase.__all_tenant_time_zone_transition (Time_zone_id, Transition_time, Transition_type_id) VALUES
 (495, -1009875600, 2)
,(495, -683794800, 1)
,(495, -672393600, 2)
,(495, -654764400, 1)
,(495, -640944000, 2)
,(495, -620290800, 1)
,(495, -609494400, 2)
,(495, -588841200, 1)
,(495, -578044800, 2)
;
INSERT INTO  oceanbase.__all_tenant_time_zone_transition_type (Time_zone_id, Transition_type_id, Offset, Is_DST, Abbreviation) VALUES
 (495, 0, 32400, 0, 'CJT')
,(495, 1, 36000, 1, 'JDT')
,(495, 2, 32400, 0, 'JST')
;
INSERT INTO oceanbase.__all_tenant_time_zone (Time_zone_id, Use_leap_seconds) VALUES (496, 'N');
INSERT INTO  oceanbase.__all_tenant_time_zone_name (Name, Time_zone_id) VALUES ('Kwajalein', 496);
INSERT INTO  oceanbase.__all_tenant_time_zone_transition (Time_zone_id, Transition_time, Transition_type_id) VALUES
 (496, -7988400, 1)
,(496, 745848000, 2)
;
INSERT INTO  oceanbase.__all_tenant_time_zone_transition_type (Time_zone_id, Transition_type_id, Offset, Is_DST, Abbreviation) VALUES
 (496, 0, 39600, 0, 'MHT')
,(496, 1, -43200, 0, 'KWAT')
,(496, 2, 43200, 0, 'MHT')
;
INSERT INTO oceanbase.__all_tenant_time_zone (Time_zone_id, Use_leap_seconds) VALUES (497, 'N');
INSERT INTO  oceanbase.__all_tenant_time_zone_name (Name, Time_zone_id) VALUES ('Libya', 497);
INSERT INTO  oceanbase.__all_tenant_time_zone_transition (Time_zone_id, Transition_time, Transition_type_id) VALUES
 (497, -1577926364, 2)
,(497, -574902000, 1)
,(497, -568087200, 2)
,(497, -512175600, 1)
,(497, -504928800, 2)
,(497, -449888400, 1)
,(497, -441856800, 2)
,(497, -347158800, 3)
,(497, 378684000, 2)
,(497, 386463600, 1)
,(497, 402271200, 2)
,(497, 417999600, 1)
,(497, 433807200, 2)
,(497, 449622000, 1)
,(497, 465429600, 2)
,(497, 481590000, 1)
,(497, 496965600, 2)
,(497, 512953200, 1)
,(497, 528674400, 2)
,(497, 544230000, 1)
,(497, 560037600, 2)
,(497, 575852400, 1)
,(497, 591660000, 2)
,(497, 607388400, 1)
,(497, 623196000, 2)
,(497, 641775600, 3)
,(497, 844034400, 2)
,(497, 860108400, 1)
,(497, 875916000, 3)
;
INSERT INTO  oceanbase.__all_tenant_time_zone_transition_type (Time_zone_id, Transition_type_id, Offset, Is_DST, Abbreviation) VALUES
 (497, 0, 3164, 0, 'LMT')
,(497, 1, 7200, 1, 'CEST')
,(497, 2, 3600, 0, 'CET')
,(497, 3, 7200, 0, 'EET')
;
INSERT INTO oceanbase.__all_tenant_time_zone (Time_zone_id, Use_leap_seconds) VALUES (498, 'N');
INSERT INTO  oceanbase.__all_tenant_time_zone_name (Name, Time_zone_id) VALUES ('MET', 498);
INSERT INTO  oceanbase.__all_tenant_time_zone_transition (Time_zone_id, Transition_time, Transition_type_id) VALUES
 (498, -1693706400, 0)
,(498, -1680483600, 1)
,(498, -1663455600, 2)
,(498, -1650150000, 3)
,(498, -1632006000, 2)
,(498, -1618700400, 3)
,(498, -938905200, 2)
,(498, -857257200, 3)
,(498, -844556400, 2)
,(498, -828226800, 3)
,(498, -812502000, 2)
,(498, -796777200, 3)
,(498, -781052400, 2)
,(498, -766623600, 3)
,(498, 228877200, 2)
,(498, 243997200, 3)
,(498, 260326800, 2)
,(498, 276051600, 3)
,(498, 291776400, 2)
,(498, 307501200, 3)
,(498, 323830800, 2)
,(498, 338950800, 3)
,(498, 354675600, 2)
,(498, 370400400, 3)
,(498, 386125200, 2)
,(498, 401850000, 3)
,(498, 417574800, 2)
,(498, 433299600, 3)
,(498, 449024400, 2)
,(498, 465354000, 3)
,(498, 481078800, 2)
,(498, 496803600, 3)
,(498, 512528400, 2)
,(498, 528253200, 3)
,(498, 543978000, 2)
,(498, 559702800, 3)
,(498, 575427600, 2)
,(498, 591152400, 3)
,(498, 606877200, 2)
,(498, 622602000, 3)
,(498, 638326800, 2)
,(498, 654656400, 3)
,(498, 670381200, 2)
,(498, 686106000, 3)
,(498, 701830800, 2)
,(498, 717555600, 3)
,(498, 733280400, 2)
,(498, 749005200, 3)
,(498, 764730000, 2)
,(498, 780454800, 3)
,(498, 796179600, 2)
,(498, 811904400, 3)
,(498, 828234000, 2)
,(498, 846378000, 3)
,(498, 859683600, 2)
,(498, 877827600, 3)
,(498, 891133200, 2)
,(498, 909277200, 3)
,(498, 922582800, 2)
,(498, 941331600, 3)
,(498, 954032400, 2)
,(498, 972781200, 3)
,(498, 985482000, 2)
,(498, 1004230800, 3)
,(498, 1017536400, 2)
,(498, 1035680400, 3)
,(498, 1048986000, 2)
,(498, 1067130000, 3)
,(498, 1080435600, 2)
,(498, 1099184400, 3)
,(498, 1111885200, 2)
,(498, 1130634000, 3)
,(498, 1143334800, 2)
,(498, 1162083600, 3)
,(498, 1174784400, 2)
,(498, 1193533200, 3)
,(498, 1206838800, 2)
,(498, 1224982800, 3)
,(498, 1238288400, 2)
,(498, 1256432400, 3)
,(498, 1269738000, 2)
,(498, 1288486800, 3)
,(498, 1301187600, 2)
,(498, 1319936400, 3)
,(498, 1332637200, 2)
,(498, 1351386000, 3)
,(498, 1364691600, 2)
,(498, 1382835600, 3)
,(498, 1396141200, 2)
,(498, 1414285200, 3)
,(498, 1427590800, 2)
,(498, 1445734800, 3)
,(498, 1459040400, 2)
,(498, 1477789200, 3)
,(498, 1490490000, 2)
,(498, 1509238800, 3)
,(498, 1521939600, 2)
,(498, 1540688400, 3)
,(498, 1553994000, 2)
,(498, 1572138000, 3)
,(498, 1585443600, 2)
,(498, 1603587600, 3)
,(498, 1616893200, 2)
,(498, 1635642000, 3)
,(498, 1648342800, 2)
,(498, 1667091600, 3)
,(498, 1679792400, 2)
,(498, 1698541200, 3)
,(498, 1711846800, 2)
,(498, 1729990800, 3)
,(498, 1743296400, 2)
,(498, 1761440400, 3)
,(498, 1774746000, 2)
,(498, 1792890000, 3)
,(498, 1806195600, 2)
,(498, 1824944400, 3)
,(498, 1837645200, 2)
,(498, 1856394000, 3)
,(498, 1869094800, 2)
,(498, 1887843600, 3)
,(498, 1901149200, 2)
,(498, 1919293200, 3)
,(498, 1932598800, 2)
,(498, 1950742800, 3)
,(498, 1964048400, 2)
,(498, 1982797200, 3)
,(498, 1995498000, 2)
,(498, 2014246800, 3)
,(498, 2026947600, 2)
,(498, 2045696400, 3)
,(498, 2058397200, 2)
,(498, 2077146000, 3)
,(498, 2090451600, 2)
,(498, 2108595600, 3)
,(498, 2121901200, 2)
,(498, 2140045200, 3)
;
INSERT INTO  oceanbase.__all_tenant_time_zone_transition_type (Time_zone_id, Transition_type_id, Offset, Is_DST, Abbreviation) VALUES
 (498, 0, 7200, 1, 'MEST')
,(498, 1, 3600, 0, 'MET')
,(498, 2, 7200, 1, 'MEST')
,(498, 3, 3600, 0, 'MET')
;
INSERT INTO oceanbase.__all_tenant_time_zone (Time_zone_id, Use_leap_seconds) VALUES (499, 'N');
INSERT INTO  oceanbase.__all_tenant_time_zone_name (Name, Time_zone_id) VALUES ('MST', 499);
INSERT INTO  oceanbase.__all_tenant_time_zone_transition_type (Time_zone_id, Transition_type_id, Offset, Is_DST, Abbreviation) VALUES
 (499, 0, -25200, 0, 'MST')
;
INSERT INTO oceanbase.__all_tenant_time_zone (Time_zone_id, Use_leap_seconds) VALUES (500, 'N');
INSERT INTO  oceanbase.__all_tenant_time_zone_name (Name, Time_zone_id) VALUES ('MST7MDT', 500);
INSERT INTO  oceanbase.__all_tenant_time_zone_transition (Time_zone_id, Transition_time, Transition_type_id) VALUES
 (500, -1633273200, 0)
,(500, -1615132800, 1)
,(500, -1601823600, 0)
,(500, -1583683200, 1)
,(500, -880210800, 2)
,(500, -769395600, 3)
,(500, -765388800, 1)
,(500, -84380400, 0)
,(500, -68659200, 1)
,(500, -52930800, 0)
,(500, -37209600, 1)
,(500, -21481200, 0)
,(500, -5760000, 1)
,(500, 9968400, 0)
,(500, 25689600, 1)
,(500, 41418000, 0)
,(500, 57744000, 1)
,(500, 73472400, 0)
,(500, 89193600, 1)
,(500, 104922000, 0)
,(500, 120643200, 1)
,(500, 126694800, 0)
,(500, 152092800, 1)
,(500, 162378000, 0)
,(500, 183542400, 1)
,(500, 199270800, 0)
,(500, 215596800, 1)
,(500, 230720400, 0)
,(500, 247046400, 1)
,(500, 262774800, 0)
,(500, 278496000, 1)
,(500, 294224400, 0)
,(500, 309945600, 1)
,(500, 325674000, 0)
,(500, 341395200, 1)
,(500, 357123600, 0)
,(500, 372844800, 1)
,(500, 388573200, 0)
,(500, 404899200, 1)
,(500, 420022800, 0)
,(500, 436348800, 1)
,(500, 452077200, 0)
,(500, 467798400, 1)
,(500, 483526800, 0)
,(500, 499248000, 1)
,(500, 514976400, 0)
,(500, 530697600, 1)
,(500, 544611600, 0)
,(500, 562147200, 1)
,(500, 576061200, 0)
,(500, 594201600, 1)
,(500, 607510800, 0)
,(500, 625651200, 1)
,(500, 638960400, 0)
,(500, 657100800, 1)
,(500, 671014800, 0)
,(500, 688550400, 1)
,(500, 702464400, 0)
,(500, 720000000, 1)
,(500, 733914000, 0)
,(500, 752054400, 1)
,(500, 765363600, 0)
,(500, 783504000, 1)
,(500, 796813200, 0)
,(500, 814953600, 1)
,(500, 828867600, 0)
,(500, 846403200, 1)
,(500, 860317200, 0)
,(500, 877852800, 1)
,(500, 891766800, 0)
,(500, 909302400, 1)
,(500, 923216400, 0)
,(500, 941356800, 1)
,(500, 954666000, 0)
,(500, 972806400, 1)
,(500, 986115600, 0)
,(500, 1004256000, 1)
,(500, 1018170000, 0)
,(500, 1035705600, 1)
,(500, 1049619600, 0)
,(500, 1067155200, 1)
,(500, 1081069200, 0)
,(500, 1099209600, 1)
,(500, 1112518800, 0)
,(500, 1130659200, 1)
,(500, 1143968400, 0)
,(500, 1162108800, 1)
,(500, 1173603600, 0)
,(500, 1194163200, 1)
,(500, 1205053200, 0)
,(500, 1225612800, 1)
,(500, 1236502800, 0)
,(500, 1257062400, 1)
,(500, 1268557200, 0)
,(500, 1289116800, 1)
,(500, 1300006800, 0)
,(500, 1320566400, 1)
,(500, 1331456400, 0)
,(500, 1352016000, 1)
,(500, 1362906000, 0)
,(500, 1383465600, 1)
,(500, 1394355600, 0)
,(500, 1414915200, 1)
,(500, 1425805200, 0)
,(500, 1446364800, 1)
,(500, 1457859600, 0)
,(500, 1478419200, 1)
,(500, 1489309200, 0)
,(500, 1509868800, 1)
,(500, 1520758800, 0)
,(500, 1541318400, 1)
,(500, 1552208400, 0)
,(500, 1572768000, 1)
,(500, 1583658000, 0)
,(500, 1604217600, 1)
,(500, 1615712400, 0)
,(500, 1636272000, 1)
,(500, 1647162000, 0)
,(500, 1667721600, 1)
,(500, 1678611600, 0)
,(500, 1699171200, 1)
,(500, 1710061200, 0)
,(500, 1730620800, 1)
,(500, 1741510800, 0)
,(500, 1762070400, 1)
,(500, 1772960400, 0)
,(500, 1793520000, 1)
,(500, 1805014800, 0)
,(500, 1825574400, 1)
,(500, 1836464400, 0)
,(500, 1857024000, 1)
,(500, 1867914000, 0)
,(500, 1888473600, 1)
,(500, 1899363600, 0)
,(500, 1919923200, 1)
,(500, 1930813200, 0)
,(500, 1951372800, 1)
,(500, 1962867600, 0)
,(500, 1983427200, 1)
,(500, 1994317200, 0)
,(500, 2014876800, 1)
,(500, 2025766800, 0)
,(500, 2046326400, 1)
,(500, 2057216400, 0)
,(500, 2077776000, 1)
,(500, 2088666000, 0)
,(500, 2109225600, 1)
,(500, 2120115600, 0)
,(500, 2140675200, 1)
;
INSERT INTO  oceanbase.__all_tenant_time_zone_transition_type (Time_zone_id, Transition_type_id, Offset, Is_DST, Abbreviation) VALUES
 (500, 0, -21600, 1, 'MDT')
,(500, 1, -25200, 0, 'MST')
,(500, 2, -21600, 1, 'MWT')
,(500, 3, -21600, 1, 'MPT')
;
INSERT INTO oceanbase.__all_tenant_time_zone (Time_zone_id, Use_leap_seconds) VALUES (501, 'N');
INSERT INTO  oceanbase.__all_tenant_time_zone_name (Name, Time_zone_id) VALUES ('Mexico/BajaNorte', 501);
INSERT INTO  oceanbase.__all_tenant_time_zone_transition (Time_zone_id, Transition_time, Transition_type_id) VALUES
 (501, -1514736000, 1)
,(501, -1451667600, 2)
,(501, -1343062800, 1)
,(501, -1234803600, 2)
,(501, -1222963200, 3)
,(501, -1207242000, 2)
,(501, -873820800, 4)
,(501, -769395600, 5)
,(501, -761677200, 2)
,(501, -686073600, 3)
,(501, -661539600, 2)
,(501, -495036000, 3)
,(501, -481734000, 2)
,(501, -463586400, 3)
,(501, -450284400, 2)
,(501, -431532000, 3)
,(501, -418230000, 2)
,(501, -400082400, 3)
,(501, -386780400, 2)
,(501, -368632800, 3)
,(501, -355330800, 2)
,(501, -337183200, 3)
,(501, -323881200, 2)
,(501, -305733600, 3)
,(501, -292431600, 2)
,(501, 199274400, 3)
,(501, 215600400, 2)
,(501, 230724000, 3)
,(501, 247050000, 2)
,(501, 262778400, 3)
,(501, 278499600, 2)
,(501, 294228000, 3)
,(501, 309949200, 2)
,(501, 325677600, 3)
,(501, 341398800, 2)
,(501, 357127200, 3)
,(501, 372848400, 2)
,(501, 388576800, 3)
,(501, 404902800, 2)
,(501, 420026400, 3)
,(501, 436352400, 2)
,(501, 452080800, 3)
,(501, 467802000, 2)
,(501, 483530400, 3)
,(501, 499251600, 2)
,(501, 514980000, 3)
,(501, 530701200, 2)
,(501, 544615200, 3)
,(501, 562150800, 2)
,(501, 576064800, 3)
,(501, 594205200, 2)
,(501, 607514400, 3)
,(501, 625654800, 2)
,(501, 638964000, 3)
,(501, 657104400, 2)
,(501, 671018400, 3)
,(501, 688554000, 2)
,(501, 702468000, 3)
,(501, 720003600, 2)
,(501, 733917600, 3)
,(501, 752058000, 2)
,(501, 765367200, 3)
,(501, 783507600, 2)
,(501, 796816800, 3)
,(501, 814957200, 2)
,(501, 828871200, 3)
,(501, 846406800, 2)
,(501, 860320800, 3)
,(501, 877856400, 2)
,(501, 891770400, 3)
,(501, 909306000, 2)
,(501, 923220000, 3)
,(501, 941360400, 2)
,(501, 954669600, 3)
,(501, 972810000, 2)
,(501, 986119200, 3)
,(501, 1004259600, 2)
,(501, 1018173600, 3)
,(501, 1035709200, 2)
,(501, 1049623200, 3)
,(501, 1067158800, 2)
,(501, 1081072800, 3)
,(501, 1099213200, 2)
,(501, 1112522400, 3)
,(501, 1130662800, 2)
,(501, 1143972000, 3)
,(501, 1162112400, 2)
,(501, 1175421600, 3)
,(501, 1193562000, 2)
,(501, 1207476000, 3)
,(501, 1225011600, 2)
,(501, 1238925600, 3)
,(501, 1256461200, 2)
,(501, 1268560800, 3)
,(501, 1289120400, 2)
,(501, 1300010400, 3)
,(501, 1320570000, 2)
,(501, 1331460000, 3)
,(501, 1352019600, 2)
,(501, 1362909600, 3)
,(501, 1383469200, 2)
,(501, 1394359200, 3)
,(501, 1414918800, 2)
,(501, 1425808800, 3)
,(501, 1446368400, 2)
,(501, 1457863200, 3)
,(501, 1478422800, 2)
,(501, 1489312800, 3)
,(501, 1509872400, 2)
,(501, 1520762400, 3)
,(501, 1541322000, 2)
,(501, 1552212000, 3)
,(501, 1572771600, 2)
,(501, 1583661600, 3)
,(501, 1604221200, 2)
,(501, 1615716000, 3)
,(501, 1636275600, 2)
,(501, 1647165600, 3)
,(501, 1667725200, 2)
,(501, 1678615200, 3)
,(501, 1699174800, 2)
,(501, 1710064800, 3)
,(501, 1730624400, 2)
,(501, 1741514400, 3)
,(501, 1762074000, 2)
,(501, 1772964000, 3)
,(501, 1793523600, 2)
,(501, 1805018400, 3)
,(501, 1825578000, 2)
,(501, 1836468000, 3)
,(501, 1857027600, 2)
,(501, 1867917600, 3)
,(501, 1888477200, 2)
,(501, 1899367200, 3)
,(501, 1919926800, 2)
,(501, 1930816800, 3)
,(501, 1951376400, 2)
,(501, 1962871200, 3)
,(501, 1983430800, 2)
,(501, 1994320800, 3)
,(501, 2014880400, 2)
,(501, 2025770400, 3)
,(501, 2046330000, 2)
,(501, 2057220000, 3)
,(501, 2077779600, 2)
,(501, 2088669600, 3)
,(501, 2109229200, 2)
,(501, 2120119200, 3)
,(501, 2140678800, 2)
;
INSERT INTO  oceanbase.__all_tenant_time_zone_transition_type (Time_zone_id, Transition_type_id, Offset, Is_DST, Abbreviation) VALUES
 (501, 0, -28084, 0, 'LMT')
,(501, 1, -25200, 0, 'MST')
,(501, 2, -28800, 0, 'PST')
,(501, 3, -25200, 1, 'PDT')
,(501, 4, -25200, 1, 'PWT')
,(501, 5, -25200, 1, 'PPT')
;
INSERT INTO oceanbase.__all_tenant_time_zone (Time_zone_id, Use_leap_seconds) VALUES (502, 'N');
INSERT INTO  oceanbase.__all_tenant_time_zone_name (Name, Time_zone_id) VALUES ('Mexico/BajaSur', 502);
INSERT INTO  oceanbase.__all_tenant_time_zone_transition (Time_zone_id, Transition_time, Transition_type_id) VALUES
 (502, -1514739600, 1)
,(502, -1343066400, 2)
,(502, -1234807200, 1)
,(502, -1220292000, 2)
,(502, -1207159200, 1)
,(502, -1191344400, 2)
,(502, -873828000, 1)
,(502, -661539600, 3)
,(502, 28800, 1)
,(502, 828867600, 4)
,(502, 846403200, 1)
,(502, 860317200, 4)
,(502, 877852800, 1)
,(502, 891766800, 4)
,(502, 909302400, 1)
,(502, 923216400, 4)
,(502, 941356800, 1)
,(502, 954666000, 4)
,(502, 972806400, 1)
,(502, 989139600, 4)
,(502, 1001836800, 1)
,(502, 1018170000, 4)
,(502, 1035705600, 1)
,(502, 1049619600, 4)
,(502, 1067155200, 1)
,(502, 1081069200, 4)
,(502, 1099209600, 1)
,(502, 1112518800, 4)
,(502, 1130659200, 1)
,(502, 1143968400, 4)
,(502, 1162108800, 1)
,(502, 1175418000, 4)
,(502, 1193558400, 1)
,(502, 1207472400, 4)
,(502, 1225008000, 1)
,(502, 1238922000, 4)
,(502, 1256457600, 1)
,(502, 1270371600, 4)
,(502, 1288512000, 1)
,(502, 1301821200, 4)
,(502, 1319961600, 1)
,(502, 1333270800, 4)
,(502, 1351411200, 1)
,(502, 1365325200, 4)
,(502, 1382860800, 1)
,(502, 1396774800, 4)
,(502, 1414310400, 1)
,(502, 1428224400, 4)
,(502, 1445760000, 1)
,(502, 1459674000, 4)
,(502, 1477814400, 1)
,(502, 1491123600, 4)
,(502, 1509264000, 1)
,(502, 1522573200, 4)
,(502, 1540713600, 1)
,(502, 1554627600, 4)
,(502, 1572163200, 1)
,(502, 1586077200, 4)
,(502, 1603612800, 1)
,(502, 1617526800, 4)
,(502, 1635667200, 1)
,(502, 1648976400, 4)
,(502, 1667116800, 1)
,(502, 1680426000, 4)
,(502, 1698566400, 1)
,(502, 1712480400, 4)
,(502, 1730016000, 1)
,(502, 1743930000, 4)
,(502, 1761465600, 1)
,(502, 1775379600, 4)
,(502, 1792915200, 1)
,(502, 1806829200, 4)
,(502, 1824969600, 1)
,(502, 1838278800, 4)
,(502, 1856419200, 1)
,(502, 1869728400, 4)
,(502, 1887868800, 1)
,(502, 1901782800, 4)
,(502, 1919318400, 1)
,(502, 1933232400, 4)
,(502, 1950768000, 1)
,(502, 1964682000, 4)
,(502, 1982822400, 1)
,(502, 1996131600, 4)
,(502, 2014272000, 1)
,(502, 2027581200, 4)
,(502, 2045721600, 1)
,(502, 2059030800, 4)
,(502, 2077171200, 1)
,(502, 2091085200, 4)
,(502, 2108620800, 1)
,(502, 2122534800, 4)
,(502, 2140070400, 1)
;
INSERT INTO  oceanbase.__all_tenant_time_zone_transition_type (Time_zone_id, Transition_type_id, Offset, Is_DST, Abbreviation) VALUES
 (502, 0, -25540, 0, 'LMT')
,(502, 1, -25200, 0, 'MST')
,(502, 2, -21600, 0, 'CST')
,(502, 3, -28800, 0, 'PST')
,(502, 4, -21600, 1, 'MDT')
;
INSERT INTO oceanbase.__all_tenant_time_zone (Time_zone_id, Use_leap_seconds) VALUES (503, 'N');
INSERT INTO  oceanbase.__all_tenant_time_zone_name (Name, Time_zone_id) VALUES ('Mexico/General', 503);
INSERT INTO  oceanbase.__all_tenant_time_zone_transition (Time_zone_id, Transition_time, Transition_type_id) VALUES
 (503, -1514739600, 1)
,(503, -1343066400, 2)
,(503, -1234807200, 1)
,(503, -1220292000, 2)
,(503, -1207159200, 1)
,(503, -1191344400, 2)
,(503, -975261600, 3)
,(503, -963169200, 2)
,(503, -917114400, 3)
,(503, -907354800, 2)
,(503, -821901600, 4)
,(503, -810068400, 2)
,(503, -627501600, 3)
,(503, -612990000, 2)
,(503, 828864000, 3)
,(503, 846399600, 2)
,(503, 860313600, 3)
,(503, 877849200, 2)
,(503, 891763200, 3)
,(503, 909298800, 2)
,(503, 923212800, 3)
,(503, 941353200, 2)
,(503, 954662400, 3)
,(503, 972802800, 2)
,(503, 989136000, 3)
,(503, 1001833200, 2)
,(503, 1018166400, 3)
,(503, 1035702000, 2)
,(503, 1049616000, 3)
,(503, 1067151600, 2)
,(503, 1081065600, 3)
,(503, 1099206000, 2)
,(503, 1112515200, 3)
,(503, 1130655600, 2)
,(503, 1143964800, 3)
,(503, 1162105200, 2)
,(503, 1175414400, 3)
,(503, 1193554800, 2)
,(503, 1207468800, 3)
,(503, 1225004400, 2)
,(503, 1238918400, 3)
,(503, 1256454000, 2)
,(503, 1270368000, 3)
,(503, 1288508400, 2)
,(503, 1301817600, 3)
,(503, 1319958000, 2)
,(503, 1333267200, 3)
,(503, 1351407600, 2)
,(503, 1365321600, 3)
,(503, 1382857200, 2)
,(503, 1396771200, 3)
,(503, 1414306800, 2)
,(503, 1428220800, 3)
,(503, 1445756400, 2)
,(503, 1459670400, 3)
,(503, 1477810800, 2)
,(503, 1491120000, 3)
,(503, 1509260400, 2)
,(503, 1522569600, 3)
,(503, 1540710000, 2)
,(503, 1554624000, 3)
,(503, 1572159600, 2)
,(503, 1586073600, 3)
,(503, 1603609200, 2)
,(503, 1617523200, 3)
,(503, 1635663600, 2)
,(503, 1648972800, 3)
,(503, 1667113200, 2)
,(503, 1680422400, 3)
,(503, 1698562800, 2)
,(503, 1712476800, 3)
,(503, 1730012400, 2)
,(503, 1743926400, 3)
,(503, 1761462000, 2)
,(503, 1775376000, 3)
,(503, 1792911600, 2)
,(503, 1806825600, 3)
,(503, 1824966000, 2)
,(503, 1838275200, 3)
,(503, 1856415600, 2)
,(503, 1869724800, 3)
,(503, 1887865200, 2)
,(503, 1901779200, 3)
,(503, 1919314800, 2)
,(503, 1933228800, 3)
,(503, 1950764400, 2)
,(503, 1964678400, 3)
,(503, 1982818800, 2)
,(503, 1996128000, 3)
,(503, 2014268400, 2)
,(503, 2027577600, 3)
,(503, 2045718000, 2)
,(503, 2059027200, 3)
,(503, 2077167600, 2)
,(503, 2091081600, 3)
,(503, 2108617200, 2)
,(503, 2122531200, 3)
,(503, 2140066800, 2)
;
INSERT INTO  oceanbase.__all_tenant_time_zone_transition_type (Time_zone_id, Transition_type_id, Offset, Is_DST, Abbreviation) VALUES
 (503, 0, -23796, 0, 'LMT')
,(503, 1, -25200, 0, 'MST')
,(503, 2, -21600, 0, 'CST')
,(503, 3, -18000, 1, 'CDT')
,(503, 4, -18000, 1, 'CWT')
;
INSERT INTO oceanbase.__all_tenant_time_zone (Time_zone_id, Use_leap_seconds) VALUES (504, 'N');
INSERT INTO  oceanbase.__all_tenant_time_zone_name (Name, Time_zone_id) VALUES ('NZ', 504);
INSERT INTO  oceanbase.__all_tenant_time_zone_transition (Time_zone_id, Transition_time, Transition_type_id) VALUES
 (504, -1330335000, 0)
,(504, -1320057000, 1)
,(504, -1300699800, 2)
,(504, -1287396000, 1)
,(504, -1269250200, 2)
,(504, -1255946400, 1)
,(504, -1237800600, 2)
,(504, -1224496800, 1)
,(504, -1206351000, 2)
,(504, -1192442400, 1)
,(504, -1174901400, 2)
,(504, -1160992800, 1)
,(504, -1143451800, 2)
,(504, -1125914400, 1)
,(504, -1112607000, 2)
,(504, -1094464800, 1)
,(504, -1081157400, 2)
,(504, -1063015200, 1)
,(504, -1049707800, 2)
,(504, -1031565600, 1)
,(504, -1018258200, 2)
,(504, -1000116000, 1)
,(504, -986808600, 2)
,(504, -968061600, 1)
,(504, -955359000, 2)
,(504, -936612000, 1)
,(504, -923304600, 2)
,(504, -757425600, 5)
,(504, 152632800, 3)
,(504, 162309600, 4)
,(504, 183477600, 3)
,(504, 194968800, 4)
,(504, 215532000, 3)
,(504, 226418400, 4)
,(504, 246981600, 3)
,(504, 257868000, 4)
,(504, 278431200, 3)
,(504, 289317600, 4)
,(504, 309880800, 3)
,(504, 320767200, 4)
,(504, 341330400, 3)
,(504, 352216800, 4)
,(504, 372780000, 3)
,(504, 384271200, 4)
,(504, 404834400, 3)
,(504, 415720800, 4)
,(504, 436284000, 3)
,(504, 447170400, 4)
,(504, 467733600, 3)
,(504, 478620000, 4)
,(504, 499183200, 3)
,(504, 510069600, 4)
,(504, 530632800, 3)
,(504, 541519200, 4)
,(504, 562082400, 3)
,(504, 573573600, 4)
,(504, 594136800, 3)
,(504, 605023200, 4)
,(504, 623772000, 3)
,(504, 637682400, 4)
,(504, 655221600, 3)
,(504, 669132000, 4)
,(504, 686671200, 3)
,(504, 700581600, 4)
,(504, 718120800, 3)
,(504, 732636000, 4)
,(504, 749570400, 3)
,(504, 764085600, 4)
,(504, 781020000, 3)
,(504, 795535200, 4)
,(504, 812469600, 3)
,(504, 826984800, 4)
,(504, 844524000, 3)
,(504, 858434400, 4)
,(504, 875973600, 3)
,(504, 889884000, 4)
,(504, 907423200, 3)
,(504, 921938400, 4)
,(504, 938872800, 3)
,(504, 953388000, 4)
,(504, 970322400, 3)
,(504, 984837600, 4)
,(504, 1002376800, 3)
,(504, 1016287200, 4)
,(504, 1033826400, 3)
,(504, 1047736800, 4)
,(504, 1065276000, 3)
,(504, 1079791200, 4)
,(504, 1096725600, 3)
,(504, 1111240800, 4)
,(504, 1128175200, 3)
,(504, 1142690400, 4)
,(504, 1159624800, 3)
,(504, 1174140000, 4)
,(504, 1191074400, 3)
,(504, 1207404000, 4)
,(504, 1222524000, 3)
,(504, 1238853600, 4)
,(504, 1253973600, 3)
,(504, 1270303200, 4)
,(504, 1285423200, 3)
,(504, 1301752800, 4)
,(504, 1316872800, 3)
,(504, 1333202400, 4)
,(504, 1348927200, 3)
,(504, 1365256800, 4)
,(504, 1380376800, 3)
,(504, 1396706400, 4)
,(504, 1411826400, 3)
,(504, 1428156000, 4)
,(504, 1443276000, 3)
,(504, 1459605600, 4)
,(504, 1474725600, 3)
,(504, 1491055200, 4)
,(504, 1506175200, 3)
,(504, 1522504800, 4)
,(504, 1538229600, 3)
,(504, 1554559200, 4)
,(504, 1569679200, 3)
,(504, 1586008800, 4)
,(504, 1601128800, 3)
,(504, 1617458400, 4)
,(504, 1632578400, 3)
,(504, 1648908000, 4)
,(504, 1664028000, 3)
,(504, 1680357600, 4)
,(504, 1695477600, 3)
,(504, 1712412000, 4)
,(504, 1727532000, 3)
,(504, 1743861600, 4)
,(504, 1758981600, 3)
,(504, 1775311200, 4)
,(504, 1790431200, 3)
,(504, 1806760800, 4)
,(504, 1821880800, 3)
,(504, 1838210400, 4)
,(504, 1853330400, 3)
,(504, 1869660000, 4)
,(504, 1885384800, 3)
,(504, 1901714400, 4)
,(504, 1916834400, 3)
,(504, 1933164000, 4)
,(504, 1948284000, 3)
,(504, 1964613600, 4)
,(504, 1979733600, 3)
,(504, 1996063200, 4)
,(504, 2011183200, 3)
,(504, 2027512800, 4)
,(504, 2042632800, 3)
,(504, 2058962400, 4)
,(504, 2074687200, 3)
,(504, 2091016800, 4)
,(504, 2106136800, 3)
,(504, 2122466400, 4)
,(504, 2137586400, 3)
;
INSERT INTO  oceanbase.__all_tenant_time_zone_transition_type (Time_zone_id, Transition_type_id, Offset, Is_DST, Abbreviation) VALUES
 (504, 0, 45000, 1, 'NZST')
,(504, 1, 41400, 0, 'NZMT')
,(504, 2, 43200, 1, 'NZST')
,(504, 3, 46800, 1, 'NZDT')
,(504, 4, 43200, 0, 'NZST')
,(504, 5, 43200, 0, 'NZST')
;
INSERT INTO oceanbase.__all_tenant_time_zone (Time_zone_id, Use_leap_seconds) VALUES (505, 'N');
INSERT INTO  oceanbase.__all_tenant_time_zone_name (Name, Time_zone_id) VALUES ('NZ-CHAT', 505);
INSERT INTO  oceanbase.__all_tenant_time_zone_transition (Time_zone_id, Transition_time, Transition_type_id) VALUES
 (505, -410271228, 3)
,(505, 152632800, 1)
,(505, 162309600, 2)
,(505, 183477600, 1)
,(505, 194968800, 2)
,(505, 215532000, 1)
,(505, 226418400, 2)
,(505, 246981600, 1)
,(505, 257868000, 2)
,(505, 278431200, 1)
,(505, 289317600, 2)
,(505, 309880800, 1)
,(505, 320767200, 2)
,(505, 341330400, 1)
,(505, 352216800, 2)
,(505, 372780000, 1)
,(505, 384271200, 2)
,(505, 404834400, 1)
,(505, 415720800, 2)
,(505, 436284000, 1)
,(505, 447170400, 2)
,(505, 467733600, 1)
,(505, 478620000, 2)
,(505, 499183200, 1)
,(505, 510069600, 2)
,(505, 530632800, 1)
,(505, 541519200, 2)
,(505, 562082400, 1)
,(505, 573573600, 2)
,(505, 594136800, 1)
,(505, 605023200, 2)
,(505, 623772000, 1)
,(505, 637682400, 2)
,(505, 655221600, 1)
,(505, 669132000, 2)
,(505, 686671200, 1)
,(505, 700581600, 2)
,(505, 718120800, 1)
,(505, 732636000, 2)
,(505, 749570400, 1)
,(505, 764085600, 2)
,(505, 781020000, 1)
,(505, 795535200, 2)
,(505, 812469600, 1)
,(505, 826984800, 2)
,(505, 844524000, 1)
,(505, 858434400, 2)
,(505, 875973600, 1)
,(505, 889884000, 2)
,(505, 907423200, 1)
,(505, 921938400, 2)
,(505, 938872800, 1)
,(505, 953388000, 2)
,(505, 970322400, 1)
,(505, 984837600, 2)
,(505, 1002376800, 1)
,(505, 1016287200, 2)
,(505, 1033826400, 1)
,(505, 1047736800, 2)
,(505, 1065276000, 1)
,(505, 1079791200, 2)
,(505, 1096725600, 1)
,(505, 1111240800, 2)
,(505, 1128175200, 1)
,(505, 1142690400, 2)
,(505, 1159624800, 1)
,(505, 1174140000, 2)
,(505, 1191074400, 1)
,(505, 1207404000, 2)
,(505, 1222524000, 1)
,(505, 1238853600, 2)
,(505, 1253973600, 1)
,(505, 1270303200, 2)
,(505, 1285423200, 1)
,(505, 1301752800, 2)
,(505, 1316872800, 1)
,(505, 1333202400, 2)
,(505, 1348927200, 1)
,(505, 1365256800, 2)
,(505, 1380376800, 1)
,(505, 1396706400, 2)
,(505, 1411826400, 1)
,(505, 1428156000, 2)
,(505, 1443276000, 1)
,(505, 1459605600, 2)
,(505, 1474725600, 1)
,(505, 1491055200, 2)
,(505, 1506175200, 1)
,(505, 1522504800, 2)
,(505, 1538229600, 1)
,(505, 1554559200, 2)
,(505, 1569679200, 1)
,(505, 1586008800, 2)
,(505, 1601128800, 1)
,(505, 1617458400, 2)
,(505, 1632578400, 1)
,(505, 1648908000, 2)
,(505, 1664028000, 1)
,(505, 1680357600, 2)
,(505, 1695477600, 1)
,(505, 1712412000, 2)
,(505, 1727532000, 1)
,(505, 1743861600, 2)
,(505, 1758981600, 1)
,(505, 1775311200, 2)
,(505, 1790431200, 1)
,(505, 1806760800, 2)
,(505, 1821880800, 1)
,(505, 1838210400, 2)
,(505, 1853330400, 1)
,(505, 1869660000, 2)
,(505, 1885384800, 1)
,(505, 1901714400, 2)
,(505, 1916834400, 1)
,(505, 1933164000, 2)
,(505, 1948284000, 1)
,(505, 1964613600, 2)
,(505, 1979733600, 1)
,(505, 1996063200, 2)
,(505, 2011183200, 1)
,(505, 2027512800, 2)
,(505, 2042632800, 1)
,(505, 2058962400, 2)
,(505, 2074687200, 1)
,(505, 2091016800, 2)
,(505, 2106136800, 1)
,(505, 2122466400, 2)
,(505, 2137586400, 1)
;
INSERT INTO  oceanbase.__all_tenant_time_zone_transition_type (Time_zone_id, Transition_type_id, Offset, Is_DST, Abbreviation) VALUES
 (505, 0, 44028, 0, 'LMT')
,(505, 1, 49500, 1, 'CHADT')
,(505, 2, 45900, 0, 'CHAST')
,(505, 3, 45900, 0, 'CHAST')
;
INSERT INTO oceanbase.__all_tenant_time_zone (Time_zone_id, Use_leap_seconds) VALUES (506, 'N');
INSERT INTO  oceanbase.__all_tenant_time_zone_name (Name, Time_zone_id) VALUES ('Navajo', 506);
INSERT INTO  oceanbase.__all_tenant_time_zone_transition (Time_zone_id, Transition_time, Transition_type_id) VALUES
 (506, -1633273200, 0)
,(506, -1615132800, 1)
,(506, -1601823600, 0)
,(506, -1583683200, 1)
,(506, -1570374000, 0)
,(506, -1551628800, 1)
,(506, -1538924400, 0)
,(506, -1534089600, 1)
,(506, -880210800, 2)
,(506, -769395600, 3)
,(506, -765388800, 1)
,(506, -147884400, 0)
,(506, -131558400, 1)
,(506, -116434800, 0)
,(506, -100108800, 1)
,(506, -84380400, 0)
,(506, -68659200, 1)
,(506, -52930800, 0)
,(506, -37209600, 1)
,(506, -21481200, 0)
,(506, -5760000, 1)
,(506, 9968400, 0)
,(506, 25689600, 1)
,(506, 41418000, 0)
,(506, 57744000, 1)
,(506, 73472400, 0)
,(506, 89193600, 1)
,(506, 104922000, 0)
,(506, 120643200, 1)
,(506, 126694800, 0)
,(506, 152092800, 1)
,(506, 162378000, 0)
,(506, 183542400, 1)
,(506, 199270800, 0)
,(506, 215596800, 1)
,(506, 230720400, 0)
,(506, 247046400, 1)
,(506, 262774800, 0)
,(506, 278496000, 1)
,(506, 294224400, 0)
,(506, 309945600, 1)
,(506, 325674000, 0)
,(506, 341395200, 1)
,(506, 357123600, 0)
,(506, 372844800, 1)
,(506, 388573200, 0)
,(506, 404899200, 1)
,(506, 420022800, 0)
,(506, 436348800, 1)
,(506, 452077200, 0)
,(506, 467798400, 1)
,(506, 483526800, 0)
,(506, 499248000, 1)
,(506, 514976400, 0)
,(506, 530697600, 1)
,(506, 544611600, 0)
,(506, 562147200, 1)
,(506, 576061200, 0)
,(506, 594201600, 1)
,(506, 607510800, 0)
,(506, 625651200, 1)
,(506, 638960400, 0)
,(506, 657100800, 1)
,(506, 671014800, 0)
,(506, 688550400, 1)
,(506, 702464400, 0)
,(506, 720000000, 1)
,(506, 733914000, 0)
,(506, 752054400, 1)
,(506, 765363600, 0)
,(506, 783504000, 1)
,(506, 796813200, 0)
,(506, 814953600, 1)
,(506, 828867600, 0)
,(506, 846403200, 1)
,(506, 860317200, 0)
,(506, 877852800, 1)
,(506, 891766800, 0)
,(506, 909302400, 1)
,(506, 923216400, 0)
,(506, 941356800, 1)
,(506, 954666000, 0)
,(506, 972806400, 1)
,(506, 986115600, 0)
,(506, 1004256000, 1)
,(506, 1018170000, 0)
,(506, 1035705600, 1)
,(506, 1049619600, 0)
,(506, 1067155200, 1)
,(506, 1081069200, 0)
,(506, 1099209600, 1)
,(506, 1112518800, 0)
,(506, 1130659200, 1)
,(506, 1143968400, 0)
,(506, 1162108800, 1)
,(506, 1173603600, 0)
,(506, 1194163200, 1)
,(506, 1205053200, 0)
,(506, 1225612800, 1)
,(506, 1236502800, 0)
,(506, 1257062400, 1)
,(506, 1268557200, 0)
,(506, 1289116800, 1)
,(506, 1300006800, 0)
,(506, 1320566400, 1)
,(506, 1331456400, 0)
,(506, 1352016000, 1)
,(506, 1362906000, 0)
,(506, 1383465600, 1)
,(506, 1394355600, 0)
,(506, 1414915200, 1)
,(506, 1425805200, 0)
,(506, 1446364800, 1)
,(506, 1457859600, 0)
,(506, 1478419200, 1)
,(506, 1489309200, 0)
,(506, 1509868800, 1)
,(506, 1520758800, 0)
,(506, 1541318400, 1)
,(506, 1552208400, 0)
,(506, 1572768000, 1)
,(506, 1583658000, 0)
,(506, 1604217600, 1)
,(506, 1615712400, 0)
,(506, 1636272000, 1)
,(506, 1647162000, 0)
,(506, 1667721600, 1)
,(506, 1678611600, 0)
,(506, 1699171200, 1)
,(506, 1710061200, 0)
,(506, 1730620800, 1)
,(506, 1741510800, 0)
,(506, 1762070400, 1)
,(506, 1772960400, 0)
,(506, 1793520000, 1)
,(506, 1805014800, 0)
,(506, 1825574400, 1)
,(506, 1836464400, 0)
,(506, 1857024000, 1)
,(506, 1867914000, 0)
,(506, 1888473600, 1)
,(506, 1899363600, 0)
,(506, 1919923200, 1)
,(506, 1930813200, 0)
,(506, 1951372800, 1)
,(506, 1962867600, 0)
,(506, 1983427200, 1)
,(506, 1994317200, 0)
,(506, 2014876800, 1)
,(506, 2025766800, 0)
,(506, 2046326400, 1)
,(506, 2057216400, 0)
,(506, 2077776000, 1)
,(506, 2088666000, 0)
,(506, 2109225600, 1)
,(506, 2120115600, 0)
,(506, 2140675200, 1)
;
INSERT INTO  oceanbase.__all_tenant_time_zone_transition_type (Time_zone_id, Transition_type_id, Offset, Is_DST, Abbreviation) VALUES
 (506, 0, -21600, 1, 'MDT')
,(506, 1, -25200, 0, 'MST')
,(506, 2, -21600, 1, 'MWT')
,(506, 3, -21600, 1, 'MPT')
;
INSERT INTO oceanbase.__all_tenant_time_zone (Time_zone_id, Use_leap_seconds) VALUES (507, 'N');
INSERT INTO  oceanbase.__all_tenant_time_zone_name (Name, Time_zone_id) VALUES ('PRC', 507);
INSERT INTO  oceanbase.__all_tenant_time_zone_transition (Time_zone_id, Transition_time, Transition_type_id) VALUES
 (507, -1325491552, 2)
,(507, -933494400, 1)
,(507, -923130000, 2)
,(507, -908784000, 1)
,(507, -891594000, 2)
,(507, 515520000, 1)
,(507, 527007600, 2)
,(507, 545155200, 1)
,(507, 558457200, 2)
,(507, 576604800, 1)
,(507, 589906800, 2)
,(507, 608659200, 1)
,(507, 621961200, 2)
,(507, 640108800, 1)
,(507, 653410800, 2)
,(507, 671558400, 1)
,(507, 684860400, 2)
;
INSERT INTO  oceanbase.__all_tenant_time_zone_transition_type (Time_zone_id, Transition_type_id, Offset, Is_DST, Abbreviation) VALUES
 (507, 0, 29152, 0, 'LMT')
,(507, 1, 32400, 1, 'CDT')
,(507, 2, 28800, 0, 'CST')
;
INSERT INTO oceanbase.__all_tenant_time_zone (Time_zone_id, Use_leap_seconds) VALUES (508, 'N');
INSERT INTO  oceanbase.__all_tenant_time_zone_name (Name, Time_zone_id) VALUES ('PST8PDT', 508);
INSERT INTO  oceanbase.__all_tenant_time_zone_transition (Time_zone_id, Transition_time, Transition_type_id) VALUES
 (508, -1633269600, 0)
,(508, -1615129200, 1)
,(508, -1601820000, 0)
,(508, -1583679600, 1)
,(508, -880207200, 2)
,(508, -769395600, 3)
,(508, -765385200, 1)
,(508, -84376800, 0)
,(508, -68655600, 1)
,(508, -52927200, 0)
,(508, -37206000, 1)
,(508, -21477600, 0)
,(508, -5756400, 1)
,(508, 9972000, 0)
,(508, 25693200, 1)
,(508, 41421600, 0)
,(508, 57747600, 1)
,(508, 73476000, 0)
,(508, 89197200, 1)
,(508, 104925600, 0)
,(508, 120646800, 1)
,(508, 126698400, 0)
,(508, 152096400, 1)
,(508, 162381600, 0)
,(508, 183546000, 1)
,(508, 199274400, 0)
,(508, 215600400, 1)
,(508, 230724000, 0)
,(508, 247050000, 1)
,(508, 262778400, 0)
,(508, 278499600, 1)
,(508, 294228000, 0)
,(508, 309949200, 1)
,(508, 325677600, 0)
,(508, 341398800, 1)
,(508, 357127200, 0)
,(508, 372848400, 1)
,(508, 388576800, 0)
,(508, 404902800, 1)
,(508, 420026400, 0)
,(508, 436352400, 1)
,(508, 452080800, 0)
,(508, 467802000, 1)
,(508, 483530400, 0)
,(508, 499251600, 1)
,(508, 514980000, 0)
,(508, 530701200, 1)
,(508, 544615200, 0)
,(508, 562150800, 1)
,(508, 576064800, 0)
,(508, 594205200, 1)
,(508, 607514400, 0)
,(508, 625654800, 1)
,(508, 638964000, 0)
,(508, 657104400, 1)
,(508, 671018400, 0)
,(508, 688554000, 1)
,(508, 702468000, 0)
,(508, 720003600, 1)
,(508, 733917600, 0)
,(508, 752058000, 1)
,(508, 765367200, 0)
,(508, 783507600, 1)
,(508, 796816800, 0)
,(508, 814957200, 1)
,(508, 828871200, 0)
,(508, 846406800, 1)
,(508, 860320800, 0)
,(508, 877856400, 1)
,(508, 891770400, 0)
,(508, 909306000, 1)
,(508, 923220000, 0)
,(508, 941360400, 1)
,(508, 954669600, 0)
,(508, 972810000, 1)
,(508, 986119200, 0)
,(508, 1004259600, 1)
,(508, 1018173600, 0)
,(508, 1035709200, 1)
,(508, 1049623200, 0)
,(508, 1067158800, 1)
,(508, 1081072800, 0)
,(508, 1099213200, 1)
,(508, 1112522400, 0)
,(508, 1130662800, 1)
,(508, 1143972000, 0)
,(508, 1162112400, 1)
,(508, 1173607200, 0)
,(508, 1194166800, 1)
,(508, 1205056800, 0)
,(508, 1225616400, 1)
,(508, 1236506400, 0)
,(508, 1257066000, 1)
,(508, 1268560800, 0)
,(508, 1289120400, 1)
,(508, 1300010400, 0)
,(508, 1320570000, 1)
,(508, 1331460000, 0)
,(508, 1352019600, 1)
,(508, 1362909600, 0)
,(508, 1383469200, 1)
,(508, 1394359200, 0)
,(508, 1414918800, 1)
,(508, 1425808800, 0)
,(508, 1446368400, 1)
,(508, 1457863200, 0)
,(508, 1478422800, 1)
,(508, 1489312800, 0)
,(508, 1509872400, 1)
,(508, 1520762400, 0)
,(508, 1541322000, 1)
,(508, 1552212000, 0)
,(508, 1572771600, 1)
,(508, 1583661600, 0)
,(508, 1604221200, 1)
,(508, 1615716000, 0)
,(508, 1636275600, 1)
,(508, 1647165600, 0)
,(508, 1667725200, 1)
,(508, 1678615200, 0)
,(508, 1699174800, 1)
,(508, 1710064800, 0)
,(508, 1730624400, 1)
,(508, 1741514400, 0)
,(508, 1762074000, 1)
,(508, 1772964000, 0)
,(508, 1793523600, 1)
,(508, 1805018400, 0)
,(508, 1825578000, 1)
,(508, 1836468000, 0)
,(508, 1857027600, 1)
,(508, 1867917600, 0)
,(508, 1888477200, 1)
,(508, 1899367200, 0)
,(508, 1919926800, 1)
,(508, 1930816800, 0)
,(508, 1951376400, 1)
,(508, 1962871200, 0)
,(508, 1983430800, 1)
,(508, 1994320800, 0)
,(508, 2014880400, 1)
,(508, 2025770400, 0)
,(508, 2046330000, 1)
,(508, 2057220000, 0)
,(508, 2077779600, 1)
,(508, 2088669600, 0)
,(508, 2109229200, 1)
,(508, 2120119200, 0)
,(508, 2140678800, 1)
;
INSERT INTO  oceanbase.__all_tenant_time_zone_transition_type (Time_zone_id, Transition_type_id, Offset, Is_DST, Abbreviation) VALUES
 (508, 0, -25200, 1, 'PDT')
,(508, 1, -28800, 0, 'PST')
,(508, 2, -25200, 1, 'PWT')
,(508, 3, -25200, 1, 'PPT')
;
INSERT INTO oceanbase.__all_tenant_time_zone (Time_zone_id, Use_leap_seconds) VALUES (509, 'N');
INSERT INTO  oceanbase.__all_tenant_time_zone_name (Name, Time_zone_id) VALUES ('Pacific/Apia', 509);
INSERT INTO  oceanbase.__all_tenant_time_zone_transition (Time_zone_id, Transition_time, Transition_type_id) VALUES
 (509, -1861878784, 1)
,(509, -631110600, 2)
,(509, 1285498800, 3)
,(509, 1301752800, 2)
,(509, 1316872800, 3)
,(509, 1325239200, 4)
,(509, 1333202400, 5)
;
INSERT INTO  oceanbase.__all_tenant_time_zone_transition_type (Time_zone_id, Transition_type_id, Offset, Is_DST, Abbreviation) VALUES
 (509, 0, -41216, 0, 'LMT')
,(509, 1, -41400, 0, 'SAMT')
,(509, 2, -39600, 0, 'WST')
,(509, 3, -36000, 1, 'WSDT')
,(509, 4, 50400, 1, 'WSDT')
,(509, 5, 46800, 0, 'WST')
;
INSERT INTO oceanbase.__all_tenant_time_zone (Time_zone_id, Use_leap_seconds) VALUES (510, 'N');
INSERT INTO  oceanbase.__all_tenant_time_zone_name (Name, Time_zone_id) VALUES ('Pacific/Auckland', 510);
INSERT INTO  oceanbase.__all_tenant_time_zone_transition (Time_zone_id, Transition_time, Transition_type_id) VALUES
 (510, -1330335000, 0)
,(510, -1320057000, 1)
,(510, -1300699800, 2)
,(510, -1287396000, 1)
,(510, -1269250200, 2)
,(510, -1255946400, 1)
,(510, -1237800600, 2)
,(510, -1224496800, 1)
,(510, -1206351000, 2)
,(510, -1192442400, 1)
,(510, -1174901400, 2)
,(510, -1160992800, 1)
,(510, -1143451800, 2)
,(510, -1125914400, 1)
,(510, -1112607000, 2)
,(510, -1094464800, 1)
,(510, -1081157400, 2)
,(510, -1063015200, 1)
,(510, -1049707800, 2)
,(510, -1031565600, 1)
,(510, -1018258200, 2)
,(510, -1000116000, 1)
,(510, -986808600, 2)
,(510, -968061600, 1)
,(510, -955359000, 2)
,(510, -936612000, 1)
,(510, -923304600, 2)
,(510, -757425600, 5)
,(510, 152632800, 3)
,(510, 162309600, 4)
,(510, 183477600, 3)
,(510, 194968800, 4)
,(510, 215532000, 3)
,(510, 226418400, 4)
,(510, 246981600, 3)
,(510, 257868000, 4)
,(510, 278431200, 3)
,(510, 289317600, 4)
,(510, 309880800, 3)
,(510, 320767200, 4)
,(510, 341330400, 3)
,(510, 352216800, 4)
,(510, 372780000, 3)
,(510, 384271200, 4)
,(510, 404834400, 3)
,(510, 415720800, 4)
,(510, 436284000, 3)
,(510, 447170400, 4)
,(510, 467733600, 3)
,(510, 478620000, 4)
,(510, 499183200, 3)
,(510, 510069600, 4)
,(510, 530632800, 3)
,(510, 541519200, 4)
,(510, 562082400, 3)
,(510, 573573600, 4)
,(510, 594136800, 3)
,(510, 605023200, 4)
,(510, 623772000, 3)
,(510, 637682400, 4)
,(510, 655221600, 3)
,(510, 669132000, 4)
,(510, 686671200, 3)
,(510, 700581600, 4)
,(510, 718120800, 3)
,(510, 732636000, 4)
,(510, 749570400, 3)
,(510, 764085600, 4)
,(510, 781020000, 3)
,(510, 795535200, 4)
,(510, 812469600, 3)
,(510, 826984800, 4)
,(510, 844524000, 3)
,(510, 858434400, 4)
,(510, 875973600, 3)
,(510, 889884000, 4)
,(510, 907423200, 3)
,(510, 921938400, 4)
,(510, 938872800, 3)
,(510, 953388000, 4)
,(510, 970322400, 3)
,(510, 984837600, 4)
,(510, 1002376800, 3)
,(510, 1016287200, 4)
,(510, 1033826400, 3)
,(510, 1047736800, 4)
,(510, 1065276000, 3)
,(510, 1079791200, 4)
,(510, 1096725600, 3)
,(510, 1111240800, 4)
,(510, 1128175200, 3)
,(510, 1142690400, 4)
,(510, 1159624800, 3)
,(510, 1174140000, 4)
,(510, 1191074400, 3)
,(510, 1207404000, 4)
,(510, 1222524000, 3)
,(510, 1238853600, 4)
,(510, 1253973600, 3)
,(510, 1270303200, 4)
,(510, 1285423200, 3)
,(510, 1301752800, 4)
,(510, 1316872800, 3)
,(510, 1333202400, 4)
,(510, 1348927200, 3)
,(510, 1365256800, 4)
,(510, 1380376800, 3)
,(510, 1396706400, 4)
,(510, 1411826400, 3)
,(510, 1428156000, 4)
,(510, 1443276000, 3)
,(510, 1459605600, 4)
,(510, 1474725600, 3)
,(510, 1491055200, 4)
,(510, 1506175200, 3)
,(510, 1522504800, 4)
,(510, 1538229600, 3)
,(510, 1554559200, 4)
,(510, 1569679200, 3)
,(510, 1586008800, 4)
,(510, 1601128800, 3)
,(510, 1617458400, 4)
,(510, 1632578400, 3)
,(510, 1648908000, 4)
,(510, 1664028000, 3)
,(510, 1680357600, 4)
,(510, 1695477600, 3)
,(510, 1712412000, 4)
,(510, 1727532000, 3)
,(510, 1743861600, 4)
,(510, 1758981600, 3)
,(510, 1775311200, 4)
,(510, 1790431200, 3)
,(510, 1806760800, 4)
,(510, 1821880800, 3)
,(510, 1838210400, 4)
,(510, 1853330400, 3)
,(510, 1869660000, 4)
,(510, 1885384800, 3)
,(510, 1901714400, 4)
,(510, 1916834400, 3)
,(510, 1933164000, 4)
,(510, 1948284000, 3)
,(510, 1964613600, 4)
,(510, 1979733600, 3)
,(510, 1996063200, 4)
,(510, 2011183200, 3)
,(510, 2027512800, 4)
,(510, 2042632800, 3)
,(510, 2058962400, 4)
,(510, 2074687200, 3)
,(510, 2091016800, 4)
,(510, 2106136800, 3)
,(510, 2122466400, 4)
,(510, 2137586400, 3)
;
INSERT INTO  oceanbase.__all_tenant_time_zone_transition_type (Time_zone_id, Transition_type_id, Offset, Is_DST, Abbreviation) VALUES
 (510, 0, 45000, 1, 'NZST')
,(510, 1, 41400, 0, 'NZMT')
,(510, 2, 43200, 1, 'NZST')
,(510, 3, 46800, 1, 'NZDT')
,(510, 4, 43200, 0, 'NZST')
,(510, 5, 43200, 0, 'NZST')
;
INSERT INTO oceanbase.__all_tenant_time_zone (Time_zone_id, Use_leap_seconds) VALUES (511, 'N');
INSERT INTO  oceanbase.__all_tenant_time_zone_name (Name, Time_zone_id) VALUES ('Pacific/Chatham', 511);
INSERT INTO  oceanbase.__all_tenant_time_zone_transition (Time_zone_id, Transition_time, Transition_type_id) VALUES
 (511, -410271228, 3)
,(511, 152632800, 1)
,(511, 162309600, 2)
,(511, 183477600, 1)
,(511, 194968800, 2)
,(511, 215532000, 1)
,(511, 226418400, 2)
,(511, 246981600, 1)
,(511, 257868000, 2)
,(511, 278431200, 1)
,(511, 289317600, 2)
,(511, 309880800, 1)
,(511, 320767200, 2)
,(511, 341330400, 1)
,(511, 352216800, 2)
,(511, 372780000, 1)
,(511, 384271200, 2)
,(511, 404834400, 1)
,(511, 415720800, 2)
,(511, 436284000, 1)
,(511, 447170400, 2)
,(511, 467733600, 1)
,(511, 478620000, 2)
,(511, 499183200, 1)
,(511, 510069600, 2)
,(511, 530632800, 1)
,(511, 541519200, 2)
,(511, 562082400, 1)
,(511, 573573600, 2)
,(511, 594136800, 1)
,(511, 605023200, 2)
,(511, 623772000, 1)
,(511, 637682400, 2)
,(511, 655221600, 1)
,(511, 669132000, 2)
,(511, 686671200, 1)
,(511, 700581600, 2)
,(511, 718120800, 1)
,(511, 732636000, 2)
,(511, 749570400, 1)
,(511, 764085600, 2)
,(511, 781020000, 1)
,(511, 795535200, 2)
,(511, 812469600, 1)
,(511, 826984800, 2)
,(511, 844524000, 1)
,(511, 858434400, 2)
,(511, 875973600, 1)
,(511, 889884000, 2)
,(511, 907423200, 1)
,(511, 921938400, 2)
,(511, 938872800, 1)
,(511, 953388000, 2)
,(511, 970322400, 1)
,(511, 984837600, 2)
,(511, 1002376800, 1)
,(511, 1016287200, 2)
,(511, 1033826400, 1)
,(511, 1047736800, 2)
,(511, 1065276000, 1)
,(511, 1079791200, 2)
,(511, 1096725600, 1)
,(511, 1111240800, 2)
,(511, 1128175200, 1)
,(511, 1142690400, 2)
,(511, 1159624800, 1)
,(511, 1174140000, 2)
,(511, 1191074400, 1)
,(511, 1207404000, 2)
,(511, 1222524000, 1)
,(511, 1238853600, 2)
,(511, 1253973600, 1)
,(511, 1270303200, 2)
,(511, 1285423200, 1)
,(511, 1301752800, 2)
,(511, 1316872800, 1)
,(511, 1333202400, 2)
,(511, 1348927200, 1)
,(511, 1365256800, 2)
,(511, 1380376800, 1)
,(511, 1396706400, 2)
,(511, 1411826400, 1)
,(511, 1428156000, 2)
,(511, 1443276000, 1)
,(511, 1459605600, 2)
,(511, 1474725600, 1)
,(511, 1491055200, 2)
,(511, 1506175200, 1)
,(511, 1522504800, 2)
,(511, 1538229600, 1)
,(511, 1554559200, 2)
,(511, 1569679200, 1)
,(511, 1586008800, 2)
,(511, 1601128800, 1)
,(511, 1617458400, 2)
,(511, 1632578400, 1)
,(511, 1648908000, 2)
,(511, 1664028000, 1)
,(511, 1680357600, 2)
,(511, 1695477600, 1)
,(511, 1712412000, 2)
,(511, 1727532000, 1)
,(511, 1743861600, 2)
,(511, 1758981600, 1)
,(511, 1775311200, 2)
,(511, 1790431200, 1)
,(511, 1806760800, 2)
,(511, 1821880800, 1)
,(511, 1838210400, 2)
,(511, 1853330400, 1)
,(511, 1869660000, 2)
,(511, 1885384800, 1)
,(511, 1901714400, 2)
,(511, 1916834400, 1)
,(511, 1933164000, 2)
,(511, 1948284000, 1)
,(511, 1964613600, 2)
,(511, 1979733600, 1)
,(511, 1996063200, 2)
,(511, 2011183200, 1)
,(511, 2027512800, 2)
,(511, 2042632800, 1)
,(511, 2058962400, 2)
,(511, 2074687200, 1)
,(511, 2091016800, 2)
,(511, 2106136800, 1)
,(511, 2122466400, 2)
,(511, 2137586400, 1)
;
INSERT INTO  oceanbase.__all_tenant_time_zone_transition_type (Time_zone_id, Transition_type_id, Offset, Is_DST, Abbreviation) VALUES
 (511, 0, 44028, 0, 'LMT')
,(511, 1, 49500, 1, 'CHADT')
,(511, 2, 45900, 0, 'CHAST')
,(511, 3, 45900, 0, 'CHAST')
;
INSERT INTO oceanbase.__all_tenant_time_zone (Time_zone_id, Use_leap_seconds) VALUES (512, 'N');
INSERT INTO  oceanbase.__all_tenant_time_zone_name (Name, Time_zone_id) VALUES ('Pacific/Chuuk', 512);
INSERT INTO  oceanbase.__all_tenant_time_zone_transition_type (Time_zone_id, Transition_type_id, Offset, Is_DST, Abbreviation) VALUES
 (512, 0, 36000, 0, 'CHUT')
;
INSERT INTO oceanbase.__all_tenant_time_zone (Time_zone_id, Use_leap_seconds) VALUES (513, 'N');
INSERT INTO  oceanbase.__all_tenant_time_zone_name (Name, Time_zone_id) VALUES ('Pacific/Easter', 513);
INSERT INTO  oceanbase.__all_tenant_time_zone_transition (Time_zone_id, Transition_time, Transition_type_id) VALUES
 (513, -1178124152, 3)
,(513, -870552000, 1)
,(513, -865278000, 2)
,(513, -736376400, 1)
,(513, -36619200, 2)
,(513, -23922000, 1)
,(513, -3355200, 2)
,(513, 7527600, 1)
,(513, 24465600, 2)
,(513, 37767600, 1)
,(513, 55915200, 2)
,(513, 69217200, 1)
,(513, 87969600, 2)
,(513, 100666800, 1)
,(513, 118209600, 2)
,(513, 132116400, 1)
,(513, 150868800, 2)
,(513, 163566000, 1)
,(513, 182318400, 2)
,(513, 195620400, 1)
,(513, 213768000, 2)
,(513, 227070000, 1)
,(513, 245217600, 2)
,(513, 258519600, 1)
,(513, 277272000, 2)
,(513, 289969200, 1)
,(513, 308721600, 2)
,(513, 321418800, 1)
,(513, 340171200, 2)
,(513, 353473200, 1)
,(513, 371620800, 2)
,(513, 384922800, 4)
,(513, 403070400, 5)
,(513, 416372400, 4)
,(513, 434520000, 5)
,(513, 447822000, 4)
,(513, 466574400, 5)
,(513, 479271600, 4)
,(513, 498024000, 5)
,(513, 510721200, 4)
,(513, 529473600, 5)
,(513, 545194800, 4)
,(513, 560923200, 5)
,(513, 574225200, 4)
,(513, 591768000, 5)
,(513, 605674800, 4)
,(513, 624427200, 5)
,(513, 637729200, 4)
,(513, 653457600, 5)
,(513, 668574000, 4)
,(513, 687326400, 5)
,(513, 700628400, 4)
,(513, 718776000, 5)
,(513, 732078000, 4)
,(513, 750225600, 5)
,(513, 763527600, 4)
,(513, 781675200, 5)
,(513, 794977200, 4)
,(513, 813729600, 5)
,(513, 826426800, 4)
,(513, 845179200, 5)
,(513, 859690800, 4)
,(513, 876628800, 5)
,(513, 889930800, 4)
,(513, 906868800, 5)
,(513, 923194800, 4)
,(513, 939528000, 5)
,(513, 952830000, 4)
,(513, 971582400, 5)
,(513, 984279600, 4)
,(513, 1003032000, 5)
,(513, 1015729200, 4)
,(513, 1034481600, 5)
,(513, 1047178800, 4)
,(513, 1065931200, 5)
,(513, 1079233200, 4)
,(513, 1097380800, 5)
,(513, 1110682800, 4)
,(513, 1128830400, 5)
,(513, 1142132400, 4)
,(513, 1160884800, 5)
,(513, 1173582000, 4)
,(513, 1192334400, 5)
,(513, 1206846000, 4)
,(513, 1223784000, 5)
,(513, 1237086000, 4)
,(513, 1255233600, 5)
,(513, 1270350000, 4)
,(513, 1286683200, 5)
,(513, 1304823600, 4)
,(513, 1313899200, 5)
,(513, 1331434800, 4)
,(513, 1350187200, 5)
,(513, 1362884400, 4)
,(513, 1381636800, 5)
,(513, 1394334000, 4)
,(513, 1413086400, 5)
,(513, 1426388400, 4)
,(513, 1444536000, 5)
,(513, 1457838000, 4)
,(513, 1475985600, 5)
,(513, 1489287600, 4)
,(513, 1508040000, 5)
,(513, 1520737200, 4)
,(513, 1539489600, 5)
,(513, 1552186800, 4)
,(513, 1570939200, 5)
,(513, 1584241200, 4)
,(513, 1602388800, 5)
,(513, 1615690800, 4)
,(513, 1633838400, 5)
,(513, 1647140400, 4)
,(513, 1665288000, 5)
,(513, 1678590000, 4)
,(513, 1697342400, 5)
,(513, 1710039600, 4)
,(513, 1728792000, 5)
,(513, 1741489200, 4)
,(513, 1760241600, 5)
,(513, 1773543600, 4)
,(513, 1791691200, 5)
,(513, 1804993200, 4)
,(513, 1823140800, 5)
,(513, 1836442800, 4)
,(513, 1855195200, 5)
,(513, 1867892400, 4)
,(513, 1886644800, 5)
,(513, 1899342000, 4)
,(513, 1918094400, 5)
,(513, 1930791600, 4)
,(513, 1949544000, 5)
,(513, 1962846000, 4)
,(513, 1980993600, 5)
,(513, 1994295600, 4)
,(513, 2012443200, 5)
,(513, 2025745200, 4)
,(513, 2044497600, 5)
,(513, 2057194800, 4)
,(513, 2075947200, 5)
,(513, 2088644400, 4)
,(513, 2107396800, 5)
,(513, 2120698800, 4)
,(513, 2138846400, 5)
;
INSERT INTO  oceanbase.__all_tenant_time_zone_transition_type (Time_zone_id, Transition_type_id, Offset, Is_DST, Abbreviation) VALUES
 (513, 0, -26248, 0, 'EMT')
,(513, 1, -25200, 0, 'EAST')
,(513, 2, -21600, 1, 'EASST')
,(513, 3, -21600, 1, 'EASST')
,(513, 4, -21600, 0, 'EAST')
,(513, 5, -18000, 1, 'EASST')
;
INSERT INTO oceanbase.__all_tenant_time_zone (Time_zone_id, Use_leap_seconds) VALUES (514, 'N');
INSERT INTO  oceanbase.__all_tenant_time_zone_name (Name, Time_zone_id) VALUES ('Pacific/Efate', 514);
INSERT INTO  oceanbase.__all_tenant_time_zone_transition (Time_zone_id, Transition_time, Transition_type_id) VALUES
 (514, -1829387596, 2)
,(514, 433256400, 1)
,(514, 448977600, 2)
,(514, 467298000, 1)
,(514, 480427200, 2)
,(514, 496760400, 1)
,(514, 511876800, 2)
,(514, 528210000, 1)
,(514, 543931200, 2)
,(514, 559659600, 1)
,(514, 575380800, 2)
,(514, 591109200, 1)
,(514, 606830400, 2)
,(514, 622558800, 1)
,(514, 638280000, 2)
,(514, 654008400, 1)
,(514, 669729600, 2)
,(514, 686062800, 1)
,(514, 696340800, 2)
,(514, 719931600, 1)
,(514, 727790400, 2)
;
INSERT INTO  oceanbase.__all_tenant_time_zone_transition_type (Time_zone_id, Transition_type_id, Offset, Is_DST, Abbreviation) VALUES
 (514, 0, 40396, 0, 'LMT')
,(514, 1, 43200, 1, 'VUST')
,(514, 2, 39600, 0, 'VUT')
;
INSERT INTO oceanbase.__all_tenant_time_zone (Time_zone_id, Use_leap_seconds) VALUES (515, 'N');
INSERT INTO  oceanbase.__all_tenant_time_zone_name (Name, Time_zone_id) VALUES ('Pacific/Enderbury', 515);
INSERT INTO  oceanbase.__all_tenant_time_zone_transition (Time_zone_id, Transition_time, Transition_type_id) VALUES
 (515, 307627200, 1)
,(515, 788958000, 2)
;
INSERT INTO  oceanbase.__all_tenant_time_zone_transition_type (Time_zone_id, Transition_type_id, Offset, Is_DST, Abbreviation) VALUES
 (515, 0, -43200, 0, 'PHOT')
,(515, 1, -39600, 0, 'PHOT')
,(515, 2, 46800, 0, 'PHOT')
;
INSERT INTO oceanbase.__all_tenant_time_zone (Time_zone_id, Use_leap_seconds) VALUES (516, 'N');
INSERT INTO  oceanbase.__all_tenant_time_zone_name (Name, Time_zone_id) VALUES ('Pacific/Fakaofo', 516);
INSERT INTO  oceanbase.__all_tenant_time_zone_transition_type (Time_zone_id, Transition_type_id, Offset, Is_DST, Abbreviation) VALUES
 (516, 0, -36000, 0, 'TKT')
;
INSERT INTO oceanbase.__all_tenant_time_zone (Time_zone_id, Use_leap_seconds) VALUES (517, 'N');
INSERT INTO  oceanbase.__all_tenant_time_zone_name (Name, Time_zone_id) VALUES ('Pacific/Fiji', 517);
INSERT INTO  oceanbase.__all_tenant_time_zone_transition (Time_zone_id, Transition_time, Transition_type_id) VALUES
 (517, -1709985220, 2)
,(517, 909842400, 1)
,(517, 920124000, 2)
,(517, 941896800, 1)
,(517, 951573600, 2)
,(517, 1259416800, 1)
,(517, 1269698400, 2)
,(517, 1287842400, 1)
,(517, 1299333600, 2)
,(517, 1319292000, 1)
,(517, 1330178400, 2)
;
INSERT INTO  oceanbase.__all_tenant_time_zone_transition_type (Time_zone_id, Transition_type_id, Offset, Is_DST, Abbreviation) VALUES
 (517, 0, 42820, 0, 'LMT')
,(517, 1, 46800, 1, 'FJST')
,(517, 2, 43200, 0, 'FJT')
;
INSERT INTO oceanbase.__all_tenant_time_zone (Time_zone_id, Use_leap_seconds) VALUES (518, 'N');
INSERT INTO  oceanbase.__all_tenant_time_zone_name (Name, Time_zone_id) VALUES ('Pacific/Funafuti', 518);
INSERT INTO  oceanbase.__all_tenant_time_zone_transition_type (Time_zone_id, Transition_type_id, Offset, Is_DST, Abbreviation) VALUES
 (518, 0, 43200, 0, 'TVT')
;
INSERT INTO oceanbase.__all_tenant_time_zone (Time_zone_id, Use_leap_seconds) VALUES (519, 'N');
INSERT INTO  oceanbase.__all_tenant_time_zone_name (Name, Time_zone_id) VALUES ('Pacific/Galapagos', 519);
INSERT INTO  oceanbase.__all_tenant_time_zone_transition (Time_zone_id, Transition_time, Transition_type_id) VALUES
 (519, -1230746496, 1)
,(519, 504939600, 2)
;
INSERT INTO  oceanbase.__all_tenant_time_zone_transition_type (Time_zone_id, Transition_type_id, Offset, Is_DST, Abbreviation) VALUES
 (519, 0, -21504, 0, 'LMT')
,(519, 1, -18000, 0, 'ECT')
,(519, 2, -21600, 0, 'GALT')
;
INSERT INTO oceanbase.__all_tenant_time_zone (Time_zone_id, Use_leap_seconds) VALUES (520, 'N');
INSERT INTO  oceanbase.__all_tenant_time_zone_name (Name, Time_zone_id) VALUES ('Pacific/Gambier', 520);
INSERT INTO  oceanbase.__all_tenant_time_zone_transition (Time_zone_id, Transition_time, Transition_type_id) VALUES
 (520, -1806678012, 1)
;
INSERT INTO  oceanbase.__all_tenant_time_zone_transition_type (Time_zone_id, Transition_type_id, Offset, Is_DST, Abbreviation) VALUES
 (520, 0, -32388, 0, 'LMT')
,(520, 1, -32400, 0, 'GAMT')
;
INSERT INTO oceanbase.__all_tenant_time_zone (Time_zone_id, Use_leap_seconds) VALUES (521, 'N');
INSERT INTO  oceanbase.__all_tenant_time_zone_name (Name, Time_zone_id) VALUES ('Pacific/Guadalcanal', 521);
INSERT INTO  oceanbase.__all_tenant_time_zone_transition (Time_zone_id, Transition_time, Transition_type_id) VALUES
 (521, -1806748788, 1)
;
INSERT INTO  oceanbase.__all_tenant_time_zone_transition_type (Time_zone_id, Transition_type_id, Offset, Is_DST, Abbreviation) VALUES
 (521, 0, 38388, 0, 'LMT')
,(521, 1, 39600, 0, 'SBT')
;
INSERT INTO oceanbase.__all_tenant_time_zone (Time_zone_id, Use_leap_seconds) VALUES (522, 'N');
INSERT INTO  oceanbase.__all_tenant_time_zone_name (Name, Time_zone_id) VALUES ('Pacific/Guam', 522);
INSERT INTO  oceanbase.__all_tenant_time_zone_transition (Time_zone_id, Transition_time, Transition_type_id) VALUES
 (522, 977493600, 1)
;
INSERT INTO  oceanbase.__all_tenant_time_zone_transition_type (Time_zone_id, Transition_type_id, Offset, Is_DST, Abbreviation) VALUES
 (522, 0, 36000, 0, 'GST')
,(522, 1, 36000, 0, 'ChST')
;
INSERT INTO oceanbase.__all_tenant_time_zone (Time_zone_id, Use_leap_seconds) VALUES (523, 'N');
INSERT INTO  oceanbase.__all_tenant_time_zone_name (Name, Time_zone_id) VALUES ('Pacific/Honolulu', 523);
INSERT INTO  oceanbase.__all_tenant_time_zone_transition (Time_zone_id, Transition_time, Transition_type_id) VALUES
 (523, -1157283000, 1)
,(523, -1155436200, 0)
,(523, -880198200, 1)
,(523, -765376200, 0)
,(523, -712150200, 2)
;
INSERT INTO  oceanbase.__all_tenant_time_zone_transition_type (Time_zone_id, Transition_type_id, Offset, Is_DST, Abbreviation) VALUES
 (523, 0, -37800, 0, 'HST')
,(523, 1, -34200, 1, 'HDT')
,(523, 2, -36000, 0, 'HST')
;
INSERT INTO oceanbase.__all_tenant_time_zone (Time_zone_id, Use_leap_seconds) VALUES (524, 'N');
INSERT INTO  oceanbase.__all_tenant_time_zone_name (Name, Time_zone_id) VALUES ('Pacific/Johnston', 524);
INSERT INTO  oceanbase.__all_tenant_time_zone_transition_type (Time_zone_id, Transition_type_id, Offset, Is_DST, Abbreviation) VALUES
 (524, 0, -36000, 0, 'HST')
;
INSERT INTO oceanbase.__all_tenant_time_zone (Time_zone_id, Use_leap_seconds) VALUES (525, 'N');
INSERT INTO  oceanbase.__all_tenant_time_zone_name (Name, Time_zone_id) VALUES ('Pacific/Kiritimati', 525);
INSERT INTO  oceanbase.__all_tenant_time_zone_transition (Time_zone_id, Transition_time, Transition_type_id) VALUES
 (525, 307622400, 1)
,(525, 788954400, 2)
;
INSERT INTO  oceanbase.__all_tenant_time_zone_transition_type (Time_zone_id, Transition_type_id, Offset, Is_DST, Abbreviation) VALUES
 (525, 0, -38400, 0, 'LINT')
,(525, 1, -36000, 0, 'LINT')
,(525, 2, 50400, 0, 'LINT')
;
INSERT INTO oceanbase.__all_tenant_time_zone (Time_zone_id, Use_leap_seconds) VALUES (526, 'N');
INSERT INTO  oceanbase.__all_tenant_time_zone_name (Name, Time_zone_id) VALUES ('Pacific/Kosrae', 526);
INSERT INTO  oceanbase.__all_tenant_time_zone_transition (Time_zone_id, Transition_time, Transition_type_id) VALUES
 (526, -7988400, 1)
,(526, 915105600, 0)
;
INSERT INTO  oceanbase.__all_tenant_time_zone_transition_type (Time_zone_id, Transition_type_id, Offset, Is_DST, Abbreviation) VALUES
 (526, 0, 39600, 0, 'KOST')
,(526, 1, 43200, 0, 'KOST')
;
INSERT INTO oceanbase.__all_tenant_time_zone (Time_zone_id, Use_leap_seconds) VALUES (527, 'N');
INSERT INTO  oceanbase.__all_tenant_time_zone_name (Name, Time_zone_id) VALUES ('Pacific/Kwajalein', 527);
INSERT INTO  oceanbase.__all_tenant_time_zone_transition (Time_zone_id, Transition_time, Transition_type_id) VALUES
 (527, -7988400, 1)
,(527, 745848000, 2)
;
INSERT INTO  oceanbase.__all_tenant_time_zone_transition_type (Time_zone_id, Transition_type_id, Offset, Is_DST, Abbreviation) VALUES
 (527, 0, 39600, 0, 'MHT')
,(527, 1, -43200, 0, 'KWAT')
,(527, 2, 43200, 0, 'MHT')
;
INSERT INTO oceanbase.__all_tenant_time_zone (Time_zone_id, Use_leap_seconds) VALUES (528, 'N');
INSERT INTO  oceanbase.__all_tenant_time_zone_name (Name, Time_zone_id) VALUES ('Pacific/Majuro', 528);
INSERT INTO  oceanbase.__all_tenant_time_zone_transition (Time_zone_id, Transition_time, Transition_type_id) VALUES
 (528, -7988400, 1)
;
INSERT INTO  oceanbase.__all_tenant_time_zone_transition_type (Time_zone_id, Transition_type_id, Offset, Is_DST, Abbreviation) VALUES
 (528, 0, 39600, 0, 'MHT')
,(528, 1, 43200, 0, 'MHT')
;
INSERT INTO oceanbase.__all_tenant_time_zone (Time_zone_id, Use_leap_seconds) VALUES (529, 'N');
INSERT INTO  oceanbase.__all_tenant_time_zone_name (Name, Time_zone_id) VALUES ('Pacific/Marquesas', 529);
INSERT INTO  oceanbase.__all_tenant_time_zone_transition (Time_zone_id, Transition_time, Transition_type_id) VALUES
 (529, -1806676920, 1)
;
INSERT INTO  oceanbase.__all_tenant_time_zone_transition_type (Time_zone_id, Transition_type_id, Offset, Is_DST, Abbreviation) VALUES
 (529, 0, -33480, 0, 'LMT')
,(529, 1, -34200, 0, 'MART')
;
INSERT INTO oceanbase.__all_tenant_time_zone (Time_zone_id, Use_leap_seconds) VALUES (530, 'N');
INSERT INTO  oceanbase.__all_tenant_time_zone_name (Name, Time_zone_id) VALUES ('Pacific/Midway', 530);
INSERT INTO  oceanbase.__all_tenant_time_zone_transition (Time_zone_id, Transition_time, Transition_type_id) VALUES
 (530, -428504400, 1)
,(530, -420645600, 0)
,(530, -86878800, 2)
,(530, 439038000, 3)
;
INSERT INTO  oceanbase.__all_tenant_time_zone_transition_type (Time_zone_id, Transition_type_id, Offset, Is_DST, Abbreviation) VALUES
 (530, 0, -39600, 0, 'NST')
,(530, 1, -36000, 1, 'NDT')
,(530, 2, -39600, 0, 'BST')
,(530, 3, -39600, 0, 'SST')
;
INSERT INTO oceanbase.__all_tenant_time_zone (Time_zone_id, Use_leap_seconds) VALUES (531, 'N');
INSERT INTO  oceanbase.__all_tenant_time_zone_name (Name, Time_zone_id) VALUES ('Pacific/Nauru', 531);
INSERT INTO  oceanbase.__all_tenant_time_zone_transition (Time_zone_id, Transition_time, Transition_type_id) VALUES
 (531, -1545131260, 1)
,(531, -877347000, 2)
,(531, -800960400, 1)
,(531, 294323400, 3)
;
INSERT INTO  oceanbase.__all_tenant_time_zone_transition_type (Time_zone_id, Transition_type_id, Offset, Is_DST, Abbreviation) VALUES
 (531, 0, 40060, 0, 'LMT')
,(531, 1, 41400, 0, 'NRT')
,(531, 2, 32400, 0, 'JST')
,(531, 3, 43200, 0, 'NRT')
;
INSERT INTO oceanbase.__all_tenant_time_zone (Time_zone_id, Use_leap_seconds) VALUES (532, 'N');
INSERT INTO  oceanbase.__all_tenant_time_zone_name (Name, Time_zone_id) VALUES ('Pacific/Niue', 532);
INSERT INTO  oceanbase.__all_tenant_time_zone_transition (Time_zone_id, Transition_time, Transition_type_id) VALUES
 (532, -599575200, 1)
,(532, 276089400, 2)
;
INSERT INTO  oceanbase.__all_tenant_time_zone_transition_type (Time_zone_id, Transition_type_id, Offset, Is_DST, Abbreviation) VALUES
 (532, 0, -40800, 0, 'NUT')
,(532, 1, -41400, 0, 'NUT')
,(532, 2, -39600, 0, 'NUT')
;
INSERT INTO oceanbase.__all_tenant_time_zone (Time_zone_id, Use_leap_seconds) VALUES (533, 'N');
INSERT INTO  oceanbase.__all_tenant_time_zone_name (Name, Time_zone_id) VALUES ('Pacific/Norfolk', 533);
INSERT INTO  oceanbase.__all_tenant_time_zone_transition (Time_zone_id, Transition_time, Transition_type_id) VALUES
 (533, -599656320, 1)
;
INSERT INTO  oceanbase.__all_tenant_time_zone_transition_type (Time_zone_id, Transition_type_id, Offset, Is_DST, Abbreviation) VALUES
 (533, 0, 40320, 0, 'NMT')
,(533, 1, 41400, 0, 'NFT')
;
INSERT INTO oceanbase.__all_tenant_time_zone (Time_zone_id, Use_leap_seconds) VALUES (534, 'N');
INSERT INTO  oceanbase.__all_tenant_time_zone_name (Name, Time_zone_id) VALUES ('Pacific/Noumea', 534);
INSERT INTO  oceanbase.__all_tenant_time_zone_transition (Time_zone_id, Transition_time, Transition_type_id) VALUES
 (534, -1829387148, 2)
,(534, 250002000, 1)
,(534, 257342400, 2)
,(534, 281451600, 1)
,(534, 288878400, 2)
,(534, 849366000, 3)
,(534, 857228400, 4)
;
INSERT INTO  oceanbase.__all_tenant_time_zone_transition_type (Time_zone_id, Transition_type_id, Offset, Is_DST, Abbreviation) VALUES
 (534, 0, 39948, 0, 'LMT')
,(534, 1, 43200, 1, 'NCST')
,(534, 2, 39600, 0, 'NCT')
,(534, 3, 43200, 1, 'NCST')
,(534, 4, 39600, 0, 'NCT')
;
INSERT INTO oceanbase.__all_tenant_time_zone (Time_zone_id, Use_leap_seconds) VALUES (535, 'N');
INSERT INTO  oceanbase.__all_tenant_time_zone_name (Name, Time_zone_id) VALUES ('Pacific/Pago_Pago', 535);
INSERT INTO  oceanbase.__all_tenant_time_zone_transition (Time_zone_id, Transition_time, Transition_type_id) VALUES
 (535, -1861879032, 1)
,(535, -631110600, 2)
,(535, -86878800, 3)
,(535, 439038000, 4)
;
INSERT INTO  oceanbase.__all_tenant_time_zone_transition_type (Time_zone_id, Transition_type_id, Offset, Is_DST, Abbreviation) VALUES
 (535, 0, -40968, 0, 'LMT')
,(535, 1, -41400, 0, 'SAMT')
,(535, 2, -39600, 0, 'NST')
,(535, 3, -39600, 0, 'BST')
,(535, 4, -39600, 0, 'SST')
;
INSERT INTO oceanbase.__all_tenant_time_zone (Time_zone_id, Use_leap_seconds) VALUES (536, 'N');
INSERT INTO  oceanbase.__all_tenant_time_zone_name (Name, Time_zone_id) VALUES ('Pacific/Palau', 536);
INSERT INTO  oceanbase.__all_tenant_time_zone_transition_type (Time_zone_id, Transition_type_id, Offset, Is_DST, Abbreviation) VALUES
 (536, 0, 32400, 0, 'PWT')
;
INSERT INTO oceanbase.__all_tenant_time_zone (Time_zone_id, Use_leap_seconds) VALUES (537, 'N');
INSERT INTO  oceanbase.__all_tenant_time_zone_name (Name, Time_zone_id) VALUES ('Pacific/Pitcairn', 537);
INSERT INTO  oceanbase.__all_tenant_time_zone_transition (Time_zone_id, Transition_time, Transition_type_id) VALUES
 (537, 893665800, 1)
;
INSERT INTO  oceanbase.__all_tenant_time_zone_transition_type (Time_zone_id, Transition_type_id, Offset, Is_DST, Abbreviation) VALUES
 (537, 0, -30600, 0, 'PNT')
,(537, 1, -28800, 0, 'PST')
;
INSERT INTO oceanbase.__all_tenant_time_zone (Time_zone_id, Use_leap_seconds) VALUES (538, 'N');
INSERT INTO  oceanbase.__all_tenant_time_zone_name (Name, Time_zone_id) VALUES ('Pacific/Pohnpei', 538);
INSERT INTO  oceanbase.__all_tenant_time_zone_transition_type (Time_zone_id, Transition_type_id, Offset, Is_DST, Abbreviation) VALUES
 (538, 0, 39600, 0, 'PONT')
;
INSERT INTO oceanbase.__all_tenant_time_zone (Time_zone_id, Use_leap_seconds) VALUES (539, 'N');
INSERT INTO  oceanbase.__all_tenant_time_zone_name (Name, Time_zone_id) VALUES ('Pacific/Ponape', 539);
INSERT INTO  oceanbase.__all_tenant_time_zone_transition_type (Time_zone_id, Transition_type_id, Offset, Is_DST, Abbreviation) VALUES
 (539, 0, 39600, 0, 'PONT')
;
INSERT INTO oceanbase.__all_tenant_time_zone (Time_zone_id, Use_leap_seconds) VALUES (540, 'N');
INSERT INTO  oceanbase.__all_tenant_time_zone_name (Name, Time_zone_id) VALUES ('Pacific/Port_Moresby', 540);
INSERT INTO  oceanbase.__all_tenant_time_zone_transition_type (Time_zone_id, Transition_type_id, Offset, Is_DST, Abbreviation) VALUES
 (540, 0, 36000, 0, 'PGT')
;
INSERT INTO oceanbase.__all_tenant_time_zone (Time_zone_id, Use_leap_seconds) VALUES (541, 'N');
INSERT INTO  oceanbase.__all_tenant_time_zone_name (Name, Time_zone_id) VALUES ('Pacific/Rarotonga', 541);
INSERT INTO  oceanbase.__all_tenant_time_zone_transition (Time_zone_id, Transition_time, Transition_type_id) VALUES
 (541, 279714600, 2)
,(541, 289387800, 1)
,(541, 309952800, 2)
,(541, 320837400, 1)
,(541, 341402400, 2)
,(541, 352287000, 1)
,(541, 372852000, 2)
,(541, 384341400, 1)
,(541, 404906400, 2)
,(541, 415791000, 1)
,(541, 436356000, 2)
,(541, 447240600, 1)
,(541, 467805600, 2)
,(541, 478690200, 1)
,(541, 499255200, 2)
,(541, 510139800, 1)
,(541, 530704800, 2)
,(541, 541589400, 1)
,(541, 562154400, 2)
,(541, 573643800, 1)
,(541, 594208800, 2)
,(541, 605093400, 1)
,(541, 625658400, 2)
,(541, 636543000, 1)
,(541, 657108000, 2)
,(541, 667992600, 1)
;
INSERT INTO  oceanbase.__all_tenant_time_zone_transition_type (Time_zone_id, Transition_type_id, Offset, Is_DST, Abbreviation) VALUES
 (541, 0, -37800, 0, 'CKT')
,(541, 1, -36000, 0, 'CKT')
,(541, 2, -34200, 1, 'CKHST')
;
INSERT INTO oceanbase.__all_tenant_time_zone (Time_zone_id, Use_leap_seconds) VALUES (542, 'N');
INSERT INTO  oceanbase.__all_tenant_time_zone_name (Name, Time_zone_id) VALUES ('Pacific/Saipan', 542);
INSERT INTO  oceanbase.__all_tenant_time_zone_transition (Time_zone_id, Transition_time, Transition_type_id) VALUES
 (542, -7981200, 1)
,(542, 977493600, 2)
;
INSERT INTO  oceanbase.__all_tenant_time_zone_transition_type (Time_zone_id, Transition_type_id, Offset, Is_DST, Abbreviation) VALUES
 (542, 0, 32400, 0, 'MPT')
,(542, 1, 36000, 0, 'MPT')
,(542, 2, 36000, 0, 'ChST')
;
INSERT INTO oceanbase.__all_tenant_time_zone (Time_zone_id, Use_leap_seconds) VALUES (543, 'N');
INSERT INTO  oceanbase.__all_tenant_time_zone_name (Name, Time_zone_id) VALUES ('Pacific/Samoa', 543);
INSERT INTO  oceanbase.__all_tenant_time_zone_transition (Time_zone_id, Transition_time, Transition_type_id) VALUES
 (543, -1861879032, 1)
,(543, -631110600, 2)
,(543, -86878800, 3)
,(543, 439038000, 4)
;
INSERT INTO  oceanbase.__all_tenant_time_zone_transition_type (Time_zone_id, Transition_type_id, Offset, Is_DST, Abbreviation) VALUES
 (543, 0, -40968, 0, 'LMT')
,(543, 1, -41400, 0, 'SAMT')
,(543, 2, -39600, 0, 'NST')
,(543, 3, -39600, 0, 'BST')
,(543, 4, -39600, 0, 'SST')
;
INSERT INTO oceanbase.__all_tenant_time_zone (Time_zone_id, Use_leap_seconds) VALUES (544, 'N');
INSERT INTO  oceanbase.__all_tenant_time_zone_name (Name, Time_zone_id) VALUES ('Pacific/Tahiti', 544);
INSERT INTO  oceanbase.__all_tenant_time_zone_transition (Time_zone_id, Transition_time, Transition_type_id) VALUES
 (544, -1806674504, 1)
;
INSERT INTO  oceanbase.__all_tenant_time_zone_transition_type (Time_zone_id, Transition_type_id, Offset, Is_DST, Abbreviation) VALUES
 (544, 0, -35896, 0, 'LMT')
,(544, 1, -36000, 0, 'TAHT')
;
INSERT INTO oceanbase.__all_tenant_time_zone (Time_zone_id, Use_leap_seconds) VALUES (545, 'N');
INSERT INTO  oceanbase.__all_tenant_time_zone_name (Name, Time_zone_id) VALUES ('Pacific/Tarawa', 545);
INSERT INTO  oceanbase.__all_tenant_time_zone_transition_type (Time_zone_id, Transition_type_id, Offset, Is_DST, Abbreviation) VALUES
 (545, 0, 43200, 0, 'GILT')
;
INSERT INTO oceanbase.__all_tenant_time_zone (Time_zone_id, Use_leap_seconds) VALUES (546, 'N');
INSERT INTO  oceanbase.__all_tenant_time_zone_name (Name, Time_zone_id) VALUES ('Pacific/Tongatapu', 546);
INSERT INTO  oceanbase.__all_tenant_time_zone_transition (Time_zone_id, Transition_time, Transition_type_id) VALUES
 (546, -915193200, 1)
,(546, 939214800, 2)
,(546, 953384400, 3)
,(546, 973342800, 4)
,(546, 980596800, 1)
,(546, 1004792400, 4)
,(546, 1012046400, 1)
;
INSERT INTO  oceanbase.__all_tenant_time_zone_transition_type (Time_zone_id, Transition_type_id, Offset, Is_DST, Abbreviation) VALUES
 (546, 0, 44400, 0, 'TOT')
,(546, 1, 46800, 0, 'TOT')
,(546, 2, 50400, 1, 'TOST')
,(546, 3, 46800, 0, 'TOT')
,(546, 4, 50400, 1, 'TOST')
;
INSERT INTO oceanbase.__all_tenant_time_zone (Time_zone_id, Use_leap_seconds) VALUES (547, 'N');
INSERT INTO  oceanbase.__all_tenant_time_zone_name (Name, Time_zone_id) VALUES ('Pacific/Truk', 547);
INSERT INTO  oceanbase.__all_tenant_time_zone_transition_type (Time_zone_id, Transition_type_id, Offset, Is_DST, Abbreviation) VALUES
 (547, 0, 36000, 0, 'CHUT')
;
INSERT INTO oceanbase.__all_tenant_time_zone (Time_zone_id, Use_leap_seconds) VALUES (548, 'N');
INSERT INTO  oceanbase.__all_tenant_time_zone_name (Name, Time_zone_id) VALUES ('Pacific/Wake', 548);
INSERT INTO  oceanbase.__all_tenant_time_zone_transition_type (Time_zone_id, Transition_type_id, Offset, Is_DST, Abbreviation) VALUES
 (548, 0, 43200, 0, 'WAKT')
;
INSERT INTO oceanbase.__all_tenant_time_zone (Time_zone_id, Use_leap_seconds) VALUES (549, 'N');
INSERT INTO  oceanbase.__all_tenant_time_zone_name (Name, Time_zone_id) VALUES ('Pacific/Wallis', 549);
INSERT INTO  oceanbase.__all_tenant_time_zone_transition_type (Time_zone_id, Transition_type_id, Offset, Is_DST, Abbreviation) VALUES
 (549, 0, 43200, 0, 'WFT')
;
INSERT INTO oceanbase.__all_tenant_time_zone (Time_zone_id, Use_leap_seconds) VALUES (550, 'N');
INSERT INTO  oceanbase.__all_tenant_time_zone_name (Name, Time_zone_id) VALUES ('Pacific/Yap', 550);
INSERT INTO  oceanbase.__all_tenant_time_zone_transition_type (Time_zone_id, Transition_type_id, Offset, Is_DST, Abbreviation) VALUES
 (550, 0, 36000, 0, 'CHUT')
;
INSERT INTO oceanbase.__all_tenant_time_zone (Time_zone_id, Use_leap_seconds) VALUES (551, 'N');
INSERT INTO  oceanbase.__all_tenant_time_zone_name (Name, Time_zone_id) VALUES ('Poland', 551);
INSERT INTO  oceanbase.__all_tenant_time_zone_transition (Time_zone_id, Transition_time, Transition_type_id) VALUES
 (551, -1717032240, 2)
,(551, -1693706400, 1)
,(551, -1680483600, 2)
,(551, -1663455600, 3)
,(551, -1650150000, 4)
,(551, -1632006000, 3)
,(551, -1618700400, 7)
,(551, -1600473600, 5)
,(551, -1587168000, 6)
,(551, -1501725600, 2)
,(551, -931734000, 1)
,(551, -857257200, 4)
,(551, -844556400, 3)
,(551, -828226800, 4)
,(551, -812502000, 3)
,(551, -796874400, 1)
,(551, -796608000, 2)
,(551, -778726800, 1)
,(551, -762660000, 2)
,(551, -748486800, 3)
,(551, -733273200, 4)
,(551, -715215600, 3)
,(551, -701910000, 4)
,(551, -684975600, 3)
,(551, -670460400, 4)
,(551, -654130800, 3)
,(551, -639010800, 4)
,(551, -397094400, 3)
,(551, -386812800, 4)
,(551, -371088000, 3)
,(551, -355363200, 4)
,(551, -334195200, 3)
,(551, -323308800, 4)
,(551, -307584000, 3)
,(551, -291859200, 4)
,(551, -271296000, 3)
,(551, -260409600, 4)
,(551, -239846400, 3)
,(551, -228960000, 4)
,(551, -208396800, 3)
,(551, -197510400, 4)
,(551, -176342400, 3)
,(551, -166060800, 4)
,(551, 220921200, 2)
,(551, 228873600, 3)
,(551, 243993600, 4)
,(551, 260323200, 3)
,(551, 276048000, 4)
,(551, 291772800, 3)
,(551, 307497600, 4)
,(551, 323827200, 3)
,(551, 338947200, 4)
,(551, 354672000, 3)
,(551, 370396800, 4)
,(551, 386121600, 3)
,(551, 401846400, 4)
,(551, 417571200, 3)
,(551, 433296000, 4)
,(551, 449020800, 3)
,(551, 465350400, 4)
,(551, 481075200, 3)
,(551, 496800000, 4)
,(551, 512524800, 3)
,(551, 528249600, 4)
,(551, 543974400, 3)
,(551, 559699200, 4)
,(551, 567990000, 2)
,(551, 575427600, 8)
,(551, 591152400, 9)
,(551, 606877200, 8)
,(551, 622602000, 9)
,(551, 638326800, 8)
,(551, 654656400, 9)
,(551, 670381200, 8)
,(551, 686106000, 9)
,(551, 701830800, 8)
,(551, 717555600, 9)
,(551, 733280400, 8)
,(551, 749005200, 9)
,(551, 764730000, 8)
,(551, 780454800, 9)
,(551, 796179600, 8)
,(551, 811904400, 9)
,(551, 828234000, 8)
,(551, 846378000, 9)
,(551, 859683600, 8)
,(551, 877827600, 9)
,(551, 891133200, 8)
,(551, 909277200, 9)
,(551, 922582800, 8)
,(551, 941331600, 9)
,(551, 954032400, 8)
,(551, 972781200, 9)
,(551, 985482000, 8)
,(551, 1004230800, 9)
,(551, 1017536400, 8)
,(551, 1035680400, 9)
,(551, 1048986000, 8)
,(551, 1067130000, 9)
,(551, 1080435600, 8)
,(551, 1099184400, 9)
,(551, 1111885200, 8)
,(551, 1130634000, 9)
,(551, 1143334800, 8)
,(551, 1162083600, 9)
,(551, 1174784400, 8)
,(551, 1193533200, 9)
,(551, 1206838800, 8)
,(551, 1224982800, 9)
,(551, 1238288400, 8)
,(551, 1256432400, 9)
,(551, 1269738000, 8)
,(551, 1288486800, 9)
,(551, 1301187600, 8)
,(551, 1319936400, 9)
,(551, 1332637200, 8)
,(551, 1351386000, 9)
,(551, 1364691600, 8)
,(551, 1382835600, 9)
,(551, 1396141200, 8)
,(551, 1414285200, 9)
,(551, 1427590800, 8)
,(551, 1445734800, 9)
,(551, 1459040400, 8)
,(551, 1477789200, 9)
,(551, 1490490000, 8)
,(551, 1509238800, 9)
,(551, 1521939600, 8)
,(551, 1540688400, 9)
,(551, 1553994000, 8)
,(551, 1572138000, 9)
,(551, 1585443600, 8)
,(551, 1603587600, 9)
,(551, 1616893200, 8)
,(551, 1635642000, 9)
,(551, 1648342800, 8)
,(551, 1667091600, 9)
,(551, 1679792400, 8)
,(551, 1698541200, 9)
,(551, 1711846800, 8)
,(551, 1729990800, 9)
,(551, 1743296400, 8)
,(551, 1761440400, 9)
,(551, 1774746000, 8)
,(551, 1792890000, 9)
,(551, 1806195600, 8)
,(551, 1824944400, 9)
,(551, 1837645200, 8)
,(551, 1856394000, 9)
,(551, 1869094800, 8)
,(551, 1887843600, 9)
,(551, 1901149200, 8)
,(551, 1919293200, 9)
,(551, 1932598800, 8)
,(551, 1950742800, 9)
,(551, 1964048400, 8)
,(551, 1982797200, 9)
,(551, 1995498000, 8)
,(551, 2014246800, 9)
,(551, 2026947600, 8)
,(551, 2045696400, 9)
,(551, 2058397200, 8)
,(551, 2077146000, 9)
,(551, 2090451600, 8)
,(551, 2108595600, 9)
,(551, 2121901200, 8)
,(551, 2140045200, 9)
;
INSERT INTO  oceanbase.__all_tenant_time_zone_transition_type (Time_zone_id, Transition_type_id, Offset, Is_DST, Abbreviation) VALUES
 (551, 0, 5040, 0, 'WMT')
,(551, 1, 7200, 1, 'CEST')
,(551, 2, 3600, 0, 'CET')
,(551, 3, 7200, 1, 'CEST')
,(551, 4, 3600, 0, 'CET')
,(551, 5, 10800, 1, 'EEST')
,(551, 6, 7200, 0, 'EET')
,(551, 7, 7200, 0, 'EET')
,(551, 8, 7200, 1, 'CEST')
,(551, 9, 3600, 0, 'CET')
;
INSERT INTO oceanbase.__all_tenant_time_zone (Time_zone_id, Use_leap_seconds) VALUES (552, 'N');
INSERT INTO  oceanbase.__all_tenant_time_zone_name (Name, Time_zone_id) VALUES ('Portugal', 552);
INSERT INTO  oceanbase.__all_tenant_time_zone_transition (Time_zone_id, Transition_time, Transition_type_id) VALUES
 (552, -1830381808, 2)
,(552, -1689555600, 1)
,(552, -1677801600, 2)
,(552, -1667437200, 3)
,(552, -1647738000, 4)
,(552, -1635814800, 3)
,(552, -1616202000, 4)
,(552, -1604365200, 3)
,(552, -1584666000, 4)
,(552, -1572742800, 3)
,(552, -1553043600, 4)
,(552, -1541206800, 3)
,(552, -1521507600, 4)
,(552, -1442451600, 3)
,(552, -1426813200, 4)
,(552, -1379293200, 3)
,(552, -1364778000, 4)
,(552, -1348448400, 3)
,(552, -1333328400, 4)
,(552, -1316394000, 3)
,(552, -1301274000, 4)
,(552, -1284339600, 3)
,(552, -1269824400, 4)
,(552, -1221440400, 3)
,(552, -1206925200, 4)
,(552, -1191200400, 3)
,(552, -1175475600, 4)
,(552, -1127696400, 3)
,(552, -1111971600, 4)
,(552, -1096851600, 3)
,(552, -1080522000, 4)
,(552, -1063587600, 3)
,(552, -1049072400, 4)
,(552, -1033347600, 3)
,(552, -1017622800, 4)
,(552, -1002502800, 3)
,(552, -986173200, 4)
,(552, -969238800, 3)
,(552, -950490000, 4)
,(552, -942022800, 3)
,(552, -922669200, 4)
,(552, -906944400, 3)
,(552, -891133200, 4)
,(552, -877309200, 3)
,(552, -873684000, 5)
,(552, -864007200, 3)
,(552, -857955600, 4)
,(552, -845859600, 3)
,(552, -842839200, 5)
,(552, -831348000, 3)
,(552, -825901200, 4)
,(552, -814410000, 3)
,(552, -810784800, 5)
,(552, -799898400, 3)
,(552, -794451600, 4)
,(552, -782960400, 3)
,(552, -779335200, 5)
,(552, -768448800, 3)
,(552, -763002000, 4)
,(552, -749091600, 3)
,(552, -733366800, 4)
,(552, -717631200, 3)
,(552, -701906400, 4)
,(552, -686181600, 3)
,(552, -670456800, 4)
,(552, -654732000, 3)
,(552, -639007200, 4)
,(552, -591832800, 3)
,(552, -575503200, 4)
,(552, -559778400, 3)
,(552, -544053600, 4)
,(552, -528328800, 3)
,(552, -512604000, 4)
,(552, -496879200, 3)
,(552, -481154400, 4)
,(552, -465429600, 3)
,(552, -449704800, 4)
,(552, -433980000, 3)
,(552, -417650400, 4)
,(552, -401925600, 3)
,(552, -386200800, 4)
,(552, -370476000, 3)
,(552, -354751200, 4)
,(552, -339026400, 3)
,(552, -323301600, 4)
,(552, -307576800, 3)
,(552, -291852000, 4)
,(552, -276127200, 3)
,(552, -260402400, 4)
,(552, -244677600, 3)
,(552, -228348000, 4)
,(552, -212623200, 3)
,(552, -196898400, 4)
,(552, -181173600, 3)
,(552, -165448800, 4)
,(552, -149724000, 3)
,(552, -133999200, 4)
,(552, -118274400, 6)
,(552, 212544000, 2)
,(552, 228268800, 3)
,(552, 243993600, 4)
,(552, 260323200, 3)
,(552, 276048000, 4)
,(552, 291772800, 3)
,(552, 307501200, 4)
,(552, 323222400, 3)
,(552, 338950800, 4)
,(552, 354675600, 3)
,(552, 370400400, 4)
,(552, 386125200, 3)
,(552, 401850000, 4)
,(552, 417578400, 3)
,(552, 433299600, 4)
,(552, 449024400, 3)
,(552, 465354000, 4)
,(552, 481078800, 3)
,(552, 496803600, 4)
,(552, 512528400, 3)
,(552, 528253200, 4)
,(552, 543978000, 3)
,(552, 559702800, 4)
,(552, 575427600, 3)
,(552, 591152400, 4)
,(552, 606877200, 3)
,(552, 622602000, 4)
,(552, 638326800, 3)
,(552, 654656400, 4)
,(552, 670381200, 3)
,(552, 686106000, 4)
,(552, 701830800, 3)
,(552, 717555600, 7)
,(552, 733280400, 8)
,(552, 749005200, 7)
,(552, 764730000, 8)
,(552, 780454800, 7)
,(552, 796179600, 8)
,(552, 811904400, 7)
,(552, 828234000, 9)
,(552, 846378000, 10)
,(552, 859683600, 9)
,(552, 877827600, 10)
,(552, 891133200, 9)
,(552, 909277200, 10)
,(552, 922582800, 9)
,(552, 941331600, 10)
,(552, 954032400, 9)
,(552, 972781200, 10)
,(552, 985482000, 9)
,(552, 1004230800, 10)
,(552, 1017536400, 9)
,(552, 1035680400, 10)
,(552, 1048986000, 9)
,(552, 1067130000, 10)
,(552, 1080435600, 9)
,(552, 1099184400, 10)
,(552, 1111885200, 9)
,(552, 1130634000, 10)
,(552, 1143334800, 9)
,(552, 1162083600, 10)
,(552, 1174784400, 9)
,(552, 1193533200, 10)
,(552, 1206838800, 9)
,(552, 1224982800, 10)
,(552, 1238288400, 9)
,(552, 1256432400, 10)
,(552, 1269738000, 9)
,(552, 1288486800, 10)
,(552, 1301187600, 9)
,(552, 1319936400, 10)
,(552, 1332637200, 9)
,(552, 1351386000, 10)
,(552, 1364691600, 9)
,(552, 1382835600, 10)
,(552, 1396141200, 9)
,(552, 1414285200, 10)
,(552, 1427590800, 9)
,(552, 1445734800, 10)
,(552, 1459040400, 9)
,(552, 1477789200, 10)
,(552, 1490490000, 9)
,(552, 1509238800, 10)
,(552, 1521939600, 9)
,(552, 1540688400, 10)
,(552, 1553994000, 9)
,(552, 1572138000, 10)
,(552, 1585443600, 9)
,(552, 1603587600, 10)
,(552, 1616893200, 9)
,(552, 1635642000, 10)
,(552, 1648342800, 9)
,(552, 1667091600, 10)
,(552, 1679792400, 9)
,(552, 1698541200, 10)
,(552, 1711846800, 9)
,(552, 1729990800, 10)
,(552, 1743296400, 9)
,(552, 1761440400, 10)
,(552, 1774746000, 9)
,(552, 1792890000, 10)
,(552, 1806195600, 9)
,(552, 1824944400, 10)
,(552, 1837645200, 9)
,(552, 1856394000, 10)
,(552, 1869094800, 9)
,(552, 1887843600, 10)
,(552, 1901149200, 9)
,(552, 1919293200, 10)
,(552, 1932598800, 9)
,(552, 1950742800, 10)
,(552, 1964048400, 9)
,(552, 1982797200, 10)
,(552, 1995498000, 9)
,(552, 2014246800, 10)
,(552, 2026947600, 9)
,(552, 2045696400, 10)
,(552, 2058397200, 9)
,(552, 2077146000, 10)
,(552, 2090451600, 9)
,(552, 2108595600, 10)
,(552, 2121901200, 9)
,(552, 2140045200, 10)
;
INSERT INTO  oceanbase.__all_tenant_time_zone_transition_type (Time_zone_id, Transition_type_id, Offset, Is_DST, Abbreviation) VALUES
 (552, 0, -2192, 0, 'LMT')
,(552, 1, 3600, 1, 'WEST')
,(552, 2, 0, 0, 'WET')
,(552, 3, 3600, 1, 'WEST')
,(552, 4, 0, 0, 'WET')
,(552, 5, 7200, 1, 'WEMT')
,(552, 6, 3600, 0, 'CET')
,(552, 7, 3600, 0, 'CET')
,(552, 8, 7200, 1, 'CEST')
,(552, 9, 3600, 1, 'WEST')
,(552, 10, 0, 0, 'WET')
;
INSERT INTO oceanbase.__all_tenant_time_zone (Time_zone_id, Use_leap_seconds) VALUES (553, 'N');
INSERT INTO  oceanbase.__all_tenant_time_zone_name (Name, Time_zone_id) VALUES ('ROC', 553);
INSERT INTO  oceanbase.__all_tenant_time_zone_transition (Time_zone_id, Transition_time, Transition_type_id) VALUES
 (553, -778579200, 0)
,(553, -765363600, 1)
,(553, -747043200, 0)
,(553, -733827600, 1)
,(553, -715507200, 0)
,(553, -702291600, 1)
,(553, -683884800, 0)
,(553, -670669200, 1)
,(553, -652348800, 0)
,(553, -639133200, 1)
,(553, -620812800, 0)
,(553, -607597200, 1)
,(553, -589276800, 0)
,(553, -576061200, 1)
,(553, -562924800, 0)
,(553, -541760400, 1)
,(553, -528710400, 0)
,(553, -510224400, 1)
,(553, -497174400, 0)
,(553, -478688400, 1)
,(553, -465638400, 0)
,(553, -449830800, 1)
,(553, -434016000, 0)
,(553, -418208400, 1)
,(553, -402480000, 0)
,(553, -386672400, 1)
,(553, -370944000, 0)
,(553, -355136400, 1)
,(553, -339408000, 0)
,(553, -323600400, 1)
,(553, -302515200, 0)
,(553, -291978000, 1)
,(553, -270979200, 0)
,(553, -260442000, 1)
,(553, 133977600, 0)
,(553, 149785200, 1)
,(553, 165513600, 0)
,(553, 181321200, 1)
,(553, 299520000, 0)
,(553, 307465200, 1)
;
INSERT INTO  oceanbase.__all_tenant_time_zone_transition_type (Time_zone_id, Transition_type_id, Offset, Is_DST, Abbreviation) VALUES
 (553, 0, 32400, 1, 'CDT')
,(553, 1, 28800, 0, 'CST')
;
INSERT INTO oceanbase.__all_tenant_time_zone (Time_zone_id, Use_leap_seconds) VALUES (554, 'N');
INSERT INTO  oceanbase.__all_tenant_time_zone_name (Name, Time_zone_id) VALUES ('ROK', 554);
INSERT INTO  oceanbase.__all_tenant_time_zone_transition (Time_zone_id, Transition_time, Transition_type_id) VALUES
 (554, -2053931400, 1)
,(554, -1325494800, 0)
,(554, -1199262600, 1)
,(554, -498128400, 3)
,(554, -303984000, 2)
,(554, -293533200, 3)
,(554, -264931200, 0)
,(554, -39515400, 1)
,(554, 547570800, 4)
,(554, 560872800, 1)
,(554, 579020400, 4)
,(554, 592322400, 1)
;
INSERT INTO  oceanbase.__all_tenant_time_zone_transition_type (Time_zone_id, Transition_type_id, Offset, Is_DST, Abbreviation) VALUES
 (554, 0, 30600, 0, 'KST')
,(554, 1, 32400, 0, 'KST')
,(554, 2, 32400, 1, 'KDT')
,(554, 3, 28800, 0, 'KST')
,(554, 4, 36000, 1, 'KDT')
;
INSERT INTO oceanbase.__all_tenant_time_zone (Time_zone_id, Use_leap_seconds) VALUES (555, 'N');
INSERT INTO  oceanbase.__all_tenant_time_zone_name (Name, Time_zone_id) VALUES ('Singapore', 555);
INSERT INTO  oceanbase.__all_tenant_time_zone_transition (Time_zone_id, Transition_time, Transition_type_id) VALUES
 (555, -2038200925, 1)
,(555, -1167634800, 2)
,(555, -1073028000, 3)
,(555, -894180000, 4)
,(555, -879665400, 5)
,(555, -767005200, 4)
,(555, -138785400, 6)
,(555, 378664200, 7)
;
INSERT INTO  oceanbase.__all_tenant_time_zone_transition_type (Time_zone_id, Transition_type_id, Offset, Is_DST, Abbreviation) VALUES
 (555, 0, 24925, 0, 'SMT')
,(555, 1, 25200, 0, 'MALT')
,(555, 2, 26400, 1, 'MALST')
,(555, 3, 26400, 0, 'MALT')
,(555, 4, 27000, 0, 'MALT')
,(555, 5, 32400, 0, 'JST')
,(555, 6, 27000, 0, 'SGT')
,(555, 7, 28800, 0, 'SGT')
;
INSERT INTO oceanbase.__all_tenant_time_zone (Time_zone_id, Use_leap_seconds) VALUES (556, 'N');
INSERT INTO  oceanbase.__all_tenant_time_zone_name (Name, Time_zone_id) VALUES ('Turkey', 556);
INSERT INTO  oceanbase.__all_tenant_time_zone_transition (Time_zone_id, Transition_time, Transition_type_id) VALUES
 (556, -1869875816, 2)
,(556, -1693706400, 1)
,(556, -1680490800, 2)
,(556, -1570413600, 1)
,(556, -1552186800, 2)
,(556, -1538359200, 1)
,(556, -1522551600, 2)
,(556, -1507514400, 1)
,(556, -1490583600, 2)
,(556, -1440208800, 1)
,(556, -1428030000, 2)
,(556, -1409709600, 1)
,(556, -1396494000, 2)
,(556, -931140000, 1)
,(556, -922762800, 2)
,(556, -917834400, 1)
,(556, -892436400, 2)
,(556, -875844000, 1)
,(556, -857358000, 2)
,(556, -781063200, 1)
,(556, -764737200, 2)
,(556, -744343200, 1)
,(556, -733806000, 2)
,(556, -716436000, 1)
,(556, -701924400, 2)
,(556, -684986400, 1)
,(556, -670474800, 2)
,(556, -654141600, 1)
,(556, -639025200, 2)
,(556, -621828000, 1)
,(556, -606970800, 2)
,(556, -590032800, 1)
,(556, -575434800, 2)
,(556, -235620000, 1)
,(556, -228279600, 2)
,(556, -177732000, 1)
,(556, -165726000, 2)
,(556, 10533600, 1)
,(556, 23835600, 2)
,(556, 41983200, 1)
,(556, 55285200, 2)
,(556, 74037600, 1)
,(556, 87339600, 2)
,(556, 107910000, 1)
,(556, 121219200, 2)
,(556, 133920000, 1)
,(556, 152676000, 2)
,(556, 165362400, 1)
,(556, 183502800, 2)
,(556, 202428000, 1)
,(556, 215557200, 2)
,(556, 228866400, 1)
,(556, 245797200, 2)
,(556, 260316000, 1)
,(556, 277246800, 3)
,(556, 308779200, 4)
,(556, 323827200, 3)
,(556, 340228800, 4)
,(556, 354672000, 3)
,(556, 371678400, 4)
,(556, 386121600, 3)
,(556, 403128000, 4)
,(556, 428446800, 3)
,(556, 433886400, 4)
,(556, 482792400, 1)
,(556, 496702800, 2)
,(556, 512524800, 5)
,(556, 528249600, 6)
,(556, 543974400, 5)
,(556, 559699200, 6)
,(556, 575424000, 5)
,(556, 591148800, 6)
,(556, 606873600, 5)
,(556, 622598400, 6)
,(556, 638323200, 5)
,(556, 654652800, 6)
,(556, 670374000, 5)
,(556, 686098800, 6)
,(556, 701823600, 5)
,(556, 717548400, 6)
,(556, 733273200, 5)
,(556, 748998000, 6)
,(556, 764722800, 5)
,(556, 780447600, 6)
,(556, 796172400, 5)
,(556, 811897200, 6)
,(556, 828226800, 5)
,(556, 846370800, 6)
,(556, 859676400, 5)
,(556, 877820400, 6)
,(556, 891126000, 5)
,(556, 909270000, 6)
,(556, 922575600, 5)
,(556, 941324400, 6)
,(556, 954025200, 5)
,(556, 972774000, 6)
,(556, 985474800, 5)
,(556, 1004223600, 6)
,(556, 1017529200, 5)
,(556, 1035673200, 6)
,(556, 1048978800, 5)
,(556, 1067122800, 6)
,(556, 1080428400, 5)
,(556, 1099177200, 6)
,(556, 1111878000, 5)
,(556, 1130626800, 6)
,(556, 1143327600, 5)
,(556, 1162076400, 6)
,(556, 1167602400, 2)
,(556, 1174784400, 7)
,(556, 1193533200, 8)
,(556, 1206838800, 7)
,(556, 1224982800, 8)
,(556, 1238288400, 7)
,(556, 1256432400, 8)
,(556, 1269738000, 7)
,(556, 1288486800, 8)
,(556, 1301274000, 7)
,(556, 1319936400, 8)
,(556, 1332637200, 7)
,(556, 1351386000, 8)
,(556, 1364691600, 7)
,(556, 1382835600, 8)
,(556, 1396141200, 7)
,(556, 1414285200, 8)
,(556, 1427590800, 7)
,(556, 1445734800, 8)
,(556, 1459040400, 7)
,(556, 1477789200, 8)
,(556, 1490490000, 7)
,(556, 1509238800, 8)
,(556, 1521939600, 7)
,(556, 1540688400, 8)
,(556, 1553994000, 7)
,(556, 1572138000, 8)
,(556, 1585443600, 7)
,(556, 1603587600, 8)
,(556, 1616893200, 7)
,(556, 1635642000, 8)
,(556, 1648342800, 7)
,(556, 1667091600, 8)
,(556, 1679792400, 7)
,(556, 1698541200, 8)
,(556, 1711846800, 7)
,(556, 1729990800, 8)
,(556, 1743296400, 7)
,(556, 1761440400, 8)
,(556, 1774746000, 7)
,(556, 1792890000, 8)
,(556, 1806195600, 7)
,(556, 1824944400, 8)
,(556, 1837645200, 7)
,(556, 1856394000, 8)
,(556, 1869094800, 7)
,(556, 1887843600, 8)
,(556, 1901149200, 7)
,(556, 1919293200, 8)
,(556, 1932598800, 7)
,(556, 1950742800, 8)
,(556, 1964048400, 7)
,(556, 1982797200, 8)
,(556, 1995498000, 7)
,(556, 2014246800, 8)
,(556, 2026947600, 7)
,(556, 2045696400, 8)
,(556, 2058397200, 7)
,(556, 2077146000, 8)
,(556, 2090451600, 7)
,(556, 2108595600, 8)
,(556, 2121901200, 7)
,(556, 2140045200, 8)
;
INSERT INTO  oceanbase.__all_tenant_time_zone_transition_type (Time_zone_id, Transition_type_id, Offset, Is_DST, Abbreviation) VALUES
 (556, 0, 7016, 0, 'IMT')
,(556, 1, 10800, 1, 'EEST')
,(556, 2, 7200, 0, 'EET')
,(556, 3, 14400, 1, 'TRST')
,(556, 4, 10800, 0, 'TRT')
,(556, 5, 10800, 1, 'EEST')
,(556, 6, 7200, 0, 'EET')
,(556, 7, 10800, 1, 'EEST')
,(556, 8, 7200, 0, 'EET')
;
INSERT INTO oceanbase.__all_tenant_time_zone (Time_zone_id, Use_leap_seconds) VALUES (557, 'N');
INSERT INTO  oceanbase.__all_tenant_time_zone_name (Name, Time_zone_id) VALUES ('UCT', 557);
INSERT INTO  oceanbase.__all_tenant_time_zone_transition_type (Time_zone_id, Transition_type_id, Offset, Is_DST, Abbreviation) VALUES
 (557, 0, 0, 0, 'UCT')
;
INSERT INTO oceanbase.__all_tenant_time_zone (Time_zone_id, Use_leap_seconds) VALUES (558, 'N');
INSERT INTO  oceanbase.__all_tenant_time_zone_name (Name, Time_zone_id) VALUES ('US/Alaska', 558);
INSERT INTO  oceanbase.__all_tenant_time_zone_transition (Time_zone_id, Transition_time, Transition_type_id) VALUES
 (558, -880200000, 1)
,(558, -769395600, 2)
,(558, -765378000, 0)
,(558, -86882400, 3)
,(558, -21470400, 4)
,(558, -5749200, 3)
,(558, 9979200, 4)
,(558, 25700400, 3)
,(558, 41428800, 4)
,(558, 57754800, 3)
,(558, 73483200, 4)
,(558, 89204400, 3)
,(558, 104932800, 4)
,(558, 120654000, 3)
,(558, 126705600, 4)
,(558, 152103600, 3)
,(558, 162388800, 4)
,(558, 183553200, 3)
,(558, 199281600, 4)
,(558, 215607600, 3)
,(558, 230731200, 4)
,(558, 247057200, 3)
,(558, 262785600, 4)
,(558, 278506800, 3)
,(558, 294235200, 4)
,(558, 309956400, 3)
,(558, 325684800, 4)
,(558, 341406000, 3)
,(558, 357134400, 4)
,(558, 372855600, 3)
,(558, 388584000, 4)
,(558, 404910000, 3)
,(558, 420033600, 4)
,(558, 436359600, 5)
,(558, 439030800, 7)
,(558, 452084400, 6)
,(558, 467805600, 7)
,(558, 483534000, 6)
,(558, 499255200, 7)
,(558, 514983600, 6)
,(558, 530704800, 7)
,(558, 544618800, 6)
,(558, 562154400, 7)
,(558, 576068400, 6)
,(558, 594208800, 7)
,(558, 607518000, 6)
,(558, 625658400, 7)
,(558, 638967600, 6)
,(558, 657108000, 7)
,(558, 671022000, 6)
,(558, 688557600, 7)
,(558, 702471600, 6)
,(558, 720007200, 7)
,(558, 733921200, 6)
,(558, 752061600, 7)
,(558, 765370800, 6)
,(558, 783511200, 7)
,(558, 796820400, 6)
,(558, 814960800, 7)
,(558, 828874800, 6)
,(558, 846410400, 7)
,(558, 860324400, 6)
,(558, 877860000, 7)
,(558, 891774000, 6)
,(558, 909309600, 7)
,(558, 923223600, 6)
,(558, 941364000, 7)
,(558, 954673200, 6)
,(558, 972813600, 7)
,(558, 986122800, 6)
,(558, 1004263200, 7)
,(558, 1018177200, 6)
,(558, 1035712800, 7)
,(558, 1049626800, 6)
,(558, 1067162400, 7)
,(558, 1081076400, 6)
,(558, 1099216800, 7)
,(558, 1112526000, 6)
,(558, 1130666400, 7)
,(558, 1143975600, 6)
,(558, 1162116000, 7)
,(558, 1173610800, 6)
,(558, 1194170400, 7)
,(558, 1205060400, 6)
,(558, 1225620000, 7)
,(558, 1236510000, 6)
,(558, 1257069600, 7)
,(558, 1268564400, 6)
,(558, 1289124000, 7)
,(558, 1300014000, 6)
,(558, 1320573600, 7)
,(558, 1331463600, 6)
,(558, 1352023200, 7)
,(558, 1362913200, 6)
,(558, 1383472800, 7)
,(558, 1394362800, 6)
,(558, 1414922400, 7)
,(558, 1425812400, 6)
,(558, 1446372000, 7)
,(558, 1457866800, 6)
,(558, 1478426400, 7)
,(558, 1489316400, 6)
,(558, 1509876000, 7)
,(558, 1520766000, 6)
,(558, 1541325600, 7)
,(558, 1552215600, 6)
,(558, 1572775200, 7)
,(558, 1583665200, 6)
,(558, 1604224800, 7)
,(558, 1615719600, 6)
,(558, 1636279200, 7)
,(558, 1647169200, 6)
,(558, 1667728800, 7)
,(558, 1678618800, 6)
,(558, 1699178400, 7)
,(558, 1710068400, 6)
,(558, 1730628000, 7)
,(558, 1741518000, 6)
,(558, 1762077600, 7)
,(558, 1772967600, 6)
,(558, 1793527200, 7)
,(558, 1805022000, 6)
,(558, 1825581600, 7)
,(558, 1836471600, 6)
,(558, 1857031200, 7)
,(558, 1867921200, 6)
,(558, 1888480800, 7)
,(558, 1899370800, 6)
,(558, 1919930400, 7)
,(558, 1930820400, 6)
,(558, 1951380000, 7)
,(558, 1962874800, 6)
,(558, 1983434400, 7)
,(558, 1994324400, 6)
,(558, 2014884000, 7)
,(558, 2025774000, 6)
,(558, 2046333600, 7)
,(558, 2057223600, 6)
,(558, 2077783200, 7)
,(558, 2088673200, 6)
,(558, 2109232800, 7)
,(558, 2120122800, 6)
,(558, 2140682400, 7)
;
INSERT INTO  oceanbase.__all_tenant_time_zone_transition_type (Time_zone_id, Transition_type_id, Offset, Is_DST, Abbreviation) VALUES
 (558, 0, -36000, 0, 'CAT')
,(558, 1, -32400, 1, 'CAWT')
,(558, 2, -32400, 1, 'CAPT')
,(558, 3, -36000, 0, 'AHST')
,(558, 4, -32400, 1, 'AHDT')
,(558, 5, -32400, 0, 'YST')
,(558, 6, -28800, 1, 'AKDT')
,(558, 7, -32400, 0, 'AKST')
;
INSERT INTO oceanbase.__all_tenant_time_zone (Time_zone_id, Use_leap_seconds) VALUES (559, 'N');
INSERT INTO  oceanbase.__all_tenant_time_zone_name (Name, Time_zone_id) VALUES ('US/Aleutian', 559);
INSERT INTO  oceanbase.__all_tenant_time_zone_transition (Time_zone_id, Transition_time, Transition_type_id) VALUES
 (559, -880196400, 1)
,(559, -769395600, 2)
,(559, -765374400, 0)
,(559, -86878800, 3)
,(559, -21466800, 4)
,(559, -5745600, 3)
,(559, 9982800, 4)
,(559, 25704000, 3)
,(559, 41432400, 4)
,(559, 57758400, 3)
,(559, 73486800, 4)
,(559, 89208000, 3)
,(559, 104936400, 4)
,(559, 120657600, 3)
,(559, 126709200, 4)
,(559, 152107200, 3)
,(559, 162392400, 4)
,(559, 183556800, 3)
,(559, 199285200, 4)
,(559, 215611200, 3)
,(559, 230734800, 4)
,(559, 247060800, 3)
,(559, 262789200, 4)
,(559, 278510400, 3)
,(559, 294238800, 4)
,(559, 309960000, 3)
,(559, 325688400, 4)
,(559, 341409600, 3)
,(559, 357138000, 4)
,(559, 372859200, 3)
,(559, 388587600, 4)
,(559, 404913600, 3)
,(559, 420037200, 4)
,(559, 436363200, 5)
,(559, 439034400, 7)
,(559, 452088000, 6)
,(559, 467809200, 7)
,(559, 483537600, 6)
,(559, 499258800, 7)
,(559, 514987200, 6)
,(559, 530708400, 7)
,(559, 544622400, 6)
,(559, 562158000, 7)
,(559, 576072000, 6)
,(559, 594212400, 7)
,(559, 607521600, 6)
,(559, 625662000, 7)
,(559, 638971200, 6)
,(559, 657111600, 7)
,(559, 671025600, 6)
,(559, 688561200, 7)
,(559, 702475200, 6)
,(559, 720010800, 7)
,(559, 733924800, 6)
,(559, 752065200, 7)
,(559, 765374400, 6)
,(559, 783514800, 7)
,(559, 796824000, 6)
,(559, 814964400, 7)
,(559, 828878400, 6)
,(559, 846414000, 7)
,(559, 860328000, 6)
,(559, 877863600, 7)
,(559, 891777600, 6)
,(559, 909313200, 7)
,(559, 923227200, 6)
,(559, 941367600, 7)
,(559, 954676800, 6)
,(559, 972817200, 7)
,(559, 986126400, 6)
,(559, 1004266800, 7)
,(559, 1018180800, 6)
,(559, 1035716400, 7)
,(559, 1049630400, 6)
,(559, 1067166000, 7)
,(559, 1081080000, 6)
,(559, 1099220400, 7)
,(559, 1112529600, 6)
,(559, 1130670000, 7)
,(559, 1143979200, 6)
,(559, 1162119600, 7)
,(559, 1173614400, 6)
,(559, 1194174000, 7)
,(559, 1205064000, 6)
,(559, 1225623600, 7)
,(559, 1236513600, 6)
,(559, 1257073200, 7)
,(559, 1268568000, 6)
,(559, 1289127600, 7)
,(559, 1300017600, 6)
,(559, 1320577200, 7)
,(559, 1331467200, 6)
,(559, 1352026800, 7)
,(559, 1362916800, 6)
,(559, 1383476400, 7)
,(559, 1394366400, 6)
,(559, 1414926000, 7)
,(559, 1425816000, 6)
,(559, 1446375600, 7)
,(559, 1457870400, 6)
,(559, 1478430000, 7)
,(559, 1489320000, 6)
,(559, 1509879600, 7)
,(559, 1520769600, 6)
,(559, 1541329200, 7)
,(559, 1552219200, 6)
,(559, 1572778800, 7)
,(559, 1583668800, 6)
,(559, 1604228400, 7)
,(559, 1615723200, 6)
,(559, 1636282800, 7)
,(559, 1647172800, 6)
,(559, 1667732400, 7)
,(559, 1678622400, 6)
,(559, 1699182000, 7)
,(559, 1710072000, 6)
,(559, 1730631600, 7)
,(559, 1741521600, 6)
,(559, 1762081200, 7)
,(559, 1772971200, 6)
,(559, 1793530800, 7)
,(559, 1805025600, 6)
,(559, 1825585200, 7)
,(559, 1836475200, 6)
,(559, 1857034800, 7)
,(559, 1867924800, 6)
,(559, 1888484400, 7)
,(559, 1899374400, 6)
,(559, 1919934000, 7)
,(559, 1930824000, 6)
,(559, 1951383600, 7)
,(559, 1962878400, 6)
,(559, 1983438000, 7)
,(559, 1994328000, 6)
,(559, 2014887600, 7)
,(559, 2025777600, 6)
,(559, 2046337200, 7)
,(559, 2057227200, 6)
,(559, 2077786800, 7)
,(559, 2088676800, 6)
,(559, 2109236400, 7)
,(559, 2120126400, 6)
,(559, 2140686000, 7)
;
INSERT INTO  oceanbase.__all_tenant_time_zone_transition_type (Time_zone_id, Transition_type_id, Offset, Is_DST, Abbreviation) VALUES
 (559, 0, -39600, 0, 'NST')
,(559, 1, -36000, 1, 'NWT')
,(559, 2, -36000, 1, 'NPT')
,(559, 3, -39600, 0, 'BST')
,(559, 4, -36000, 1, 'BDT')
,(559, 5, -36000, 0, 'AHST')
,(559, 6, -32400, 1, 'HADT')
,(559, 7, -36000, 0, 'HAST')
;
INSERT INTO oceanbase.__all_tenant_time_zone (Time_zone_id, Use_leap_seconds) VALUES (560, 'N');
INSERT INTO  oceanbase.__all_tenant_time_zone_name (Name, Time_zone_id) VALUES ('US/Arizona', 560);
INSERT INTO  oceanbase.__all_tenant_time_zone_transition (Time_zone_id, Transition_time, Transition_type_id) VALUES
 (560, -1633273200, 0)
,(560, -1615132800, 1)
,(560, -1601823600, 0)
,(560, -1583683200, 1)
,(560, -880210800, 2)
,(560, -820519140, 1)
,(560, -812653140, 2)
,(560, -796845540, 1)
,(560, -84380400, 0)
,(560, -68659200, 1)
;
INSERT INTO  oceanbase.__all_tenant_time_zone_transition_type (Time_zone_id, Transition_type_id, Offset, Is_DST, Abbreviation) VALUES
 (560, 0, -21600, 1, 'MDT')
,(560, 1, -25200, 0, 'MST')
,(560, 2, -21600, 1, 'MWT')
;
INSERT INTO oceanbase.__all_tenant_time_zone (Time_zone_id, Use_leap_seconds) VALUES (561, 'N');
INSERT INTO  oceanbase.__all_tenant_time_zone_name (Name, Time_zone_id) VALUES ('US/Central', 561);
INSERT INTO  oceanbase.__all_tenant_time_zone_transition (Time_zone_id, Transition_time, Transition_type_id) VALUES
 (561, -1633276800, 0)
,(561, -1615136400, 1)
,(561, -1601827200, 0)
,(561, -1583686800, 1)
,(561, -1563724800, 0)
,(561, -1551632400, 1)
,(561, -1538928000, 0)
,(561, -1520182800, 1)
,(561, -1504454400, 0)
,(561, -1491757200, 1)
,(561, -1473004800, 0)
,(561, -1459702800, 1)
,(561, -1441555200, 0)
,(561, -1428253200, 1)
,(561, -1410105600, 0)
,(561, -1396803600, 1)
,(561, -1378656000, 0)
,(561, -1365354000, 1)
,(561, -1347206400, 0)
,(561, -1333904400, 1)
,(561, -1315152000, 0)
,(561, -1301850000, 1)
,(561, -1283702400, 0)
,(561, -1270400400, 1)
,(561, -1252252800, 0)
,(561, -1238950800, 1)
,(561, -1220803200, 0)
,(561, -1207501200, 1)
,(561, -1189353600, 0)
,(561, -1176051600, 1)
,(561, -1157299200, 0)
,(561, -1144602000, 1)
,(561, -1125849600, 0)
,(561, -1112547600, 1)
,(561, -1094400000, 0)
,(561, -1081098000, 1)
,(561, -1067788800, 2)
,(561, -1045414800, 1)
,(561, -1031500800, 0)
,(561, -1018198800, 1)
,(561, -1000051200, 0)
,(561, -986749200, 1)
,(561, -967996800, 0)
,(561, -955299600, 1)
,(561, -936547200, 0)
,(561, -923245200, 1)
,(561, -905097600, 0)
,(561, -891795600, 1)
,(561, -880214400, 3)
,(561, -769395600, 4)
,(561, -765392400, 1)
,(561, -747244800, 0)
,(561, -733942800, 1)
,(561, -715795200, 0)
,(561, -702493200, 1)
,(561, -684345600, 0)
,(561, -671043600, 1)
,(561, -652896000, 0)
,(561, -639594000, 1)
,(561, -620841600, 0)
,(561, -608144400, 1)
,(561, -589392000, 0)
,(561, -576090000, 1)
,(561, -557942400, 0)
,(561, -544640400, 1)
,(561, -526492800, 0)
,(561, -513190800, 1)
,(561, -495043200, 0)
,(561, -481741200, 1)
,(561, -463593600, 0)
,(561, -447267600, 1)
,(561, -431539200, 0)
,(561, -415818000, 1)
,(561, -400089600, 0)
,(561, -384368400, 1)
,(561, -368640000, 0)
,(561, -352918800, 1)
,(561, -337190400, 0)
,(561, -321469200, 1)
,(561, -305740800, 0)
,(561, -289414800, 1)
,(561, -273686400, 0)
,(561, -257965200, 1)
,(561, -242236800, 0)
,(561, -226515600, 1)
,(561, -210787200, 0)
,(561, -195066000, 1)
,(561, -179337600, 0)
,(561, -163616400, 1)
,(561, -147888000, 0)
,(561, -131562000, 1)
,(561, -116438400, 0)
,(561, -100112400, 1)
,(561, -84384000, 0)
,(561, -68662800, 1)
,(561, -52934400, 0)
,(561, -37213200, 1)
,(561, -21484800, 0)
,(561, -5763600, 1)
,(561, 9964800, 0)
,(561, 25686000, 1)
,(561, 41414400, 0)
,(561, 57740400, 1)
,(561, 73468800, 0)
,(561, 89190000, 1)
,(561, 104918400, 0)
,(561, 120639600, 1)
,(561, 126691200, 0)
,(561, 152089200, 1)
,(561, 162374400, 0)
,(561, 183538800, 1)
,(561, 199267200, 0)
,(561, 215593200, 1)
,(561, 230716800, 0)
,(561, 247042800, 1)
,(561, 262771200, 0)
,(561, 278492400, 1)
,(561, 294220800, 0)
,(561, 309942000, 1)
,(561, 325670400, 0)
,(561, 341391600, 1)
,(561, 357120000, 0)
,(561, 372841200, 1)
,(561, 388569600, 0)
,(561, 404895600, 1)
,(561, 420019200, 0)
,(561, 436345200, 1)
,(561, 452073600, 0)
,(561, 467794800, 1)
,(561, 483523200, 0)
,(561, 499244400, 1)
,(561, 514972800, 0)
,(561, 530694000, 1)
,(561, 544608000, 0)
,(561, 562143600, 1)
,(561, 576057600, 0)
,(561, 594198000, 1)
,(561, 607507200, 0)
,(561, 625647600, 1)
,(561, 638956800, 0)
,(561, 657097200, 1)
,(561, 671011200, 0)
,(561, 688546800, 1)
,(561, 702460800, 0)
,(561, 719996400, 1)
,(561, 733910400, 0)
,(561, 752050800, 1)
,(561, 765360000, 0)
,(561, 783500400, 1)
,(561, 796809600, 0)
,(561, 814950000, 1)
,(561, 828864000, 0)
,(561, 846399600, 1)
,(561, 860313600, 0)
,(561, 877849200, 1)
,(561, 891763200, 0)
,(561, 909298800, 1)
,(561, 923212800, 0)
,(561, 941353200, 1)
,(561, 954662400, 0)
,(561, 972802800, 1)
,(561, 986112000, 0)
,(561, 1004252400, 1)
,(561, 1018166400, 0)
,(561, 1035702000, 1)
,(561, 1049616000, 0)
,(561, 1067151600, 1)
,(561, 1081065600, 0)
,(561, 1099206000, 1)
,(561, 1112515200, 0)
,(561, 1130655600, 1)
,(561, 1143964800, 0)
,(561, 1162105200, 1)
,(561, 1173600000, 0)
,(561, 1194159600, 1)
,(561, 1205049600, 0)
,(561, 1225609200, 1)
,(561, 1236499200, 0)
,(561, 1257058800, 1)
,(561, 1268553600, 0)
,(561, 1289113200, 1)
,(561, 1300003200, 0)
,(561, 1320562800, 1)
,(561, 1331452800, 0)
,(561, 1352012400, 1)
,(561, 1362902400, 0)
,(561, 1383462000, 1)
,(561, 1394352000, 0)
,(561, 1414911600, 1)
,(561, 1425801600, 0)
,(561, 1446361200, 1)
,(561, 1457856000, 0)
,(561, 1478415600, 1)
,(561, 1489305600, 0)
,(561, 1509865200, 1)
,(561, 1520755200, 0)
,(561, 1541314800, 1)
,(561, 1552204800, 0)
,(561, 1572764400, 1)
,(561, 1583654400, 0)
,(561, 1604214000, 1)
,(561, 1615708800, 0)
,(561, 1636268400, 1)
,(561, 1647158400, 0)
,(561, 1667718000, 1)
,(561, 1678608000, 0)
,(561, 1699167600, 1)
,(561, 1710057600, 0)
,(561, 1730617200, 1)
,(561, 1741507200, 0)
,(561, 1762066800, 1)
,(561, 1772956800, 0)
,(561, 1793516400, 1)
,(561, 1805011200, 0)
,(561, 1825570800, 1)
,(561, 1836460800, 0)
,(561, 1857020400, 1)
,(561, 1867910400, 0)
,(561, 1888470000, 1)
,(561, 1899360000, 0)
,(561, 1919919600, 1)
,(561, 1930809600, 0)
,(561, 1951369200, 1)
,(561, 1962864000, 0)
,(561, 1983423600, 1)
,(561, 1994313600, 0)
,(561, 2014873200, 1)
,(561, 2025763200, 0)
,(561, 2046322800, 1)
,(561, 2057212800, 0)
,(561, 2077772400, 1)
,(561, 2088662400, 0)
,(561, 2109222000, 1)
,(561, 2120112000, 0)
,(561, 2140671600, 1)
;
INSERT INTO  oceanbase.__all_tenant_time_zone_transition_type (Time_zone_id, Transition_type_id, Offset, Is_DST, Abbreviation) VALUES
 (561, 0, -18000, 1, 'CDT')
,(561, 1, -21600, 0, 'CST')
,(561, 2, -18000, 0, 'EST')
,(561, 3, -18000, 1, 'CWT')
,(561, 4, -18000, 1, 'CPT')
;
INSERT INTO oceanbase.__all_tenant_time_zone (Time_zone_id, Use_leap_seconds) VALUES (562, 'N');
INSERT INTO  oceanbase.__all_tenant_time_zone_name (Name, Time_zone_id) VALUES ('US/East-Indiana', 562);
INSERT INTO  oceanbase.__all_tenant_time_zone_transition (Time_zone_id, Transition_time, Transition_type_id) VALUES
 (562, -1633276800, 0)
,(562, -1615136400, 1)
,(562, -1601827200, 0)
,(562, -1583686800, 1)
,(562, -900259200, 0)
,(562, -891795600, 1)
,(562, -880214400, 2)
,(562, -769395600, 3)
,(562, -765392400, 1)
,(562, -747244800, 0)
,(562, -733942800, 1)
,(562, -715795200, 0)
,(562, -702493200, 1)
,(562, -684345600, 0)
,(562, -671043600, 1)
,(562, -652896000, 0)
,(562, -639594000, 1)
,(562, -620841600, 0)
,(562, -608144400, 1)
,(562, -589392000, 0)
,(562, -576090000, 1)
,(562, -557942400, 0)
,(562, -544640400, 1)
,(562, -526492800, 0)
,(562, -513190800, 1)
,(562, -495043200, 0)
,(562, -481741200, 1)
,(562, -463593600, 4)
,(562, -386787600, 1)
,(562, -368640000, 4)
,(562, -21488400, 5)
,(562, -5767200, 4)
,(562, 9961200, 5)
,(562, 25682400, 4)
,(562, 1143961200, 5)
,(562, 1162101600, 4)
,(562, 1173596400, 5)
,(562, 1194156000, 4)
,(562, 1205046000, 5)
,(562, 1225605600, 4)
,(562, 1236495600, 5)
,(562, 1257055200, 4)
,(562, 1268550000, 5)
,(562, 1289109600, 4)
,(562, 1299999600, 5)
,(562, 1320559200, 4)
,(562, 1331449200, 5)
,(562, 1352008800, 4)
,(562, 1362898800, 5)
,(562, 1383458400, 4)
,(562, 1394348400, 5)
,(562, 1414908000, 4)
,(562, 1425798000, 5)
,(562, 1446357600, 4)
,(562, 1457852400, 5)
,(562, 1478412000, 4)
,(562, 1489302000, 5)
,(562, 1509861600, 4)
,(562, 1520751600, 5)
,(562, 1541311200, 4)
,(562, 1552201200, 5)
,(562, 1572760800, 4)
,(562, 1583650800, 5)
,(562, 1604210400, 4)
,(562, 1615705200, 5)
,(562, 1636264800, 4)
,(562, 1647154800, 5)
,(562, 1667714400, 4)
,(562, 1678604400, 5)
,(562, 1699164000, 4)
,(562, 1710054000, 5)
,(562, 1730613600, 4)
,(562, 1741503600, 5)
,(562, 1762063200, 4)
,(562, 1772953200, 5)
,(562, 1793512800, 4)
,(562, 1805007600, 5)
,(562, 1825567200, 4)
,(562, 1836457200, 5)
,(562, 1857016800, 4)
,(562, 1867906800, 5)
,(562, 1888466400, 4)
,(562, 1899356400, 5)
,(562, 1919916000, 4)
,(562, 1930806000, 5)
,(562, 1951365600, 4)
,(562, 1962860400, 5)
,(562, 1983420000, 4)
,(562, 1994310000, 5)
,(562, 2014869600, 4)
,(562, 2025759600, 5)
,(562, 2046319200, 4)
,(562, 2057209200, 5)
,(562, 2077768800, 4)
,(562, 2088658800, 5)
,(562, 2109218400, 4)
,(562, 2120108400, 5)
,(562, 2140668000, 4)
;
INSERT INTO  oceanbase.__all_tenant_time_zone_transition_type (Time_zone_id, Transition_type_id, Offset, Is_DST, Abbreviation) VALUES
 (562, 0, -18000, 1, 'CDT')
,(562, 1, -21600, 0, 'CST')
,(562, 2, -18000, 1, 'CWT')
,(562, 3, -18000, 1, 'CPT')
,(562, 4, -18000, 0, 'EST')
,(562, 5, -14400, 1, 'EDT')
;
INSERT INTO oceanbase.__all_tenant_time_zone (Time_zone_id, Use_leap_seconds) VALUES (563, 'N');
INSERT INTO  oceanbase.__all_tenant_time_zone_name (Name, Time_zone_id) VALUES ('US/Eastern', 563);
INSERT INTO  oceanbase.__all_tenant_time_zone_transition (Time_zone_id, Transition_time, Transition_type_id) VALUES
 (563, -1633280400, 0)
,(563, -1615140000, 1)
,(563, -1601830800, 0)
,(563, -1583690400, 1)
,(563, -1570381200, 0)
,(563, -1551636000, 1)
,(563, -1536512400, 0)
,(563, -1523210400, 1)
,(563, -1504458000, 0)
,(563, -1491760800, 1)
,(563, -1473008400, 0)
,(563, -1459706400, 1)
,(563, -1441558800, 0)
,(563, -1428256800, 1)
,(563, -1410109200, 0)
,(563, -1396807200, 1)
,(563, -1378659600, 0)
,(563, -1365357600, 1)
,(563, -1347210000, 0)
,(563, -1333908000, 1)
,(563, -1315155600, 0)
,(563, -1301853600, 1)
,(563, -1283706000, 0)
,(563, -1270404000, 1)
,(563, -1252256400, 0)
,(563, -1238954400, 1)
,(563, -1220806800, 0)
,(563, -1207504800, 1)
,(563, -1189357200, 0)
,(563, -1176055200, 1)
,(563, -1157302800, 0)
,(563, -1144605600, 1)
,(563, -1125853200, 0)
,(563, -1112551200, 1)
,(563, -1094403600, 0)
,(563, -1081101600, 1)
,(563, -1062954000, 0)
,(563, -1049652000, 1)
,(563, -1031504400, 0)
,(563, -1018202400, 1)
,(563, -1000054800, 0)
,(563, -986752800, 1)
,(563, -968000400, 0)
,(563, -955303200, 1)
,(563, -936550800, 0)
,(563, -923248800, 1)
,(563, -905101200, 0)
,(563, -891799200, 1)
,(563, -880218000, 2)
,(563, -769395600, 3)
,(563, -765396000, 1)
,(563, -747248400, 0)
,(563, -733946400, 1)
,(563, -715798800, 0)
,(563, -702496800, 1)
,(563, -684349200, 0)
,(563, -671047200, 1)
,(563, -652899600, 0)
,(563, -639597600, 1)
,(563, -620845200, 0)
,(563, -608148000, 1)
,(563, -589395600, 0)
,(563, -576093600, 1)
,(563, -557946000, 0)
,(563, -544644000, 1)
,(563, -526496400, 0)
,(563, -513194400, 1)
,(563, -495046800, 0)
,(563, -481744800, 1)
,(563, -463597200, 0)
,(563, -447271200, 1)
,(563, -431542800, 0)
,(563, -415821600, 1)
,(563, -400093200, 0)
,(563, -384372000, 1)
,(563, -368643600, 0)
,(563, -352922400, 1)
,(563, -337194000, 0)
,(563, -321472800, 1)
,(563, -305744400, 0)
,(563, -289418400, 1)
,(563, -273690000, 0)
,(563, -257968800, 1)
,(563, -242240400, 0)
,(563, -226519200, 1)
,(563, -210790800, 0)
,(563, -195069600, 1)
,(563, -179341200, 0)
,(563, -163620000, 1)
,(563, -147891600, 0)
,(563, -131565600, 1)
,(563, -116442000, 0)
,(563, -100116000, 1)
,(563, -84387600, 0)
,(563, -68666400, 1)
,(563, -52938000, 0)
,(563, -37216800, 1)
,(563, -21488400, 0)
,(563, -5767200, 1)
,(563, 9961200, 0)
,(563, 25682400, 1)
,(563, 41410800, 0)
,(563, 57736800, 1)
,(563, 73465200, 0)
,(563, 89186400, 1)
,(563, 104914800, 0)
,(563, 120636000, 1)
,(563, 126687600, 0)
,(563, 152085600, 1)
,(563, 162370800, 0)
,(563, 183535200, 1)
,(563, 199263600, 0)
,(563, 215589600, 1)
,(563, 230713200, 0)
,(563, 247039200, 1)
,(563, 262767600, 0)
,(563, 278488800, 1)
,(563, 294217200, 0)
,(563, 309938400, 1)
,(563, 325666800, 0)
,(563, 341388000, 1)
,(563, 357116400, 0)
,(563, 372837600, 1)
,(563, 388566000, 0)
,(563, 404892000, 1)
,(563, 420015600, 0)
,(563, 436341600, 1)
,(563, 452070000, 0)
,(563, 467791200, 1)
,(563, 483519600, 0)
,(563, 499240800, 1)
,(563, 514969200, 0)
,(563, 530690400, 1)
,(563, 544604400, 0)
,(563, 562140000, 1)
,(563, 576054000, 0)
,(563, 594194400, 1)
,(563, 607503600, 0)
,(563, 625644000, 1)
,(563, 638953200, 0)
,(563, 657093600, 1)
,(563, 671007600, 0)
,(563, 688543200, 1)
,(563, 702457200, 0)
,(563, 719992800, 1)
,(563, 733906800, 0)
,(563, 752047200, 1)
,(563, 765356400, 0)
,(563, 783496800, 1)
,(563, 796806000, 0)
,(563, 814946400, 1)
,(563, 828860400, 0)
,(563, 846396000, 1)
,(563, 860310000, 0)
,(563, 877845600, 1)
,(563, 891759600, 0)
,(563, 909295200, 1)
,(563, 923209200, 0)
,(563, 941349600, 1)
,(563, 954658800, 0)
,(563, 972799200, 1)
,(563, 986108400, 0)
,(563, 1004248800, 1)
,(563, 1018162800, 0)
,(563, 1035698400, 1)
,(563, 1049612400, 0)
,(563, 1067148000, 1)
,(563, 1081062000, 0)
,(563, 1099202400, 1)
,(563, 1112511600, 0)
,(563, 1130652000, 1)
,(563, 1143961200, 0)
,(563, 1162101600, 1)
,(563, 1173596400, 0)
,(563, 1194156000, 1)
,(563, 1205046000, 0)
,(563, 1225605600, 1)
,(563, 1236495600, 0)
,(563, 1257055200, 1)
,(563, 1268550000, 0)
,(563, 1289109600, 1)
,(563, 1299999600, 0)
,(563, 1320559200, 1)
,(563, 1331449200, 0)
,(563, 1352008800, 1)
,(563, 1362898800, 0)
,(563, 1383458400, 1)
,(563, 1394348400, 0)
,(563, 1414908000, 1)
,(563, 1425798000, 0)
,(563, 1446357600, 1)
,(563, 1457852400, 0)
,(563, 1478412000, 1)
,(563, 1489302000, 0)
,(563, 1509861600, 1)
,(563, 1520751600, 0)
,(563, 1541311200, 1)
,(563, 1552201200, 0)
,(563, 1572760800, 1)
,(563, 1583650800, 0)
,(563, 1604210400, 1)
,(563, 1615705200, 0)
,(563, 1636264800, 1)
,(563, 1647154800, 0)
,(563, 1667714400, 1)
,(563, 1678604400, 0)
,(563, 1699164000, 1)
,(563, 1710054000, 0)
,(563, 1730613600, 1)
,(563, 1741503600, 0)
,(563, 1762063200, 1)
,(563, 1772953200, 0)
,(563, 1793512800, 1)
,(563, 1805007600, 0)
,(563, 1825567200, 1)
,(563, 1836457200, 0)
,(563, 1857016800, 1)
,(563, 1867906800, 0)
,(563, 1888466400, 1)
,(563, 1899356400, 0)
,(563, 1919916000, 1)
,(563, 1930806000, 0)
,(563, 1951365600, 1)
,(563, 1962860400, 0)
,(563, 1983420000, 1)
,(563, 1994310000, 0)
,(563, 2014869600, 1)
,(563, 2025759600, 0)
,(563, 2046319200, 1)
,(563, 2057209200, 0)
,(563, 2077768800, 1)
,(563, 2088658800, 0)
,(563, 2109218400, 1)
,(563, 2120108400, 0)
,(563, 2140668000, 1)
;
INSERT INTO  oceanbase.__all_tenant_time_zone_transition_type (Time_zone_id, Transition_type_id, Offset, Is_DST, Abbreviation) VALUES
 (563, 0, -14400, 1, 'EDT')
,(563, 1, -18000, 0, 'EST')
,(563, 2, -14400, 1, 'EWT')
,(563, 3, -14400, 1, 'EPT')
;
INSERT INTO oceanbase.__all_tenant_time_zone (Time_zone_id, Use_leap_seconds) VALUES (564, 'N');
INSERT INTO  oceanbase.__all_tenant_time_zone_name (Name, Time_zone_id) VALUES ('US/Hawaii', 564);
INSERT INTO  oceanbase.__all_tenant_time_zone_transition (Time_zone_id, Transition_time, Transition_type_id) VALUES
 (564, -1157283000, 1)
,(564, -1155436200, 0)
,(564, -880198200, 1)
,(564, -765376200, 0)
,(564, -712150200, 2)
;
INSERT INTO  oceanbase.__all_tenant_time_zone_transition_type (Time_zone_id, Transition_type_id, Offset, Is_DST, Abbreviation) VALUES
 (564, 0, -37800, 0, 'HST')
,(564, 1, -34200, 1, 'HDT')
,(564, 2, -36000, 0, 'HST')
;
INSERT INTO oceanbase.__all_tenant_time_zone (Time_zone_id, Use_leap_seconds) VALUES (565, 'N');
INSERT INTO  oceanbase.__all_tenant_time_zone_name (Name, Time_zone_id) VALUES ('US/Indiana-Starke', 565);
INSERT INTO  oceanbase.__all_tenant_time_zone_transition (Time_zone_id, Transition_time, Transition_type_id) VALUES
 (565, -1633276800, 0)
,(565, -1615136400, 1)
,(565, -1601827200, 0)
,(565, -1583686800, 1)
,(565, -880214400, 2)
,(565, -769395600, 3)
,(565, -765392400, 1)
,(565, -715795200, 0)
,(565, -702493200, 1)
,(565, -684345600, 0)
,(565, -671043600, 1)
,(565, -652896000, 0)
,(565, -639594000, 1)
,(565, -620841600, 0)
,(565, -608144400, 1)
,(565, -589392000, 0)
,(565, -576090000, 1)
,(565, -557942400, 0)
,(565, -544640400, 1)
,(565, -526492800, 0)
,(565, -513190800, 1)
,(565, -495043200, 0)
,(565, -481741200, 1)
,(565, -463593600, 0)
,(565, -447267600, 1)
,(565, -431539200, 0)
,(565, -415818000, 1)
,(565, -400089600, 0)
,(565, -386787600, 1)
,(565, -368640000, 0)
,(565, -355338000, 1)
,(565, -337190400, 0)
,(565, -321469200, 1)
,(565, -305740800, 0)
,(565, -289414800, 1)
,(565, -273686400, 0)
,(565, -257965200, 1)
,(565, -242236800, 4)
,(565, -195066000, 1)
,(565, -84384000, 0)
,(565, -68662800, 1)
,(565, -52934400, 0)
,(565, -37213200, 1)
,(565, -21484800, 0)
,(565, -5763600, 1)
,(565, 9964800, 0)
,(565, 25686000, 1)
,(565, 41414400, 0)
,(565, 57740400, 1)
,(565, 73468800, 0)
,(565, 89190000, 1)
,(565, 104918400, 0)
,(565, 120639600, 1)
,(565, 126691200, 0)
,(565, 152089200, 1)
,(565, 162374400, 0)
,(565, 183538800, 1)
,(565, 199267200, 0)
,(565, 215593200, 1)
,(565, 230716800, 0)
,(565, 247042800, 1)
,(565, 262771200, 0)
,(565, 278492400, 1)
,(565, 294220800, 0)
,(565, 309942000, 1)
,(565, 325670400, 0)
,(565, 341391600, 1)
,(565, 357120000, 0)
,(565, 372841200, 1)
,(565, 388569600, 0)
,(565, 404895600, 1)
,(565, 420019200, 0)
,(565, 436345200, 1)
,(565, 452073600, 0)
,(565, 467794800, 1)
,(565, 483523200, 0)
,(565, 499244400, 1)
,(565, 514972800, 0)
,(565, 530694000, 1)
,(565, 544608000, 0)
,(565, 562143600, 1)
,(565, 576057600, 0)
,(565, 594198000, 1)
,(565, 607507200, 0)
,(565, 625647600, 1)
,(565, 638956800, 0)
,(565, 657097200, 1)
,(565, 671011200, 0)
,(565, 688546800, 4)
,(565, 1143961200, 0)
,(565, 1162105200, 1)
,(565, 1173600000, 0)
,(565, 1194159600, 1)
,(565, 1205049600, 0)
,(565, 1225609200, 1)
,(565, 1236499200, 0)
,(565, 1257058800, 1)
,(565, 1268553600, 0)
,(565, 1289113200, 1)
,(565, 1300003200, 0)
,(565, 1320562800, 1)
,(565, 1331452800, 0)
,(565, 1352012400, 1)
,(565, 1362902400, 0)
,(565, 1383462000, 1)
,(565, 1394352000, 0)
,(565, 1414911600, 1)
,(565, 1425801600, 0)
,(565, 1446361200, 1)
,(565, 1457856000, 0)
,(565, 1478415600, 1)
,(565, 1489305600, 0)
,(565, 1509865200, 1)
,(565, 1520755200, 0)
,(565, 1541314800, 1)
,(565, 1552204800, 0)
,(565, 1572764400, 1)
,(565, 1583654400, 0)
,(565, 1604214000, 1)
,(565, 1615708800, 0)
,(565, 1636268400, 1)
,(565, 1647158400, 0)
,(565, 1667718000, 1)
,(565, 1678608000, 0)
,(565, 1699167600, 1)
,(565, 1710057600, 0)
,(565, 1730617200, 1)
,(565, 1741507200, 0)
,(565, 1762066800, 1)
,(565, 1772956800, 0)
,(565, 1793516400, 1)
,(565, 1805011200, 0)
,(565, 1825570800, 1)
,(565, 1836460800, 0)
,(565, 1857020400, 1)
,(565, 1867910400, 0)
,(565, 1888470000, 1)
,(565, 1899360000, 0)
,(565, 1919919600, 1)
,(565, 1930809600, 0)
,(565, 1951369200, 1)
,(565, 1962864000, 0)
,(565, 1983423600, 1)
,(565, 1994313600, 0)
,(565, 2014873200, 1)
,(565, 2025763200, 0)
,(565, 2046322800, 1)
,(565, 2057212800, 0)
,(565, 2077772400, 1)
,(565, 2088662400, 0)
,(565, 2109222000, 1)
,(565, 2120112000, 0)
,(565, 2140671600, 1)
;
INSERT INTO  oceanbase.__all_tenant_time_zone_transition_type (Time_zone_id, Transition_type_id, Offset, Is_DST, Abbreviation) VALUES
 (565, 0, -18000, 1, 'CDT')
,(565, 1, -21600, 0, 'CST')
,(565, 2, -18000, 1, 'CWT')
,(565, 3, -18000, 1, 'CPT')
,(565, 4, -18000, 0, 'EST')
;
INSERT INTO oceanbase.__all_tenant_time_zone (Time_zone_id, Use_leap_seconds) VALUES (566, 'N');
INSERT INTO  oceanbase.__all_tenant_time_zone_name (Name, Time_zone_id) VALUES ('US/Michigan', 566);
INSERT INTO  oceanbase.__all_tenant_time_zone_transition (Time_zone_id, Transition_time, Transition_type_id) VALUES
 (566, -2051202469, 1)
,(566, -1724083200, 2)
,(566, -880218000, 3)
,(566, -769395600, 4)
,(566, -765396000, 2)
,(566, -684349200, 5)
,(566, -671047200, 2)
,(566, -80499600, 5)
,(566, -68666400, 2)
,(566, 104914800, 5)
,(566, 120636000, 2)
,(566, 126687600, 5)
,(566, 152085600, 2)
,(566, 167814000, 5)
,(566, 183535200, 2)
,(566, 199263600, 5)
,(566, 215589600, 2)
,(566, 230713200, 5)
,(566, 247039200, 2)
,(566, 262767600, 5)
,(566, 278488800, 2)
,(566, 294217200, 5)
,(566, 309938400, 2)
,(566, 325666800, 5)
,(566, 341388000, 2)
,(566, 357116400, 5)
,(566, 372837600, 2)
,(566, 388566000, 5)
,(566, 404892000, 2)
,(566, 420015600, 5)
,(566, 436341600, 2)
,(566, 452070000, 5)
,(566, 467791200, 2)
,(566, 483519600, 5)
,(566, 499240800, 2)
,(566, 514969200, 5)
,(566, 530690400, 2)
,(566, 544604400, 5)
,(566, 562140000, 2)
,(566, 576054000, 5)
,(566, 594194400, 2)
,(566, 607503600, 5)
,(566, 625644000, 2)
,(566, 638953200, 5)
,(566, 657093600, 2)
,(566, 671007600, 5)
,(566, 688543200, 2)
,(566, 702457200, 5)
,(566, 719992800, 2)
,(566, 733906800, 5)
,(566, 752047200, 2)
,(566, 765356400, 5)
,(566, 783496800, 2)
,(566, 796806000, 5)
,(566, 814946400, 2)
,(566, 828860400, 5)
,(566, 846396000, 2)
,(566, 860310000, 5)
,(566, 877845600, 2)
,(566, 891759600, 5)
,(566, 909295200, 2)
,(566, 923209200, 5)
,(566, 941349600, 2)
,(566, 954658800, 5)
,(566, 972799200, 2)
,(566, 986108400, 5)
,(566, 1004248800, 2)
,(566, 1018162800, 5)
,(566, 1035698400, 2)
,(566, 1049612400, 5)
,(566, 1067148000, 2)
,(566, 1081062000, 5)
,(566, 1099202400, 2)
,(566, 1112511600, 5)
,(566, 1130652000, 2)
,(566, 1143961200, 5)
,(566, 1162101600, 2)
,(566, 1173596400, 5)
,(566, 1194156000, 2)
,(566, 1205046000, 5)
,(566, 1225605600, 2)
,(566, 1236495600, 5)
,(566, 1257055200, 2)
,(566, 1268550000, 5)
,(566, 1289109600, 2)
,(566, 1299999600, 5)
,(566, 1320559200, 2)
,(566, 1331449200, 5)
,(566, 1352008800, 2)
,(566, 1362898800, 5)
,(566, 1383458400, 2)
,(566, 1394348400, 5)
,(566, 1414908000, 2)
,(566, 1425798000, 5)
,(566, 1446357600, 2)
,(566, 1457852400, 5)
,(566, 1478412000, 2)
,(566, 1489302000, 5)
,(566, 1509861600, 2)
,(566, 1520751600, 5)
,(566, 1541311200, 2)
,(566, 1552201200, 5)
,(566, 1572760800, 2)
,(566, 1583650800, 5)
,(566, 1604210400, 2)
,(566, 1615705200, 5)
,(566, 1636264800, 2)
,(566, 1647154800, 5)
,(566, 1667714400, 2)
,(566, 1678604400, 5)
,(566, 1699164000, 2)
,(566, 1710054000, 5)
,(566, 1730613600, 2)
,(566, 1741503600, 5)
,(566, 1762063200, 2)
,(566, 1772953200, 5)
,(566, 1793512800, 2)
,(566, 1805007600, 5)
,(566, 1825567200, 2)
,(566, 1836457200, 5)
,(566, 1857016800, 2)
,(566, 1867906800, 5)
,(566, 1888466400, 2)
,(566, 1899356400, 5)
,(566, 1919916000, 2)
,(566, 1930806000, 5)
,(566, 1951365600, 2)
,(566, 1962860400, 5)
,(566, 1983420000, 2)
,(566, 1994310000, 5)
,(566, 2014869600, 2)
,(566, 2025759600, 5)
,(566, 2046319200, 2)
,(566, 2057209200, 5)
,(566, 2077768800, 2)
,(566, 2088658800, 5)
,(566, 2109218400, 2)
,(566, 2120108400, 5)
,(566, 2140668000, 2)
;
INSERT INTO  oceanbase.__all_tenant_time_zone_transition_type (Time_zone_id, Transition_type_id, Offset, Is_DST, Abbreviation) VALUES
 (566, 0, -19931, 0, 'LMT')
,(566, 1, -21600, 0, 'CST')
,(566, 2, -18000, 0, 'EST')
,(566, 3, -14400, 1, 'EWT')
,(566, 4, -14400, 1, 'EPT')
,(566, 5, -14400, 1, 'EDT')
;
INSERT INTO oceanbase.__all_tenant_time_zone (Time_zone_id, Use_leap_seconds) VALUES (567, 'N');
INSERT INTO  oceanbase.__all_tenant_time_zone_name (Name, Time_zone_id) VALUES ('US/Mountain', 567);
INSERT INTO  oceanbase.__all_tenant_time_zone_transition (Time_zone_id, Transition_time, Transition_type_id) VALUES
 (567, -1633273200, 0)
,(567, -1615132800, 1)
,(567, -1601823600, 0)
,(567, -1583683200, 1)
,(567, -1570374000, 0)
,(567, -1551628800, 1)
,(567, -1538924400, 0)
,(567, -1534089600, 1)
,(567, -880210800, 2)
,(567, -769395600, 3)
,(567, -765388800, 1)
,(567, -147884400, 0)
,(567, -131558400, 1)
,(567, -116434800, 0)
,(567, -100108800, 1)
,(567, -84380400, 0)
,(567, -68659200, 1)
,(567, -52930800, 0)
,(567, -37209600, 1)
,(567, -21481200, 0)
,(567, -5760000, 1)
,(567, 9968400, 0)
,(567, 25689600, 1)
,(567, 41418000, 0)
,(567, 57744000, 1)
,(567, 73472400, 0)
,(567, 89193600, 1)
,(567, 104922000, 0)
,(567, 120643200, 1)
,(567, 126694800, 0)
,(567, 152092800, 1)
,(567, 162378000, 0)
,(567, 183542400, 1)
,(567, 199270800, 0)
,(567, 215596800, 1)
,(567, 230720400, 0)
,(567, 247046400, 1)
,(567, 262774800, 0)
,(567, 278496000, 1)
,(567, 294224400, 0)
,(567, 309945600, 1)
,(567, 325674000, 0)
,(567, 341395200, 1)
,(567, 357123600, 0)
,(567, 372844800, 1)
,(567, 388573200, 0)
,(567, 404899200, 1)
,(567, 420022800, 0)
,(567, 436348800, 1)
,(567, 452077200, 0)
,(567, 467798400, 1)
,(567, 483526800, 0)
,(567, 499248000, 1)
,(567, 514976400, 0)
,(567, 530697600, 1)
,(567, 544611600, 0)
,(567, 562147200, 1)
,(567, 576061200, 0)
,(567, 594201600, 1)
,(567, 607510800, 0)
,(567, 625651200, 1)
,(567, 638960400, 0)
,(567, 657100800, 1)
,(567, 671014800, 0)
,(567, 688550400, 1)
,(567, 702464400, 0)
,(567, 720000000, 1)
,(567, 733914000, 0)
,(567, 752054400, 1)
,(567, 765363600, 0)
,(567, 783504000, 1)
,(567, 796813200, 0)
,(567, 814953600, 1)
,(567, 828867600, 0)
,(567, 846403200, 1)
,(567, 860317200, 0)
,(567, 877852800, 1)
,(567, 891766800, 0)
,(567, 909302400, 1)
,(567, 923216400, 0)
,(567, 941356800, 1)
,(567, 954666000, 0)
,(567, 972806400, 1)
,(567, 986115600, 0)
,(567, 1004256000, 1)
,(567, 1018170000, 0)
,(567, 1035705600, 1)
,(567, 1049619600, 0)
,(567, 1067155200, 1)
,(567, 1081069200, 0)
,(567, 1099209600, 1)
,(567, 1112518800, 0)
,(567, 1130659200, 1)
,(567, 1143968400, 0)
,(567, 1162108800, 1)
,(567, 1173603600, 0)
,(567, 1194163200, 1)
,(567, 1205053200, 0)
,(567, 1225612800, 1)
,(567, 1236502800, 0)
,(567, 1257062400, 1)
,(567, 1268557200, 0)
,(567, 1289116800, 1)
,(567, 1300006800, 0)
,(567, 1320566400, 1)
,(567, 1331456400, 0)
,(567, 1352016000, 1)
,(567, 1362906000, 0)
,(567, 1383465600, 1)
,(567, 1394355600, 0)
,(567, 1414915200, 1)
,(567, 1425805200, 0)
,(567, 1446364800, 1)
,(567, 1457859600, 0)
,(567, 1478419200, 1)
,(567, 1489309200, 0)
,(567, 1509868800, 1)
,(567, 1520758800, 0)
,(567, 1541318400, 1)
,(567, 1552208400, 0)
,(567, 1572768000, 1)
,(567, 1583658000, 0)
,(567, 1604217600, 1)
,(567, 1615712400, 0)
,(567, 1636272000, 1)
,(567, 1647162000, 0)
,(567, 1667721600, 1)
,(567, 1678611600, 0)
,(567, 1699171200, 1)
,(567, 1710061200, 0)
,(567, 1730620800, 1)
,(567, 1741510800, 0)
,(567, 1762070400, 1)
,(567, 1772960400, 0)
,(567, 1793520000, 1)
,(567, 1805014800, 0)
,(567, 1825574400, 1)
,(567, 1836464400, 0)
,(567, 1857024000, 1)
,(567, 1867914000, 0)
,(567, 1888473600, 1)
,(567, 1899363600, 0)
,(567, 1919923200, 1)
,(567, 1930813200, 0)
,(567, 1951372800, 1)
,(567, 1962867600, 0)
,(567, 1983427200, 1)
,(567, 1994317200, 0)
,(567, 2014876800, 1)
,(567, 2025766800, 0)
,(567, 2046326400, 1)
,(567, 2057216400, 0)
,(567, 2077776000, 1)
,(567, 2088666000, 0)
,(567, 2109225600, 1)
,(567, 2120115600, 0)
,(567, 2140675200, 1)
;
INSERT INTO  oceanbase.__all_tenant_time_zone_transition_type (Time_zone_id, Transition_type_id, Offset, Is_DST, Abbreviation) VALUES
 (567, 0, -21600, 1, 'MDT')
,(567, 1, -25200, 0, 'MST')
,(567, 2, -21600, 1, 'MWT')
,(567, 3, -21600, 1, 'MPT')
;
INSERT INTO oceanbase.__all_tenant_time_zone (Time_zone_id, Use_leap_seconds) VALUES (568, 'N');
INSERT INTO  oceanbase.__all_tenant_time_zone_name (Name, Time_zone_id) VALUES ('US/Pacific', 568);
INSERT INTO  oceanbase.__all_tenant_time_zone_transition (Time_zone_id, Transition_time, Transition_type_id) VALUES
 (568, -1633269600, 0)
,(568, -1615129200, 1)
,(568, -1601820000, 0)
,(568, -1583679600, 1)
,(568, -880207200, 2)
,(568, -769395600, 3)
,(568, -765385200, 1)
,(568, -687967200, 0)
,(568, -662655600, 1)
,(568, -620834400, 0)
,(568, -608137200, 1)
,(568, -589384800, 0)
,(568, -576082800, 1)
,(568, -557935200, 0)
,(568, -544633200, 1)
,(568, -526485600, 0)
,(568, -513183600, 1)
,(568, -495036000, 0)
,(568, -481734000, 1)
,(568, -463586400, 0)
,(568, -450284400, 1)
,(568, -431532000, 0)
,(568, -418230000, 1)
,(568, -400082400, 0)
,(568, -386780400, 1)
,(568, -368632800, 0)
,(568, -355330800, 1)
,(568, -337183200, 0)
,(568, -323881200, 1)
,(568, -305733600, 0)
,(568, -292431600, 1)
,(568, -273679200, 0)
,(568, -260982000, 1)
,(568, -242229600, 0)
,(568, -226508400, 1)
,(568, -210780000, 0)
,(568, -195058800, 1)
,(568, -179330400, 0)
,(568, -163609200, 1)
,(568, -147880800, 0)
,(568, -131554800, 1)
,(568, -116431200, 0)
,(568, -100105200, 1)
,(568, -84376800, 0)
,(568, -68655600, 1)
,(568, -52927200, 0)
,(568, -37206000, 1)
,(568, -21477600, 0)
,(568, -5756400, 1)
,(568, 9972000, 0)
,(568, 25693200, 1)
,(568, 41421600, 0)
,(568, 57747600, 1)
,(568, 73476000, 0)
,(568, 89197200, 1)
,(568, 104925600, 0)
,(568, 120646800, 1)
,(568, 126698400, 0)
,(568, 152096400, 1)
,(568, 162381600, 0)
,(568, 183546000, 1)
,(568, 199274400, 0)
,(568, 215600400, 1)
,(568, 230724000, 0)
,(568, 247050000, 1)
,(568, 262778400, 0)
,(568, 278499600, 1)
,(568, 294228000, 0)
,(568, 309949200, 1)
,(568, 325677600, 0)
,(568, 341398800, 1)
,(568, 357127200, 0)
,(568, 372848400, 1)
,(568, 388576800, 0)
,(568, 404902800, 1)
,(568, 420026400, 0)
,(568, 436352400, 1)
,(568, 452080800, 0)
,(568, 467802000, 1)
,(568, 483530400, 0)
,(568, 499251600, 1)
,(568, 514980000, 0)
,(568, 530701200, 1)
,(568, 544615200, 0)
,(568, 562150800, 1)
,(568, 576064800, 0)
,(568, 594205200, 1)
,(568, 607514400, 0)
,(568, 625654800, 1)
,(568, 638964000, 0)
,(568, 657104400, 1)
,(568, 671018400, 0)
,(568, 688554000, 1)
,(568, 702468000, 0)
,(568, 720003600, 1)
,(568, 733917600, 0)
,(568, 752058000, 1)
,(568, 765367200, 0)
,(568, 783507600, 1)
,(568, 796816800, 0)
,(568, 814957200, 1)
,(568, 828871200, 0)
,(568, 846406800, 1)
,(568, 860320800, 0)
,(568, 877856400, 1)
,(568, 891770400, 0)
,(568, 909306000, 1)
,(568, 923220000, 0)
,(568, 941360400, 1)
,(568, 954669600, 0)
,(568, 972810000, 1)
,(568, 986119200, 0)
,(568, 1004259600, 1)
,(568, 1018173600, 0)
,(568, 1035709200, 1)
,(568, 1049623200, 0)
,(568, 1067158800, 1)
,(568, 1081072800, 0)
,(568, 1099213200, 1)
,(568, 1112522400, 0)
,(568, 1130662800, 1)
,(568, 1143972000, 0)
,(568, 1162112400, 1)
,(568, 1173607200, 0)
,(568, 1194166800, 1)
,(568, 1205056800, 0)
,(568, 1225616400, 1)
,(568, 1236506400, 0)
,(568, 1257066000, 1)
,(568, 1268560800, 0)
,(568, 1289120400, 1)
,(568, 1300010400, 0)
,(568, 1320570000, 1)
,(568, 1331460000, 0)
,(568, 1352019600, 1)
,(568, 1362909600, 0)
,(568, 1383469200, 1)
,(568, 1394359200, 0)
,(568, 1414918800, 1)
,(568, 1425808800, 0)
,(568, 1446368400, 1)
,(568, 1457863200, 0)
,(568, 1478422800, 1)
,(568, 1489312800, 0)
,(568, 1509872400, 1)
,(568, 1520762400, 0)
,(568, 1541322000, 1)
,(568, 1552212000, 0)
,(568, 1572771600, 1)
,(568, 1583661600, 0)
,(568, 1604221200, 1)
,(568, 1615716000, 0)
,(568, 1636275600, 1)
,(568, 1647165600, 0)
,(568, 1667725200, 1)
,(568, 1678615200, 0)
,(568, 1699174800, 1)
,(568, 1710064800, 0)
,(568, 1730624400, 1)
,(568, 1741514400, 0)
,(568, 1762074000, 1)
,(568, 1772964000, 0)
,(568, 1793523600, 1)
,(568, 1805018400, 0)
,(568, 1825578000, 1)
,(568, 1836468000, 0)
,(568, 1857027600, 1)
,(568, 1867917600, 0)
,(568, 1888477200, 1)
,(568, 1899367200, 0)
,(568, 1919926800, 1)
,(568, 1930816800, 0)
,(568, 1951376400, 1)
,(568, 1962871200, 0)
,(568, 1983430800, 1)
,(568, 1994320800, 0)
,(568, 2014880400, 1)
,(568, 2025770400, 0)
,(568, 2046330000, 1)
,(568, 2057220000, 0)
,(568, 2077779600, 1)
,(568, 2088669600, 0)
,(568, 2109229200, 1)
,(568, 2120119200, 0)
,(568, 2140678800, 1)
;
INSERT INTO  oceanbase.__all_tenant_time_zone_transition_type (Time_zone_id, Transition_type_id, Offset, Is_DST, Abbreviation) VALUES
 (568, 0, -25200, 1, 'PDT')
,(568, 1, -28800, 0, 'PST')
,(568, 2, -25200, 1, 'PWT')
,(568, 3, -25200, 1, 'PPT')
;
INSERT INTO oceanbase.__all_tenant_time_zone (Time_zone_id, Use_leap_seconds) VALUES (569, 'N');
INSERT INTO  oceanbase.__all_tenant_time_zone_name (Name, Time_zone_id) VALUES ('US/Samoa', 569);
INSERT INTO  oceanbase.__all_tenant_time_zone_transition (Time_zone_id, Transition_time, Transition_type_id) VALUES
 (569, -1861879032, 1)
,(569, -631110600, 2)
,(569, -86878800, 3)
,(569, 439038000, 4)
;
INSERT INTO  oceanbase.__all_tenant_time_zone_transition_type (Time_zone_id, Transition_type_id, Offset, Is_DST, Abbreviation) VALUES
 (569, 0, -40968, 0, 'LMT')
,(569, 1, -41400, 0, 'SAMT')
,(569, 2, -39600, 0, 'NST')
,(569, 3, -39600, 0, 'BST')
,(569, 4, -39600, 0, 'SST')
;
INSERT INTO oceanbase.__all_tenant_time_zone (Time_zone_id, Use_leap_seconds) VALUES (570, 'N');
INSERT INTO  oceanbase.__all_tenant_time_zone_name (Name, Time_zone_id) VALUES ('UTC', 570);
INSERT INTO  oceanbase.__all_tenant_time_zone_transition_type (Time_zone_id, Transition_type_id, Offset, Is_DST, Abbreviation) VALUES
 (570, 0, 0, 0, 'UTC')
;
INSERT INTO oceanbase.__all_tenant_time_zone (Time_zone_id, Use_leap_seconds) VALUES (571, 'N');
INSERT INTO  oceanbase.__all_tenant_time_zone_name (Name, Time_zone_id) VALUES ('Universal', 571);
INSERT INTO  oceanbase.__all_tenant_time_zone_transition_type (Time_zone_id, Transition_type_id, Offset, Is_DST, Abbreviation) VALUES
 (571, 0, 0, 0, 'UTC')
;
INSERT INTO oceanbase.__all_tenant_time_zone (Time_zone_id, Use_leap_seconds) VALUES (572, 'N');
INSERT INTO  oceanbase.__all_tenant_time_zone_name (Name, Time_zone_id) VALUES ('W-SU', 572);
INSERT INTO  oceanbase.__all_tenant_time_zone_transition (Time_zone_id, Transition_time, Transition_type_id) VALUES
 (572, -1688265000, 2)
,(572, -1656819048, 1)
,(572, -1641353448, 2)
,(572, -1627965048, 3)
,(572, -1618716648, 1)
,(572, -1596429048, 3)
,(572, -1593829848, 5)
,(572, -1589860800, 4)
,(572, -1542427200, 5)
,(572, -1539493200, 6)
,(572, -1525323600, 5)
,(572, -1522728000, 4)
,(572, -1491188400, 7)
,(572, -1247536800, 4)
,(572, 354920400, 5)
,(572, 370728000, 4)
,(572, 386456400, 5)
,(572, 402264000, 4)
,(572, 417992400, 5)
,(572, 433800000, 4)
,(572, 449614800, 5)
,(572, 465346800, 8)
,(572, 481071600, 9)
,(572, 496796400, 8)
,(572, 512521200, 9)
,(572, 528246000, 8)
,(572, 543970800, 9)
,(572, 559695600, 8)
,(572, 575420400, 9)
,(572, 591145200, 8)
,(572, 606870000, 9)
,(572, 622594800, 8)
,(572, 638319600, 9)
,(572, 654649200, 8)
,(572, 670374000, 10)
,(572, 686102400, 11)
,(572, 695779200, 8)
,(572, 701812800, 5)
,(572, 717534000, 4)
,(572, 733273200, 9)
,(572, 748998000, 8)
,(572, 764722800, 9)
,(572, 780447600, 8)
,(572, 796172400, 9)
,(572, 811897200, 8)
,(572, 828226800, 9)
,(572, 846370800, 8)
,(572, 859676400, 9)
,(572, 877820400, 8)
,(572, 891126000, 9)
,(572, 909270000, 8)
,(572, 922575600, 9)
,(572, 941324400, 8)
,(572, 954025200, 9)
,(572, 972774000, 8)
,(572, 985474800, 9)
,(572, 1004223600, 8)
,(572, 1017529200, 9)
,(572, 1035673200, 8)
,(572, 1048978800, 9)
,(572, 1067122800, 8)
,(572, 1080428400, 9)
,(572, 1099177200, 8)
,(572, 1111878000, 9)
,(572, 1130626800, 8)
,(572, 1143327600, 9)
,(572, 1162076400, 8)
,(572, 1174777200, 9)
,(572, 1193526000, 8)
,(572, 1206831600, 9)
,(572, 1224975600, 8)
,(572, 1238281200, 9)
,(572, 1256425200, 8)
,(572, 1269730800, 9)
,(572, 1288479600, 8)
,(572, 1301180400, 12)
;
INSERT INTO  oceanbase.__all_tenant_time_zone_transition_type (Time_zone_id, Transition_type_id, Offset, Is_DST, Abbreviation) VALUES
 (572, 0, 9000, 0, 'MMT')
,(572, 1, 12648, 1, 'MST')
,(572, 2, 9048, 0, 'MMT')
,(572, 3, 16248, 1, 'MDST')
,(572, 4, 10800, 0, 'MSK')
,(572, 5, 14400, 1, 'MSD')
,(572, 6, 18000, 1, 'MSD')
,(572, 7, 7200, 0, 'EET')
,(572, 8, 10800, 0, 'MSK')
,(572, 9, 14400, 1, 'MSD')
,(572, 10, 10800, 1, 'EEST')
,(572, 11, 7200, 0, 'EET')
,(572, 12, 14400, 0, 'MSK')
;
INSERT INTO oceanbase.__all_tenant_time_zone (Time_zone_id, Use_leap_seconds) VALUES (573, 'N');
INSERT INTO  oceanbase.__all_tenant_time_zone_name (Name, Time_zone_id) VALUES ('WET', 573);
INSERT INTO  oceanbase.__all_tenant_time_zone_transition (Time_zone_id, Transition_time, Transition_type_id) VALUES
 (573, 228877200, 0)
,(573, 243997200, 1)
,(573, 260326800, 0)
,(573, 276051600, 1)
,(573, 291776400, 0)
,(573, 307501200, 1)
,(573, 323830800, 0)
,(573, 338950800, 1)
,(573, 354675600, 0)
,(573, 370400400, 1)
,(573, 386125200, 0)
,(573, 401850000, 1)
,(573, 417574800, 0)
,(573, 433299600, 1)
,(573, 449024400, 0)
,(573, 465354000, 1)
,(573, 481078800, 0)
,(573, 496803600, 1)
,(573, 512528400, 0)
,(573, 528253200, 1)
,(573, 543978000, 0)
,(573, 559702800, 1)
,(573, 575427600, 0)
,(573, 591152400, 1)
,(573, 606877200, 0)
,(573, 622602000, 1)
,(573, 638326800, 0)
,(573, 654656400, 1)
,(573, 670381200, 0)
,(573, 686106000, 1)
,(573, 701830800, 0)
,(573, 717555600, 1)
,(573, 733280400, 0)
,(573, 749005200, 1)
,(573, 764730000, 0)
,(573, 780454800, 1)
,(573, 796179600, 0)
,(573, 811904400, 1)
,(573, 828234000, 0)
,(573, 846378000, 1)
,(573, 859683600, 0)
,(573, 877827600, 1)
,(573, 891133200, 0)
,(573, 909277200, 1)
,(573, 922582800, 0)
,(573, 941331600, 1)
,(573, 954032400, 0)
,(573, 972781200, 1)
,(573, 985482000, 0)
,(573, 1004230800, 1)
,(573, 1017536400, 0)
,(573, 1035680400, 1)
,(573, 1048986000, 0)
,(573, 1067130000, 1)
,(573, 1080435600, 0)
,(573, 1099184400, 1)
,(573, 1111885200, 0)
,(573, 1130634000, 1)
,(573, 1143334800, 0)
,(573, 1162083600, 1)
,(573, 1174784400, 0)
,(573, 1193533200, 1)
,(573, 1206838800, 0)
,(573, 1224982800, 1)
,(573, 1238288400, 0)
,(573, 1256432400, 1)
,(573, 1269738000, 0)
,(573, 1288486800, 1)
,(573, 1301187600, 0)
,(573, 1319936400, 1)
,(573, 1332637200, 0)
,(573, 1351386000, 1)
,(573, 1364691600, 0)
,(573, 1382835600, 1)
,(573, 1396141200, 0)
,(573, 1414285200, 1)
,(573, 1427590800, 0)
,(573, 1445734800, 1)
,(573, 1459040400, 0)
,(573, 1477789200, 1)
,(573, 1490490000, 0)
,(573, 1509238800, 1)
,(573, 1521939600, 0)
,(573, 1540688400, 1)
,(573, 1553994000, 0)
,(573, 1572138000, 1)
,(573, 1585443600, 0)
,(573, 1603587600, 1)
,(573, 1616893200, 0)
,(573, 1635642000, 1)
,(573, 1648342800, 0)
,(573, 1667091600, 1)
,(573, 1679792400, 0)
,(573, 1698541200, 1)
,(573, 1711846800, 0)
,(573, 1729990800, 1)
,(573, 1743296400, 0)
,(573, 1761440400, 1)
,(573, 1774746000, 0)
,(573, 1792890000, 1)
,(573, 1806195600, 0)
,(573, 1824944400, 1)
,(573, 1837645200, 0)
,(573, 1856394000, 1)
,(573, 1869094800, 0)
,(573, 1887843600, 1)
,(573, 1901149200, 0)
,(573, 1919293200, 1)
,(573, 1932598800, 0)
,(573, 1950742800, 1)
,(573, 1964048400, 0)
,(573, 1982797200, 1)
,(573, 1995498000, 0)
,(573, 2014246800, 1)
,(573, 2026947600, 0)
,(573, 2045696400, 1)
,(573, 2058397200, 0)
,(573, 2077146000, 1)
,(573, 2090451600, 0)
,(573, 2108595600, 1)
,(573, 2121901200, 0)
,(573, 2140045200, 1)
;
INSERT INTO  oceanbase.__all_tenant_time_zone_transition_type (Time_zone_id, Transition_type_id, Offset, Is_DST, Abbreviation) VALUES
 (573, 0, 3600, 1, 'WEST')
,(573, 1, 0, 0, 'WET')
;
INSERT INTO oceanbase.__all_tenant_time_zone (Time_zone_id, Use_leap_seconds) VALUES (574, 'N');
INSERT INTO  oceanbase.__all_tenant_time_zone_name (Name, Time_zone_id) VALUES ('Zulu', 574);
INSERT INTO  oceanbase.__all_tenant_time_zone_transition_type (Time_zone_id, Transition_type_id, Offset, Is_DST, Abbreviation) VALUES
 (574, 0, 0, 0, 'UTC')
;

INSERT INTO oceanbase.__all_tenant_time_zone (Time_zone_id, Use_leap_seconds) VALUES (575, 'N');
INSERT INTO oceanbase.__all_tenant_time_zone_name (Name, Time_zone_id) VALUES ('test1', 575);
INSERT INTO oceanbase.__all_tenant_time_zone_transition (Time_zone_id, Transition_time, Transition_type_id) VALUES
(575, 653410800, 0)
,(575, 671558400, 1)
,(575, 684860400, 2)
;
INSERT INTO oceanbase.__all_tenant_time_zone_transition_type (Time_zone_id, Transition_type_id, Offset, Is_DST, Abbreviation) VALUES
 (575, 0, 28800, 0, 'LMT')
,(575, 1, 32400, 1, 'CDT')
,(575, 2, 28800, 0, 'CST')
;

delete from oceanbase.__all_sys_stat where name = 'current_timezone_version';
replace into oceanbase.__all_sys_stat(tenant_id, zone, data_type, name, value, info) values(0, '' ,5, 'current_timezone_version', 1, 'current time zone version');
commit;
set @@ob_trx_timeout=@tmp_ob_trx_timeout;
--enable_result_log
--enable_query_log
